# File exported by ZBrush version 2026
# www.zbrush.com
#Vertex Count 7031
#Face Count 14254
#Auto scale x=1.000000 y=1.000000 z=1.000000
#Auto offset x=0.000000 y=0.000000 z=0.000000
v -0.04042627 -3.77801966 0.26133436
v 0.05281341 -3.7785964 0.26390039
v 0.02544347 -3.80481576 0.26373562
v -0.0698361 -3.76984739 0.25705173
v -0.05316782 -3.77385687 0.25814089
v -0.01869554 -3.7792015 0.25787383
v -0.00496536 -3.78152084 0.25462859
v 0.00756401 -3.78094005 0.25345557
v 0.01958324 -3.77828574 0.25544709
v -0.06188481 -3.78687834 0.2554669
v -0.04936375 -3.78731012 0.25626677
v -0.03938115 -3.78658771 0.2572205
v -0.02865916 -3.78828477 0.25697943
v -0.01772156 -3.7878015 0.25483888
v -0.0058407 -3.78898239 0.252792
v 0.00731391 -3.78672504 0.25280478
v 0.01863573 -3.78740215 0.25535392
v -0.03952435 -3.79979848 0.25318896
v -0.0279772 -3.80020785 0.25342974
v -0.01707286 -3.79865145 0.25269049
v -0.00708864 -3.79758977 0.2535305
v 0.00498255 -3.79804754 0.25435766
v 0.01834595 -3.79977369 0.25718003
v 0.03127389 -3.81202888 0.2553561
v -0.03806924 -3.80768895 0.2519924
v -0.02780783 -3.81080007 0.25289297
v -0.01838868 -3.80974316 0.25446873
v -0.00662465 -3.80919408 0.25543212
v -0.01744999 -3.82246112 0.25471454
v -0.00619536 -3.82265281 0.25617435
v 0.0064053 -3.82133626 0.25710856
v 0.01842641 -3.82110118 0.25747054
v 0.02955844 -3.81992912 0.25790607
v 0.0403903 -3.81933689 0.25771158
v 0.04895015 -3.8193531 0.25695091
v 0.05969008 -3.81880807 0.256509
v -0.0345557 -3.82437157 0.25471982
v -0.00717938 -3.8332262 0.25304275
v 0.00706765 -3.83335495 0.25348642
v 0.01937199 -3.83287477 0.25420284
v 0.02906332 -3.83110332 0.25538581
v 0.03809664 -3.83053159 0.25540259
v 0.04891817 -3.83108043 0.25474962
v -0.02328205 -3.84022617 0.2534942
v 0.01926969 -3.84312462 0.25550314
v 0.02859069 -3.84198093 0.25438883
v 0.03734 -3.84192037 0.25451242
v 0.07629072 -3.81167507 0.26042494
v -0.07568516 -3.7971723 0.24549365
v -0.04668754 -3.79912853 0.2507317
v -0.00723425 -3.7985897 0.25194951
v -0.04838292 -3.80857443 0.24918624
v -0.03620516 -3.80845975 0.25074964
v -0.04402513 -3.8311522 0.24520051
v -0.04652304 -3.84280777 0.24432873
v -0.10191955 -3.84623837 0.25125744
v -0.03695609 -3.85185957 0.24457573
v -0.02845949 -3.85321688 0.24664437
v -0.0370657 -3.86444234 0.24294012
v -0.02915471 -3.86422061 0.24493825
v -0.01829896 -3.86392641 0.2467668
v -0.0156138 -3.84628582 0.2461909
v -0.02952016 -3.87486052 0.24368131
v -0.0179187 -3.87456369 0.24582976
v -0.02797856 -3.88718104 0.24311879
v -0.01675667 -3.88697671 0.24545788
v -0.03909362 -3.87392473 0.24576182
v -0.0283039 -3.89679837 0.24407267
v -0.01686242 -3.89824628 0.24674519
v -0.0275916 -3.90801978 0.24314826
v -0.01661488 -3.90858602 0.24632756
v -0.01811007 -3.9179759 0.24604335
v -0.01830512 -3.93028688 0.24341617
v -0.00386071 -3.92963051 0.24306868
v -0.00683661 -3.94311356 0.24332706
v 0.0363299 -3.94316816 0.23953919
v 0.03065888 -3.94005513 0.22018727
v 0.03861793 -3.9417417 0.223104
v 0.04885913 -3.94070315 0.2256461
v 0.05976551 -3.94042372 0.22352162
v 0.0708957 -3.93968963 0.22170709
v 0.0051231 -3.9512937 0.2352668
v 0.04851137 -3.94016528 0.21191036
v -0.01712633 -3.94714355 0.21093195
v -0.00596305 -3.94768476 0.21110601
v 0.00933572 -3.94767761 0.21126918
v 0.03255241 -3.94855999 0.21507808
v -0.07895538 -3.9052453 0.19654806
v 0.01222697 -3.94579052 0.21119688
v 0.04152978 -3.93280959 0.19358275
v 0.08629794 -3.94161915 0.22339092
v 0.07567178 -3.9344294 0.21613301
v 0.17956951 -3.92570042 0.20337623
v 0.01687176 -3.94207906 0.18985185
v 0.02841514 -3.94003081 0.1901524
v -0.00361315 -3.94887232 0.19723749
v -0.61400175 -3.81801557 0.18708282
v -0.09689323 -3.86457228 0.17521771
v -0.00795487 -3.94005012 0.18180272
v 0.00641941 -3.93890619 0.17959758
v 0.0447936 -3.94612693 0.19867901
v -0.02861351 -3.92987155 0.16813342
v 0.00967913 -3.93207883 0.16840107
v 0.03204623 -3.93832087 0.17451393
v 0.08180132 -3.93941569 0.16734024
v -0.10746647 -3.93372941 0.15946222
v -0.02886822 -3.92973327 0.15657387
v -0.0178982 -3.93109488 0.15784567
v -0.00504279 -3.93032217 0.1573638
v 0.00784503 -3.9300456 0.15838065
v 0.01675001 -3.9299519 0.15825489
v 0.02613508 -3.92990064 0.15802012
v 0.03822344 -3.93076109 0.15842562
v 0.04993511 -3.93003034 0.1579045
v -0.06623354 -3.91171336 0.14196462
v -0.03008499 -3.92987275 0.14200846
v -0.01761613 -3.92870378 0.14686007
v -0.00385174 -3.92901539 0.14734131
v 0.00822177 -3.9293456 0.14818105
v 0.01697764 -3.9291296 0.14826156
v 0.02648632 -3.92840004 0.14785271
v 0.03776373 -3.92827153 0.1476823
v 0.04987009 -3.92749238 0.14710795
v -0.78856188 -3.68328285 -0.00814076
v 0.85763037 -3.72337126 0.02634136
v -0.87671679 -3.72043919 -0.12378332
v 0.84041953 -3.61384725 -0.17014876
v -0.82679343 -3.58530855 -0.17168414
v -0.82942664 -3.49436688 -0.39776444
v -0.83478331 -3.49901032 -0.38027176
v -0.82648766 -3.48843717 -0.408616
v -0.82207489 -3.49041509 -0.40940773
v -0.82751411 -3.49526429 -0.42324391
v -0.78603798 -3.57563972 -0.53793299
v 0.78386551 -3.57210707 -0.55133903
v 0.73611533 -3.55168485 -0.61691832
v 0.70247703 -3.54932999 -0.61802858
v 0.70925754 -3.45478916 -0.64297962
v -0.15818896 -3.5382452 -0.84247279
v -0.09451342 -3.54023861 -0.84530377
v -0.37753832 -3.50339055 -0.85003691
v -0.17949695 -3.5171473 -0.86103731
v -0.15756452 -3.53705835 -0.85426402
v -0.09517069 -3.5390563 -0.85404098
v -0.17660325 -3.54967808 -0.84544223
v -0.08565765 -3.54107022 -0.84438949
v -0.08085869 -3.52661752 -0.86803227
v -0.0951906 -3.53615713 -0.86560386
v -0.11388028 -3.55525207 -0.84867435
v -0.07981054 -3.55716824 -0.86097294
v -0.16789643 -3.54123783 -0.87432342
v -0.52440917 -3.54781866 -0.8546248
v -0.13444495 -3.55883359 -0.88642489
v -0.13842019 -3.50202083 -0.92856967
v 0.15933564 -3.83998441 0.20314064
v 0.17666864 -3.84036779 0.20335297
v 0.19711214 -3.83825445 0.20305454
v 0.23650598 -3.8397336 0.20265828
v 0.08536844 -3.85430502 0.20302608
v 0.09670932 -3.85381412 0.20338982
v 0.11559136 -3.85043644 0.20356923
v 0.13549867 -3.84980297 0.20397651
v 0.14698799 -3.85165333 0.20437634
v 0.15824513 -3.85432577 0.20485743
v 0.17717704 -3.85325574 0.20487245
v 0.1978065 -3.85114908 0.20460081
v 0.21612301 -3.84868383 0.2041262
v 0.22652739 -3.84909892 0.20400062
v 0.23699319 -3.85394263 0.20436309
v 0.25453686 -3.85458087 0.2039438
v 0.27310302 -3.85377502 0.20316985
v 0.05305779 -3.87029862 0.20320874
v 0.07324416 -3.86863517 0.20400394
v 0.08500513 -3.8677988 0.20440474
v 0.09648878 -3.86691856 0.20474517
v 0.11659266 -3.86537718 0.20519402
v 0.13668587 -3.86672043 0.20580984
v 0.14794269 -3.86867713 0.20620781
v 0.1590532 -3.86962652 0.20647338
v 0.17802746 -3.86786723 0.20642605
v 0.19844992 -3.86595273 0.20621401
v 0.21670848 -3.86427211 0.20587189
v 0.22706924 -3.86397218 0.20567217
v 0.23743702 -3.86689472 0.20580129
v 0.25495627 -3.86878585 0.20553948
v 0.27351537 -3.86934399 0.20495812
v 0.29146823 -3.86748957 0.20396326
v 0.30933019 -3.86745047 0.20303624
v 0.02134573 -3.88749384 0.20312634
v 0.03330682 -3.88603401 0.20368637
v 0.05374053 -3.88549137 0.20472136
v 0.07432197 -3.88362979 0.20550857
v 0.08585964 -3.88260102 0.20588
v 0.09737385 -3.88183736 0.20623844
v 0.11747723 -3.88100147 0.20678447
v 0.13741415 -3.88196659 0.20737451
v 0.14863897 -3.8830161 0.20768693
v 0.15973626 -3.88465023 0.20801946
v 0.17866002 -3.88447618 0.20816445
v 0.19902578 -3.88283181 0.20800909
v 0.21724677 -3.88117313 0.20769926
v 0.22755223 -3.88023996 0.20744738
v 0.23780548 -3.88073396 0.20731452
v 0.25526571 -3.88275766 0.20709779
v 0.27381503 -3.88471174 0.2067078
v 0.29181304 -3.88384199 0.20586329
v 0.30961579 -3.88412261 0.20502087
v 0.32577997 -3.88425874 0.20411802
v 0.33619874 -3.8835504 0.20336383
v 0.11811297 -3.89716506 0.20841635
v 0.13792818 -3.89623832 0.20882654
v 0.14908242 -3.89610576 0.20902678
v 0.21760246 -3.89836263 0.2095585
v 0.22787138 -3.89823293 0.20941537
v 0.23805362 -3.89746046 0.20916134
v 0.2554315 -3.89762306 0.20877194
v 0.27394595 -3.89886212 0.20833987
v 0.29192563 -3.89874744 0.20762532
v 0.30966335 -3.89980411 0.2069211
v 0.32579875 -3.89942789 0.20599511
v 0.33658722 -3.8988347 0.20526158
v 0.34604805 -3.89868235 0.20461902
v 0.36018052 -3.89931464 0.20368728
v 0.11773128 -4.08614873 0.21303579
v 0.1186308 -4.09467887 0.21344745
v 0.13379389 -4.09482955 0.21491006
v 0.32580697 -3.80408287 0.19345077
v 0.34104394 -3.80454397 0.19256629
v 0.35055795 -3.80454897 0.19190596
v 0.36027613 -3.80544376 0.19129441
v 0.37574923 -3.80544757 0.18997117
v 0.3922514 -3.80571174 0.1884267
v -0.08313804 -3.82244014 0.18675851
v -0.06890881 -3.82247877 0.18787033
v -0.05729846 -3.82164287 0.18851977
v -0.03896921 -3.81999683 0.18942198
v 0.0384142 -3.82031106 0.19516283
v 0.05040771 -3.82030344 0.19591851
v 0.07140303 -3.81968689 0.19686916
v 0.09154473 -3.81916022 0.1976796
v 0.10298715 -3.81894588 0.19809806
v 0.11566972 -3.8183937 0.19847869
v 0.13574317 -3.81940341 0.19937345
v 0.15197983 -3.81913757 0.1996594
v 0.16340909 -3.81976652 0.19978551
v 0.17791977 -3.82070255 0.20025566
v 0.19704014 -3.82059359 0.20036044
v 0.21535721 -3.81912922 0.20004567
v 0.22588978 -3.8197875 0.20005378
v 0.2362869 -3.82142353 0.20007994
v 0.25375506 -3.82075643 0.19955024
v 0.27245271 -3.81987905 0.19874545
v 0.29046133 -3.82013797 0.19801984
v 0.30825161 -3.81924438 0.19693973
v 0.3260129 -3.82082533 0.19607751
v 0.34209072 -3.82116317 0.19502736
v 0.35122394 -3.82015657 0.19417673
v 0.36023908 -3.81972742 0.1933912
v 0.37573275 -3.82027626 0.19211329
v 0.39232984 -3.82149219 0.19072389
v 0.40837433 -3.81912541 0.18873837
v -0.10037047 -3.83644533 0.1882606
v -0.08220572 -3.8371067 0.19006805
v -0.07009327 -3.8363924 0.19104325
v -0.05653394 -3.8361783 0.19213803
v -0.03798339 -3.8355124 0.19332933
v -0.02384317 -3.83530139 0.19430992
v -0.0116678 -3.83474636 0.19503693
v 0.00712603 -3.83420324 0.19621032
v 0.02785905 -3.83433914 0.19753295
v 0.04003033 -3.83554625 0.19853027
v 0.05201364 -3.835783 0.1992073
v 0.07206469 -3.83620357 0.20018874
v 0.08914111 -3.83649134 0.20095774
v 0.10026219 -3.83650445 0.20135864
v 0.11546336 -3.83456397 0.20157079
v 0.13465634 -3.83470439 0.2021484
v 0.14785534 -3.83629369 0.20259711
v 0.21564 -3.83485913 0.20242846
v 0.22608435 -3.8353877 0.20233711
v 0.25404155 -3.83883094 0.20206292
v 0.27264076 -3.83697986 0.2011277
v 0.29059305 -3.83490729 0.20005971
v 0.30831837 -3.83418393 0.19899964
v 0.3261502 -3.83729696 0.19829268
v 0.34234809 -3.83702135 0.19713544
v 0.35141116 -3.83560895 0.19625057
v 0.36050289 -3.83459854 0.19538898
v 0.3760195 -3.83530998 0.1941342
v 0.39265725 -3.83720779 0.19281253
v 0.40871447 -3.83512783 0.19086679
v 0.4245029 -3.83404588 0.18894185
v 0.44019806 -3.83819556 0.18760216
v -0.11976312 -3.85026574 0.18816019
v -0.10039368 -3.85108661 0.19006246
v -0.08677004 -3.85112214 0.19130007
v -0.07480005 -3.85087871 0.19231033
v -0.05649364 -3.85111141 0.19390411
v -0.03619141 -3.85098624 0.19551149
v -0.02422597 -3.85072088 0.19637659
v -0.01215475 -3.85025024 0.19719372
v 0.0085112 -3.8506484 0.19862338
v 0.027618 -3.85152745 0.19987914
v 0.039706 -3.85212516 0.20065215
v 0.05337672 -3.85261678 0.20140676
v 0.07220281 -3.8532896 0.20237273
v 0.29102051 -3.85082721 0.20201125
v 0.30876737 -3.85028314 0.20099797
v 0.32670295 -3.853055 0.20024243
v 0.34239435 -3.85248923 0.19908914
v 0.35109055 -3.85201597 0.19837157
v 0.3609212 -3.85034513 0.19738256
v 0.37644559 -3.84994101 0.19599799
v 0.39301687 -3.85263562 0.19478938
v 0.40908312 -3.85194683 0.19304665
v 0.4248496 -3.85005497 0.19103924
v 0.44049459 -3.8522942 0.18946543
v 0.45589262 -3.85348224 0.1876516
v -0.14933426 -3.87165427 0.18755826
v -0.13838103 -3.87028503 0.18847718
v -0.11948615 -3.86569404 0.189791
v -0.09944958 -3.8649621 0.19158321
v -0.08778958 -3.86517548 0.19265639
v -0.07599693 -3.86529731 0.19371071
v -0.05565059 -3.86536312 0.19543841
v -0.03487245 -3.86512994 0.19708186
v -0.02310568 -3.86474061 0.19792881
v -0.01115953 -3.86493587 0.19881109
v 0.00807351 -3.86762285 0.20037168
v 0.02241996 -3.86968898 0.20146814
v 0.03464252 -3.86999535 0.20220628
v 0.32674163 -3.86828827 0.20210126
v 0.34001833 -3.86765503 0.20113405
v 0.34833449 -3.8688991 0.20069161
v 0.36055859 -3.86801815 0.1996468
v 0.3768146 -3.86614322 0.19804352
v 0.39330387 -3.86766004 0.19671824
v 0.40934234 -3.86854314 0.19521498
v 0.42508959 -3.86713743 0.19330301
v 0.44067239 -3.86596536 0.19130301
v 0.45606958 -3.86751127 0.18956795
v 0.47106856 -3.86883544 0.1877323
v -0.1610358 -3.88607263 0.18806114
v -0.14986077 -3.88666009 0.18917213
v -0.13868813 -3.88537931 0.19008924
v -0.11880007 -3.88065719 0.19142371
v -0.09856233 -3.87983131 0.19318208
v -0.08703729 -3.88015365 0.19424241
v -0.07537077 -3.88029956 0.19527626
v -0.05475838 -3.88025999 0.19698917
v -0.03406055 -3.87990665 0.19858962
v -0.02221622 -3.8796463 0.19944711
v -0.01005387 -3.8805933 0.20040728
v 0.00907346 -3.8853321 0.20215015
v 0.34510716 -3.88429117 0.20285357
v 0.35998046 -3.88473486 0.20181864
v 0.37704882 -3.88289451 0.20019277
v 0.39342218 -3.88280105 0.198704
v 0.40940052 -3.88382673 0.19726026
v 0.4251317 -3.88455963 0.1956726
v 0.44069737 -3.88227701 0.19355316
v 0.45603659 -3.88181448 0.19157826
v -0.18006429 -3.90074706 0.18821351
v -0.1606985 -3.90064287 0.18993251
v -0.14956527 -3.89893865 0.19070473
v -0.13830751 -3.89811205 0.19162702
v -0.118303 -3.8958168 0.19316941
v -0.09805075 -3.89573216 0.1949514
v -0.08642177 -3.89600133 0.19598645
v -0.07475464 -3.89610028 0.19698689
v -0.0540919 -3.89602327 0.19865818
v -0.03334548 -3.89591836 0.20025242
v -0.0214388 -3.89617347 0.20115399
v -0.00936187 -3.89588213 0.20196828
v 0.37690436 -3.89847636 0.2022541
v 0.39328998 -3.898741 0.20085056
v -0.27072104 -4.02797222 0.19937525
v 0.44821673 -4.06798219 0.20252215
v 0.49014419 -3.79014587 0.17379234
v 0.40828344 -3.8040719 0.18654161
v 0.43951952 -3.80472517 0.18303695
v 0.454768 -3.80429863 0.18101468
v 0.47093838 -3.80598688 0.17899493
v 0.49092406 -3.80545663 0.17589175
v 0.51293993 -3.80655431 0.17242659
v 0.42415413 -3.81758046 0.18674047
v 0.43979314 -3.82104587 0.18532189
v 0.45500284 -3.82024502 0.1832368
v 0.47004562 -3.82192516 0.18138217
v 0.48721945 -3.82119727 0.17869596
v 0.50855112 -3.82157111 0.17527005
v 0.52877593 -3.82180452 0.17175069
v -0.27426171 -3.838629 0.17210798
v -0.25663399 -3.83570909 0.17329967
v -0.23832219 -3.83546304 0.17493864
v -0.2209751 -3.83645248 0.17668667
v -0.21021452 -3.8350687 0.1774968
v -0.20012047 -3.83526849 0.17852564
v -0.18239258 -3.83490705 0.180267
v -0.16150638 -3.83561277 0.18240964
v -0.14341354 -3.83528637 0.18409727
v -0.13269768 -3.8346579 0.18501524
v -0.12017431 -3.8349266 0.18620041
v 0.4555388 -3.8373456 0.18549639
v 0.47040754 -3.83687567 0.18338286
v 0.48614004 -3.83635091 0.18097356
v 0.50638121 -3.83591079 0.17765332
v 0.52768313 -3.83662343 0.17406769
v -0.29174941 -3.85220456 0.17221152
v -0.27434694 -3.85359883 0.17376318
v -0.25656461 -3.85136103 0.17503416
v -0.23803643 -3.84974384 0.17651638
v -0.22055728 -3.85108542 0.1783251
v -0.21023565 -3.8516674 0.17939183
v -0.19983403 -3.85209322 0.18047435
v -0.18121588 -3.85132885 0.18222409
v -0.16116403 -3.85148859 0.1842435
v -0.14601457 -3.85128021 0.18571814
v -0.13536015 -3.85110092 0.18673361
v 0.47098439 -3.85246038 0.1854462
v 0.48629081 -3.85093903 0.18299169
v 0.50435519 -3.8504529 0.18007293
v 0.52469515 -3.85192585 0.17682087
v 0.54373455 -3.85105466 0.17321023
v -0.497258 -3.86968517 0.17268692
v -0.32649377 -3.86966276 0.17230585
v -0.30928331 -3.86665201 0.17287498
v -0.29203483 -3.86688041 0.1740674
v -0.27454575 -3.8685112 0.17561614
v -0.25666344 -3.8684287 0.17708134
v -0.2380115 -3.86524391 0.17829999
v -0.22035768 -3.86571502 0.17998024
v -0.20997688 -3.8668158 0.18110448
v -0.19940918 -3.86776828 0.18223583
v -0.18060767 -3.86865592 0.18416859
v -0.16144661 -3.87044596 0.18624192
v 0.48582562 -3.86769223 0.18545004
v 0.50298684 -3.86619949 0.18257153
v -0.44507163 -3.88305521 0.1738432
v -0.42326659 -3.88312363 0.17320883
v -0.40700253 -3.8835802 0.17307075
v -0.39157933 -3.88270902 0.17280991
v -0.37525314 -3.88361549 0.173159
v -0.36086022 -3.88452673 0.1735997
v -0.35237529 -3.88131809 0.1732046
v -0.34244811 -3.88162088 0.17362263
v -0.32679376 -3.88408708 0.17473107
v -0.30957379 -3.88081216 0.17506504
v -0.29225575 -3.88155841 0.17625902
v -0.27471268 -3.88417339 0.17789048
v -0.25676602 -3.88427591 0.17924997
v -0.23804037 -3.88077068 0.18030324
v -0.22029683 -3.88114929 0.1819078
v -0.20985972 -3.88218259 0.18299591
v -0.19924941 -3.88309645 0.18409419
v -0.18026259 -3.88460779 0.18607103
v -0.30971294 -3.89653587 0.17791572
v -0.29235476 -3.89800357 0.17911613
v -0.27476799 -3.89981699 0.18051883
v -0.25679528 -3.89812016 0.18144035
v -0.23800799 -3.89612674 0.18256971
v -0.22017791 -3.89805412 0.18433851
v -0.20967893 -3.89907932 0.18538621
v -0.19910919 -3.89940118 0.18633955
v -0.32077211 -3.91319322 0.18073223
v 0.0504617 -4.02576685 0.188665
v 0.54309326 -3.77420425 0.16210663
v 0.5569694 -3.77454996 0.15932858
v 0.57093286 -3.77642679 0.15652854
v -0.52303648 -3.79303312 0.15635493
v -0.50810629 -3.79181885 0.15664608
v 0.51336884 -3.79030919 0.17002171
v 0.52931749 -3.78807807 0.16684034
v 0.54307097 -3.78982806 0.16442927
v 0.55717587 -3.78922271 0.16144087
v 0.57133972 -3.79121875 0.15863157
v -0.62789052 -3.80610132 0.1561729
v -0.61158978 -3.80746507 0.15747684
v -0.59719479 -3.80644273 0.15760673
v -0.5826478 -3.80508327 0.1575618
v -0.56799608 -3.80554914 0.15795734
v -0.55326485 -3.80530619 0.15815487
v -0.53847825 -3.80454301 0.15821033
v -0.52386498 -3.8071773 0.15887138
v -0.50899595 -3.80573439 0.15883287
v -0.49407646 -3.80322933 0.15861684
v -0.4794414 -3.80499219 0.15911367
v -0.47698241 -3.79249143 0.15753726
v 0.52961194 -3.80526065 0.1692568
v 0.54361081 -3.80599427 0.16665932
v 0.55767226 -3.80483818 0.16360691
v 0.57183134 -3.80509281 0.16056266
v 0.58583557 -3.80448341 0.15722993
v -0.62679821 -3.82100319 0.16159947
v -0.61166 -3.82121563 0.16206926
v -0.59754622 -3.81986904 0.16177418
v -0.58303868 -3.81951904 0.16171553
v -0.56846654 -3.8203032 0.1619043
v -0.55384635 -3.82007789 0.16173827
v -0.53919595 -3.8202753 0.16170725
v -0.52458155 -3.82099342 0.16170699
v -0.50988113 -3.82064437 0.16158586
v -0.49509444 -3.81861686 0.16112968
v -0.48049944 -3.820755 0.16148197
v -0.46562176 -3.81949496 0.16130688
v -0.45099076 -3.82159113 0.16171021
v -0.43596637 -3.82041263 0.16172424
v -0.42084765 -3.82164192 0.16216316
v -0.40535622 -3.82063436 0.16243432
v -0.01449963 -3.82291364 0.17182308
v 0.54424154 -3.82123613 0.16873483
v 0.55821418 -3.82023906 0.16574914
v 0.57229328 -3.81940794 0.16259419
v 0.58635449 -3.81977367 0.15944302
v 0.6003251 -3.82230091 0.15646448
v -0.62501871 -3.8730154 0.17963387
v -0.59772491 -3.83503913 0.16666935
v -0.58330243 -3.8359127 0.16671836
v -0.56882423 -3.83613824 0.16646531
v -0.55429279 -3.83537769 0.16585654
v -0.53976923 -3.83583164 0.16558194
v -0.52522051 -3.8356533 0.16513516
v -0.51070797 -3.83667993 0.16502022
v -0.49602818 -3.83518171 0.16435961
v -0.48145306 -3.83691859 0.16442197
v -0.46687287 -3.83557248 0.16397708
v -0.45213699 -3.83749342 0.1641969
v -0.43583858 -3.83637094 0.16400489
v -0.41924899 -3.83744239 0.16427218
v -0.40351906 -3.83723378 0.164551
v -0.38850569 -3.83715963 0.16495151
v -0.3741759 -3.83629703 0.16535975
v -0.35869941 -3.83716011 0.1661756
v -0.34199011 -3.83577418 0.16689467
v -0.32534641 -3.83616662 0.16797943
v -0.30852928 -3.83439111 0.1689409
v -0.29153841 -3.8366785 0.1704875
v 0.02759573 -3.83547735 0.17047092
v 0.0398713 -3.83650517 0.17069746
v 0.05206891 -3.83806157 0.17095246
v 0.07124161 -3.8406105 0.17128276
v 0.08516947 -3.84102892 0.17152816
v 0.31025767 -3.8335731 0.1661334
v 0.32662564 -3.83679962 0.16461795
v 0.33586275 -3.8373146 0.16368444
v 0.34508231 -3.83572864 0.16278399
v 0.36081159 -3.83466529 0.16112342
v 0.5446341 -3.83532047 0.17071907
v 0.55873298 -3.83487844 0.1678244
v 0.5726999 -3.83464026 0.16481861
v 0.58673262 -3.83488607 0.16170683
v -0.55463576 -3.85168218 0.170524
v -0.54020786 -3.85113811 0.16972705
v -0.52577483 -3.85151863 0.16922283
v -0.51135909 -3.85325861 0.16906034
v -0.49677497 -3.85268163 0.1683667
v -0.48236009 -3.85302543 0.16789183
v -0.46761319 -3.8519423 0.16724281
v -0.44997662 -3.85341405 0.16715186
v -0.42937102 -3.85239648 0.16677334
v -0.40963596 -3.8522942 0.16676303
v -0.39335709 -3.85263633 0.16704651
v -0.37999483 -3.85243845 0.16733586
v -0.36978852 -3.85193038 0.16763334
v -0.35845524 -3.85225296 0.16811803
v -0.34280931 -3.85088872 0.16870361
v -0.32587426 -3.8523941 0.1698964
v -0.3088639 -3.85019326 0.17072792
v -0.03708901 -3.85082316 0.16316294
v -0.02424645 -3.85029816 0.16432136
v -0.01248741 -3.85030913 0.16517064
v 0.00801583 -3.85064649 0.16664758
v 0.02836105 -3.85196399 0.16772548
v 0.04016628 -3.85235953 0.16834759
v 0.05336974 -3.85234594 0.16895225
v 0.0722544 -3.85357642 0.16953232
v 0.08416955 -3.85339689 0.16995367
v 0.11029286 -3.85098576 0.17092216
v 0.31024366 -3.848917 0.16587716
v 0.32666099 -3.85248684 0.16459968
v 0.33598691 -3.85343694 0.16383937
v 0.34519651 -3.85182857 0.16297951
v 0.36098599 -3.85013985 0.16139453
v 0.37784478 -3.85141277 0.15962407
v 0.39417693 -3.85201597 0.15783157
v 0.55893635 -3.85017585 0.17009499
v -0.48272377 -3.86820173 0.17158693
v -0.46659672 -3.86735844 0.1707548
v -0.44525909 -3.86774826 0.17015934
v -0.42374181 -3.86739254 0.16967383
v -0.4062649 -3.86719942 0.16955706
v -0.39071455 -3.86720705 0.16965135
v -0.37578523 -3.86772584 0.17002445
v -0.36443519 -3.86883878 0.17054778
v -0.35583984 -3.86701989 0.17048716
v -0.34305501 -3.86659097 0.17097954
v -0.03270809 -3.86476421 0.16215783
v -0.01172831 -3.86491537 0.16383263
v 0.00864139 -3.8674817 0.16524276
v 0.0254704 -3.86930012 0.16618487
v 0.03696573 -3.87001657 0.16685023
v 0.0534523 -3.86873054 0.1677882
v 0.07335014 -3.86777472 0.16870372
v 0.08509967 -3.86686372 0.16921025
v 0.09671657 -3.86597871 0.16964624
v 0.11702407 -3.8656516 0.17021757
v 0.13721799 -3.86879539 0.17052608
v 0.1485416 -3.87039852 0.17063599
v 0.15963172 -3.86944222 0.17073956
v 0.178734 -3.86748027 0.17079919
v 0.1993919 -3.86559963 0.17063967
v 0.36120519 -3.86669302 0.16229219
v 0.37803569 -3.86565423 0.16056612
v 0.39436399 -3.86622142 0.15888705
v 0.41037255 -3.86692142 0.15716642
v -0.01061436 -3.88046574 0.16340896
v 0.00871865 -3.88441467 0.16482487
v 0.02202237 -3.88560056 0.16568739
v 0.03372109 -3.88611912 0.16643954
v 0.05352722 -3.88463997 0.16755007
v 0.07425696 -3.88328027 0.16855683
v 0.08596654 -3.88240814 0.16904254
v 0.09753577 -3.88157177 0.16948072
v 0.11771442 -3.88065958 0.1700769
v 0.13779166 -3.882972 0.17055481
v 0.14910465 -3.88527631 0.1708318
v 0.16020941 -3.88488173 0.1709814
v 0.17933878 -3.88328146 0.17104408
v 0.19915002 -3.88113975 0.1709153
v 0.21371041 -3.87957882 0.17069394
v 0.22378113 -3.88115406 0.17056939
v -0.00976128 -3.8956201 0.16377197
v 0.00943669 -3.89801025 0.16520477
v 0.02165317 -3.89890027 0.16608235
v 0.03359155 -3.90075969 0.16697339
v 0.05435483 -3.90031981 0.16814124
v 0.07502622 -3.89985537 0.1691907
v 0.08664177 -3.89917993 0.16966491
v 0.09819275 -3.89806866 0.17006105
v 0.11829254 -3.89594268 0.17060434
v 0.13824445 -3.89648056 0.17115619
v 0.14950245 -3.89818882 0.17147153
v 0.16061873 -3.89798688 0.17163604
v 0.17975804 -3.89716863 0.17177483
v 0.19860032 -3.8956592 0.17170822
v 0.2101003 -3.89514231 0.17164461
v 0.22035406 -3.89560413 0.17156425
v 0.28060051 -3.90711903 0.1710722
v -0.38370266 -4.02073192 0.17301361
v -0.61559152 -3.757694 0.14179277
v 0.59786492 -3.75981211 0.14749971
v 0.61233425 -3.75865721 0.14341351
v -0.65264618 -3.77578973 0.14265202
v -0.63244199 -3.77326178 0.14442148
v -0.61201727 -3.77246666 0.14647351
v -0.59562969 -3.77296686 0.14822389
v -0.58129692 -3.77408361 0.14962276
v -0.56657123 -3.77395415 0.15069116
v 0.58478903 -3.77466249 0.15302161
v 0.59835457 -3.77538061 0.1497471
v 0.61175692 -3.77376484 0.14592605
v 0.62941789 -3.77138924 0.14038246
v -0.69837188 -3.78969836 0.14058098
v -0.6840583 -3.79005527 0.14361114
v -0.66891205 -3.79053354 0.14623834
v -0.64994549 -3.79015111 0.14845301
v -0.62952762 -3.7887814 0.15001532
v -0.61156213 -3.78893852 0.15152636
v -0.59660667 -3.78945899 0.15262825
v -0.58206147 -3.78879642 0.15321025
v -0.56730788 -3.78894114 0.15392598
v -0.55246162 -3.78854656 0.15451279
v -0.53763866 -3.78873944 0.15509101
v 0.58526802 -3.78958272 0.15513402
v 0.59913742 -3.78971266 0.15170225
v 0.61334675 -3.79018712 0.1480038
v 0.63017129 -3.78912425 0.14300003
v -0.64872753 -3.80439662 0.15406723
v 0.59969568 -3.80514836 0.15393295
v 0.61330044 -3.80615615 0.15055486
v 0.62741923 -3.80564689 0.14655777
v 0.64535749 -3.80478954 0.14099104
v 0.48600834 -3.82022929 0.14188149
v 0.61393141 -3.82228756 0.15298435
v 0.62789672 -3.82164526 0.14909431
v 0.42573735 -3.83775329 0.15290066
v 0.44127112 -3.83678817 0.15055055
v 0.45661145 -3.83485508 0.14804495
v 0.47177311 -3.83721113 0.14570365
v 0.48635983 -3.83667802 0.14317095
v 0.41017931 -3.85134816 0.15587294
v 0.42597436 -3.85251569 0.15386715
v 0.44154515 -3.85267925 0.15176382
v 0.45689258 -3.85166931 0.14946799
v 0.47206294 -3.85244512 0.14719271
v -0.27834317 -3.948807 0.15018262
v 0.71523261 -3.9870336 0.14238581
v -0.66822242 -3.74285364 0.12730541
v -0.6540234 -3.74325037 0.13079878
v 0.65193772 -3.74024272 0.12819652
v -0.71225053 -3.76220774 0.12352268
v -0.69771772 -3.75802564 0.12594492
v -0.68323171 -3.75601387 0.12883913
v -0.66913622 -3.75850772 0.13309891
v -0.65466988 -3.75932908 0.13630922
v -0.6371206 -3.75737094 0.13855341
v 0.63187384 -3.7560172 0.13719651
v 0.65150755 -3.75574445 0.13082845
v 0.66570812 -3.75883078 0.12633541
v -0.72689378 -3.77433824 0.12490844
v -0.71257174 -3.77577114 0.13017888
v -0.69812727 -3.7736268 0.13306684
v -0.68382293 -3.77246093 0.13582916
v -0.66945433 -3.77467012 0.13953316
v 0.65114289 -3.77210474 0.13361075
v 0.66682481 -3.77517843 0.1287406
v 0.65053403 -3.78901743 0.13664448
v 0.66761183 -3.79031133 0.13114988
v 0.68075323 -3.7902379 0.12635824
v 0.66607117 -3.80492162 0.1343055
v 0.50298535 -3.82153368 0.13862113
v 0.52429592 -3.8205266 0.13412778
v 0.54396116 -3.82044339 0.12986892
v -0.24431985 -3.83283257 0.14001518
v 0.50227314 -3.83677887 0.14027054
v 0.52382814 -3.83594369 0.13603654
v 0.72641873 -3.97721314 0.13436803
v 0.71464359 -3.98698973 0.13778765
v 0.74187248 -3.98599195 0.13264527
v -0.71095395 -3.73018646 0.10876666
v -0.69640517 -3.72711205 0.11284573
v -0.68185347 -3.72547674 0.11699925
v 0.69148427 -3.72805357 0.11071402
v -0.72597336 -3.7453196 0.11008361
v -0.71170318 -3.74622869 0.11597268
v -0.69713938 -3.7419548 0.11890021
v -0.68260455 -3.74057483 0.12261504
v 0.6648246 -3.74255275 0.1239487
v 0.67740511 -3.74145221 0.11893743
v 0.69127047 -3.74310588 0.11348719
v -0.74072623 -3.76006579 0.11181965
v -0.7265467 -3.76101303 0.11795601
v 0.67840248 -3.75730705 0.12126268
v 0.69122195 -3.75753593 0.11613571
v 0.70748043 -3.75824189 0.10909132
v 0.67957526 -3.77368688 0.12371552
v 0.69231808 -3.77256107 0.11848092
v 0.70675325 -3.77433681 0.11266352
v 0.56485837 -3.78938889 0.12147401
v 0.69346296 -3.78995323 0.12141114
v 0.706326 -3.79018688 0.11618063
v -0.72372293 -3.71081733 0.09452778
v -0.7098791 -3.71302938 0.10172146
v 0.7126652 -3.70993065 0.09764378
v -0.73907226 -3.72693133 0.09471016
v -0.72505819 -3.72787928 0.10183408
v 0.71262037 -3.72541546 0.10049008
v 0.72852802 -3.72834897 0.09307913
v -0.75418746 -3.74566197 0.09717345
v -0.74008023 -3.74375009 0.10312046
v 0.71009755 -3.74183917 0.10472451
v 0.72883659 -3.74360561 0.09587837
v -0.75489324 -3.76109385 0.10582848
v 0.72828292 -3.75849819 0.09917745
v 0.72623658 -3.77410459 0.10352
v 0.74443727 -3.77319359 0.09419806
v -0.68545055 -3.78802537 0.09597688
v -0.66451013 -3.78867912 0.10004397
v -0.64290559 -3.78834056 0.10305988
v -0.62747234 -3.78867673 0.10495388
v -0.64311569 -3.80201673 0.10893201
v -0.7385745 -3.69686794 0.0802308
v -0.75294107 -3.71353197 0.08001008
v -0.73784953 -3.71205663 0.08797302
v 0.72702515 -3.71144485 0.09061664
v 0.73948258 -3.71010589 0.08333005
v -0.76943874 -3.73223066 0.08040581
v -0.7535296 -3.72929525 0.0882582
v 0.74028348 -3.72634792 0.08619265
v 0.75412517 -3.72687101 0.0780503
v -0.78261542 -3.74666976 0.08058944
v -0.76880824 -3.74635601 0.08928618
v 0.74185395 -3.74176454 0.08854027
v 0.75517165 -3.74096751 0.08054575
v -0.68482846 -3.75564336 0.07973626
v 0.74375814 -3.75780582 0.09101221
v 0.75675809 -3.75730657 0.08345338
v -0.71518355 -3.77221965 0.07936239
v -0.70108062 -3.77139234 0.08337383
v -0.68654954 -3.77150654 0.08735786
v -0.6667422 -3.77233052 0.09200435
v -0.70093637 -3.7876892 0.09232122
v -0.61394751 -3.61083889 0.07789768
v -0.75561296 -3.69733285 0.06983087
v 0.7573142 -3.69641757 0.06940273
v -0.77054017 -3.7138977 0.06862103
v 0.75518262 -3.71183013 0.07412609
v 0.76936048 -3.71186566 0.06475769
v -0.77664041 -3.72576236 0.07142408
v 0.77082538 -3.72829985 0.06753386
v -0.7990961 -3.7449038 0.06694751
v -0.78627347 -3.73662281 0.07140129
v 0.77297365 -3.74316763 0.06971499
v -0.72924935 -3.7569561 0.0649417
v -0.71490287 -3.75709796 0.0708107
v -0.70035111 -3.75520229 0.07487241
v 0.77256453 -3.75812506 0.07383182
v -0.72948169 -3.77194619 0.07402098
v 0.76702427 -3.80482196 0.09041351
v 0.78355044 -3.68179559 0.0473218
v -0.78693079 -3.69458198 0.04519208
v -0.77310073 -3.69550108 0.05665083
v 0.77159923 -3.69555997 0.05953527
v 0.78631258 -3.6979413 0.04911049
v -0.78973364 -3.71007943 0.05174458
v 0.78649944 -3.71137499 0.05221037
v -0.80390262 -3.72549581 0.04966739
v -0.79048419 -3.72416687 0.05994965
v 0.78876113 -3.72565078 0.0541689
v -0.72822725 -3.74006414 0.05535981
v -0.71411705 -3.74050545 0.06181015
v 0.72291982 -3.75224232 0.05264017
v 0.78953653 -3.74184942 0.05788439
v 0.80482971 -3.74240422 0.04644812
v -0.75768905 -3.75483632 0.04932233
v -0.74317801 -3.75560379 0.05770485
v -0.78553915 -3.6805973 0.03837403
v 0.79328358 -3.68085336 0.03910169
v -0.80208039 -3.69551134 0.03181579
v 0.80292952 -3.69518256 0.03471693
v -0.80486029 -3.71011018 0.03856483
v 0.80459827 -3.71141123 0.03769665
v -0.8170489 -3.72641134 0.03786164
v 0.80443859 -3.7265377 0.04220886
v 0.81500846 -3.72830104 0.03376478
v -0.75748902 -3.7399187 0.03938005
v -0.74236702 -3.73933363 0.04786344
v 0.82579511 -3.77589321 0.04027541
v -0.80203539 -3.68239164 0.02364758
v 0.80397319 -3.67988729 0.02957113
v 0.81710255 -3.67943525 0.0169359
v -0.81581437 -3.69479441 0.01710537
v 0.81841373 -3.69471716 0.02042186
v -0.81726247 -3.70899486 0.02525987
v 0.81917476 -3.71245241 0.02510985
v -0.82352572 -3.72003459 0.02627269
v 0.82431042 -3.72696018 0.02501649
v 0.73661905 -3.61466527 0.02025189
v -0.81422102 -3.66799163 0.00111398
v 0.8201338 -3.66445541 0.0086969
v -0.81874692 -3.68402862 0.00653137
v 0.83354556 -3.68347835 0.00102007
v -0.82506084 -3.69467616 0.00644579
v 0.83557736 -3.69714546 0.00363613
v -0.82930481 -3.70656871 0.0096339
v 0.83557093 -3.71097326 0.00844561
v -0.84573936 -3.72234296 0.00066304
v -0.83247399 -3.719702 0.01571675
v 0.83394116 -3.72591805 0.01542649
v -0.96149528 -3.96107411 0.00975371
v 0.83341431 -3.65136218 -0.01137747
v -0.82301473 -3.66484522 -0.01206844
v 0.83490914 -3.66657495 -0.00698125
v -0.82965141 -3.67929339 -0.01048333
v 0.8445121 -3.68238925 -0.01217647
v -0.83531105 -3.6935656 -0.00759547
v 0.8480283 -3.69709754 -0.01063601
v -0.84393358 -3.70948696 -0.00723446
v 0.84929996 -3.71264743 -0.00607892
v 0.84230268 -3.64902067 -0.02388504
v -0.83405262 -3.66386294 -0.02820146
v 0.84671771 -3.66606235 -0.02213712
v -0.8393532 -3.67823696 -0.02499927
v 0.85260254 -3.67934298 -0.02400773
v -0.84434878 -3.69276571 -0.02110599
v 0.85946035 -3.69474887 -0.02632568
v -0.85347962 -3.70809197 -0.02268175
v -0.96035122 -3.9448986 -0.02245236
v -0.9648 -3.95636653 -0.01522397
v -0.83793008 -3.65172648 -0.04367772
v 0.85252082 -3.6478362 -0.03959007
v -0.84455966 -3.66747999 -0.0418986
v 0.85868918 -3.66292381 -0.04091399
v -0.84940451 -3.6812272 -0.03854386
v 0.86412555 -3.67937994 -0.04061397
v -0.85497748 -3.69473743 -0.03641789
v 0.86981952 -3.69371032 -0.04154634
v -0.95899856 -3.92882299 -0.01431781
v 0.85936796 -3.63569235 -0.05820757
v -0.8456707 -3.64990043 -0.05883829
v 0.86485445 -3.65028572 -0.05854639
v -0.85240042 -3.66656112 -0.05654121
v 0.86939668 -3.66449785 -0.05747449
v -0.85746985 -3.68073034 -0.0531595
v 0.87514925 -3.68130207 -0.05715374
v -0.86370289 -3.69445896 -0.05210344
v 0.88008755 -3.69533467 -0.0568983
v -0.96317148 -3.93915224 -0.05825411
v -0.84609401 -3.63557505 -0.07257384
v 0.86707627 -3.63402295 -0.07396315
v -0.85361802 -3.64964652 -0.07472264
v 0.87265265 -3.64906215 -0.07398988
v -0.86000573 -3.66665267 -0.07145329
v 0.87745696 -3.66457843 -0.07242886
v -0.86484336 -3.68044233 -0.06783703
v 0.88361901 -3.68224167 -0.07176137
v -0.87058198 -3.69314503 -0.06700083
v -0.96080803 -3.92867708 -0.06815829
v 0.86762464 -3.61576175 -0.09066692
v -0.85276001 -3.63507294 -0.08767661
v 0.87279683 -3.63121771 -0.08884763
v -0.85932731 -3.64795827 -0.08927818
v 0.87831139 -3.64703273 -0.08784404
v -0.86568898 -3.66428852 -0.08647236
v 0.88382697 -3.6636455 -0.08642834
v -0.87118363 -3.67903542 -0.08309234
v 0.88992095 -3.68167877 -0.08489695
v -0.87786269 -3.69345188 -0.08280433
v -0.95884561 -3.91400194 -0.08160624
v -0.96458494 -3.93007016 -0.08489709
v 0.87268149 -3.61472392 -0.10463891
v -0.85915851 -3.63467836 -0.10428962
v 0.87803709 -3.6304841 -0.10263641
v -0.86547613 -3.64789104 -0.10505312
v 0.88381087 -3.64692878 -0.10130647
v -0.87157857 -3.66390895 -0.10159008
v 0.88896578 -3.66200399 -0.09988577
v -0.87745016 -3.67912197 -0.0983691
v 0.89486932 -3.67885851 -0.09840421
v -0.96080923 -3.88552379 -0.10221795
v -0.96186518 -3.91458106 -0.10046678
v -0.96554029 -3.92447447 -0.10398343
v 0.87311935 -3.60360264 -0.11941648
v 0.87855088 -3.61860609 -0.11750297
v -0.86370146 -3.63232135 -0.12064103
v 0.88453632 -3.63513517 -0.11599536
v -0.870507 -3.64770054 -0.12006342
v 0.89045506 -3.65179348 -0.11435081
v -0.87730169 -3.66512155 -0.11631947
v 0.89516019 -3.66482448 -0.11326215
v -0.88400101 -3.68108272 -0.11413808
v 0.90052276 -3.67849779 -0.11288845
v -0.94216632 -3.86557674 -0.1189462
v -0.96019542 -3.8979206 -0.11275403
v -0.96583783 -3.91606092 -0.11789392
v 0.876782 -3.60327339 -0.13293336
v -0.86026847 -3.61720728 -0.13217699
v 0.88244557 -3.61810779 -0.13142964
v -0.86788082 -3.63135004 -0.13681863
v 0.88844341 -3.63435363 -0.12970605
v -0.87434715 -3.64650631 -0.13524936
v 0.89461839 -3.65096139 -0.12835425
v -0.88102555 -3.66314888 -0.13164258
v 0.9008494 -3.66606736 -0.12916904
v 0.96982789 -3.87474322 -0.11494428
v -0.96046638 -3.88290596 -0.13093152
v -0.96481359 -3.90212416 -0.13095748
v -0.9667257 -3.90958786 -0.13408544
v 0.86221355 -3.56703019 -0.13744211
v 0.87920653 -3.6009016 -0.14720231
v -0.86447227 -3.61742353 -0.14918473
v 0.88521552 -3.6162846 -0.1455245
v -0.87183439 -3.63215303 -0.15216335
v 0.89153266 -3.63279724 -0.14390765
v -0.87789452 -3.64627289 -0.15032777
v 0.89860189 -3.64923858 -0.14560598
v -0.88445609 -3.66207122 -0.14689198
v -0.96278661 -3.86730599 -0.16302101
v -0.9654082 -3.90218687 -0.14246685
v -0.86131149 -3.60504508 -0.16050007
v 0.88299679 -3.60332155 -0.16110803
v -0.86838817 -3.61873245 -0.16686236
v 0.88871949 -3.61773157 -0.15946595
v -0.87570035 -3.63423252 -0.16783294
v 0.89457047 -3.63202047 -0.15965715
v -0.88121724 -3.64706468 -0.16531866
v 0.90204358 -3.64804124 -0.16377034
v 0.87814384 -3.58645629 -0.17719443
v -0.86318457 -3.60391235 -0.17640981
v 0.88522481 -3.60339546 -0.1752807
v -0.87031436 -3.61795902 -0.18315011
v 0.89230734 -3.62047123 -0.17435947
v -0.87771934 -3.63399267 -0.18299859
v 0.89932394 -3.63593053 -0.17824393
v -0.88386273 -3.64779996 -0.18022431
v -0.96245157 -3.87352895 -0.17630489
v -0.97648239 -3.89778828 -0.1835234
v 0.87897121 -3.58474636 -0.19166731
v -0.8646847 -3.60331368 -0.1938488
v 0.88576239 -3.60068225 -0.18973043
v -0.87132 -3.61684107 -0.19981107
v 0.89273196 -3.61694288 -0.19071726
v -0.87810701 -3.63155293 -0.19873184
v 0.90020239 -3.63290548 -0.19676999
v -0.97443115 -3.88364124 -0.19149464
v -0.978446 -3.89574527 -0.19445432
v 0.87533891 -3.57430887 -0.20732678
v 0.88171559 -3.58861231 -0.205462
v -0.86565208 -3.6032617 -0.21068057
v 0.88780403 -3.60267663 -0.20497508
v -0.87184673 -3.61628961 -0.21565187
v 0.89365118 -3.61588764 -0.2097669
v -0.97502279 -3.86570072 -0.21146099
v -0.97967141 -3.88373518 -0.21012434
v -0.98236429 -3.89373302 -0.21119689
v 0.8750689 -3.5727849 -0.22166393
v -0.85928285 -3.58835649 -0.22187893
v 0.88202661 -3.58826446 -0.22015169
v -0.86564683 -3.60261201 -0.22666835
v 0.88901817 -3.60427022 -0.22245976
v -0.87189257 -3.61599302 -0.23078627
v 0.8952943 -3.61829757 -0.2294926
v 0.87392205 -3.57043194 -0.23654282
v -0.85855829 -3.58712387 -0.2376265
v 0.88013583 -3.58449554 -0.23814033
v -0.86480945 -3.6014738 -0.24375765
v 0.88705569 -3.60045909 -0.24278794
v -0.87123656 -3.61529064 -0.24647724
v 0.89454102 -3.617136 -0.24735763
v -0.97438091 -3.86027479 -0.2350592
v 0.87451261 -3.57341623 -0.25321757
v -0.85683685 -3.58478117 -0.25407335
v 0.88008356 -3.58677148 -0.25874775
v -0.86352956 -3.60052728 -0.26146021
v 0.88630116 -3.60113883 -0.26268571
v 0.86458694 -3.55440139 -0.26842731
v -0.8496685 -3.5707829 -0.26878079
v 0.87190014 -3.57118701 -0.2719475
v -0.85563081 -3.58437156 -0.26936179
v 0.87801921 -3.58611011 -0.27803301
v -0.86288505 -3.60158586 -0.27719903
v 0.88483941 -3.60138392 -0.27919024
v -0.98935061 -3.88467288 -0.24641686
v 0.86340147 -3.55574226 -0.28495189
v -0.84869933 -3.57151794 -0.28364545
v 0.86952567 -3.57097435 -0.29063135
v -0.85446929 -3.58496999 -0.28554537
v 0.87639528 -3.58724546 -0.29437655
v -0.98301661 -3.82637119 -0.281928
v -0.99242532 -3.86798071 -0.29333066
v -0.99727869 -3.88137388 -0.29222825
v 0.86072796 -3.55567431 -0.30281227
v -0.8474344 -3.57242822 -0.29987153
v 0.86699789 -3.57176899 -0.30882674
v -0.85328054 -3.58682727 -0.30456629
v 0.87482345 -3.58949899 -0.30979949
v -0.83828556 -3.55554342 -0.31643253
v 0.85646975 -3.55390071 -0.32145786
v -0.84588122 -3.57322835 -0.3165524
v 0.86261409 -3.56916236 -0.32524681
v -0.85153824 -3.58800602 -0.32394662
v 0.8704338 -3.58641243 -0.32474279
v 0.84693491 -3.53982543 -0.33609849
v -0.83619952 -3.55483675 -0.33164805
v 0.85304677 -3.55545473 -0.34027838
v -0.84384751 -3.57289314 -0.33213165
v 0.85938525 -3.57012796 -0.34114709
v -0.84922492 -3.58748102 -0.34065738
v -0.82806968 -3.54026794 -0.34890306
v 0.84174627 -3.53783106 -0.35380327
v -0.83368343 -3.55321002 -0.34694227
v 0.84857332 -3.55480551 -0.35679209
v -0.84055882 -3.56970167 -0.34772592
v 0.85594713 -3.57112932 -0.35594505
v -0.8465411 -3.58577919 -0.35629844
v 0.83322465 -3.52574229 -0.36542272
v -0.82697773 -3.54165935 -0.36397719
v 0.83741354 -3.53931188 -0.3721981
v -0.83252584 -3.55472898 -0.36224886
v 0.84420216 -3.55516266 -0.37270861
v -0.8386439 -3.56959319 -0.36337813
v 0.85214108 -3.57222795 -0.3707425
v -0.84513819 -3.58655262 -0.37101975
v 0.70577967 -3.3567779 -0.35463383
v 0.82822907 -3.52386403 -0.37999627
v -0.82409143 -3.53889083 -0.37975153
v 0.83313691 -3.53999805 -0.38719844
v -0.83118051 -3.55573558 -0.37776398
v 0.83963573 -3.55539584 -0.38753449
v -0.83753824 -3.57117843 -0.37832939
v 0.84682047 -3.57103633 -0.3858532
v -0.84365141 -3.58711814 -0.38476097
v 0.9847362 -3.80155611 -0.35296434
v -0.81549304 -3.52312612 -0.39704656
v 0.82203632 -3.5221436 -0.39718058
v -0.82196962 -3.53849959 -0.39518475
v 0.828049 -3.54028892 -0.40288385
v -0.82939928 -3.55615043 -0.39309388
v 0.83495199 -3.55648922 -0.40262109
v -0.83590787 -3.57221007 -0.39417108
v 0.84158062 -3.57101297 -0.40101629
v -0.84479361 -3.60228943 -0.42281457
v 0.99134492 -3.89986825 -0.4032427
v -0.81432038 -3.52584195 -0.41220989
v 0.81557661 -3.5218687 -0.41583007
v -0.82074862 -3.54113769 -0.41046875
v 0.8215909 -3.53836798 -0.41862565
v -0.82701045 -3.55597972 -0.40861129
v 0.82936048 -3.55633091 -0.41767317
v -0.83331692 -3.5714755 -0.40928846
v 0.83682727 -3.57302165 -0.41609239
v -0.99324673 -3.8427701 -0.41551661
v 0.98101401 -3.90104866 -0.41358158
v -0.81038403 -3.52284479 -0.42804956
v 0.80957615 -3.52387762 -0.43436902
v -0.81767249 -3.54018783 -0.42620855
v 0.81579065 -3.53948664 -0.434942
v -0.82401299 -3.55519104 -0.42436108
v 0.82287323 -3.5552659 -0.43315279
v -0.83041894 -3.57060003 -0.42387932
v 0.83057177 -3.57258892 -0.4314579
v -0.80707269 -3.52211499 -0.44373691
v 0.8039298 -3.52511358 -0.44991886
v -0.81445056 -3.53974342 -0.44196617
v 0.81079435 -3.5423727 -0.45005446
v -0.82109516 -3.55552887 -0.44017106
v 0.81650716 -3.5552411 -0.44848486
v -0.82717645 -3.56987571 -0.43897408
v 0.82292008 -3.56992054 -0.44710934
v -0.804223 -3.5233531 -0.45930165
v 0.79674601 -3.52410531 -0.46625316
v -0.81035369 -3.53808116 -0.45789164
v 0.80374795 -3.54152584 -0.46575748
v -0.81721609 -3.55449652 -0.45623922
v 0.80951726 -3.5546627 -0.46404525
v -0.8238393 -3.57000064 -0.45476889
v 0.81576949 -3.56919598 -0.46270132
v -0.80109614 -3.52498436 -0.47490602
v 0.78953838 -3.52192378 -0.48078644
v -0.80731225 -3.53992772 -0.47356528
v 0.79654622 -3.54082059 -0.48116555
v -0.81407839 -3.5561788 -0.47207433
v 0.80347073 -3.55721068 -0.47944739
v -0.8205862 -3.57131147 -0.47049671
v 0.80932879 -3.57100248 -0.47814586
v -0.78938365 -3.50748252 -0.49220415
v 0.78243446 -3.49866318 -0.47626081
v -0.79730838 -3.5260427 -0.49064308
v 0.78275024 -3.52212715 -0.49581152
v -0.80386155 -3.54182815 -0.48930156
v 0.78892815 -3.54001474 -0.49678003
v -0.80997669 -3.5566039 -0.48806586
v 0.7962706 -3.55783844 -0.49507385
v -0.78406053 -3.50595808 -0.50815951
v 0.77329504 -3.50905847 -0.50554919
v -0.79154586 -3.5234723 -0.50675952
v 0.77493906 -3.52339792 -0.51322162
v -0.79863774 -3.54056906 -0.50538623
v 0.78071558 -3.5393114 -0.51307451
v -0.80501025 -3.55602359 -0.50418037
v 0.78767377 -3.55595111 -0.51100593
v -0.77965182 -3.5076189 -0.52393364
v 0.76584529 -3.50777101 -0.52020716
v -0.7862029 -3.52302742 -0.52277219
v 0.76714706 -3.52284574 -0.5284332
v -0.79301893 -3.53954744 -0.52151495
v 0.7721219 -3.53783416 -0.5289222
v -0.79899692 -3.55414485 -0.52043032
v 0.77867376 -3.55391478 -0.52705371
v -0.7741552 -3.50809145 -0.53985172
v 0.75854587 -3.50838875 -0.53529202
v -0.78078365 -3.52371382 -0.5387541
v 0.76012259 -3.52547311 -0.54367399
v -0.78753948 -3.54016065 -0.53758335
v 0.76443445 -3.53968358 -0.54464137
v -0.79298758 -3.55355668 -0.53664672
v 0.77027928 -3.55428648 -0.54297339
v -0.76110011 -3.49298906 -0.55678415
v -0.7674942 -3.50714016 -0.55592787
v 0.75136375 -3.50978088 -0.550125
v -0.7742663 -3.52315855 -0.55488377
v 0.75239551 -3.52672815 -0.55880522
v -0.78139042 -3.54057502 -0.55372625
v 0.75582265 -3.54012823 -0.56059885
v -0.78665089 -3.55358839 -0.55287253
v -0.75429821 -3.49305748 -0.57274466
v 0.74031996 -3.47140312 -0.54442751
v -0.76065003 -3.5071783 -0.57197386
v 0.74294078 -3.50949621 -0.56566548
v -0.76733064 -3.5230298 -0.57103216
v 0.74293923 -3.52360773 -0.57397735
v -0.77431726 -3.54020643 -0.56997579
v 0.74571013 -3.53756833 -0.57692658
v -0.74674129 -3.49285435 -0.58872616
v -0.75302916 -3.50687575 -0.58806711
v 0.73539125 -3.51091742 -0.58011353
v -0.75972867 -3.52288365 -0.58721053
v 0.73609614 -3.5236988 -0.58595174
v -0.76684856 -3.54052305 -0.58622312
v 0.73793709 -3.5386188 -0.59070372
v -0.73882931 -3.49332261 -0.60467791
v 0.72076988 -3.49515962 -0.59668052
v -0.74512577 -3.50752592 -0.60415017
v 0.72678643 -3.51092195 -0.5950964
v -0.75172686 -3.52342271 -0.60339206
v 0.72934919 -3.52373933 -0.59743368
v -0.75865036 -3.54072761 -0.60250949
v 0.73059904 -3.53938865 -0.60327291
v -0.73010885 -3.4936285 -0.62071031
v 0.71131706 -3.49540805 -0.61283254
v -0.73644292 -3.50781631 -0.62013471
v 0.71698123 -3.5099349 -0.61102223
v -0.74296951 -3.52406263 -0.61966836
v 0.72119844 -3.52267575 -0.61039876
v -0.74987781 -3.54151487 -0.61886078
v 0.72260499 -3.53661465 -0.61479592
v -0.71363437 -3.47897815 -0.63672071
v -0.7210164 -3.49412369 -0.63633513
v 0.70088923 -3.49410152 -0.62894862
v -0.72801566 -3.50861358 -0.63484501
v 0.70596242 -3.50762677 -0.62760579
v -0.7339065 -3.52502822 -0.63545614
v 0.71085536 -3.5216844 -0.62647092
v 0.71368163 -3.53714942 -0.62907457
v -0.88400447 -3.88589 -0.63191962
v -0.70409214 -3.48002219 -0.65205174
v -0.71126383 -3.4932475 -0.6508435
v 0.68966937 -3.49188756 -0.64495706
v -0.71869713 -3.50709009 -0.64831954
v 0.69484496 -3.50586414 -0.64375656
v -0.72410965 -3.52360343 -0.64976072
v 0.70067644 -3.52215695 -0.6422466
v -0.87255454 -3.88625454 -0.6455934
v -0.87415707 -3.89300394 -0.64456641
v -0.82951128 -3.90502762 -0.70359319
v -0.69252181 -3.47880029 -0.66735047
v -0.69928216 -3.49280428 -0.66760641
v 0.67820775 -3.4904716 -0.66078257
v -0.70609802 -3.50712823 -0.66653168
v 0.6841948 -3.50681948 -0.65955722
v -0.71291446 -3.52393722 -0.6660701
v 0.69017493 -3.52381348 -0.65818983
v -0.68161737 -3.47803092 -0.68106651
v -0.68805176 -3.49319481 -0.68260616
v 0.66748267 -3.49221348 -0.67611181
v -0.69422167 -3.50864291 -0.68325156
v 0.67382717 -3.50989246 -0.67505073
v -0.70132225 -3.52528739 -0.68233829
v 0.67878443 -3.52494669 -0.67432415
v -0.67143559 -3.47754216 -0.69306194
v -0.6771875 -3.492877 -0.69556808
v 0.65653079 -3.49446106 -0.69124782
v -0.68342483 -3.50918245 -0.69672179
v 0.66179204 -3.50978875 -0.69068127
v -0.69045549 -3.52486109 -0.69548898
v 0.66598892 -3.52340698 -0.69043767
v -0.87033587 -3.88547754 -0.63932597
v -0.6574946 -3.47890043 -0.70955044
v 0.63802349 -3.47841334 -0.70681613
v -0.66370511 -3.49450373 -0.71181851
v 0.64392268 -3.49325513 -0.70616328
v -0.66971409 -3.51021432 -0.71291363
v 0.6485117 -3.50705766 -0.70594942
v -0.67529636 -3.52460646 -0.71275383
v 0.65354073 -3.52189111 -0.7053101
v -0.83368623 -3.87633442 -0.69896769
v -0.81810176 -3.9014225 -0.71299397
v -0.8072744 -3.89936637 -0.71366649
v -0.81246775 -3.90860843 -0.71924603
v -0.64336305 -3.47980403 -0.7249397
v 0.62623417 -3.48035192 -0.72114908
v -0.64968317 -3.49443745 -0.72647672
v 0.63098454 -3.49298191 -0.72101575
v -0.65584379 -3.50922846 -0.72718071
v 0.63483971 -3.50713157 -0.72177135
v -0.65999293 -3.52271318 -0.72832983
v 0.64142441 -3.52327108 -0.71999788
v -0.80662286 -3.89851927 -0.72272861
v -0.62833833 -3.47848057 -0.73843109
v -0.63513064 -3.49382758 -0.74018287
v 0.61593973 -3.49178361 -0.73658895
v -0.64228773 -3.50908923 -0.7403841
v 0.61863207 -3.50939464 -0.74002242
v -0.64630264 -3.52350664 -0.7420504
v 0.61660355 -3.52417516 -0.74716347
v 0.6281234 -3.52355432 -0.73486924
v -0.61319702 -3.4761343 -0.75036025
v -0.6015864 -3.47690582 -0.76006579
v 0.58468061 -3.47638893 -0.76088583
v -0.61992967 -3.4947505 -0.75408786
v 0.59851342 -3.4918046 -0.75382977
v -0.62873524 -3.50866723 -0.75253802
v -0.61797648 -3.50927662 -0.76192045
v 0.59770262 -3.50689649 -0.75994116
v -0.63245773 -3.52460169 -0.75500053
v 0.60068798 -3.52221131 -0.76229095
v -0.58560448 -3.4771831 -0.77216571
v 0.5706731 -3.47827863 -0.77381396
v -0.60475838 -3.49528765 -0.76672089
v -0.58953052 -3.49550437 -0.77827107
v 0.57221674 -3.49249601 -0.77781522
v 0.58358919 -3.49265503 -0.76802563
v -0.60444891 -3.5106821 -0.77331411
v 0.58202892 -3.50591802 -0.77398753
v -0.61867612 -3.52550697 -0.76693546
v -0.60413819 -3.52495098 -0.77822005
v 0.587875 -3.52052354 -0.77363872
v -0.56855505 -3.47831296 -0.78456318
v 0.54151815 -3.47493028 -0.79450362
v 0.5551688 -3.47779941 -0.78584182
v -0.57275539 -3.49481368 -0.78963375
v 0.56128948 -3.49122667 -0.78614449
v -0.59017515 -3.51069951 -0.7839123
v -0.57509267 -3.50903725 -0.79375398
v 0.56853532 -3.50652623 -0.78560197
v -0.58930665 -3.52391338 -0.78875637
v 0.56973791 -3.52384662 -0.79020053
v 0.57765477 -3.52206301 -0.78304529
v -0.77319634 -3.91993022 -0.76777952
v -0.54968565 -3.47928857 -0.79700499
v -0.53130012 -3.47934603 -0.80772095
v 0.53006219 -3.47780561 -0.80344361
v -0.55375033 -3.49431085 -0.80143511
v 0.53495669 -3.49206543 -0.80564516
v 0.54973352 -3.49370336 -0.7958467
v -0.55824875 -3.50839495 -0.80418342
v 0.53670144 -3.50985527 -0.81064403
v 0.55206489 -3.51000332 -0.79964244
v -0.57427072 -3.52264237 -0.79856777
v -0.55844783 -3.52321219 -0.80867838
v 0.55517041 -3.52516794 -0.80197519
v -0.04013002 -3.37358355 -0.72874581
v -0.51630967 -3.4796226 -0.81578987
v -0.50115054 -3.47883176 -0.82276076
v 0.48804682 -3.47583484 -0.82700896
v 0.5035457 -3.47830915 -0.81968671
v 0.51804131 -3.48042511 -0.81209778
v -0.53528094 -3.49352526 -0.81194305
v -0.52062052 -3.49323058 -0.81975066
v -0.50637775 -3.49281573 -0.8266955
v 0.50452941 -3.49279475 -0.82488381
v 0.51940804 -3.49509596 -0.81691551
v -0.54094398 -3.50800228 -0.81418913
v -0.52573323 -3.50789928 -0.82243663
v 0.52339637 -3.50883054 -0.81916439
v -0.54187548 -3.52443361 -0.81867003
v 0.52364599 -3.52202367 -0.82308387
v 0.5378437 -3.52329731 -0.81397223
v -0.48617571 -3.47675013 -0.8287751
v -0.47193795 -3.47507405 -0.83416187
v 0.47134676 -3.47696638 -0.83580851
v -0.49221733 -3.4908626 -0.83242899
v -0.47756403 -3.48967075 -0.83834159
v 0.47517651 -3.49064731 -0.83940267
v 0.48952841 -3.48993682 -0.83194869
v -0.51044994 -3.50778603 -0.8301835
v -0.49466171 -3.50752902 -0.83745938
v 0.49242556 -3.50808143 -0.83681666
v 0.50894254 -3.50828504 -0.82772374
v -0.52563202 -3.52537846 -0.82771742
v -0.50894588 -3.52528214 -0.836133
v 0.50846052 -3.52365851 -0.8326925
v -0.4621877 -3.49017381 -0.84479415
v -0.44649884 -3.49059057 -0.85094392
v -0.42988178 -3.49038696 -0.85683924
v 0.4440447 -3.49287796 -0.85381114
v 0.46038344 -3.49107575 -0.84630227
v -0.47795993 -3.50746822 -0.84473878
v -0.46030804 -3.50869107 -0.85232907
v 0.46139541 -3.5101118 -0.85235762
v 0.47850084 -3.5090506 -0.84424293
v -0.49167108 -3.52563238 -0.84428298
v -0.47404423 -3.52575278 -0.85191935
v 0.47470814 -3.52613902 -0.85133969
v 0.48958569 -3.52563476 -0.84369063
v 0.33671653 -3.5102694 -0.8465752
v -0.41269537 -3.48922348 -0.86195766
v -0.39583003 -3.48932862 -0.86673623
v -0.37918382 -3.48910212 -0.87079727
v 0.3992716 -3.49240541 -0.86921775
v 0.41614931 -3.49248218 -0.86386585
v 0.43090373 -3.49371218 -0.85917025
v -0.44302815 -3.50887513 -0.85896325
v -0.42648688 -3.50774216 -0.86446654
v -0.41128736 -3.50654792 -0.86887347
v -0.39747375 -3.5068283 -0.87279647
v 0.41447824 -3.50934171 -0.87004679
v 0.42860361 -3.51022005 -0.86559867
v 0.44214868 -3.51067519 -0.86059534
v -0.45696893 -3.52661824 -0.85899949
v -0.44146901 -3.52584385 -0.86461103
v -0.4271487 -3.52378892 -0.86903768
v -0.41339388 -3.52167677 -0.8728134
v 0.42737868 -3.52719831 -0.87100929
v 0.44226133 -3.52705812 -0.86551386
v 0.45947885 -3.5271871 -0.85849911
v -0.5094788 -3.83301663 -0.86342132
v -0.36416822 -3.48706746 -0.8732438
v -0.34995269 -3.48649597 -0.87568068
v -0.33403849 -3.48601889 -0.87819641
v 0.33539116 -3.49265694 -0.88555246
v 0.3512068 -3.49064159 -0.8813104
v 0.36688458 -3.49290752 -0.87834608
v 0.38232871 -3.49362516 -0.87453293
v -0.38258683 -3.50625562 -0.87626165
v -0.36663717 -3.50474953 -0.8791151
v -0.35015741 -3.50497698 -0.88225781
v -0.33257874 -3.50456142 -0.88502055
v 0.33526241 -3.50590229 -0.88994193
v 0.3503288 -3.50592184 -0.88658845
v 0.36584502 -3.50772142 -0.88350641
v 0.38078939 -3.5082426 -0.87982517
v 0.39688104 -3.50818777 -0.87519156
v -0.3996922 -3.52094578 -0.87648731
v -0.38352787 -3.52052497 -0.8802852
v -0.36561366 -3.52083039 -0.88403517
v 0.36700975 -3.52429223 -0.88802039
v 0.3834066 -3.52460193 -0.88385689
v 0.3991214 -3.52536916 -0.8796153
v 0.22304236 -3.47890114 -0.88809257
v 0.22626683 -3.49224066 -0.89514839
v 0.24420708 -3.49481558 -0.89654022
v 0.25912624 -3.49576139 -0.89664626
v 0.27396455 -3.49188518 -0.8942157
v 0.28997984 -3.49133348 -0.89260309
v 0.30485433 -3.49394917 -0.89169842
v 0.32014048 -3.49656868 -0.8899753
v -0.31498354 -3.50312733 -0.88717824
v -0.29794159 -3.50197672 -0.88912534
v -0.28198912 -3.50139951 -0.89087235
v -0.2665596 -3.50286245 -0.89306908
v -0.2500123 -3.50248956 -0.89461606
v 0.27301988 -3.50721383 -0.90044891
v 0.28954476 -3.50651192 -0.89838403
v 0.30515188 -3.50941133 -0.89694815
v 0.32023471 -3.51048708 -0.89446556
v -0.34839242 -3.52195882 -0.8875125
v -0.33199003 -3.52187871 -0.89017313
v -0.31566357 -3.52083945 -0.89223372
v -0.29891812 -3.52009964 -0.89417576
v -0.28194272 -3.51968359 -0.89598989
v 0.29091742 -3.5231924 -0.90350556
v 0.30591389 -3.52564191 -0.90171551
v 0.32019922 -3.52529931 -0.89886772
v 0.33480486 -3.52174162 -0.89476037
v 0.34991273 -3.52308583 -0.89177882
v -0.29847592 -3.53622007 -0.89785683
v 0.11505863 -3.55068135 -0.87519604
v -0.03194639 -3.4977622 -0.89596909
v 0.20204846 -3.49763035 -0.89715516
v -0.2320545 -3.50245642 -0.89614957
v -0.21422654 -3.50216126 -0.89749413
v -0.19788338 -3.50200057 -0.89861601
v -0.18108797 -3.50256085 -0.89985585
v -0.16336146 -3.50474238 -0.90161562
v -0.14714637 -3.50682926 -0.90306174
v -0.13182689 -3.50707936 -0.90359759
v 0.11422626 -3.50914931 -0.89951258
v 0.1285915 -3.50999832 -0.90044492
v 0.14249523 -3.5115385 -0.90182191
v 0.15666641 -3.51131963 -0.90226924
v 0.17165145 -3.50829911 -0.9013763
v 0.18680673 -3.50909066 -0.90241301
v 0.20069976 -3.5102806 -0.90346121
v 0.21445135 -3.50714683 -0.90220505
v 0.23034727 -3.50812244 -0.90273433
v 0.24621476 -3.51168894 -0.90391588
v 0.25858882 -3.5122621 -0.90351861
v -0.26514735 -3.51980495 -0.89787536
v -0.24779008 -3.51811909 -0.89917463
v -0.22967301 -3.51812839 -0.90075564
v -0.21267943 -3.51845264 -0.90213096
v -0.19707794 -3.51915812 -0.90336918
v -0.18072091 -3.52016401 -0.9046365
v 0.17258542 -3.52215266 -0.90828067
v 0.1879211 -3.52295804 -0.90902364
v 0.20180004 -3.52487683 -0.91005885
v 0.21569117 -3.5239923 -0.90963745
v 0.23039494 -3.52211427 -0.90863609
v 0.24534176 -3.52419543 -0.90879279
v 0.25833165 -3.52572703 -0.90837067
v 0.27405396 -3.52343893 -0.90593695
v -0.27930271 -3.53661656 -0.90006327
v -0.26203945 -3.53613257 -0.90176099
v -0.24619682 -3.53412532 -0.9027937
v -0.229393 -3.53449702 -0.90424138
v -0.21268151 -3.53518033 -0.90566486
v -0.19635501 -3.53576207 -0.90700936
v -0.11563074 -3.50678038 -0.90363377
v -0.09916975 -3.50613999 -0.90327549
v -0.08260983 -3.50580096 -0.90279036
v -0.06682092 -3.50554943 -0.90216749
v -0.05215723 -3.50670003 -0.90218281
v -0.03635671 -3.5080223 -0.90212309
v -0.01939387 -3.50962233 -0.90211492
v -0.00336641 -3.50990438 -0.90151584
v 0.01187792 -3.5100069 -0.9009478
v 0.02679375 -3.5103898 -0.90063703
v 0.04156896 -3.51094889 -0.90053629
v 0.05574211 -3.51106309 -0.90033036
v 0.0690058 -3.50961899 -0.89936256
v 0.08386926 -3.50883722 -0.89883351
v 0.09888433 -3.50933551 -0.89928466
v -0.16373091 -3.52097487 -0.90596783
v -0.14691785 -3.52113032 -0.90710949
v -0.13029483 -3.52087569 -0.90795564
v -0.11391705 -3.52133965 -0.90866112
v -0.09795227 -3.52113318 -0.90887469
v -0.08123523 -3.52073454 -0.90872603
v -0.06462597 -3.51961803 -0.90810734
v -0.04885179 -3.51940131 -0.90772306
v -0.03235528 -3.51974105 -0.90745991
v -0.01516592 -3.52125358 -0.90766549
v 0.00073262 -3.52164578 -0.90740996
v 0.01587588 -3.5217309 -0.90704429
v 0.03084711 -3.52201032 -0.90682274
v 0.04569888 -3.5224564 -0.90676367
v 0.06010437 -3.52238559 -0.90653669
v 0.07346914 -3.52112865 -0.90576863
v 0.08775189 -3.5213921 -0.90592533
v 0.10198408 -3.52248573 -0.90664053
v 0.1164843 -3.5231688 -0.90721774
v 0.13050168 -3.52438712 -0.90815615
v 0.14408573 -3.5260415 -0.90933752
v 0.15768942 -3.52614688 -0.90976363
v -0.17910146 -3.53663086 -0.90836012
v -0.16241109 -3.5361433 -0.90937137
v -0.14590838 -3.53471326 -0.91011679
v -0.12908355 -3.53428483 -0.91099125
v -0.11356528 -3.53510546 -0.91203832
v -0.09894341 -3.53518319 -0.91272801
v -0.08253102 -3.53569293 -0.91327619
v -0.06539 -3.53521108 -0.91339325
v -0.04951147 -3.53523135 -0.91346001
v -0.03418451 -3.53425359 -0.91312694
v -0.01864878 -3.53433227 -0.9130553
v -0.0030287 -3.53407621 -0.91279548
v 0.01230162 -3.53379678 -0.91251051
v 0.02744722 -3.53384113 -0.91235333
v 0.04248285 -3.53407931 -0.91231548
v 0.05722277 -3.53454637 -0.91243332
v 0.0709882 -3.53518176 -0.91265201
v 0.08539076 -3.53599977 -0.9130854
v 0.09962879 -3.53697562 -0.91366958
v 0.11386499 -3.53797197 -0.91431176
v 0.12831729 -3.5385971 -0.91485071
v 0.14221833 -3.54014563 -0.91579198
v 0.15652376 -3.54073429 -0.91628837
v 0.17310705 -3.53719306 -0.91500824
v 0.18927519 -3.53807711 -0.91550862
v -0.08051187 -3.55013465 -0.91654717
v -0.06259971 -3.55042576 -0.91730237
v -0.04667954 -3.55198288 -0.91811472
v -0.03260073 -3.55103111 -0.91820985
v -0.01891538 -3.55077743 -0.91838425
v -0.00343591 -3.55117321 -0.91868311
v 0.01212745 -3.55079507 -0.91874575
v 0.02743625 -3.55051803 -0.91879659
v 0.04250071 -3.55056643 -0.91893899
v 0.05683657 -3.55149245 -0.91942441
v 0.06992821 -3.55370831 -0.92040664
v 0.34496632 -3.61853838 -0.92197424
v -0.70474255 -4.32300949 0.1401014
v -0.58312773 -3.6912117 0.01971847
v -0.86297035 -4.37824344 0.0974766
v -0.83760583 -4.40363836 0.09376263
v -0.80189812 -4.39873457 0.1014214
v -0.80393379 -4.40744113 0.10044318
v -0.78967928 -4.40968799 0.10279309
v -0.68615549 -4.43481588 0.10512708
v 0.29520997 -4.11251974 0.09919415
v -0.89768397 -4.37825107 0.07584918
v -0.86650443 -4.38570404 0.08774153
v -0.86630749 -4.39441156 0.08809255
v -0.85206151 -4.39940977 0.09082166
v -0.73258537 -4.15398597 0.08063887
v 0.79027575 -3.93655228 -0.05534042
v -0.99211746 -4.25744056 -0.08726894
v -0.99165207 -4.27330493 -0.10282827
v -0.99530643 -4.28899765 -0.10205599
v -0.98818385 -4.28505134 -0.12218686
v 0.94433695 -4.22349405 -0.12473851
v -0.99244403 -4.26343345 -0.11475361
v -0.97460877 -4.2413578 -0.11464269
v 0.83310633 -4.0608716 -0.11527843
v -0.99856263 -4.21507883 -0.2052963
v 0.67376798 -3.40878152 -0.16679577
v -0.99169093 -4.24423885 -0.20932932
v -0.98754978 -4.26294326 -0.20603078
v -0.99623072 -4.25223255 -0.2482406
v -1.00912332 -4.23442268 -0.27521386
v 1.0444231 -4.2789483 -0.26521608
v 1.05251419 -4.27631759 -0.26253446
v 1.05011439 -4.28140878 -0.27447331
v -1.01882934 -4.23149108 -0.28858041
v -1.01568603 -4.24220752 -0.28668972
v 1.05291891 -4.27503395 -0.28615796
v 1.05120503 -4.28471517 -0.29382824
v -1.02725625 -4.22673893 -0.30643844
v -1.02398014 -4.24387168 -0.30718594
v 1.05518961 -4.27493953 -0.30436211
v 1.05180549 -4.28538703 -0.30875617
v 1.05421602 -4.27580118 -0.32152971
v 1.05005025 -4.28673601 -0.32427358
v 0.88653117 -3.90898323 -0.34127995
v -1.04760277 -4.23107719 -0.35110887
v -1.0528028 -4.22540569 -0.36843299
v -1.0522083 -4.23174238 -0.36895495
v 0.74358218 -3.52292561 -0.43243119
v -0.99435424 -4.22403144 -0.59363716
v -0.71068984 -4.03861045 -0.73940414
v -0.39826551 -3.46094226 -0.7449181
v -0.64670795 -4.21260404 -0.83837968
v -0.64693301 -4.2274928 -0.8506006
v -0.6296786 -4.2277174 -0.84997284
v -0.56496125 -4.22326707 -0.85281014
v -0.64903867 -4.23963689 -0.85182488
v -0.63292449 -4.23683548 -0.85092008
v -0.61545944 -4.13679742 -0.8545739
v -0.83616304 -3.54579329 -0.29802414
v 1.04884648 -4.2616496 -0.28558358
v -0.8553583 -3.61818337 -0.11427874
v -0.85128414 -4.18270969 0.08866801
v -0.26501572 -3.47539448 -0.72732132
v -0.06439466 -3.95780301 -0.98398357
v -0.6676802 -3.46797847 -0.34180179
v -0.48918989 -3.56064868 -0.82040745
v 0.849963 -3.66604495 -0.12057741
v -0.00722399 -3.56805181 -0.92305606
v 0.69012773 -4.21503925 -0.9142189
v -0.17945788 -3.48641705 -0.89484036
v -0.17384383 -3.59923315 -0.86516588
v 0.40516716 -3.70745658 -0.82738643
v -0.73723369 -3.49341082 -0.21024267
v -0.0563634 -3.54162216 -0.87184089
v -0.35489398 -3.70553541 -0.86873245
v 0.61524248 -3.65504741 -0.68779891
v -0.47793141 -3.5535252 -0.80260634
v -0.71771049 -3.75564241 -0.04782435
v 0.64986169 -3.47737646 -0.69211733
v 0.35966208 -4.16825914 -0.91011118
v 0.6457839 -3.41932821 -0.3133997
v 0.64073133 -3.62837958 -0.72859424
v -0.98383832 -4.03222942 -0.27786582
v -0.65257054 -3.56042146 -0.74794763
v -0.81226778 -3.73133158 -0.11096765
v 0.19830797 -3.77868509 0.10696152
v 0.38393655 -3.3922975 -0.73316496
v -0.31554102 -3.32468104 -0.61867404
v 0.57184958 -4.13577985 0.12744544
v -0.8258984 -3.96342086 -0.60165613
v 0.58990389 -3.9033215 0.17179019
v -0.34356382 -3.72282242 -0.82780557
v -0.0924854 -3.77060437 -0.92102795
v 0.58048743 -3.80392432 0.11878739
v -0.79992294 -3.66847562 0.01726553
v -0.04070261 -3.63895416 -0.93412292
v 0.8505212 -3.5394082 -0.31788373
v -0.7027834 -3.40527224 -0.57126009
v -0.46864244 -4.42514753 0.12153099
v 0.25258654 -3.92333436 -0.83878672
v 0.78679704 -3.56897878 -0.5219106
v -0.21719183 -3.27996182 -0.69146364
v -0.80247062 -4.04761743 -0.6506862
v -0.6713069 -3.44788479 -0.6705448
v -1.05016088 -4.22188472 -0.36982753
v 0.446848 -3.5249691 -0.81360203
v -0.74626255 -3.670933 -0.45141619
v -0.67582416 -3.55914139 -0.00504772
v 0.28593206 -3.25820517 -0.69237226
v 0.92442899 -4.05865097 -0.24787679
v 0.58688569 -3.99194026 -0.80526405
v 0.60520243 -3.28965854 -0.36083716
v 0.28603637 -3.9587841 -0.88181817
v 1.05402362 -4.28019237 -0.34051403
v 0.80555272 -4.24236917 -0.69787085
v -0.83937889 -3.54404878 -0.19998934
v 0.72549015 -3.85995125 -0.57475608
v 0.47218284 -3.78983044 -0.85433995
v 0.9238761 -4.02424478 -0.43214482
v 0.73784399 -3.58427095 -0.5217207
v -0.76604092 -3.6000669 -0.52491438
v 0.6157574 -3.48712372 -0.65628802
v -0.73171848 -3.63517546 -0.62143153
v -0.71447116 -3.79792356 -0.62875652
v -0.62338054 -4.03898239 -0.8278768
v -0.63391584 -3.30188775 -0.31667244
v 0.8048833 -3.82630538 -0.03594596
v 0.48953235 -3.446424 -0.84422773
v 0.8047738 -3.6651721 0.02424792
v 0.51752209 -3.83182644 0.06793867
v -0.28240183 -3.56199049 -0.90408361
v 0.75400757 -3.70484304 -0.15318581
v -0.73842454 -3.66862559 0.099109
v -0.29586586 -3.40390276 -0.64121091
v -0.81975305 -3.6975398 -0.05147342
v 0.86283761 -3.58873963 -0.35922977
v 0.61956173 -4.09288597 0.07293724
v -0.75037163 -3.48401975 -0.10162694
v 0.550282 -4.00966072 0.17351639
v 0.92615795 -3.69538688 -0.08804117
v 0.07130229 -3.92451977 0.17115511
v 0.21385778 -3.5371592 -0.80738008
v 0.48966938 -3.57837247 -0.82933473
v 0.19614094 -3.50804472 -0.84259742
v -0.58296722 -3.85066962 0.12953047
v -0.21660433 -3.75589108 -0.90270549
v -0.41081854 -3.73390197 -0.85952842
v 0.20684023 -3.91392183 0.17336539
v 0.13802605 -4.22703743 -0.89552253
v 0.89120984 -3.55572891 -0.17040669
v 0.29584941 -4.12548828 -0.87921071
v -0.1345222 -3.3673892 -0.64709818
v 0.26923078 -3.67301774 -0.83731895
v -0.87852013 -3.63053965 -0.21406406
v 0.67181342 -3.73306846 0.04769627
v 0.12142023 -3.9438095 -0.95572245
v 0.5187419 -4.33949899 0.16507645
v -0.68131583 -4.00770187 0.09163234
v 0.57049214 -4.10157442 -0.90464735
v 0.61583662 -3.92037963 0.10235685
v -0.88331437 -3.94453096 -0.11116752
v 0.81092667 -3.92564439 -0.00398816
v -0.27442571 -4.19039869 -0.87583136
v 0.00686354 -3.83483743 0.16935497
v -0.22013039 -3.75642299 -0.84275549
v -0.24779027 -4.26263999 -0.87165623
v -0.37709441 -4.28636884 -0.88209646
v -0.84857326 -3.86754035 -0.28009611
v -0.35070675 -4.08412265 -0.8753516
v 0.20127984 -3.90706443 0.12615823
v -0.2587127 -4.27030229 -0.92118275
v -0.13204726 -4.1824975 0.17813935
v 0.31485045 -3.23656106 -0.57270854
v 0.34282398 -4.33679151 0.17341245
v 0.08699953 -3.27177619 -0.61009943
v 0.3875474 -4.47993373 0.2097961
v 0.49751582 -4.4203 0.14455567
v 0.57104098 -3.57443642 -0.8048796
v -0.92148965 -3.95740914 0.11374954
v -0.81670486 -3.74610304 0.05236836
v 0.67596846 -3.79979467 -0.78143644
v -0.7478789 -3.54446411 -0.5691266
v 0.4787268 -3.30422473 -0.69945418
v 0.76829111 -3.6955142 -0.39988991
v -0.71090441 -4.10384082 0.06480995
v 0.73415738 -3.9705584 -0.86312049
v -0.07644938 -3.56200933 -0.85110259
v 0.89699488 -3.66642499 -0.19699631
v 0.84045302 -3.60786557 -0.29795429
v 0.37247943 -3.55637979 -0.88976693
v 0.1905251 -3.55034351 -0.92049497
v 0.64436763 -3.44973707 -0.72769826
v 0.29497763 -3.54132771 -0.93460756
v 0.56714099 -3.40074324 -0.48332321
v -0.39298576 -3.95758295 0.12366183
v 0.81390368 -3.94032311 0.08041537
v -0.38084834 -3.94822597 0.08298618
v 0.77383303 -3.5484786 -0.02451828
v 0.38347497 -3.53075909 -0.81330359
v -0.38358363 -3.44923734 -0.87890535
v 0.81266939 -3.58633327 -0.35419818
v -0.64570266 -3.45790076 -0.66912001
v 0.88152176 -3.68334436 -0.20006652
v -0.80177694 -3.48673963 -0.3823553
v 0.79081612 -3.82032585 -0.68556726
v 0.63097155 -3.56443548 -0.74538701
v -0.81373649 -3.70804476 -0.45008832
v -0.56812691 -3.31743431 -0.50138378
v -0.13879622 -3.76038265 -0.88589125
v -0.53871142 -3.3108623 -0.55760663
v 0.67634373 -3.80333471 0.05991092
v 0.70016717 -3.69798064 0.12933673
v -0.96550566 -3.96965217 0.01462352
v 0.03074065 -4.04110765 -0.8924812
v -0.95872002 -3.8759737 -0.14805403
v -0.83533811 -3.93155312 -0.1211442
v 0.18031008 -3.93670558 0.0873477
v -0.94890743 -3.84566474 -0.17106275
v -0.29126542 -3.86266923 -0.96412301
v -0.22708642 -3.35190486 -0.80090868
v 1.02181053 -3.86090779 -0.20173288
v 0.577084 -3.46464896 -0.76257276
v 0.70695853 -3.80028867 0.06124443
v 0.63481015 -3.5671606 0.0908891
v -0.52340877 -3.53712558 -0.7215926
v -0.88885062 -3.7141335 -0.06047494
v 0.08231534 -3.92926549 -0.83141273
v -0.29617932 -4.10143327 -0.84373241
v -0.72195863 -3.554039 -0.66564256
v -0.36775288 -3.28746414 -0.7178933
v -0.90542334 -3.92532515 -0.36093631
v 0.67267632 -4.3158884 0.16008617
v 0.75389605 -3.99995422 -0.79590296
v 0.93860638 -4.24054718 -0.0526773
v -0.81078159 -3.77628493 -0.31903681
v -0.81700921 -3.62997555 0.015368
v 0.14731285 -3.77806043 0.2169737
v 0.6176266 -3.89701104 -0.79905164
v -0.65091496 -3.61192727 0.06015542
v 0.8310886 -4.03104734 -0.58931839
v 0.21848769 -3.80164647 -0.9423123
v 0.45845007 -3.22209882 -0.5280739
v -0.74809414 -3.71311092 0.02787664
v 0.68883043 -3.80492901 0.15657852
v 0.6985405 -3.38854622 -0.24080567
v -0.48422026 -4.15411663 0.09308442
v 0.47866538 -3.89716076 0.17319774
v 0.67687064 -3.57693839 -0.54247051
v 0.05942807 -3.29348993 -0.68499541
v 0.83460611 -4.39269447 0.09970597
v 0.58732229 -3.45398092 -0.71163308
v 0.28794229 -3.75414109 -0.98115474
v 0.23646819 -3.58243274 -0.87038928
v 0.80598664 -4.03290271 -0.53908699
v 0.61953771 -3.30717921 -0.5121324
v -0.796162 -3.76817083 -0.55773437
v 0.83671581 -3.60380387 -0.03986397
v -0.41345503 -3.67168021 -0.88947993
v 0.48577982 -3.60608482 -0.81975126
v 0.53270971 -3.527426 -0.76009547
v -0.75105774 -3.92579174 0.03432839
v 0.14225938 -4.10265255 0.15357524
v -0.71753096 -3.57404327 -0.2368706
v 0.80814987 -3.54468703 -0.27416712
v -0.45989683 -4.41233205 0.11667048
v 0.80538308 -3.64978075 -0.40785276
v -0.36372503 -4.05609321 0.12969104
v -0.67139017 -3.83004641 0.09659662
v -0.4446496 -4.31299257 0.15747921
v -0.2235274 -3.55646419 -0.86635506
v -0.22900593 -3.40699982 -0.79598444
v -0.71671706 -3.5170896 0.02338195
v -0.55853045 -3.84933638 0.10260363
v 0.21053962 -4.21166324 -0.91116064
v -0.56594318 -3.85220789 0.13447372
v 0.05362474 -4.42597913 0.20734851
v -0.7488839 -3.5554347 -0.45497825
v 0.37887793 -4.20758581 0.15555951
v 0.38461121 -3.72001957 0.0923504
v -0.53425627 -4.21045064 -0.86256951
v -0.50488603 -3.3496499 -0.71920466
v -0.5841 -3.78578066 0.08488822
v -0.4293361 -3.86713695 -0.90434652
v -0.5773226 -3.4620409 -0.76947897
v 0.83654445 -3.61936521 -0.14483551
v -0.69660592 -3.53084564 -0.6907401
v 0.5249266 -3.57883262 -0.81221604
v 0.69409978 -3.76583194 0.07079357
v -0.86598885 -3.71244812 -0.03991624
v 0.85028845 -3.74363827 -0.05809339
v 0.42284655 -3.50348115 -0.83748054
v -0.25125721 -3.25466346 -0.58756327
v -0.431167 -3.25827789 -0.47455272
v -0.71107506 -3.49401712 -0.53644138
v 0.8377307 -3.62965798 -0.34443289
v 0.74779826 -3.52377843 -0.50908917
v -0.79206889 -3.60504245 -0.46269193
v -0.21652747 -4.14611339 -0.90118312
v 0.45392638 -3.4024105 -0.62462395
v 0.54626303 -3.70892953 0.13557487
v 0.51108312 -3.54086518 -0.72981989
v -0.6615163 -3.81507706 0.11299277
v -1.02206814 -4.11221361 -0.27786827
v -1.05459928 -4.13290929 -0.3629916
v -0.57533955 -3.40205812 -0.49569681
v 0.22985567 -4.28657531 -0.86567795
v 0.64416021 -3.71461939 -0.75318771
v 0.33074462 -3.47786378 -0.88125616
v -0.27443054 -3.80946087 0.14292903
v 0.08450948 -4.03653001 -0.85051262
v -0.40293255 -3.29885697 -0.65535247
v -0.41252696 -3.53532552 -0.90197271
v 0.64652109 -3.75228118 0.03177697
v -0.30738127 -3.56933188 -0.88191723
v 0.67898297 -3.52430844 -0.01975609
v -0.00495458 -3.36380863 -0.70248204
v -0.71291011 -3.73587393 0.02876352
v -1.0073086 -4.29087686 -0.05360982
v 0.85516214 -3.53987669 -0.29174727
v 0.17949353 -4.50168371 0.19679427
v 0.29462656 -4.21252679 0.12754267
v -0.08968016 -4.35280466 0.16677983
v -0.08677073 -3.85083508 0.15840281
v -0.65822678 -3.68477964 -0.77878361
v -0.65489518 -3.6115179 0.04760483
v 0.05666016 -3.89871048 -0.94183999
v 0.37951386 -3.90584635 -0.94641476
v 0.77126675 -3.84429073 -0.58502018
v 0.38717949 -3.89558124 -0.95649898
v 0.70774513 -4.09755849 -0.87186902
v 0.39387577 -3.28184914 -0.65945488
v -0.88092976 -3.59953236 -0.33302182
v 1.01206934 -3.89498877 -0.32974523
v -0.61285126 -3.82404255 -0.80093443
v -0.18185439 -4.30162525 -0.86893284
v -0.4506891 -3.46610093 -0.83845454
v -0.84711575 -3.99841785 0.17136837
v -0.76638919 -4.20157003 -0.83363205
v 0.89154452 -3.61592602 -0.28185844
v -0.71024632 -4.24399089 -0.83982724
v -0.86249828 -4.2524929 -0.71182078
v 0.61814379 -3.99821662 -0.79307377
v 0.84150797 -3.61538553 -0.33859345
v -0.43080169 -3.6053636 -0.79994535
v 0.78549534 -3.56908035 -0.44022929
v 0.99881213 -4.12136125 -0.27392864
v 0.51751965 -3.7747116 0.12847667
v -0.21636197 -3.89275836 0.07375365
v 0.23210591 -3.45501542 -0.90361768
v -0.82908618 -4.10403204 -0.00770886
v -0.79623103 -3.56050753 -0.29211103
v 0.2612243 -3.8837676 0.16978053
v -0.7915613 -3.55170822 -0.17134679
v -0.80748266 -3.75638127 -0.67279577
v -0.65597868 -3.73422431 -0.7458285
v 0.73665672 -4.23651409 -0.8776701
v -0.90134662 -3.69529986 -0.40457224
v 0.84709304 -4.1694045 -0.63709235
v 0.29191863 -4.06267976 -0.90897685
v 0.83894461 -3.71952486 -0.05532689
v -0.78874707 -3.60266804 -0.59037619
v -0.63542759 -4.13737058 -0.81752252
v -0.01450937 -3.73605299 -0.83162426
v -0.0455523 -3.94147563 -0.83372217
v 0.68202418 -3.79459929 0.08341372
v 0.62880474 -3.54149389 -0.77733677
v -0.29198899 -3.88264322 0.13547109
v 0.42576882 -3.78411603 0.20388215
v 0.02173185 -3.81859445 0.19362369
v 0.81176072 -3.66737079 -0.25527882
v 0.90549236 -3.93829417 -0.29332932
v 0.69764399 -4.10592126 0.04958964
v 0.31224972 -3.37192535 -0.8174963
v -0.47199171 -4.04560184 -0.82853424
v 0.84491854 -4.01032829 -0.06915448
v -0.79446309 -3.61884236 -0.33512523
v 0.48500224 -4.27390241 0.12612848
v 0.8125472 -3.8115766 -0.21336151
v -0.56974071 -3.28131198 -0.52844172
v 0.92458069 -4.0479207 -0.36165624
v 0.83217883 -3.70913195 -0.10519922
v -0.72297573 -3.38201546 -0.2834559
v 0.14724525 -3.47696518 -0.91073101
v -0.78783071 -3.51558947 -0.38233295
v -0.52417814 -4.26848411 0.11212786
v -0.93506825 -4.03391218 -0.41677042
v 0.36491966 -3.44267964 -0.71789431
v -0.82372981 -3.85949039 0.08653661
v 0.14069789 -4.15531587 -0.90861088
v 0.53125309 -4.18766498 -0.90558105
v -0.8039025 -3.92223715 -0.00751617
v -0.59129619 -3.43912577 -0.64527952
v -0.5598486 -3.72766327 0.01778177
v 0.86647969 -3.5099461 -0.3111478
v -0.17449362 -3.26567792 -0.61827051
v -0.36927169 -3.80098986 0.18562538
v 0.70076423 -3.54823994 0.04074939
v -0.42782354 -3.9123497 0.16168081
v 0.56024271 -3.5581479 -0.79134601
v 0.86589258 -4.32659244 0.06590247
v -0.88062423 -4.22425079 -0.70546102
v 0.11695908 -4.13062429 0.12303293
v -0.93059521 -4.1090455 -0.62637829
v -0.769791 -3.76033878 0.0973682
v -0.62403017 -3.74208831 0.13625226
v -0.76312339 -3.85957193 0.15939141
v -0.74929398 -3.46720147 -0.09568747
v 0.18758311 -3.49623155 -0.89565694
v -0.75553363 -3.75016403 -0.09772931
v 0.91312551 -4.3192439 -0.0337922
v 0.70259332 -3.94233202 -0.64788454
v -0.07473647 -3.7410531 -0.87885665
v 0.67791754 -3.38196826 -0.41257983
v -0.01787768 -3.83607864 -0.86296182
v 0.45945072 -3.29422736 -0.62699776
v 0.70786875 -4.03805732 -0.81147766
v -0.67531508 -3.43265986 -0.0959677
v 1.02450418 -4.12246418 -0.23762469
v 0.56354409 -3.67486286 0.06796904
v 0.69653433 -3.62401151 0.06950414
v 0.67175102 -4.1332364 -0.85918086
v -0.18878018 -3.89167642 0.21318589
v 0.77198302 -4.24519968 -0.76637995
v -0.58379137 -3.43833565 -0.66736275
v 0.4480873 -3.27616524 -0.50118947
v 0.28717637 -3.97486019 0.07982044
v 0.23462665 -3.54702377 -0.93713462
v -0.09249097 -4.40315294 0.18852803
v 0.80896884 -3.77472162 -0.29412254
v -0.12676303 -3.79425334 0.12813861
v -0.770258 -3.57467508 -0.33420622
v 0.82298022 -3.64633035 -0.15307237
v -0.75324362 -3.57477045 -0.47212824
v -0.41759443 -3.96026539 -0.78226077
v -0.60641843 -3.35815715 -0.36805731
v 0.21473835 -3.80049037 0.17716513
v 0.68711346 -3.99930095 -0.87638115
v 0.79789054 -4.15274524 -0.63503491
v -0.20070594 -3.97366952 -0.98027563
v -0.55541473 -3.75218987 -0.83279377
v -0.7941522 -3.98579406 -0.59997791
v -0.59779316 -3.65329504 -0.80162316
v -0.74799293 -3.78520536 0.15344356
v -0.74733722 -4.021667 -0.76085478
v -0.82381701 -4.17154884 -0.71521186
v 1.04171419 -4.26151561 -0.36015144
v 0.81406503 -4.04594421 -0.00364987
v 1.02124083 -4.16519498 -0.42642837
v 0.59351116 -3.52089071 -0.6281712
v -0.24768632 -3.79444742 0.09263021
v 0.62358439 -3.34993052 -0.60569399
v 0.1947132 -3.57077264 -0.92129862
v -0.41539311 -3.54215502 -0.87693703
v -0.88943636 -3.93997836 -0.29789826
v -0.8530119 -3.90442562 -0.36278587
v 0.71270901 -3.36944007 -0.32881477
v -0.95082467 -4.19263982 -0.04648394
v 0.74463141 -4.31362628 0.10793348
v 0.82871198 -3.82914567 -0.08057165
v -0.86544239 -4.19498872 0.04562494
v -0.83408618 -3.86993789 -0.47169727
v -1.000669 -4.2999382 -0.06607511
v 0.32328847 -3.55337524 -0.83810412
v -0.92190253 -3.74925303 -0.13400527
v 0.77452224 -3.60467124 -0.40463659
v -0.82331043 -3.54611396 -0.5208745
v 0.54705232 -3.85194706 -0.91579061
v -0.94172042 -3.80981206 -0.44545006
v 0.32619679 -3.80263543 -0.98294824
v -0.91897189 -3.80393457 -0.54724848
v -0.86747771 -3.59426021 -0.09781814
v 0.02119099 -3.41927409 -0.6930992
v -0.67623084 -3.72773909 0.07538269
v 0.09565579 -3.57659649 -0.82193756
v -0.44559812 -3.79271459 0.13289172
v -0.32750299 -3.22915387 -0.51364308
v -0.70424717 -3.53020644 0.00071487
v 0.4526121 -3.35538101 -0.65747839
v -0.70800972 -3.53940296 -0.72160083
v 0.35527342 -3.8248589 0.11196444
v -0.72756826 -3.49106097 -0.67328721
v -0.76785433 -3.49404954 -0.54078817
v 0.42549097 -3.97520899 0.20802547
v 0.75504571 -3.55035018 -0.38959175
v 0.49470821 -3.45379114 -0.78285753
v -0.86281436 -3.71937131 -0.07572291
v 0.71394324 -3.44508981 -0.11512737
v -0.13169027 -4.03689098 0.13687454
v 0.59985333 -3.82674622 0.11761578
v 0.49068275 -3.42951679 -0.80249297
v -0.344107 -4.21559572 -0.8903861
v 0.80042088 -4.14238882 -0.74649405
v -0.50564616 -3.95898103 -0.78116679
v 0.0876958 -3.5538032 -0.89376759
v -0.69672954 -3.88946652 -0.6839056
v -0.62464463 -3.59408927 -0.67566275
v -0.83616769 -3.53529501 -0.22861979
v 0.46521192 -4.3965187 0.18035399
v 0.76125562 -3.54206132 -0.24514396
v 0.48289015 -3.80440068 0.11253767
v -0.74357521 -3.87556195 0.13088262
v -0.05271526 -3.57248449 -0.94692575
v 0.51717013 -3.654778 -0.78501659
v -0.98658758 -4.21985864 -0.00200979
v -0.24874527 -3.47864341 -0.79584747
v -0.37996712 -4.27516698 -0.92473
v 0.40989491 -3.63316941 -0.86478143
v 0.60558044 -4.43074321 0.14310118
v 0.47840505 -3.86583304 -0.92161101
v -0.64853775 -4.26927232 0.14735835
v 0.11020417 -3.92050838 -0.97058266
v 0.15620376 -3.50406909 -0.8506295
v -0.73588264 -3.50448489 -0.04368137
v 0.25846692 -3.50303745 -0.85445201
v -0.7701078 -3.58916163 -0.10100361
v 0.39550977 -3.41830515 -0.77986866
v 0.98455292 -3.87452435 -0.41099047
v -0.88916593 -4.0045495 0.1528716
v 0.20233729 -3.75080037 0.13663967
v 0.74189055 -3.91654896 0.0036628
v 0.8484857 -3.57900309 -0.17802605
v 0.61574071 -3.97898054 -0.84050887
v 0.70212167 -3.74720478 -0.7709319
v -0.14408476 -4.25160646 0.18706676
v -0.73299777 -3.40768718 -0.24637407
v -1.00810706 -4.11891222 -0.47498703
v 0.84668082 -3.6792202 -0.18133074
v -0.87629848 -3.98549556 -0.1621972
v -1.070261 -4.21991396 -0.48036575
v -0.44490799 -3.30995822 -0.50476193
v 0.50208008 -3.86185884 0.11827216
v -0.13899812 -3.26192688 -0.60586351
v 0.94674587 -3.80763411 -0.15484151
v -0.98861384 -4.0349574 -0.32089635
v -1.02944326 -4.14159154 -0.54612624
v 0.97115409 -3.90068197 -0.0745261
v 1.02862107 -4.09969234 -0.3194195
v 0.63436454 -3.52179765 -0.67587721
v 1.03981936 -3.91052436 -0.25666979
v -0.8715704 -3.60772109 -0.38503435
v 0.78374296 -3.95906353 -0.73569577
v 0.9791212 -3.90752506 -0.4176574
v -0.29057264 -3.7993226 0.18957997
v 0.72196435 -3.4915688 -0.47659155
v 0.76001471 -3.97546124 -0.76092398
v 0.20657876 -3.87047076 0.21916104
v -0.91130358 -3.64520263 -0.18731024
v -0.7991653 -3.71954941 -0.00856921
v -0.34372362 -3.2961409 -0.67952776
v -0.68116116 -3.65634656 -0.7176094
v -0.77483165 -3.67864918 -0.01507615
v -0.38946503 -3.75760006 0.0942514
v 0.84400069 -3.59585905 -0.12196049
v -0.77351915 -3.92731785 -0.03970214
v -0.80389291 -3.70593452 -0.06784732
v -0.49937745 -3.4655137 -0.81701821
v 0.2979919 -3.67200589 -0.87827879
v 0.42158687 -4.44563293 0.18674388
v 0.37271192 -4.34155321 0.21217013
v -0.25499716 -3.88557863 0.15461137
v -0.58874833 -3.55756354 -0.78578823
v 0.7958827 -3.67638468 -0.00445812
v 0.7525807 -3.66428518 0.03922704
v -0.37901306 -3.86904931 0.14428424
v -0.81562715 -3.60989856 -0.3376497
v -0.44313547 -4.06725359 -0.7993589
v 0.67315793 -4.23869657 -0.88504463
v 0.83136355 -3.8724575 -0.32633107
v 0.63850098 -4.15799665 -0.87861794
v -0.78548443 -3.49549651 -0.48881441
v 0.56867551 -3.80413103 -0.76211893
v 0.48732197 -3.2602446 -0.61318397
v -0.76707947 -3.41910433 -0.36616879
v 0.23915198 -3.33406472 -0.71600437
v -0.37800049 -3.84283232 0.12500241
v 0.96628528 -4.15180492 -0.42523625
v -0.55745559 -3.45608639 -0.81220454
v 0.79653006 -4.22458696 -0.67915296
v -0.33228021 -3.48072338 -0.82768726
v -0.48576465 -3.45328187 -0.75296938
v 0.14229941 -3.30079364 -0.67987668
v -0.95636981 -4.1438117 -0.09583603
v -0.3772169 -3.85908103 0.06863735
v 0.79078596 -3.62759637 -0.04444465
v 0.74603241 -3.56562328 -0.59160327
v 0.22888505 -3.26038551 -0.64432001
v -0.14667823 -4.27983045 -0.87669831
v 0.3569321 -3.41960024 -0.7706021
v -0.82975125 -3.74323749 0.03684986
v 0.64477902 -3.74017334 0.08836484
v 0.10669928 -4.20387744 0.14172771
v 0.42278465 -3.47019171 -0.85324895
v 0.87857419 -3.63115334 -0.37324139
v 0.75952708 -3.57070732 -0.42862704
v 0.82818245 -4.4138751 0.09793971
v 0.40098685 -3.64017367 -0.8686183
v -0.89047873 -4.05767345 -0.56165087
v 0.41895166 -3.53344917 -0.8756895
v -0.54806232 -3.4589219 -0.61513656
v 0.35069948 -4.1148467 -0.86998063
v -0.59542977 -3.77194213 0.17408642
v -0.40887293 -3.82811546 -0.92115098
v 0.6528849 -3.56248545 0.0393626
v 0.33671835 -4.23150348 -0.87601709
v 0.59340149 -3.2982068 -0.42628049
v 0.42540025 -3.93112993 -0.84859955
v -0.61537855 -3.80113649 0.11078171
v 0.45378351 -4.0863986 -0.8896659
v 0.48396185 -3.61717915 -0.8701933
v 0.77583199 -3.65554833 0.07853522
v 0.88974267 -3.6877079 -0.02759937
v 0.18641303 -3.88413405 0.08898314
v 0.06769962 -3.56793427 -0.85419774
v -0.37027379 -4.25160503 -0.93724966
v -0.07992223 -3.58815288 -0.89890235
v -0.40722954 -3.93866276 -0.82367783
v -0.88119965 -3.70171856 -0.32802686
v 0.22093333 -4.35353279 0.21196968
v 0.73614865 -4.17652654 0.09933997
v -0.63224881 -3.91169476 -0.80099391
v -0.72440534 -3.76814174 0.0100874
v -0.79183334 -3.49472188 -0.42052659
v -0.61416846 -3.77972221 0.04760586
v 0.31744346 -3.73955178 0.12184343
v -0.72145861 -3.55372142 0.01576258
v -0.70784109 -4.4059267 0.12609802
v 0.38502541 -3.88508439 0.22486026
v -0.48880338 -3.71568512 0.06869164
v 0.69373899 -3.81775307 0.10531272
v -0.83634954 -3.70944714 -0.31336012
v 0.70407611 -3.80866813 0.12465218
v -0.96733993 -4.17361211 -0.60251396
v 0.81200319 -3.76720523 0.03309043
v 0.26318231 -3.47137665 -0.91364032
v -0.65312421 -3.35263419 -0.23685485
v -0.78004396 -3.77201056 0.11758193
v -0.03847914 -3.62930488 -0.89100271
v 0.90502989 -4.15325498 -0.54770153
v 0.79440128 -4.07950115 -0.70002418
v -0.69766867 -3.60909795 -0.64322781
v -0.50799876 -3.45657229 -0.71411806
v -0.82958376 -4.0187006 0.15698319
v -0.94269168 -3.86739707 -0.53269839
v -0.66466832 -3.54837274 -0.55103576
v 1.0017687 -4.08976221 -0.38524219
v -0.06866231 -3.83572983 0.16292598
v 0.99923318 -4.07470893 -0.26408302
v 0.51194101 -3.55501365 -0.84865605
v -0.21118688 -3.32321095 -0.59582203
v 0.69697839 -3.50789046 -0.02145149
v -0.58832889 -4.11661768 0.12720726
v 0.72326129 -3.59982538 -0.19829143
v 0.80489802 -4.29599475 0.06952339
v 0.24203999 -4.01955652 0.12615306
v 0.78019362 -4.13746118 0.00789633
v -0.57191288 -3.45689129 -0.73648446
v -0.60000729 -3.67932558 -0.73942202
v -0.11010008 -3.92144703 -0.87088418
v -0.54001075 -3.78870558 0.12970495
v -0.5831784 -3.83044409 -0.76654404
v 0.43563598 -3.88347482 0.07972779
v 0.33718931 -3.77513718 0.1801579
v -0.79266464 -3.54623746 -0.21887204
v -0.76105451 -3.66502261 0.01754081
v 0.31553232 -3.58779358 -0.87688219
v -0.79936009 -3.79934859 -0.41082906
v 0.32740032 -3.72303056 -0.92660111
v -0.62894022 -3.30093574 -0.37305367
v 0.89534127 -3.59128737 -0.34667345
v -0.59014129 -3.26984667 -0.40699595
v -0.15258036 -3.63931036 -0.88262146
v -0.85688698 -4.11335611 -0.70331615
v -0.32998716 -3.89768409 0.1138365
v -0.80658417 -4.01288271 -0.68426758
v -0.01356197 -3.47137045 -0.87607288
v -0.0121425 -4.07856798 -0.85207408
v -0.02422413 -4.22085046 -0.84078288
v -0.18177035 -4.30567503 -0.83059334
v -0.73346024 -3.54763341 -0.46942254
v -0.24489089 -4.30610513 -0.88571769
v 0.79320877 -3.65576863 -0.45661965
v 0.30063951 -4.07559347 0.22386299
v -0.26941067 -3.91384124 0.16660501
v 0.30058032 -3.95782494 0.21449181
v 0.25839251 -3.25764894 -0.59659761
v 0.76362174 -4.17421007 -0.75367748
v 0.60625368 -3.66769647 -0.7775408
v 0.6593728 -3.92573809 -0.77293342
v 0.64823156 -3.9558711 -0.88496547
v -0.18357598 -3.86595964 0.22784009
v 0.68980634 -3.98634147 -0.89084583
v 0.5113213 -3.71534013 -0.85000413
v -0.7979772 -3.61661195 -0.0093887
v -0.57192188 -3.2644546 -0.39892119
v -0.63926959 -3.35517859 -0.46990391
v 0.92997825 -3.98054099 -0.2900674
v 0.86462175 -4.13000297 -0.52079057
v -0.52801525 -3.28730678 -0.60820901
v -0.16477827 -3.61292052 -0.82420349
v 0.85458636 -3.58262348 -0.09265644
v 0.78981041 -3.53313636 -0.37162494
v 0.11607925 -4.42668104 0.20887422
v -0.55077159 -3.83440494 0.03196867
v 0.80758583 -3.88999176 -0.61948502
v -0.78587037 -3.51348137 -0.5858969
v -0.42540821 -4.04109001 -0.8344779
v 0.29091259 -3.45319628 -0.82320714
v 0.77604562 -3.73451757 0.01081354
v -0.70967817 -3.61409854 0.00747408
v 0.81409794 -3.84721016 0.03359516
v 0.91590416 -3.9265058 0.01446668
v -0.06636332 -3.51893234 -0.82576042
v 0.46818819 -4.01339483 -0.82404714
v -0.97321808 -4.2380824 0.0305826
v 0.26150688 -3.86578941 -0.83012294
v 0.30147531 -3.78880524 0.08113752
v 0.44118222 -3.69753193 0.12003395
v 0.63534462 -3.66413021 0.10112787
v -0.32087549 -3.56052374 -0.92165893
v -0.42231288 -3.55254197 -0.88317829
v -0.97889542 -4.06321859 -0.33862999
v 0.47133791 -3.82097172 0.14463444
v -0.69642853 -3.37717175 -0.18888373
v 0.38551664 -3.53839445 -0.834656
v -0.71891588 -3.83792591 -0.7155866
v 0.23377853 -3.55299639 -0.88458865
v -0.679515 -3.52158045 -0.61858576
v -0.06175885 -3.84538674 -0.98824626
v 0.14273312 -4.18521738 -0.86155539
v 0.84847682 -3.68967104 -0.40619248
v -0.30996552 -4.25412702 -0.88947594
v -0.15021406 -3.90446519 0.15154953
v -0.88657951 -3.91425705 -0.13888543
v 0.73612403 -3.85414433 -0.80879807
v -0.47454077 -3.64939522 -0.86748063
v 0.65594339 -3.32339072 -0.43952775
v 0.62228423 -4.20962858 -0.88904196
v -0.60090065 -3.33799362 -0.61628371
v -0.54333573 -3.48909997 -0.83668488
v -0.00228651 -4.09723377 -0.89786076
v -0.69322919 -4.22727012 -0.85857653
v -0.63235324 -3.68135166 0.00338856
v -0.49684691 -4.38933372 0.14503262
v -0.11434991 -4.05617475 0.10417348
v 0.54438042 -3.28918767 -0.40377867
v 0.52943646 -3.27216863 -0.42067512
v 0.79481202 -3.68168306 -0.1483121
v -0.50617837 -3.36893153 -0.60597342
v -0.04697135 -3.39256119 -0.72474598
v -0.06148158 -3.56384849 -0.89250028
v 0.21678389 -3.82049584 0.17373357
v 0.17097403 -3.51796674 -0.87493181
v 1.04065954 -3.89810419 -0.30376529
v 0.35620933 -3.76318311 -0.9739288
v 0.62090653 -3.3073914 -0.31790724
v -0.44665381 -4.2051258 -0.85460859
v -0.37925475 -3.82203888 0.16350467
v -0.64685881 -3.96834683 0.19709035
v -0.47182402 -3.74509453 0.11687844
v -0.16129429 -3.80635714 0.16486004
v -0.95271176 -4.19726991 0.02884729
v -0.70331853 -4.05228328 0.04375228
v -0.62314581 -3.63170051 0.11226088
v 0.90538954 -3.89383745 -0.01154585
v -0.51570016 -3.87569379 0.19034378
v 0.84108084 -3.56782054 -0.28131651
v -0.29735359 -3.85023832 0.19541962
v 0.82032561 -3.61952877 -0.19036321
v -0.68869465 -3.72887039 -0.02788023
v 0.06251971 -4.28858661 -0.83487135
v 0.04322192 -4.27433347 -0.82710081
v -0.83107644 -4.22731256 -0.78242582
v 0.68341171 -3.54035067 -0.61728996
v 0.62003099 -4.02049112 -0.86487817
v 0.88540118 -4.23983621 -0.53263992
v 0.66212856 -3.68246626 -0.70649462
v 0.48906904 -3.3519783 -0.62566626
v -0.87899142 -3.66468381 -0.22909623
v -0.2023033 -3.81933236 0.17609843
v -0.40096238 -3.38611626 -0.80188781
v 0.69190913 -3.70428276 -0.00183454
v -0.61804008 -3.84668946 -0.82452243
v 0.73896342 -3.69543004 0.08065526
v -0.66819191 -3.88219785 -0.83077472
v -0.72798645 -3.86861944 0.17180994
v 0.74062067 -3.61901569 0.06214545
v -0.5887441 -3.30752158 -0.36357271
v 1.03149712 -4.18390464 -0.26172989
v 0.54108113 -3.83209133 -0.78371226
v 0.67945367 -3.6999197 0.11099981
v 0.77935659 -3.74826407 -0.41001421
v -0.48106357 -3.66411662 -0.81846326
v -0.61416333 -3.76047134 0.06943398
v 0.4860104 -3.86029195 -0.9350202
v -0.79214882 -3.76560211 0.01525518
v 0.11508198 -3.33664178 -0.6415686
v 0.69621497 -3.93170619 -0.88876247
v -0.19627745 -3.89238715 0.12614868
v -0.65434092 -3.38228797 -0.21954706
v 0.65147316 -3.83048439 0.17038922
v 0.85067713 -3.98686718 -0.18461516
v 0.65082263 -3.73318123 0.08592056
v 0.07534886 -3.42259621 -0.83009541
v 0.17486932 -3.48914146 -0.86589628
v -0.14425444 -3.56180524 -0.92861932
v 0.02474731 -3.77413487 -0.93116927
v 0.12409919 -3.85950303 0.1972623
v 0.25612843 -3.62957549 -0.83379054
v 0.58792752 -3.76586747 0.08634701
v 0.24086968 -3.49493455 -0.850515
v 0.08856072 -3.52581572 -0.8808363
v 0.31323206 -3.84535956 0.14099866
v -0.62108439 -3.30344867 -0.51370304
v -0.83488106 -3.62585973 -0.19781522
v 0.39592123 -3.91049528 0.17808985
v -0.9346686 -4.03577709 -0.51390707
v 0.84720462 -3.51866698 -0.26993182
v 0.85185837 -3.97773003 -0.40113818
v -0.23758763 -3.77294731 0.12844805
v 0.1760523 -3.59997129 -0.93758875
v -0.75317829 -3.9840331 -0.65716582
v 0.68269372 -3.6867094 -0.68876332
v 1.0685153 -4.17526578 -0.29692351
v 0.74122041 -3.5843451 -0.53681308
v -0.37727761 -4.34966802 0.12513648
v -0.84163415 -4.06448078 0.00651558
v -0.63210982 -3.60760545 0.04238104
v 0.89214462 -4.08982658 -0.53651338
v 0.62017053 -4.26515626 0.15718397
v -0.28141576 -3.94148349 -0.97093743
v -0.995256 -4.23708152 -0.0894084
v 0.79206562 -3.68007731 -0.06306918
v 0.79704153 -3.82326984 -0.12388194
v 0.07561276 -3.56979847 -0.95172721
v 0.62159681 -3.63311314 0.11214222
v 0.26227143 -3.80315804 0.19616137
v -0.87215197 -3.56628942 -0.1637227
v -0.78243482 -4.26115083 -0.8087545
v 0.80736684 -3.59540581 -0.42957595
v 1.01179945 -3.8928976 -0.18349959
v 0.04266835 -3.80840563 0.18320529
v 0.28520497 -3.22806215 -0.59053599
v -0.30501601 -3.95690679 -0.80421745
v -0.17964638 -4.04736375 -0.82877433
v 0.15198576 -4.00951385 0.13453379
v 0.3210265 -3.86601233 0.16559386
v -0.32684555 -3.70313525 -0.87194788
v 0.90110379 -4.2503848 -0.52420228
v 0.38408058 -3.59965562 -0.81137228
v 0.7820099 -3.4836235 -0.17729972
v 0.8928222 -4.10941696 -0.10799125
v -0.62983286 -3.75169682 0.09078875
v 0.28252428 -3.75466394 -0.93782728
v 0.82107287 -3.89928603 -0.39216399
v 0.79645693 -3.72451829 -0.01026546
v -0.67288941 -4.05258417 -0.81946539
v 0.26182472 -3.89529633 -0.93731188
v 0.27278709 -3.83539915 -0.866158
v 0.87934988 -3.90817904 0.05040411
v 0.37856668 -3.48683881 -0.90057641
v 0.85337775 -4.11777019 -0.11087194
v -0.75031179 -3.65619158 -0.37163931
v -0.92717111 -4.01828098 0.1233498
v -0.98005646 -4.10768461 -0.23998183
v -0.68790477 -3.4987204 -0.07657053
v -0.8727172 -3.88219761 0.06164493
v -0.45598056 -3.77729988 -0.8522548
v -0.49138483 -3.86767029 -0.83098161
v -0.82739114 -3.67456579 -0.05882281
v 0.65605288 -3.61088681 -0.60893124
v -0.55454319 -4.07879447 0.08282148
v 0.858208 -3.79466915 -0.23923106
v -0.93998587 -4.33399772 0.0476237
v -0.61425215 -3.90157079 0.14920584
v -0.97196453 -4.22288465 -0.14513197
v 0.03903501 -3.53725242 -0.8404541
v -0.40710955 -4.16519117 -0.90996938
v -0.70363092 -3.84270095 -0.80445843
v -0.1715449 -3.43888592 -0.86911195
v 0.29738211 -4.2541356 -0.87908721
v 0.25373745 -3.28381753 -0.72258418
v 0.18657778 -3.56798172 -0.86700701
v 0.54419755 -3.33930897 -0.43808457
v 0.97629618 -4.25241804 -0.46719136
v -0.16736279 -3.96775436 -0.86096602
v -0.37672299 -3.55291509 -0.84162205
v -0.34222149 -3.53808164 -0.89218264
v 0.59615826 -3.32235336 -0.50195944
v 0.43274143 -3.27017951 -0.62938487
v 0.45220121 -4.10817432 0.12956218
v -1.07937729 -4.17946243 -0.43988284
v -0.09940803 -3.84742975 0.14021153
v 0.63923633 -4.20343256 -0.91986721
v -0.60947251 -3.46627879 -0.74764406
v -0.95521223 -4.13039827 -0.18067759
v 0.40531748 -4.20880746 -0.89459776
v 0.42059385 -3.2125678 -0.55342817
v 0.38818949 -3.80677342 0.15849703
v 0.87299114 -3.76502275 -0.51509934
v 0.45059096 -3.79091596 0.1484957
v 0.833992 -3.88415741 -0.62080484
v -0.06756052 -4.16654682 0.13915795
v -0.79321843 -4.11905479 -0.77954012
v -0.40141162 -3.25228023 -0.64325404
v -0.65465396 -4.21187114 0.10501327
v -0.19659119 -3.2500348 -0.59454685
v -0.18470932 -4.032516 -0.86664557
v -0.79496866 -3.76815986 -0.1904152
v 0.90960311 -3.59744763 -0.29156199
v 0.73493695 -4.20102691 -0.89134448
v 0.88215279 -3.5301845 -0.25062257
v 0.37398505 -3.47583508 -0.87029582
v -0.32006537 -3.46500921 -0.84350937
v 0.44297233 -3.33611154 -0.75673425
v -0.8460263 -4.31418705 0.11304876
v 0.38305941 -3.42128038 -0.84262466
v -0.93799942 -4.32028961 0.06906082
v 0.20092819 -3.96364045 0.18016332
v -0.04760263 -4.31267833 -0.81188422
v -0.18577705 -4.20534086 -0.86185729
v -0.85065072 -3.74180007 -0.02816938
v -0.09102207 -4.39346504 0.16839779
v -0.1015636 -3.39735317 -0.67363971
v -0.15094257 -3.83702993 0.20184643
v -0.01311252 -3.37888741 -0.78561228
v 0.66682714 -3.75763011 0.15346463
v 0.11368358 -3.90554952 0.20870526
v 0.75108659 -3.79251289 0.12489599
v -0.30097132 -3.75975203 0.0954005
v 0.66304111 -3.42301678 -0.48237878
v -0.22637517 -3.95592594 0.11364615
v 0.00493699 -3.77591252 0.1166704
v -0.88531917 -3.85640883 -0.33117476
v 0.8814423 -4.35849237 0.03176048
v -0.59946459 -3.49477028 -0.80414974
v 1.01230359 -4.26836299 -0.16383332
v 0.25955849 -3.57510447 -0.92394292
v 0.93903827 -4.31990814 -0.0710111
v 0.96463525 -4.23450517 -0.09564222
v 0.65870797 -3.476686 -0.63722032
v -0.62344467 -3.53349947 -0.69302904
v 0.70568704 -4.18601846 -0.91118854
v 0.7696169 -3.7506392 -0.0084409
v -0.46243837 -3.71418809 0.1347461
v 0.39473828 -3.24415016 -0.64876556
v -0.53470397 -3.56489229 -0.80811101
v -0.21984764 -3.55762839 -0.88468706
v -0.76992869 -3.53055262 -0.45913317
v -0.18839441 -3.50730657 -0.87504196
v 0.28228342 -3.90096163 0.21604055
v -0.76075273 -4.01783132 0.18952627
v 0.62684232 -3.84058356 -0.84900581
v 0.50724393 -4.1510334 -0.87216949
v 0.80813992 -3.46076893 -0.21010974
v -0.23384758 -4.158535 0.15764895
v -0.54033654 -4.28596591 0.15020978
v -0.57462024 -3.71607899 0.09394288
v -0.26323056 -3.2720592 -0.71690642
v 0.92271089 -3.68728351 -0.17834243
v 0.55405783 -3.76317811 0.13477912
v 0.74887001 -3.9302802 0.05483172
v -0.49827191 -3.49206352 -0.68453788
v 0.6733545 -3.44821977 -0.16329811
v -0.53786927 -3.33774733 -0.46163529
v -0.76566177 -3.51582098 -0.02076429
v -0.52537834 -3.29381251 -0.43246567
v 0.6080513 -3.38286781 -0.66981458
v 1.00460779 -4.16073799 -0.23347505
v -0.76104766 -3.82355213 -0.55220711
v -0.44448253 -4.09043455 0.12764999
v -0.19710208 -4.06913185 0.13613502
v -0.77122741 -3.42559862 -0.23655167
v 0.35539951 -4.13797855 -0.91014128
v -0.81689506 -3.92534661 -0.58325201
v -0.92986047 -3.77430748 -0.38953408
v 0.81731402 -3.55652546 -0.50862109
v -0.15775707 -3.89672255 -0.99432069
v 0.86741668 -3.87545967 -0.18645103
v 0.35569915 -3.49752998 -0.80871176
v -0.49935394 -3.66773366 -0.85030448
v 0.37673533 -4.43590974 0.23285016
v 0.15569919 -3.33967137 -0.70500254
v 0.28209129 -4.45574188 0.22722272
v -0.58356976 -3.27878117 -0.37765848
v -0.63936847 -3.53830027 -0.70630264
v -0.68315452 -3.46489524 -0.62426692
v -0.69719368 -3.52766108 -0.60107713
v -0.24906696 -3.47590231 -0.839567
v -0.70639449 -3.44710874 -0.40021601
v -0.06276159 -3.87818956 0.12179751
v -0.78243702 -4.01437902 -0.02917713
v -0.89688748 -4.10657072 -0.10098369
v 0.75745463 -3.77921176 0.04003916
v -0.20201982 -3.30192565 -0.70223766
v 0.55064177 -3.87297272 0.13680625
v 0.07834905 -3.37167143 -0.72498613
v 0.82366621 -3.94107031 -0.54071557
v 0.5445528 -3.83567977 0.13175505
v -0.69790804 -3.48907351 -0.03129196
v -0.68090659 -3.4009974 -0.11300024
v -0.97013324 -4.12116289 -0.55069136
v 0.39352369 -3.89708066 0.16265668
v 0.54606372 -3.64292717 0.09400291
v 0.85091435 -3.93855881 0.05998583
v 0.7111423 -3.50982379 -0.03334681
v 0.6355347 -3.86998081 -0.70592004
v 0.32437801 -3.43996286 -0.73044657
v -0.12351974 -4.20215511 -0.90092331
v 0.26474499 -3.36493945 -0.67092412
v -0.87883907 -3.72651219 -0.01792736
v 0.78736889 -3.47836756 -0.14542245
v -0.38023278 -4.06457948 0.08957391
v -0.22105938 -4.05753994 0.09131779
v -0.37257656 -3.47142887 -0.86480456
v -0.28885409 -4.13002538 0.10538631
v -0.94736969 -4.20961523 -0.00986843
v 0.10386891 -3.91845536 0.14975003
v 0.95555675 -3.79217076 -0.11465414
v 0.26328739 -3.42103695 -0.78809261
v 0.93931353 -3.99918413 -0.34975653
v 0.75176531 -4.02831077 0.05401702
v 0.10509517 -3.8925395 -0.98087889
v 0.74456769 -4.25528001 0.12940444
v -0.15492245 -3.47664165 -0.87745285
v -0.57353198 -3.75079226 0.12273064
v 0.84408599 -3.78758716 -0.40543529
v 0.92390608 -4.03732156 -0.28570228
v 0.5382952 -3.47864365 -0.64136916
v -0.59272557 -3.95201754 -0.77207279
v 0.58020412 -3.60319018 -0.71034234
v 0.69764387 -4.3373847 0.12171217
v -0.87918508 -3.63643646 -0.28781881
v 0.35709169 -3.80193638 0.16132839
v -0.45628681 -3.71980071 0.0652845
v 0.77116733 -3.44665026 -0.43838629
v -0.89923614 -4.35486936 0.06942869
v 0.33984163 -4.09927749 0.216412
v -0.8187235 -4.29886102 0.08774989
v 0.88029545 -3.8079133 -0.46380016
v 1.0613538 -4.18296098 -0.25777804
v 0.77110666 -3.83810377 -0.65052437
v -1.03484737 -4.20453023 -0.56433439
v -1.0744915 -4.19249534 -0.48729667
v 0.6012597 -3.70529556 0.05074642
v 0.0072777 -3.55766153 -0.80335497
v -0.88573563 -4.0288496 -0.08054977
v 0.53382122 -3.75587296 0.18714135
v 1.0246067 -3.89664912 -0.35272124
v 0.86765563 -3.95523071 -0.45199841
v -0.21762825 -3.9446516 -0.96377867
v 0.33453348 -3.21489787 -0.59436726
v -0.13047061 -3.95836687 -0.96508824
v -0.72789245 -3.55204844 -0.62356209
v 0.57350862 -3.4941709 -0.81133848
v 0.46476376 -4.29564094 0.17083475
v 0.1712154 -3.94570422 -0.93535608
v -0.36929643 -3.75894308 0.1398739
v -0.86397808 -3.90482235 -0.23474425
v -0.29922926 -3.75261664 -0.93041205
v -0.56579387 -3.72792363 -0.79768818
v -0.69603467 -3.37190723 -0.2305186
v -0.82680541 -3.60556316 -0.50122392
v 0.82912111 -3.50795817 -0.14249399
v -0.25498345 -3.98709607 -0.85390436
v -0.32419407 -4.0264101 -0.81415331
v -0.74748194 -3.88961601 -0.70006173
v 0.31752622 -4.06363391 0.08977006
v -0.65747225 -3.46829104 -0.6011641
v 0.54432535 -4.21042156 -0.89647871
v 0.7082141 -3.63900303 -0.06082765
v 1.03698194 -4.2163248 -0.36656662
v 0.71868449 -3.73318934 -0.03135831
v 0.9782353 -4.1343975 -0.39658635
v 0.88628739 -4.22910451 -0.04679089
v 0.88584375 -3.68835926 -0.27709546
v 0.87781691 -3.68939709 -0.12617442
v -0.18326415 -3.90663361 0.1252527
v -0.66050899 -3.83179187 0.16462433
v -0.70584881 -3.38157105 -0.31873583
v -0.55031502 -3.87745332 0.16748966
v 0.74432402 -3.49334573 -0.29367491
v 0.59194761 -4.43584871 0.13293883
v -0.98549038 -4.20961713 -0.11102107
v 0.71311235 -4.41118955 0.12000799
v 0.31592232 -3.7848587 0.20169745
v 0.00450094 -3.68159198 -0.94874489
v 0.15038871 -4.24415445 0.1876
v -0.00836091 -3.30208492 -0.67731738
v 0.64570635 -3.92605543 -0.71503335
v 0.76781982 -3.74741292 -0.6739766
v 0.61000913 -3.9353671 -0.75721859
v 0.81940597 -4.29176664 0.0977311
v 0.79770892 -3.54556226 -0.32905063
v 0.79214334 -3.50836467 -0.38921693
v 0.20320764 -3.8078022 0.15112017
v 0.79114604 -3.4851191 -0.51087898
v 0.19991476 -3.80171394 0.22805738
v -0.50476348 -3.28721356 -0.57038456
v 0.86876261 -3.68518018 -0.146237
v -0.91279214 -3.7036066 -0.11154211
v -0.87562239 -3.67665529 -0.18651185
v 0.79178571 -4.22567224 -0.78375709
v 0.01472404 -4.18627405 -0.84949135
v -0.93849724 -3.93783712 0.01808607
v -0.89556056 -4.05772686 -0.61193203
v 0.63251197 -3.31013584 -0.340815
v -0.88226151 -3.74430871 -0.11387543
v 0.33229145 -3.86652946 -0.97603505
v 0.11760881 -4.38654708 0.17534607
v 0.82264226 -3.60447001 -0.44376036
v 0.46154716 -3.72458839 -0.88159263
v -0.34047877 -3.4519093 -0.87426364
v -0.47877925 -3.43822455 -0.83228498
v -0.81517946 -3.61589813 -0.08218701
v 0.50419026 -4.42260074 0.13748355
v 0.04017882 -3.48582267 -0.91439366
v -0.25840282 -3.50680136 -0.92144864
v 0.47666207 -3.54472422 -0.82765364
v 0.75025928 -3.7783339 0.01867259
v 0.876782 -3.70511317 -0.10439447
v 0.50268364 -3.42740583 -0.6999439
v 0.97913879 -4.30115032 -0.13896392
v 0.46510866 -3.41712975 -0.74449485
v -0.05619141 -3.45734477 -0.8175832
v 0.58210676 -3.4505434 -0.67099148
v 0.57549381 -3.89361071 -0.90742254
v 0.11071807 -3.57323098 -0.91669553
v 0.74053603 -3.61528945 -0.374168
v 0.09277523 -3.55925869 -0.94884598
v 0.72170078 -3.80527615 -0.55699902
v 0.21009659 -4.20784235 0.1768102
v -0.3639512 -3.54280829 -0.76707851
v -0.4142574 -3.4528253 -0.7868669
v -0.15719528 -3.54683613 -0.79736965
v -0.27860969 -3.40109682 -0.78814244
v -0.80596506 -3.57049441 -0.51921784
v -0.26246842 -4.1188178 -0.8938018
v 0.81486815 -3.62289571 -0.31947511
v 0.52539724 -3.95582485 0.12209367
v 0.08062931 -3.940665 -0.87455999
v 0.31416291 -4.41041803 0.23041969
v -0.9340018 -3.95167851 -0.29517677
v -0.23805043 -3.66504764 -0.83435601
v 0.35904997 -3.25636768 -0.69435906
v -0.44376909 -3.71677041 -0.81765395
v -0.34086313 -3.35575723 -0.64155232
v -0.78322893 -3.81832671 -0.02741069
v 0.2431758 -4.05831909 0.19923049
v 0.45288446 -3.71580076 -0.81905823
v -0.8114559 -3.9571011 0.17742377
v 0.7122628 -3.40700197 -0.35654795
v 0.04395126 -4.01020336 0.10033015
v 0.67643225 -3.99735093 -0.80836498
v 0.82326263 -3.65789866 -0.05274229
v 0.84927135 -4.13203907 -0.62179726
v -0.66000342 -3.8799777 0.01023257
v 0.43111696 -3.8081603 0.12648327
v 0.46864825 -3.70880198 -0.86224293
v -0.83154928 -3.61414814 -0.13451074
v 0.89584064 -3.69908452 -0.15189045
v -0.93773144 -4.14451456 -0.12969231
v 0.2330095 -4.19036006 -0.87643796
v 0.42069363 -3.53325891 -0.9015758
v 0.01826829 -3.91169619 0.16680149
v -0.81179392 -3.59496116 -0.4649119
v 0.94023072 -3.80709528 -0.44136846
v -0.31154385 -3.91875076 0.17774017
v 0.75333976 -4.04288101 0.00008565
v -0.56427735 -3.93736815 0.09922906
v 0.05698349 -3.27674222 -0.64700865
v 0.24089947 -3.50616049 -0.82870882
v -0.30565288 -3.54416155 -0.92443096
v 0.24606308 -3.53877806 -0.91373437
v -0.360556 -3.54764986 -0.86595928
v -0.43798586 -3.54866194 -0.84909719
v -0.73490655 -4.02074956 0.17215508
v -0.34928676 -3.757833 -0.88198918
v 0.54847353 -3.90898227 -0.78878361
v -0.11034591 -3.52696847 -0.84183132
v -0.68694317 -3.54236269 -0.0255403
v -0.8795039 -3.88164734 0.10063127
v -0.15520983 -3.52933716 -0.87554329
v 0.62341684 -3.40120315 -0.37378358
v 0.5291301 -4.13892078 0.09069076
v -0.72833114 -4.20838069 0.13610324
v 0.67298686 -3.90880537 0.03342454
v 0.61982232 -3.79524779 0.10593488
v -0.87079685 -4.05039453 -0.11763832
v 0.45070621 -3.81962919 -0.81031304
v 0.09471018 -3.34118032 -0.7524513
v -0.26378563 -4.40530681 0.14775452
v 0.20662978 -4.23190307 -0.86517316
v -0.27203944 -3.48108553 -0.88505911
v 0.0645116 -3.29302787 -0.67555356
v 0.82390224 -4.14526081 0.02644995
v -0.5473454 -3.83619594 -0.78165113
v -0.23299238 -3.28021669 -0.5659936
v -0.98458242 -4.13504123 -0.18574157
v 0.82042521 -3.91586017 -0.63089656
v -0.74211615 -3.46188664 -0.629453
v 0.55335497 -3.67451071 0.11143139
v 0.83409887 -4.03004598 -0.48851248
v 0.25823205 -3.27167224 -0.6741293
v 0.98088192 -4.10531711 -0.3468897
v -0.1358955 -3.87658095 0.19092607
v 0.12314388 -4.05828619 -0.90044891
v -0.19100973 -3.86939001 0.14795143
v -0.04412716 -4.19710731 -0.8957864
v -1.04652023 -4.13190841 -0.49827295
v 0.72712743 -4.04600954 -0.69350594
v -0.74115622 -3.77325534 0.11904068
v -0.97998797 -3.80718517 -0.34165024
v 0.53050214 -3.67051005 -0.83681166
v 0.16568802 -3.57896566 -0.88851094
v -0.81547933 -4.01300287 0.00116781
v -0.29645648 -3.8930459 -0.93891733
v 0.69159966 -3.61054873 0.07465822
v 0.82505571 -3.68978381 -0.05882052
v 0.50807309 -3.3575263 -0.51250791
v -1.05024528 -4.1654644 -0.42120361
v -0.74023002 -3.48398494 -0.42287021
v 0.42400279 -3.80275487 0.18461194
v 0.75558614 -3.97342824 -0.8287214
v 0.54305636 -3.87921428 0.16251201
v -0.22860795 -3.54631996 -0.84449815
v 0.18599598 -3.86953401 0.24124047
v -0.40486976 -4.08902025 -0.8206402
v -0.8327775 -3.61629891 -0.33807194
v -0.65294402 -3.42053222 -0.5543152
v -0.79945737 -3.561939 -0.33445093
v 0.90046405 -3.63046741 -0.21537321
v -0.86212682 -3.60306072 -0.29258459
v 0.64134663 -3.98489475 0.16676649
v 0.08614127 -3.9397912 0.13178488
v 0.63540309 -3.45089268 -0.60157364
v -0.6252734 -4.0208373 0.10912637
v -0.80442363 -3.77714037 -0.62976324
v -0.54527372 -3.68939209 0.05194322
v 0.18322196 -3.92090487 -0.84077686
v -0.8023985 -3.64851856 -0.07008609
v 0.05467947 -3.79140496 -0.82194817
v 0.85135096 -3.76983809 0.01468178
v 0.23725386 -3.92941188 -0.8820486
v 0.8962149 -3.73899245 -0.05505779
v 0.61915004 -3.62132191 0.06407824
v 0.83369827 -3.50895357 -0.33029362
v 0.94619548 -3.88705134 -0.03357852
v 0.78841769 -3.50797748 -0.13610398
v -0.68854665 -3.44660878 -0.69429487
v -0.6813519 -3.83673834 -0.75095158
v 0.73724895 -4.3839364 0.14738048
v -0.6470443 -3.83976459 -0.83582109
v 0.3882626 -3.81113958 -0.97274726
v -0.5009703 -3.56045794 -0.8475973
v 0.10169494 -3.78087043 0.23229999
v 0.2675445 -4.49097013 0.19833576
v 0.9344114 -3.65457391 -0.17240302
v 0.11642304 -3.80108547 0.20326297
v 0.40915945 -3.26038098 -0.52550929
v 0.68203944 -3.36037659 -0.50774753
v -0.5740872 -3.50198793 -0.76078963
v 0.64918655 -3.39401316 -0.62806427
v -0.31490832 -4.36016798 0.16526724
v -0.5396822 -4.42515468 0.13127851
v -0.75128132 -4.17573308 -0.79146969
v 0.76134449 -3.67850518 -0.238615
v -0.5569694 -4.0054717 -0.78424221
v -0.19524066 -3.56551647 -0.89787393
v -0.7038508 -3.69671106 0.09818696
v 0.81466186 -3.53693175 -0.06674929
v -0.55184906 -3.97023963 -0.82142388
v -0.70240873 -3.55304575 0.05693047
v -0.07185816 -3.30026173 -0.70706617
v 0.09882476 -4.46109294 0.18259848
v 0.54273498 -3.90917539 -0.84043192
v 0.49493286 -3.74704051 -0.91207075
v -0.83872729 -3.59343433 -0.09660082
v -0.2922568 -3.37265253 -0.81800979
v -0.80784577 -3.48719763 -0.15661327
v -0.57146501 -3.74986743 0.14578996
v -0.63409084 -3.6836605 -0.77448272
v -0.76687228 -3.56959605 -0.48359814
v 0.64216703 -3.91094946 -0.90392732
v -0.67166161 -3.93532848 -0.72351789
v -0.82518363 -3.68538117 -0.22964845
v -0.64376866 -4.07596206 -0.79291963
v -0.5760889 -3.47552013 -0.70534163
v 0.46292576 -3.77617692 0.17567485
v 0.87889105 -3.70018911 -0.45521232
v 0.64887917 -3.66531419 0.11180026
v -0.98952347 -4.18843126 -0.22512644
v -0.62887263 -3.87457704 -0.84535813
v 0.47998911 -3.76238107 0.0723208
v 0.76731389 -3.52702426 -0.58359175
v -0.04194011 -3.61344265 -0.825221
v 0.3693332 -4.44425582 0.19899247
v 0.83613151 -3.71019411 -0.31931638
v 0.12993244 -3.55950141 -0.86553949
v 0.46213907 -3.57803154 -0.78318268
v 0.13644939 -3.5526061 -0.88709998
v -0.43933853 -4.24231958 -0.85822093
v -0.99617469 -4.09422397 -0.22722263
v 0.32438787 -3.79345583 -0.93874824
v 0.47184845 -3.43816995 -0.83589214
v -0.45723983 -3.40627551 -0.59319424
v 0.78913253 -3.61534953 -0.44855862
v 0.83088004 -4.2062931 0.05621371
v -0.09439227 -3.81909775 0.15849661
v -0.722539 -3.59584641 -0.12329601
v 0.5647009 -3.73333811 0.12003935
v -0.67631441 -3.32581472 -0.43704876
v 0.65582466 -3.55210876 -0.67047607
v -0.5793181 -3.6587553 0.09048567
v 0.67788988 -4.10436248 -0.8966369
v 0.00228876 -4.26426935 -0.86499631
v -0.5444163 -3.84627127 -0.82757455
v 0.23866848 -4.27434873 -0.88382035
v -0.7914195 -3.57391858 -0.3856717
v 0.71205723 -3.55411315 -0.63231575
v -0.71466082 -3.65952777 -0.06021944
v 0.61676204 -3.43844366 -0.7466256
v -0.70763015 -3.70827579 -0.04628925
v -0.79207497 -3.93198037 -0.54549682
v 0.3163422 -3.32461118 -0.69056642
v -0.03994969 -3.6075313 -0.86757069
v 0.22271361 -3.92457699 -0.94574666
v 0.2299447 -3.73875761 0.11997617
v 0.76487934 -3.9208312 -0.79961878
v -0.80418032 -3.59773659 -0.41070395
v -0.11712978 -3.51724982 -0.86500483
v 0.69501417 -3.6954534 0.08040911
v 0.6959694 -3.8355093 -0.84448611
v -0.32573351 -3.81792736 0.07463175
v 0.71965009 -3.58378219 -0.64215958
v 0.59928649 -3.72149014 -0.72463077
v 0.77180528 -3.67909097 -0.00365229
v 0.67206072 -3.74603247 -0.80507862
v -0.52742815 -3.82022118 0.18687351
v -0.8625499 -4.05186796 -0.02917505
v -0.19929483 -3.6870737 -0.92734795
v 0.57270991 -3.75305175 0.1570066
v -0.66371542 -3.40146637 -0.46481189
v 0.52723836 -3.86254 -0.90067201
v 0.43696829 -4.42011499 0.20658271
v 0.67493945 -4.05632782 0.049489
v 0.67511427 -3.53476572 0.05880333
v 0.02513982 -3.26664686 -0.62927496
v 1.00737607 -4.20150852 -0.20727852
v 0.66102242 -4.2365961 -0.89816963
v 0.86000526 -3.65452265 -0.20332367
v 0.65642821 -3.40936231 -0.22991904
v -0.76236832 -3.48623251 -0.50469291
v 0.46664851 -3.46478748 -0.83248758
v -1.06009078 -4.23575639 -0.41639262
v -0.7940402 -4.08413505 -0.6882326
v 0.23394689 -3.55464959 -0.85772478
v 1.03233158 -3.90909218 -0.20410665
v -0.51278972 -4.15366697 -0.86286723
v -0.68995708 -3.73498725 0.02632202
v 0.56438171 -3.28378391 -0.55451393
v 0.48333171 -4.02092838 0.20472173
v 0.53150504 -4.36121416 0.13140443
v 0.7522161 -3.57871151 0.00963697
v 0.92256379 -3.67707371 -0.21322365
v -0.74361085 -3.61953926 -0.6707744
v -0.17784403 -3.51400423 -0.86043894
v -0.9993667 -4.30184841 -0.00626647
v -0.67553216 -3.54153776 0.04455368
v 0.75627201 -3.74186968 -0.46130463
v -0.67943918 -3.56363391 0.02735188
v 0.82051414 -3.63718891 -0.0416591
v 0.64202493 -3.70782995 0.09001379
v -0.99675899 -4.05260562 -0.38928401
v 0.72092163 -4.14998436 -0.82187134
v -0.14001204 -3.29017067 -0.59870171
v 0.68977254 -4.1770935 -0.86641258
v 1.06195128 -4.20062112 -0.37693709
v -0.71852201 -3.67548346 -0.54862958
v -0.43279177 -3.9923923 -0.78151392
v -0.72319072 -3.85181856 -0.75767105
v -0.75749683 -3.48422837 -0.14032089
v 0.15309512 -3.373034 -0.67418843
v -0.54429042 -3.68615841 -0.79478234
v -0.7529751 -3.46657133 -0.54629319
v -0.44558334 -3.20406794 -0.48944115
v -0.44139015 -3.2480297 -0.52129793
v 0.83094596 -4.13326311 -0.06113653
v -0.30570983 -3.21939897 -0.54019743
v -0.68223696 -3.69776797 0.13479822
v 0.4346576 -3.69135141 0.09714645
v 0.86086916 -3.93968009 -0.27952674
v 0.83043861 -3.86112785 -0.26775425
v 0.70600354 -3.79099679 0.07003901
v 0.84040445 -3.60554409 -0.26230469
v -0.8488335 -3.7629981 -0.62323564
v 0.29835665 -3.84852886 0.07446832
v 0.84599065 -3.51676201 -0.19598031
v -0.19840017 -3.9190433 0.19716739
v 0.27413988 -4.24874401 -0.8968991
v -0.13497072 -3.92238068 0.15539029
v -0.79197233 -3.66381359 -0.01759372
v 0.35932907 -3.32510113 -0.77513361
v 0.51838105 -3.85931491 0.20474618
v -0.37846186 -3.88602685 -0.93165797
v 0.5749222 -3.77033138 0.18384943
v -0.04708188 -3.8794198 0.16042052
v 0.66870141 -3.76915144 0.16603185
v 0.89088296 -4.24231624 -0.55597448
v 0.20428901 -3.67391014 -0.9623785
v 0.66874933 -3.9494009 0.08823782
v 0.69794744 -3.51619458 -0.27787587
v 0.73183447 -4.11564207 0.07985494
v 0.66422635 -4.16973304 -0.92165243
v 0.77392262 -3.55139946 -0.3323228
v -0.78411787 -3.75914335 0.03544063
v 0.07993316 -3.82066965 0.17648202
v -0.80309522 -3.92938232 0.13691674
v 0.78415668 -4.20688486 0.04464466
v -0.14353136 -3.85245394 0.21156208
v -0.14023983 -4.16971397 -0.85687971
v -0.20706656 -3.83817911 0.1535605
v -0.70738256 -3.35897064 -0.45152387
v 0.10457041 -3.91405391 0.15748357
v 0.02738986 -4.07820129 0.20794975
v 0.28269144 -3.85113167 0.22740179
v -0.47846391 -4.00131177 0.16951246
v 0.79482179 -4.05086851 -0.04940141
v 0.98946952 -3.88427472 -0.10876803
v 0.30257511 -3.8001492 0.21975676
v -0.62402814 -3.54447078 -0.6365233
v 0.00812376 -4.44891691 0.19500149
v 0.31680142 -3.94002294 0.11555867
v -0.39861136 -4.27866554 -0.89749741
v -0.7684949 -4.42096233 0.1041141
v -0.69668495 -3.79157781 -0.02472211
v -0.32524752 -3.833992 -0.85169887
v -0.3467696 -3.51307582 -0.83734834
v -0.74441838 -3.67977428 -0.01456176
v -0.46566557 -3.49026393 -0.78697246
v -0.8067581 -3.76699924 -0.07897999
v -0.25779303 -4.39178657 0.13970929
v -0.69557064 -3.58272385 -0.65586495
v -0.80552852 -3.65057396 -0.4997003
v -0.43014723 -4.23107814 -0.90970736
v -0.70219558 -3.71908593 -0.6993547
v -0.76012057 -3.66198253 -0.59449762
v -0.93084377 -3.84802436 -0.02826295
v 0.79341554 -3.950037 -0.60258203
v -0.27491763 -3.48091816 -0.85893797
v 0.59604018 -3.71921944 0.09926247
v -0.90257543 -4.29107618 0.06002267
v 0.79239422 -3.58286118 -0.48264908
v 0.06621472 -3.59151077 -0.90713197
v -0.778503 -3.83108925 -0.6358664
v 0.76173424 -3.75520205 0.03710653
v 0.45500785 -3.21231985 -0.51352948
v 0.35515299 -3.48733878 -0.83350175
v 0.49536901 -3.53937006 -0.84468579
v 0.10489912 -3.52425646 -0.87634658
v 0.69805038 -3.43612217 -0.09794462
v -0.08826051 -3.63909626 -0.83033841
v -0.53813487 -3.82943511 0.12343663
v 0.71110028 -3.92679858 0.11361698
v 0.37238019 -4.48598671 0.19869123
v 0.75440442 -4.03840637 -0.63315737
v 0.7246682 -3.88729357 -0.67531269
v -0.78815347 -3.76861143 0.0431214
v -0.38211789 -3.75591588 0.14927613
v -0.76345372 -3.78908085 0.05641024
v 0.3136056 -3.47207355 -0.83324778
v 0.94215834 -4.20096731 -0.0861613
v -0.00850167 -4.30790567 0.20109953
v -0.45392966 -3.97862768 0.19454094
v 0.87430381 -4.00924921 -0.21808797
v -0.22489813 -3.75895953 -0.88377004
v -0.22765773 -3.67559194 -0.88068741
v -0.77981203 -4.25673627 -0.82890963
v -0.5358991 -4.02031946 0.18989421
v 0.46480125 -3.45033359 -0.74508237
v -0.73568755 -4.0032711 0.05951587
v -0.47228103 -4.02285385 0.18122173
v 0.94711923 -3.87021088 -0.41882827
v 0.83153015 -3.63176012 -0.08266804
v 0.7687602 -4.17494773 -0.83995437
v -0.71777999 -3.40846729 -0.30810332
v -0.74160152 -3.547158 -0.65950268
v 0.73333638 -3.44004702 -0.52826201
v -0.79157328 -3.58081054 -0.48950204
v -0.82179445 -3.58026337 -0.50373345
v 0.11350902 -3.51391148 -0.93016922
v -0.56007254 -3.69836735 -0.77544122
v 0.72627759 -3.98296356 -0.81671297
v 0.78509604 -4.24256324 -0.77597314
v -0.34429583 -3.7486279 -0.86662375
v -1.00267577 -3.87889647 -0.31343179
v 0.24139826 -4.03434991 0.0879421
v 0.21736557 -3.92060136 0.18461728
v -0.7155376 -3.45177865 -0.34596949
v 0.43005096 -3.91250634 0.20650525
v 0.75209236 -3.63515377 -0.04965456
v 0.83651024 -3.62663245 0.01541007
v 0.3224326 -3.30603814 -0.6961556
v 0.8471539 -3.6184287 -0.02659339
v -0.68182551 -3.80845093 0.17442373
v 0.20700778 -3.44930481 -0.74669939
v -0.3127982 -3.32479071 -0.77221596
v 0.18922004 -3.49516034 -0.77915203
v 0.68554091 -3.77413082 0.01392938
v -0.06459015 -3.88929987 -0.99416011
v 0.21735495 -4.06451892 -0.91334301
v -0.5130825 -3.23130178 -0.46694245
v -0.27643758 -3.95810103 0.07428398
v 0.86847424 -3.63963651 -0.22171671
v 0.79073333 -4.39424371 0.10083954
v 0.05712178 -3.68672347 -0.83303785
v -0.63407188 -3.44519782 -0.7506951
v -0.20912252 -3.41088151 -0.73357611
v 0.6740213 -3.84932017 -0.72932153
v -0.14336027 -3.34072136 -0.68161481
v 0.5924136 -3.82614517 -0.80569708
v -0.33595305 -3.80526137 0.10828944
v -0.64509922 -3.98722481 0.05126332
v -0.66395139 -3.43424034 -0.2386769
v 0.29572022 -3.73123884 0.10316722
v -0.63766145 -3.36136198 -0.27144777
v 0.87296056 -3.85038232 -0.27886554
v 0.69493621 -3.53531909 -0.41192188
v -0.11738025 -3.56945037 -0.8937897
v -0.33787992 -3.62337565 -0.85973024
v -0.76769876 -3.55163502 -0.50926798
v 0.79568725 -3.94373226 -0.48857769
v -0.8470937 -3.62131047 -0.03048864
v -0.57095533 -3.42617178 -0.74775993
v -0.85591948 -3.59691524 -0.06763885
v 0.09767341 -3.81739163 0.10046147
v 0.06008202 -3.89415073 0.08965811
v 0.07717748 -3.91532373 0.23894837
v -0.94847208 -3.76347994 -0.24679224
v -0.87511301 -3.79985117 -0.03181133
v -0.59375613 -3.55109667 -0.81523519
v 0.7805916 -3.58146882 0.01325939
v -0.30018755 -4.30939483 -0.88027072
v -0.34128224 -4.27091121 0.16497112
v 0.22935414 -3.54885053 -0.86151146
v 0.07882699 -3.61051893 -0.87589854
v -0.74203121 -3.49515128 -0.02011999
v 0.83745926 -4.06988811 -0.51792728
v -0.36740431 -4.18469095 -0.92696565
v 0.79352778 -3.53034305 -0.31906813
v -0.68739169 -3.60530066 -0.72837346
v 0.77857291 -3.52626943 -0.36921396
v 0.32336583 -3.55158138 -0.86770755
v -0.36216464 -3.48196244 -0.7099052
v -0.08773046 -3.82811522 0.22105681
v -0.97346353 -4.25981235 -0.00957041
v 0.13134582 -3.53562474 -0.84168803
v 0.54021859 -3.96802854 0.07901902
v 0.63173103 -4.16380739 0.08717836
v -0.80785876 -4.38295745 0.09178076
v 0.73063421 -3.55479812 -0.56896621
v -0.95553183 -3.88123726 -0.53682082
v 0.52278906 -3.36221933 -0.72862339
v 0.79217559 -3.57437753 -0.2979612
v -0.52374893 -3.60932874 -0.83382427
v 0.70790171 -3.83572506 -0.7650392
v -0.29710724 -4.39481449 0.15765507
v 0.80418092 -3.62553548 -0.35771396
v 0.85937106 -3.88719463 -0.41148868
v 0.20338489 -3.47658705 -0.8595308
v 0.32664755 -3.4650433 -0.86739653
v -0.28644371 -3.5344007 -0.85423094
v 0.10216095 -3.79623556 0.25925931
v -0.07760764 -3.51985931 -0.86336064
v 0.23196989 -3.8414731 0.17052783
v -0.55604207 -3.82141232 0.06908962
v -0.82712775 -3.59275984 -0.3169479
v -0.60577493 -3.53010654 -0.73486453
v 0.10136803 -3.48890399 -0.81606918
v -0.8838495 -4.2334938 0.09197648
v -0.7872163 -3.68871569 -0.07910963
v -1.05135357 -4.18852233 -0.32240375
v 0.58442682 -4.01693916 -0.87038666
v 0.31333234 -4.09139013 0.13490665
v -0.71972578 -3.35922575 -0.37557846
v -0.78359401 -3.52861499 -0.43835026
v -0.73239088 -3.95135474 0.19283425
v 1.00507438 -4.27127265 -0.4233683
v -0.66686004 -3.71320772 0.10004369
v -0.74895638 -3.94147229 0.15415297
v -0.74788177 -3.81751966 -0.76326233
v 0.39665496 -3.72436094 -0.94924306
v -0.02252516 -3.94472909 0.21400484
v -1.04905855 -4.18725729 -0.49033767
v 1.01939308 -4.17753315 -0.18808235
v -0.22332789 -3.84762597 0.201995
v 0.32586112 -3.56750631 -0.90939229
v -0.20134331 -3.82571959 0.20620843
v 0.63595473 -3.43577313 -0.68604362
v -0.47830039 -3.26181435 -0.58961355
v -0.04037779 -4.24909687 0.15788018
v 0.38588815 -3.20352459 -0.553752
v -0.05739948 -3.48428463 -0.87493258
v -0.61289674 -3.70140075 -0.81391471
v 0.89270353 -3.88457417 -0.52404886
v 0.58228188 -3.72952866 0.14655308
v -0.14266721 -3.85300326 -0.9860602
v 0.74502539 -3.71837711 0.01026927
v -0.51174932 -3.86881518 0.17318746
v 0.56794941 -3.33004522 -0.64972525
v 0.00025674 -3.56682181 -0.88253051
v -0.4596205 -3.9155755 0.18283176
v -0.13604144 -3.86947345 0.125725
v -0.7232418 -3.96094489 -0.68421453
v -0.01514627 -3.8111906 0.18800182
v 0.80324906 -3.51819276 -0.36705842
v 0.84162622 -3.50096821 -0.37879055
v 0.85200744 -3.6275959 -0.20795629
v -0.81636369 -3.57161045 -0.48678004
v 0.07246958 -3.81460857 -0.93975472
v -0.64366203 -3.61556243 -0.70383626
v -0.75550454 -3.60261774 -0.04261868
v 0.3307769 -3.28382873 -0.59014332
v 0.490381 -3.5210452 -0.78808748
v 0.91634112 -4.17854547 -0.12977694
v 0.53229266 -3.58783745 -0.7833575
v 0.51830583 -3.5370779 -0.86096453
v 0.89550924 -4.33585786 0.03211312
v 0.70733088 -3.48344421 -0.48777443
v 0.20175436 -3.87075257 -0.9385209
v 0.5780037 -3.54674601 -0.75580471
v -0.85128301 -3.60114908 -0.37719765
v 0.70622766 -3.72997832 0.05584384
v 0.22128312 -4.16658496 -0.91936487
v -0.92485195 -4.10536766 -0.07244926
v -0.38570073 -3.75603842 -0.91253346
v -0.09483584 -3.96716594 0.12542147
v -0.31038877 -3.26106977 -0.69784277
v 0.81500875 -3.76900148 0.07736165
v -0.07215543 -3.3374958 -0.75055259
v -0.80325555 -3.64013671 -0.04537332
v 0.51690012 -3.61165857 -0.77047562
v -1.02850413 -4.22641897 -0.31669545
v 0.6436674 -3.70565271 0.12526959
v 0.80233943 -3.78487753 -0.49672856
v 0.53883272 -4.11009216 0.12640351
v -1.04310715 -4.17016506 -0.36152243
v 0.6230477 -3.85342788 0.09228851
v 0.48369497 -4.32614135 0.17126275
v 0.783939 -3.98156952 0.11818328
v -0.72765958 -3.97092032 -0.75166124
v -0.74198275 -3.95066189 -0.72961556
v -0.70248866 -3.55590224 0.03809693
v -0.71085476 -3.51548552 0.00679676
v 0.08142482 -4.05879068 0.2196782
v -0.71024686 -4.02860403 -0.79069685
v 0.87294602 -3.85371708 -0.32195672
v 0.40532243 -3.99894619 0.12387479
v -0.74793744 -3.82934212 0.10318429
v 1.06806314 -4.25945568 -0.29930913
v 0.71257537 -3.41526413 -0.20914885
v -0.23978364 -3.96604776 0.19488668
v 0.92303335 -4.21808672 -0.52725642
v 0.88222199 -3.88705086 -0.5154562
v -0.71731191 -3.60175156 -0.44320988
v -0.12268476 -3.81769681 0.20991937
v -0.00886086 -3.32684421 -0.68798351
v -0.53401744 -3.32144594 -0.53681433
v 0.5327444 -4.01461076 -0.82592362
v -0.86538034 -3.98104405 -0.46281868
v -0.90423327 -3.62683892 -0.24218882
v 0.61579382 -3.59089803 0.10563663
v -0.70436513 -3.7119143 -0.61004346
v -0.5514357 -3.31441211 -0.42036593
v 1.01660597 -3.83111524 -0.25032985
v 0.18081191 -3.53861522 -0.84280967
v -0.7524532 -4.03588247 0.18085488
v 0.56681627 -3.63139557 -0.8031671
v 0.70904254 -3.76982617 -0.66419708
v -1.07323074 -4.21100807 -0.44297874
v -0.9361639 -3.96968126 0.06517725
v -1.05279731 -4.21033763 -0.48694983
v 0.79826563 -3.71345472 -0.51703238
v -0.12857529 -3.78223705 -0.84194296
v 0.77801013 -3.785398 0.05738858
v -0.14799004 -3.90170955 -0.82870268
v -0.36345273 -3.90702581 0.16251316
v 0.87404006 -3.58101964 -0.11843287
v -0.2451976 -3.90574598 0.20074813
v 0.6389817 -3.3556168 -0.42657557
v -0.09790241 -3.80635714 0.09711077
v -0.88010495 -3.81855297 -0.26131695
v -0.35033354 -3.54890847 -0.82828003
v -0.75818628 -3.56791019 -0.3978303
v -0.52630156 -3.53200697 -0.78592926
v -0.6014651 -3.76218915 0.10313489
v -0.37583386 -3.53585863 -0.88550859
v 0.59130948 -4.00901556 0.17446298
v -0.4369418 -3.2863388 -0.68423658
v -0.99897861 -4.16947746 -0.20672877
v 0.53690731 -3.32573938 -0.54174554
v -0.27099689 -4.2603116 0.13195419
v 0.80895912 -3.65657663 -0.10473282
v -0.61768287 -4.07247161 0.07625766
v 0.52504378 -3.81185078 -0.84194785
v -0.28356474 -3.8031485 0.16632869
v 0.54797411 -3.43498706 -0.76953715
v 0.13748672 -3.9292314 0.2012781
v -0.95102465 -3.80976986 -0.4908685
v 0.15181821 -3.91451525 0.22512523
v -0.45458921 -3.45907354 -0.80421739
v -0.89357483 -4.01710224 -0.47643765
v -0.01712559 -4.29198217 -0.81073451
v 0.77784484 -3.58559417 -0.0402012
v 0.68129479 -4.40671443 0.15080545
v 0.1832949 -3.86787557 -0.83294171
v 1.02319622 -4.27601814 -0.21134287
v 0.75304299 -3.69652175 -0.0147178
v -0.81660002 -3.51999902 -0.37781071
v 0.67608934 -3.90142202 -0.84162122
v 0.67234051 -3.54200243 -0.00295649
v -0.2246021 -4.15402317 0.11603988
v -0.65559423 -3.7433362 0.0369861
v 0.55534982 -3.85774564 0.11051394
v -0.86050719 -4.24483728 -0.70172321
v -0.09798094 -3.55149388 -0.88919287
v 0.85483729 -3.64123153 -0.17894275
v -0.93862229 -4.1645751 -0.09375174
v -0.4717426 -3.71935701 0.12271306
v -0.13562454 -3.929847 0.21456387
v -0.44221061 -3.63843941 -0.80975091
v -0.18615466 -3.76184296 0.12334235
v -0.90641862 -3.89980435 -0.22556428
v -0.53215044 -3.39461207 -0.53715074
v -0.90061759 -3.88217377 -0.29375982
v 0.76698023 -3.40914535 -0.3398143
v -0.22317405 -3.46212983 -0.90721815
v 0.70863217 -3.3563838 -0.39232167
v 0.06300131 -3.57376241 -0.89914727
v 0.65860533 -4.25856494 0.11498071
v 0.59987562 -3.33465147 -0.33661744
v 0.28341689 -3.86699438 0.16799461
v 0.60697925 -3.30634665 -0.33422046
v 0.30480992 -3.88199114 0.16766133
v 0.75032585 -4.43431663 0.12820604
v -0.7718237 -3.45848441 -0.1154768
v -0.15880715 -3.8175261 0.24046075
v 0.22862908 -3.3300805 -0.70383888
v -0.7827878 -3.56420159 -0.11700132
v -0.96779716 -4.28938913 0.04766408
v 0.40803569 -4.40250587 0.18407122
v -0.82884722 -3.62363863 -0.16896112
v 0.27618408 -3.28351712 -0.60354757
v 0.29580631 -3.4453454 -0.80463749
v 0.70822656 -3.7730441 0.12664254
v 0.59633159 -3.54847955 -0.73950082
v -0.90232652 -4.03431844 0.13910824
v 0.30464342 -3.25057816 -0.67250341
v -0.52435594 -3.62627196 -0.78449297
v 0.11086434 -4.28006935 -0.86145371
v 0.70143067 -3.48207855 -0.57070136
v -0.47039189 -4.22698593 -0.86648511
v -0.67568105 -3.92248106 0.19285616
v -0.46924403 -4.19610166 -0.88078302
v -0.11317533 -3.27686238 -0.63811379
v -0.67589724 -3.69901537 0.05771794
v 0.12102979 -3.89150762 0.18791544
v -0.70415711 -3.67385768 0.03378838
v -0.04160561 -3.95194697 -0.87621909
v -0.86251878 -3.6849637 -0.38448867
v -0.46292802 -3.81794929 -0.80145943
v 0.44619873 -3.45404791 -0.80604964
v -0.69572317 -3.53482675 0.0293162
v 0.46282365 -3.4928472 -0.81757015
v -0.91222125 -3.97576689 -0.31839382
v -0.58798319 -3.60043668 -0.72308576
v -0.74824929 -4.09355068 0.03963
v 0.61319559 -3.66397833 0.05509715
v -0.75544011 -3.53761911 -0.15559506
v 0.69081991 -3.4905622 -0.54111039
v 0.62145501 -3.71776366 -0.83224421
v 0.53954851 -3.72238826 -0.78099286
v -0.00270793 -4.11607456 -0.85421639
v -0.84479117 -3.7993021 -0.41924676
v -0.98699128 -3.8603177 -0.3178918
v 0.70304602 -3.65563368 -0.03143802
v 0.57472986 -3.94920921 0.07075598
v -0.55365526 -3.78165626 -0.82391154
v 0.13499783 -3.91074585 0.1722829
v -0.42375835 -3.67221427 -0.84193408
v 0.6227414 -3.89765 0.16324518
v -0.69156545 -3.65936231 0.09092748
v -0.64769482 -3.69261741 0.11772532
v 0.90255105 -3.82844638 -0.06028539
v 0.86400693 -3.63952755 -0.42215627
v -0.64932525 -3.6177442 0.01093985
v 0.16540709 -3.79571652 0.18760605
v 0.76472163 -3.41814589 -0.23684983
v -0.7465642 -4.13975238 0.11333327
v 0.70709145 -3.45536518 -0.59456831
v 0.65546989 -3.96340203 -0.89904725
v -0.03128349 -4.40544843 0.17567344
v -0.10488061 -3.66454529 -0.87664699
v 0.06974083 -3.71418952 -0.87160879
v -0.30355721 -4.0464878 0.18489663
v 0.82589733 -3.53118062 -0.29878687
v 0.1332339 -3.49086642 -0.8893004
v 0.82868981 -3.77035379 -0.01952477
v -0.47309339 -3.91175985 0.07064241
v 0.65837073 -3.62883782 -0.67429548
v -0.68243849 -3.34945488 -0.27378243
v 0.57599663 -3.58225107 -0.74354612
v 0.1968168 -3.51314616 -0.85852915
v -0.37936013 -4.17975282 -0.87775963
v -0.36030194 -4.24821043 -0.8917377
v 0.29956817 -3.51376509 -0.855551
v -0.44898444 -3.23766255 -0.45716753
v -0.13990475 -4.1597948 -0.90186983
v 0.52249181 -3.880234 0.20062898
v 0.5034812 -4.19349336 -0.87847483
v -0.41628396 -3.20454955 -0.47681909
v 0.35372731 -4.15756321 -0.87564092
v -0.67692124 -3.73969435 0.07463309
v -0.88802927 -3.65777254 -0.17495794
v 0.04106437 -4.01958608 0.14158727
v -0.55560058 -3.2769792 -0.39854258
v -0.74241626 -3.54709601 -0.44437179
v -0.74814873 -3.71600508 -0.00452191
v 0.36815658 -4.47277498 0.22656388
v -0.82177329 -4.19274091 -0.78656929
v 0.49848878 -3.23667216 -0.47875267
v 0.93878114 -4.04793691 -0.21304102
v -0.86097693 -4.23667097 0.06553298
v 0.55117821 -3.64114522 0.10604612
v 0.1120731 -3.92091345 0.25160858
v -0.81499505 -4.01700353 -0.06059213
v -0.8690288 -4.11601352 -0.03466211
v -0.20719604 -3.85646224 -0.86853057
v 0.31137788 -3.91219949 0.19375306
v 1.03370153 -3.914222 -0.32940933
v 0.34538573 -3.89701581 0.14737311
v -0.93377453 -4.22858572 0.06297693
v 0.17464874 -3.91818618 0.15906928
v 0.13796819 -4.13057899 -0.86394655
v 0.8957389 -3.94802308 -0.22058349
v 0.24742148 -3.44008278 -0.74100625
v -0.31722474 -3.48571777 -0.880759
v 0.0310597 -4.22847032 -0.84006667
v 0.73994445 -4.10021925 -0.8351925
v -0.41967237 -3.31008195 -0.72270029
v -0.37815827 -3.27672028 -0.650702
v -0.29582995 -3.46446299 -0.90267753
v 0.80308735 -3.95657515 0.11130345
v -0.16690166 -3.49227595 -0.81473016
v -0.88591349 -4.1042881 -0.62514525
v 0.73029828 -4.24193763 -0.83741563
v -0.8785032 -4.15206193 -0.66153895
v -0.17465686 -4.23511457 -0.8560757
v 0.37434402 -4.0049076 -0.87155705
v 0.10634029 -3.83804941 0.17243166
v -0.49913814 -3.49379372 -0.8020299
v -0.74873524 -3.53282785 -0.35554575
v -0.52540463 -3.54670953 -0.80532097
v -0.49132829 -3.89267587 0.17600265
v 0.74058544 -3.69348692 0.02687978
v 0.73106789 -3.76887249 0.0228331
v 0.82002949 -3.58039212 -0.49525573
v 0.87828809 -3.59910512 -0.3624525
v -0.60173016 -3.62012767 -0.74021387
v -0.9603669 -4.04377126 -0.27468156
v -0.65773588 -3.6708951 -0.66925489
v 0.79099386 -3.5275619 -0.40844127
v -0.2131657 -3.52469873 -0.87715059
v -0.78977042 -3.72796511 -0.24545933
v -0.88861185 -3.70455551 -0.03909466
v 0.58471477 -4.20853328 -0.88895964
v 0.48667603 -3.45576238 -0.66175448
v 0.85575616 -4.05746889 -0.07637932
v -0.51358127 -4.05422925 0.12266872
v 0.86897116 -4.15467882 -0.02483209
v 0.3349047 -3.44912791 -0.86769509
v -0.83129638 -3.63873219 -0.04277805
v 0.26338937 -3.47970247 -0.88912063
v 0.83557689 -4.23028802 -0.64198827
v 0.04085375 -3.64110636 -0.90003401
v -0.35917222 -4.07354831 -0.82524985
v 0.45084789 -3.47909951 -0.84577906
v -0.37011492 -3.55452084 -0.88042199
v 0.20064105 -3.5386753 -0.94271916
v 0.55202812 -3.63300871 -0.75003427
v -0.89932149 -4.15282583 -0.68058234
v 0.38269528 -4.15162229 0.13836778
v -0.98104 -4.17465734 -0.61785757
v 0.7293396 -3.4937632 -0.58070808
v -0.76703172 -3.68144488 0.0537562
v -0.56259942 -3.2914195 -0.51620793
v -0.57941687 -3.32462382 -0.52450496
v -0.76016402 -3.62810564 0.03511565
v 0.76218831 -4.32703304 0.14008896
v 0.59060269 -3.74552941 0.04862029
v 0.65603601 -3.99520969 -0.75295513
v 0.55012244 -3.30145955 -0.54541456
v -0.8641358 -3.65443849 -0.23974257
v -0.09968655 -3.9246416 -0.83104586
v 0.2528406 -3.54198288 -0.87193018
v -0.91444015 -3.85015654 0.01660827
v -0.40587544 -3.79079484 0.14929474
v -0.48733356 -3.76877689 0.1790508
v 0.73009091 -4.17545509 0.05907906
v -0.37187677 -3.81226015 0.13790836
v 0.76463609 -4.09607219 0.00241477
v 0.47246924 -3.73730301 0.16004356
v 0.82575112 -3.88024711 -0.18262612
v 0.25932246 -3.91194057 -0.95732641
v 0.93944865 -3.78708648 -0.34090444
v 0.66710573 -3.59588456 0.09664498
v 0.48222351 -3.93054938 0.1590721
v -0.98715972 -4.26421451 -0.17446146
v 0.60032266 -3.98911905 0.15871606
v -0.98649323 -4.27018547 -0.19959348
v 0.41725048 -3.98926353 0.17799244
v -0.64698541 -3.74533104 0.07211381
v -0.16958995 -3.92310452 0.14124645
v -0.37853348 -3.87444114 0.10917534
v 0.61705857 -3.46531391 -0.68698167
v -0.63278806 -3.39745283 -0.66291886
v 0.22437536 -3.57655596 -0.8233186
v -0.47501632 -3.60546016 -0.84562015
v 0.08274781 -3.61606526 -0.83401137
v 0.01359951 -3.30610227 -0.70356041
v -0.1558386 -3.50531506 -0.76881158
v -0.45310315 -3.70159745 -0.86099153
v -0.84583002 -3.86519408 -0.31153753
v -0.58912789 -3.79652595 0.11043885
v -0.55159527 -3.49532675 -0.73898136
v -0.66028338 -3.86604619 0.17693604
v -0.99555683 -4.14627885 -0.59202146
v -0.66618049 -3.34424233 -0.52641665
v -0.81155282 -3.61513018 -0.37776711
v 0.84969759 -3.92439341 -0.31896635
v -0.31498238 -4.22221899 -0.9367426
v 1.03209066 -4.16952037 -0.29577824
v -0.8202598 -4.07616806 -0.02703383
v -1.022107 -4.12465429 -0.44011071
v 0.11154987 -3.79434132 0.13725431
v -0.69145292 -3.89294576 -0.80868047
v -0.14991481 -3.82254433 0.15686325
v -0.9157322 -3.96996641 -0.4140923
v 0.57550358 -3.71102333 -0.81167709
v 0.7084155 -3.71467971 0.05476868
v -0.57362836 -4.08623504 -0.80394375
v -0.83996415 -4.03330802 -0.65521544
v -0.81269598 -3.5502274 -0.2747128
v -0.81693446 -3.51863384 -0.12421173
v -0.63324606 -3.44637131 -0.61907804
v 0.84832727 -3.58579254 -0.39979788
v -0.89570152 -3.72732091 -0.1903477
v -0.27034393 -3.2985754 -0.70110583
v -0.13157971 -3.81913065 0.18204535
v -0.58046269 -3.77762794 0.11971858
v 0.34348085 -3.43538761 -0.80480212
v -0.62119031 -3.83490037 -0.74011665
v 0.89427381 -4.03983783 -0.16159427
v -0.52522438 -3.68372345 0.11246851
v -0.41259142 -3.75633692 0.06187891
v -0.65822339 -3.55652809 0.06940435
v -0.02782616 -3.95805382 -0.95035702
v 0.80226248 -3.86790561 -0.687119
v 0.40932029 -3.24591445 -0.66136932
v 0.29819008 -3.50372743 -0.82427656
v -0.35574382 -3.8982439 0.17655438
v -0.4094181 -3.78791356 0.05887911
v 0.99264168 -3.79271388 -0.29814079
v -0.26447159 -3.91232132 0.18326248
v -0.17791342 -3.84179425 0.17457357
v -0.17796608 -3.82017087 0.16283634
v -0.38823285 -3.95356679 0.18944731
v -0.81290984 -4.37758922 0.11533854
v 0.10942625 -3.76929163 0.12919317
v 0.27763295 -4.18861818 -0.91980218
v 0.12520749 -3.77495741 0.11930453
v 0.92362982 -3.65978241 -0.11971105
v 0.63156461 -3.80918192 0.185198
v 0.42202284 -3.60990548 -0.89251935
v 0.39126849 -3.66431951 -0.82689482
v 0.55905211 -3.8189516 0.12619528
v -0.02601117 -3.97397708 -0.96037167
v -0.45896428 -3.92454648 0.11496122
v -0.17086303 -3.95520567 -0.99436569
v -0.39953783 -3.91086792 -0.78930741
v -0.27342233 -3.27468729 -0.68645691
v -1.03696668 -4.2091937 -0.30134424
v -0.59097534 -4.01578235 0.07024835
v 0.84624576 -3.72625899 0.00261199
v -0.93818777 -3.75911021 -0.18648989
v 0.67669165 -3.5394783 -0.72408497
v -0.59137493 -3.49712872 -0.62380302
v 0.76272475 -3.62270283 -0.10752046
v 1.0405389 -4.22447443 -0.20301553
v 0.78693151 -3.88824415 0.02024339
v 0.81448549 -3.5210917 -0.32653754
v 0.30282539 -3.49478817 -0.77698963
v -0.81658059 -4.26561212 -0.78063821
v -0.73204112 -3.59683466 -0.58697736
v -0.72214818 -3.47697687 -0.62097448
v 0.83445584 -3.64621853 -0.20872335
v 0.16316144 -3.57241296 -0.90769964
v -0.72698229 -3.45033884 -0.58699882
v -0.40390944 -3.49349236 -0.89398556
v 0.70369082 -4.23824644 -0.89474439
v -0.19157038 -3.5259149 -0.84950465
v 0.23697109 -3.88974428 0.22389571
v -0.71724069 -3.63411498 0.01956794
v -0.08427266 -3.96787095 0.08697947
v -0.50384539 -4.32038259 0.11694729
v -0.81902593 -3.63999605 -0.10974098
v 1.04397141 -4.23218298 -0.26699334
v 0.8765819 -3.5877695 -0.16277696
v -0.74274742 -3.79420018 0.09166377
v 0.67955386 -3.52690219 0.02892183
v -0.78358274 -3.81814742 0.12769249
v -0.82385456 -4.02451133 -0.60581451
v 0.00062327 -3.58957839 -0.90478271
v 0.10040178 -3.76490807 0.25375732
v -0.23982073 -4.01201486 0.12096369
v 0.76124632 -3.55417013 -0.5591706
v -0.7829746 -4.0811696 0.06400933
v 0.26689666 -4.24651575 -0.87048494
v 0.73232758 -3.64558315 -0.65768355
v 0.51087611 -4.39444923 0.15688677
v -0.79862201 -3.62662005 -0.35914072
v 0.6903935 -3.65824794 -0.72342389
v 0.17219513 -3.80237102 0.20653516
v -0.40828156 -3.78744459 0.18070447
v -0.34151056 -3.81973195 0.16518162
v -0.44577494 -3.79128122 0.1826933
v -0.71439808 -3.56661772 -0.16762107
v 0.70720744 -3.62832188 0.050111
v -0.80806887 -3.68845033 -0.05794301
v 0.04889108 -3.5199275 -0.87470996
v -0.78838533 -3.69247698 -0.05846934
v -0.91808384 -4.05907917 -0.11854367
v -0.58098644 -3.5851736 -0.79386258
v -0.96410471 -4.13877248 -0.13307479
v 0.58813214 -3.63568759 0.07467795
v 0.64488172 -4.02584028 0.10098369
v 0.83767318 -3.59069538 -0.43296846
v -0.87941944 -4.03730535 0.157637
v -0.72690737 -3.4758656 -0.55224347
v -0.92829239 -3.99191474 0.09440341
v -0.75877898 -3.45112872 -0.58596479
v 0.48837122 -3.86527371 0.14644135
v 0.07182619 -3.55156254 -0.87672591
v 0.06019899 -3.57404422 -0.86575102
v -0.46286514 -3.87774038 0.13150999
v -0.58561927 -3.56106066 -0.69733279
v -0.54125464 -3.57910251 -0.74897611
v 0.7502284 -4.25176334 -0.8226698
v -0.06886885 -3.89781546 -0.95168083
v 0.37710991 -3.87118339 -0.85332709
v 0.39275896 -4.1819868 0.1046058
v 0.51101762 -3.28762245 -0.57712614
v -0.1191793 -3.47841692 -0.84294515
v 0.51216924 -3.26707744 -0.58201944
v -0.78614413 -3.4750936 -0.54901129
v -0.88161027 -3.63604354 -0.24451468
v 0.68333053 -3.56174182 -0.03946608
v 0.8611412 -4.39222145 0.07003951
v -0.84977996 -3.65303731 -0.30576515
v 0.83486443 -4.37668037 0.0743088
v 0.71938091 -3.59813547 -0.45066753
v 0.45459514 -3.76643681 -0.90065741
v 0.72428643 -3.48397612 -0.52677339
v 0.72418636 -4.00952816 -0.83759373
v 0.65621453 -3.33141946 -0.4195055
v 0.38129448 -3.22872519 -0.59206301
v 0.25281986 -3.29145836 -0.68457031
v -0.09446114 -3.87130284 0.14524012
v 0.52726602 -3.31069493 -0.43313622
v -0.20408546 -3.88166523 0.14119747
v -0.27044931 -3.85660433 0.13539776
v 0.37046963 -3.53353762 -0.83520555
v 0.80863279 -3.61587524 -0.07991102
v 0.01022018 -3.85538888 -0.82082766
v 0.33230823 -3.78530287 0.17084373
v 0.67105597 -3.43732285 -0.52265167
v -0.75906217 -3.5364449 -0.48426693
v 0.29445663 -3.80305957 0.17152811
v 0.51326406 -3.97558951 -0.81291395
v -0.48184964 -3.91682767 -0.78396755
v -1.0029174 -3.87804603 -0.35766825
v 0.62107944 -3.56664824 -0.6340965
v -0.19539508 -4.00298261 0.08250401
v 0.87988704 -3.60989975 -0.33089292
v -0.42073279 -3.46498513 -0.83303391
v 0.65773487 -3.55757737 -0.70666891
v -0.09603206 -3.5508573 -0.91592896
v 0.56656748 -3.53032565 -0.73190897
v -0.18462155 -3.55371141 -0.91096466
v -0.67195445 -3.37723183 -0.42815613
v -0.81984126 -3.68560767 0.04651537
v 0.08794833 -3.60888099 -0.93726271
v -0.49046802 -4.19717931 -0.84258717
v -0.56903469 -3.53869319 -0.83554405
v -0.73553657 -3.80802178 0.062479
v -0.98871952 -4.05480098 -0.24736549
v 0.12222158 -4.06225347 0.19925971
v 0.53095144 -3.8152318 0.10809721
v -0.18855333 -4.0492506 0.18607544
v -0.73352307 -4.15411043 -0.83471381
v -0.72546809 -4.00643587 -0.70711416
v 0.11907789 -4.31226778 0.19922915
v -0.65042662 -4.26582622 0.1105211
v 0.01219507 -4.14682149 0.17378024
v -0.65810668 -3.57644796 -0.6076526
v -0.52792638 -3.83286404 0.1377387
v -0.24625365 -4.31302261 -0.86579108
v -0.49783435 -3.87471151 0.14847874
v 0.43445196 -3.93387532 -0.80722194
v 0.32954865 -3.41255593 -0.84702712
v 0.57947284 -3.9050343 -0.82685238
v 0.402098 -3.36371421 -0.79912662
v -0.32576808 -4.27800703 -0.93033283
v -0.48032766 -4.15487909 -0.86801695
v 0.16493794 -3.250041 -0.6073789
v -0.36336049 -3.90548253 0.18734708
v 0.44234186 -4.43735075 0.19111813
v 0.20373661 -3.84413409 0.1470883
v -0.74603116 -4.25849056 -0.83715403
v 0.17087465 -3.7985239 0.18311478
v -1.00460135 -4.26265478 -0.02519751
v -0.14430962 -3.92455267 0.19467254
v -0.11256567 -3.93968486 0.23445393
v 0.19563892 -3.78645134 -0.83039659
v 0.17153006 -3.71833109 -0.97425824
v 0.18182662 -4.27694034 -0.87818354
v 0.62525761 -3.73053574 0.15920245
v -1.05851352 -4.1671853 -0.51904511
v 0.74371278 -4.13679838 -0.7683202
v -0.00659776 -3.49762058 -0.84579455
v -0.33926487 -3.91199564 0.07673303
v -0.3445042 -4.30057191 -0.89793467
v -0.21913707 -3.36461901 -0.62574142
v -0.41618499 -3.82378125 -0.88681089
v 0.10698121 -3.58377504 -0.87187564
v -0.70263278 -3.49675798 -0.52571135
v 0.71443271 -3.91277456 -0.80498313
v -0.92851078 -3.86241912 -0.57452875
v -0.74839443 -3.81444072 -0.67263782
v -0.1726211 -3.72946691 -0.94160711
v 0.74246025 -3.92734837 -0.84145766
v -0.08376518 -4.26302766 -0.87434774
v 0.73716294 -3.9953916 -0.85611659
v -0.16062632 -4.25136852 -0.89610391
v -0.80697119 -3.55084848 -0.5597763
v -0.62357908 -3.34011769 -0.29653823
v 0.43309584 -3.44461011 -0.78063809
v -0.63328737 -3.38650369 -0.32364669
v 0.40887108 -3.53163456 -0.83194553
v -0.70515263 -3.81482052 0.13456906
v -0.25105556 -3.71383237 -0.84075135
v 0.78665298 -3.569458 -0.46071568
v 0.1678538 -3.96261453 0.12892805
v -0.54200029 -3.82024288 0.0926183
v 0.2792246 -3.89174747 -0.86934137
v 0.18511395 -3.84382081 -0.87157893
v -0.1439502 -3.79168248 0.24031803
v -0.42905503 -4.41103506 0.13484153
v 0.45786824 -3.59594512 -0.84696596
v -0.81927317 -3.71437835 -0.1470188
v -0.7374739 -3.48552155 -0.53324747
v 0.3436717 -3.70584702 -0.95928913
v -0.74873459 -3.53428936 -0.06854683
v 0.86274129 -3.61764192 -0.32381346
v -0.54498761 -3.86087584 -0.87285649
v 0.90090853 -3.89293718 -0.50561684
v 0.6507073 -3.35349035 -0.23526543
v -0.28562462 -4.29291486 -0.91320711
v 0.68186646 -3.39496684 -0.17221777
v -0.36083629 -3.88488197 -0.92641979
v 0.64532381 -3.87087535 -0.89379322
v -0.48424246 -3.30963134 -0.60961097
v -0.70067834 -3.89095974 0.04738809
v 0.70285534 -3.70212459 0.05504215
v -0.72745001 -3.82801127 0.02123751
v -0.16220617 -3.54892396 -0.93492978
v 0.45973092 -4.05735826 0.20785172
v -0.33575075 -3.57209467 -0.79146945
v 0.99576407 -3.9004457 -0.37255543
v -0.47546446 -3.52384448 -0.72725236
v -0.489014 -3.21591997 -0.46210676
v 0.28252688 -4.12582826 0.14502392
v -0.48412203 -3.23140168 -0.44760811
v 0.64471596 -4.16218662 0.12450079
v -0.19712667 -3.86712789 0.11527846
v 0.69664073 -3.85023188 0.09324245
v 0.02835827 -4.1441884 0.1328029
v 0.14482894 -4.28692865 -0.85102677
v 0.02496619 -4.05787086 0.11014661
v -0.10191938 -4.31586265 -0.80938774
v 0.60055542 -4.09700822 -0.85959696
v -0.82130426 -3.86132621 -0.67206543
v -0.48118522 -3.73767161 -0.81053704
v 0.57669514 -3.8854072 -0.76734113
v 0.38124716 -3.99404883 -0.82858055
v 0.40786758 -3.25435972 -0.63743442
v -0.88315981 -3.85781288 -0.60025256
v 1.04382717 -4.20304632 -0.33437764
v 0.11114307 -3.49527835 -0.86212176
v -0.31866359 -3.57499551 -0.8571611
v -0.65587806 -3.31625509 -0.41391357
v 0.21028304 -4.08336401 -0.87187731
v 0.54242897 -3.44140124 -0.79716944
v 0.75176996 -3.97942137 -0.68588197
v 0.75291234 -4.01723146 -0.71592074
v 0.74066036 -3.54624486 -0.49999836
v 0.39159169 -3.89352941 0.13881364
v 0.74184262 -3.47423028 -0.60106331
v 0.52795136 -3.86691188 0.12458847
v 0.80356288 -4.10887479 -0.59568554
v -0.8682062 -3.76927089 0.00974649
v -0.30658835 -3.57080268 -0.89869576
v -0.91825467 -4.24446249 0.03989364
v 0.85869813 -3.77601432 -0.29802635
v 0.12961874 -4.0335741 0.0996269
v -0.63150769 -3.61992192 0.05394442
v -0.53254538 -3.5358448 -0.76790595
v 0.14836442 -3.80375337 0.19341372
v 0.67920357 -4.37628221 0.15691323
v -0.81928229 -3.88681101 0.1493411
v -0.11471889 -3.80741572 0.17686469
v 0.85012632 -3.84159541 -0.58489394
v -0.13823844 -4.10747146 -0.84769302
v -0.84095966 -3.61155009 -0.45981714
v 0.16175095 -3.80283546 0.18192377
v -0.88017529 -3.68059659 -0.45670115
v 0.37643536 -3.59033775 -0.90244501
v 0.80181455 -4.19811964 0.07505571
v -0.46461609 -4.23233366 -0.85412609
v 0.13488932 -4.11526012 -0.90781313
v -0.5009551 -4.19238519 -0.86960917
v -0.48796767 -3.67109155 -0.80616319
v 0.12346971 -3.46320152 -0.86887157
v 0.76379543 -3.75485491 -0.11174433
v 0.77447611 -3.47686314 -0.24449122
v -0.51834392 -3.76514792 0.12855136
v -0.71406596 -3.99621844 0.01709677
v -0.15256428 -3.39240169 -0.77200323
v -1.00995552 -4.18431615 -0.56315642
v -0.66862207 -3.38457536 -0.17080585
v -1.03638362 -4.22500801 -0.54390031
v 0.79493755 -3.48970723 -0.43445727
v -0.75951767 -3.44363093 -0.15195895
v -0.73875391 -3.43250346 -0.23690496
v -0.8683235 -3.58616018 -0.40214407
v -0.02305914 -3.57186722 -0.88107734
v 0.50673574 -4.26989221 0.16148431
v 0.81128001 -4.09149932 -0.05978905
v -0.0599227 -3.89716053 -0.87100511
v -0.0106445 -4.43717718 0.18309636
v 0.81457793 -3.90782928 -0.66101294
v -0.50016772 -3.30257535 -0.65985357
v 0.39207819 -3.7893455 0.18564999
v -0.75915461 -3.54573988 -0.23328152
v 1.06349492 -4.25551128 -0.26275011
v -0.64996701 -3.33238387 -0.3756622
v 0.59820616 -3.29811453 -0.50508332
v 0.88664013 -3.53912758 -0.20338727
v -0.81176632 -3.77945971 0.02890416
v -0.52714061 -3.81866741 -0.88075804
v -0.46154406 -3.85192656 -0.90527403
v -0.94588965 -3.99017238 0.0995386
v -0.79878896 -3.80838751 -0.14923933
v 1.03654491 -3.88064026 -0.23586271
v -0.87504315 -3.98404908 -0.53199124
v 0.21591788 -4.26193189 0.19238886
v -0.75704586 -3.64321398 -0.56761795
v -0.73542392 -3.53659391 -0.01629571
v 0.95048296 -3.83744812 -0.44374188
v 0.47544601 -3.26334667 -0.46659877
v 0.44266912 -3.55785203 -0.87284475
v 0.44225162 -3.22503757 -0.49498799
v 0.42371255 -3.54475021 -0.85072612
v 1.02273356 -4.19986963 -0.43362623
v 0.58649748 -3.55542421 -0.67200368
v 0.17646174 -3.99360799 0.2199548
v -0.45827424 -3.5392692 -0.86167639
v 0.38479527 -4.0063467 0.08431433
v 0.05862701 -4.0199356 0.21828514
v 0.40299361 -4.095932 0.0878954
v -0.8071745 -3.54915714 -0.32391098
v 0.23477158 -3.33168458 -0.77178865
v 0.72005081 -3.95580577 0.14363861
v -0.61036539 -3.49111747 -0.72528916
v -0.12433891 -3.86434841 0.19659659
v -0.85158133 -3.51936292 -0.30466836
v 0.32540893 -3.4629364 -0.90460813
v -0.59921824 -3.93432879 -0.81363827
v -0.53978484 -3.44106602 -0.8045662
v -0.20660534 -3.54565095 -0.87920308
v -0.52111828 -3.45459246 -0.78215968
v 1.02550673 -4.09767055 -0.2858231
v 0.91179889 -3.62187671 -0.28094688
v -0.57086086 -3.70119619 0.05557817
v 0.79045838 -4.40196466 0.12845322
v -0.09351065 -4.02479219 -0.87984061
v -0.68489664 -3.54284071 -0.67123067
v 0.65574491 -3.68776226 0.03102885
v 0.51217252 -3.67949795 -0.87746614
v 0.70287394 -4.24750518 0.14096294
v 0.52648252 -3.39475965 -0.67568498
v -0.65663093 -3.95525693 -0.79657459
v 0.60127961 -4.15141773 -0.87951874
v 1.06696665 -4.24355649 -0.35751217
v -0.87646102 -3.9441874 -0.20319461
v 0.47328516 -3.62470173 -0.79951101
v 0.84665852 -3.57090115 -0.23442152
v 0.00944421 -3.64063429 -0.83273243
v -0.17151196 -3.42609214 -0.69378793
v -0.41937139 -4.25350046 -0.90801882
v -1.06788325 -4.17113065 -0.37824001
v -0.67727273 -3.32684516 -0.39088922
v 0.0230685 -3.80081892 -0.86191654
v -0.66731905 -3.97993207 -0.74314183
v 0.02772872 -3.43100428 -0.83647739
v -0.67562758 -4.04958057 -0.76748889
v -0.04978071 -3.43172144 -0.84470969
v 0.78472501 -3.73537063 -0.05334155
v 0.23099054 -4.13718795 -0.87826299
v -0.43497797 -4.0317049 0.18821591
v 0.1575797 -3.90378379 -0.87644797
v 0.54173958 -3.79057431 0.10192159
v 0.63593423 -3.32952022 -0.5423721
v 0.39956241 -3.79372954 0.16602663
v 0.06518556 -3.33182644 -0.69091326
v 0.50383091 -3.78027963 0.19594837
v -0.19870594 -3.86991763 0.20295378
v 0.43453767 -3.80234503 0.1497378
v 0.44885361 -3.77970171 0.15546177
v -0.30669006 -3.43282318 -0.85695922
v -0.53278434 -3.77505469 0.15303841
v -0.11898023 -3.33375382 -0.62362343
v -0.49415665 -3.78605604 0.03824978
v 0.45376759 -3.67183256 0.10951948
v -0.48071336 -3.82209754 0.04663481
v -0.27439126 -3.83771657 0.11725633
v -0.58583557 -3.6308403 0.1150266
v -0.78098619 -4.31972694 0.12862318
v 1.00401699 -4.14978265 -0.19016425
v 0.21718542 -3.81816148 0.22467882
v -0.11157787 -3.86721539 0.15438137
v 0.38785871 -3.87836527 -0.81219238
v 0.78795611 -3.75778198 0.06332323
v 0.24847558 -3.79368042 -0.82944136
v 0.76438158 -3.5642414 0.00916588
v 0.52198803 -4.1537795 -0.90611386
v 0.94565695 -4.07217788 -0.45252406
v 0.47391364 -4.00301122 -0.86148774
v 0.87954849 -4.0462346 -0.5216822
v 0.50793552 -4.0917797 -0.89330858
v -0.79090839 -3.86645746 -0.47732925
v 0.30573481 -4.15259313 -0.91956484
v 0.18309144 -3.69560122 -0.88027703
v -0.67546391 -4.19630003 -0.85881966
v -0.87052607 -3.72168207 -0.06761171
v -0.38570106 -3.43571925 -0.84284025
v 0.86190933 -3.54536724 -0.24849472
v -0.5955187 -3.53907394 -0.78850853
v -0.60467004 -3.3328526 -0.47643163
v 0.264914 -4.48996114 0.21129094
v -0.61464804 -3.29516553 -0.46733531
v 0.23830851 -4.50192642 0.19802336
v 0.6000936 -3.59421134 -0.76033479
v -0.09454255 -3.78763151 0.23284427
v 0.26317098 -3.93267941 0.17484416
v 0.81113791 -3.78583693 -0.33138674
v 0.03662208 -3.86031055 0.25577008
v -0.09464757 -4.02747678 -0.8385998
v -0.24541543 -3.94611311 -0.85167461
v 0.96673041 -3.81435298 -0.30809637
v 0.80712199 -3.61486887 -0.40764528
v -0.11443007 -3.92166781 0.24552606
v -0.58603036 -3.84264278 -0.81574612
v 0.59565633 -3.42393636 -0.72130185
v 0.65233707 -3.54413032 0.06292495
v 0.93993884 -3.88803863 -0.05488042
v 0.87054401 -3.74000287 -0.08975497
v 1.00941741 -4.287714 -0.18428969
v -0.64881926 -3.96461319 0.08995602
v -0.85530871 -3.6212151 -0.32947024
v 0.65911954 -3.53756809 -0.53186315
v -0.65279716 -3.4940288 -0.7599771
v 0.73961836 -3.65643882 -0.45332166
v 0.02512477 -3.5219891 -0.77898544
v 0.73930841 -3.76165652 0.12261831
v -0.95984613 -3.97170066 0.05755285
v 0.69095522 -4.07712221 0.08974805
v -0.83315235 -3.7275269 -0.54636246
v -0.42925503 -3.89977288 0.15178106
v 0.46673455 -4.1752963 -0.9028455
v -0.90709817 -3.8467319 -0.03816518
v 0.78261065 -3.56051349 -0.56190359
v -0.99446392 -4.20100736 -0.6084631
v -0.050946 -4.38320112 0.2006744
v 0.60694986 -4.1564784 -0.92003649
v -0.68346178 -3.79658198 0.1739479
v -0.78551536 -3.71231007 -0.28908592
v 0.2109203 -4.34506273 0.17339381
v 0.39379131 -3.50555706 -0.83241105
v 0.63001757 -3.83615994 -0.77470034
v 0.77575832 -3.83044123 -0.07065834
v 0.62058341 -3.3558731 -0.30034104
v 0.30400982 -3.88069486 0.14451818
v 0.84208077 -3.55768346 -0.21048718
v 0.6834113 -3.42825651 -0.12009605
v 0.22333979 -3.88474392 -0.97386544
v 0.72041213 -4.03225374 0.02313609
v 0.83300989 -4.14417123 -0.65715599
v -0.62474179 -3.94837975 -0.75990992
v 0.5832259 -3.48614335 -0.73108339
v 0.81713116 -4.23989057 -0.64685928
v 0.53946149 -3.54654789 -0.78923541
v 0.74293893 -4.18691968 -0.80660986
v -0.06306763 -3.81162166 0.17928104
v -0.46477589 -3.58253669 -0.78187549
v -0.12858814 -3.47711014 -0.89046579
v -0.47800603 -3.31669068 -0.49167352
v -0.77730757 -3.71749901 0.00977928
v -0.18666806 -4.20600986 -0.90904492
v -0.79155629 -3.54863619 -0.38282167
v -0.76019108 -3.56547856 -0.37193584
v -0.66004347 -3.37466502 -0.59748596
v 0.20255686 -3.54925847 -0.94427114
v 0.5753929 -3.27519464 -0.41795566
v 0.89534747 -4.00600099 -0.26848661
v 0.90338122 -4.00969028 -0.31846642
v 0.06273994 -3.93094706 0.14771775
v 0.41182446 -4.40862941 0.22327849
v -0.76361316 -3.52447629 -0.50862926
v -0.26112982 -4.01895189 -0.81882095
v 0.51450723 -3.75785136 0.13463462
v 0.23563896 -3.48376154 -0.86139339
v 1.04385852 -4.13592767 -0.35865208
v 0.31773057 -3.4879961 -0.84181886
v 1.01417708 -4.12220716 -0.40590438
v 0.47955569 -3.89723205 0.12084304
v -0.96588981 -3.78790164 -0.39078331
v 0.02641935 -4.23071909 -0.88414526
v -0.74303913 -3.92389607 -0.01483834
v -0.98734599 -3.86008405 -0.24430735
v -0.32532769 -3.46675944 -0.8716157
v 0.73998606 -3.76404023 -0.61114275
v 0.75188559 -3.99369669 -0.60414576
v -0.7039141 -3.42625379 -0.07398175
v 0.76961368 -3.92039012 -0.52759045
v -1.06798744 -4.15567684 -0.47415494
v 0.11489219 -4.29662895 0.1608375
v -1.05163669 -4.12146186 -0.43939396
v 0.79283928 -3.55422043 -0.0908859
v 0.90210914 -4.25838375 0.00444279
v 0.36450693 -4.22622203 -0.88353657
v 0.71034789 -3.66032171 -0.63662391
v 0.82200211 -3.63915872 -0.50726026
v -0.83059716 -3.50490021 -0.34725096
v 0.81067359 -3.69173121 -0.03970433
v 0.59423345 -4.07874345 0.11836026
v 0.33244618 -3.32914471 -0.62369883
v 0.38618344 -3.35656237 -0.62403327
v -0.87072074 -3.69939088 -0.00692377
v -0.79098206 -3.48171353 -0.10547538
v 0.33961439 -3.89979839 -0.93777245
v 0.41589465 -3.86055874 -0.93212986
v 0.16795976 -4.09867668 0.21821373
v 0.4509415 -3.87736511 -0.93353664
v 0.6418811 -3.69259381 -0.74448406
v 0.49884837 -3.86803412 -0.92719984
v -0.58991348 -4.13268518 0.08941679
v 0.50111168 -3.93806839 -0.84831786
v 0.6687954 -3.44881105 -0.25770953
v -0.69179379 -3.78524923 0.02835245
v 0.36772385 -3.23741769 -0.54585427
v -1.02328205 -4.12392473 -0.35619115
v -0.06326532 -4.29090833 -0.84888565
v 0.08470795 -3.4581027 -0.80923014
v 0.0960342 -4.28720998 -0.85099184
v 0.0839115 -3.55496263 -0.92106115
v -0.55813062 -4.40759611 0.1104404
v 0.94448012 -3.99908518 -0.31829038
v 0.65492612 -4.13487625 -0.91444069
v 0.45491004 -3.77327108 0.20141889
v -0.41183257 -3.19814729 -0.49484133
v 0.57172161 -3.53844595 -0.82525771
v 0.91537219 -4.33611965 0.0003134
v -0.91378867 -4.17891216 0.05095159
v -0.02881974 -3.93151426 0.23145328
v -0.64857697 -3.33706212 -0.42514687
v -0.76724886 -3.55008482 -0.44995576
v -0.32804653 -3.78029465 -0.8231399
v -0.88707292 -3.72127127 -0.51345056
v -0.31623828 -4.02569007 -0.85509145
v 0.428898 -3.76805162 0.15687319
v -0.39938697 -4.08103799 -0.86091291
v -0.35951712 -4.22752094 -0.93931192
v 0.65660119 -3.66138482 0.08532469
v -0.73995739 -3.49763298 -0.06761765
v 0.89507865 -4.08796644 -0.45832234
v -0.77528518 -3.92330908 0.01869352
v 0.89863228 -4.12175512 -0.47796112
v 0.70824122 -3.91849446 -0.7106508
v -0.1374554 -3.56903076 -0.90944033
v 0.61342316 -3.74992609 0.162882
v 0.40536615 -4.44434595 0.22700268
v -0.4205895 -3.90022254 0.20130506
v 0.79361683 -3.93685102 0.02092337
v -0.54123508 -3.86912083 0.1930722
v -0.4563806 -4.17098283 -0.84172201
v 0.22160689 -3.68456745 -0.92349386
v 0.662395 -3.50654602 -0.60178768
v 0.20550543 -3.74639058 -0.93695116
v 0.88676554 -3.69686651 -0.31149473
v 0.84446895 -3.60189962 -0.43339896
v 0.66068196 -3.82048392 -0.86410331
v 0.82566332 -3.60933733 -0.38448551
v -0.82704871 -3.85672283 -0.37280467
v -0.96291643 -3.80039453 -0.44506812
v -0.41902253 -4.00561904 -0.82554328
v -0.71265643 -3.60808253 -0.70302134
v -0.73464018 -3.66155028 -0.70229232
v 0.59341526 -3.77359104 0.11178197
v 0.22127428 -3.29830288 -0.61973369
v 0.9091466 -4.1811285 -0.54659825
v -0.43034115 -3.55505299 -0.86339062
v 0.1868788 -3.81222033 0.09902423
v 0.15414357 -3.47855281 -0.89765733
v -0.82734394 -3.73600888 -0.04175605
v -0.83357548 -3.72027134 -0.0572863
v 0.4996688 -3.68514823 -0.80007696
v -0.03245637 -3.69050765 -0.87524312
v -0.25699436 -3.24788093 -0.55410808
v 0.83613878 -3.76304793 -0.16695614
v 0.87764382 -3.9282329 -0.39875656
v -0.87145835 -3.9604187 0.1537024
v -0.97128999 -3.88478922 -0.15994714
v -0.40123298 -3.840101 0.18992841
v -0.36845481 -3.38431215 -0.75005823
v 0.85539245 -4.24187278 -0.5891323
v 0.83096104 -3.93118262 0.09181482
v -0.96029198 -3.84768104 -0.14531457
v -0.78757977 -3.91774797 -0.65267491
v -0.65782564 -4.12594747 -0.84765297
v 0.37392041 -3.87378025 -0.96944373
v -0.66497373 -3.90212178 -0.77815318
v 1.01739192 -4.16323518 -0.36244487
v -0.23271702 -3.32327222 -0.72136402
v 0.13755254 -4.47636842 0.20539428
v 0.13570746 -4.48757553 0.19433283
v 0.71360671 -3.38234734 -0.32284042
v -0.11792635 -4.25036621 -0.83873957
v 0.75174373 -3.44947409 -0.29797673
v 1.05895006 -4.14866828 -0.31095367
v -0.7376706 -3.5280857 0.01861733
v 1.07022225 -4.1814742 -0.33719968
v 0.31367254 -3.30009222 -0.75027328
v 0.48956143 -3.788347 0.11626543
v 0.42746251 -4.25205993 0.12445106
v -0.85344284 -3.6197257 -0.37846025
v -0.31651264 -3.27044415 -0.5283631
v -0.77641367 -4.41146755 0.09789204
v -0.30201014 -3.31956529 -0.56330394
v -0.74508398 -3.77446985 -0.07170152
v -0.97000712 -4.31818437 0.04168082
v -0.22215659 -3.89550566 -0.82086062
v 0.77358752 -3.44541692 -0.19740963
v -0.21588274 -3.31088018 -0.75757134
v 0.89533907 -4.20013666 -0.51083529
v -0.68118101 -3.93448448 0.15843485
v -0.84623652 -3.90727329 -0.47820749
v 0.38458606 -3.51196169 -0.80981475
v 0.69705969 -3.48256063 -0.62927925
v -0.3162069 -3.74551892 0.10499129
v -0.20741941 -4.09661436 -0.83981871
v -0.83149558 -3.55157852 -0.2412524
v -0.88471126 -3.59214305 -0.29241168
v 0.50760155 -3.46153974 -0.80994409
v 0.6350944 -3.54705858 -0.69694125
v 0.8688395 -3.5792756 -0.41450327
v 0.59779101 -3.89580273 -0.8830887
v -0.10769139 -3.92094993 -0.99642938
v 0.52078914 -3.87578654 -0.91515779
v 0.86046308 -4.18882036 -0.61650776
v -0.9066596 -3.65192389 -0.22169889
v -0.50117301 -3.27656436 -0.51570242
v -0.87921679 -3.64189028 -0.26690891
v 0.7613818 -3.85865068 -0.03429001
v 0.84260666 -3.73908495 -0.2555862
v 0.67657548 -3.58701562 -0.70242387
v -0.63205045 -3.44101357 -0.70854961
v 0.31932127 -3.91300034 0.17402537
v -0.61953949 -3.66069626 -0.71413683
v -0.25452908 -3.75445199 0.11493849
v 0.1763591 -3.27279543 -0.67827665
v -0.58245116 -3.52774548 -0.72868573
v 0.15931132 -3.28204011 -0.69481831
v -0.23301371 -4.01303577 0.17117753
v 0.871068 -3.95126056 0.06292267
v 0.43690088 -3.26754736 -0.6820383
v -0.76112645 -3.42977643 -0.45061346
v 0.54921513 -3.74639177 0.10423599
v -0.30446809 -3.28174519 -0.72754603
v 0.26175406 -3.43884062 -0.86601108
v 0.61141508 -3.60760498 0.11382976
v 0.43967369 -3.29845666 -0.61200285
v -0.34050628 -3.67936611 -0.82617127
v 0.34485 -3.27912449 -0.64526045
v -0.34550854 -3.61475324 -0.81144219
v -0.64155721 -4.02500391 0.18981984
v -0.66059714 -4.07818651 0.11302679
v -0.62602704 -3.5572946 -0.73820996
v 0.27933079 -3.40500307 -0.78429019
v 0.83624905 -3.67585611 -0.08513006
v 0.24315294 -3.55740284 -0.904127
v 0.83971029 -3.70918822 -0.44337812
v 0.05264022 -3.95915937 -0.93579804
v -0.74717462 -3.64594698 -0.17619839
v 0.59929949 -3.36434364 -0.3748016
v -0.06428315 -3.51799774 -0.86338102
v 0.14436551 -3.85357976 0.17127959
v -0.60678225 -3.84745717 0.10247479
v -0.06454818 -3.52764391 -0.84088122
v -0.65061104 -3.81873202 0.08781458
v -0.0234037 -3.50746679 -0.87130326
v -0.60345673 -3.64953637 0.03716256
v -0.35161355 -3.54841947 -0.90894734
v 0.79389947 -3.78158259 -0.17210114
v 0.23566897 -4.10426521 0.21459062
v 0.42678013 -3.89949441 0.22238047
v -0.84808188 -3.7489345 -0.34954476
v -0.95915037 -4.17769289 -0.00046441
v 0.33025109 -4.34893035 0.21851283
v -0.90106314 -4.08065748 -0.05889058
v -0.12435863 -4.1800003 0.13885265
v 0.49447873 -3.82772469 -0.93238937
v 0.76186013 -3.66063928 -0.3413327
v 0.57293373 -4.17512702 0.09582316
v 0.02980332 -3.86549711 -0.86118298
v 0.70600789 -3.5855143 0.05101235
v -0.90982675 -4.03331041 -0.55412346
v -0.96861171 -4.05726957 -0.38288074
v -0.8470208 -4.0008068 -0.61078488
v 0.70262265 -3.98681402 -0.84613454
v 0.37085184 -4.06143856 0.21945442
v -0.15933673 -3.50673055 -0.87661528
v -0.13921162 -3.52341961 -0.86215829
v 0.79245704 -4.06247139 0.02622907
v 0.59055519 -3.86160945 0.17533744
v 0.16755612 -3.67971897 -0.83892434
v -0.72768026 -3.65399766 -0.08602013
v 0.29084849 -3.67189407 -0.91579473
v 0.75073391 -3.57071423 -0.55666381
v 0.490554 -3.90865683 -0.80201959
v -0.01199581 -3.64506125 -0.87298142
v 0.5484727 -3.44946241 -0.68871539
v -0.50408875 -3.73340392 -0.85143142
v -0.7756716 -4.13992738 -0.74848204
v -0.49845975 -3.72585058 -0.82745659
v -0.44861578 -3.78675532 -0.86422836
v -0.98352396 -4.28911304 -0.14648316
v 0.46459981 -3.64625406 -0.85993605
v 0.7204355 -3.98774528 -0.74026995
v -0.97975009 -4.24376869 -0.08946718
v -0.04912794 -4.26328992 0.19650344
v -0.90288656 -4.17216157 0.00090331
v 0.68293583 -3.50448656 -0.13010209
v -0.85415178 -3.96179866 -0.05620233
v 0.52381056 -3.737257 0.15876437
v -0.33181861 -3.22406959 -0.54510837
v 0.54162305 -3.57455754 -0.73353344
v -0.69106876 -4.06317567 0.10133916
v 0.21537542 -3.35270762 -0.663266
v -0.03699797 -3.70747661 -0.90851062
v 0.69373869 -3.58373522 -0.6330688
v -0.69396954 -3.88305997 0.1410868
v 0.23091745 -3.5378375 -0.91446381
v -0.05034814 -3.89574933 0.16050255
v -0.81569051 -4.20881795 0.11233766
v 0.22595159 -3.57767772 -0.92796206
v 0.85117089 -3.74489593 0.03186924
v -0.6857109 -3.44006896 -0.6830284
v 0.94203919 -4.30147981 -0.04583379
v 0.67848831 -3.55135488 -0.71462911
v 0.87911427 -3.66795492 -0.18031042
v -0.64674919 -3.40019393 -0.28750821
v 0.8188619 -3.5537734 -0.30803602
v -0.49004286 -3.26893162 -0.4467929
v 0.36755508 -3.80947399 0.13750425
v -0.34367963 -3.43129587 -0.79602468
v 0.35916408 -3.79192614 0.17943665
v 0.8148604 -4.22714805 -0.6340515
v 0.62320077 -4.40820121 0.12660697
v 0.87840908 -3.58705496 -0.0747698
v 0.10130096 -3.80735564 -0.98583173
v 0.90249693 -3.70830774 -0.06442563
v 0.86487019 -3.71457386 -0.02444911
v 0.5745033 -4.10999918 0.0832005
v 0.6935805 -4.25883865 0.10828682
v -0.57111692 -3.66098141 0.12927497
v -0.07736193 -3.87041068 0.21375307
v -0.67907589 -3.34372115 -0.24284015
v -0.25277265 -3.41368913 -0.85170233
v -0.2952955 -4.2216134 -0.88585984
v -0.26268851 -3.83677268 0.07988928
v -0.18615235 -3.72402548 -0.88719636
v -0.74067866 -4.03640127 0.0671632
v -0.97922694 -4.18521118 -0.03629504
v -0.82273006 -4.04124879 0.00825163
v -0.741602 -3.48217439 -0.04668442
v 0.98950326 -4.10652113 -0.31012907
v -0.79295259 -3.69457435 0.07513261
v 0.97794878 -4.28911113 -0.11356651
v 0.37167549 -3.78063035 -0.93138188
v 1.02515387 -4.23478174 -0.42729321
v -0.82287859 -3.56748127 -0.22126747
v 1.02347493 -4.25962352 -0.41332426
v -0.9225139 -3.97571206 -0.17917686
v 1.00889062 -4.25925159 -0.41385525
v -0.34833848 -3.5857191 -0.84742641
v 0.90890693 -4.27503061 -0.04671543
v 0.86707502 -4.25006246 -0.0107924
v -0.58237981 -3.86352372 0.15509088
v 0.33601823 -3.45783114 -0.8051809
v 1.02615356 -3.89844727 -0.235896
v 0.49519801 -3.28581404 -0.55041152
v -0.627101 -3.44901895 -0.47306168
v -0.97086036 -4.16424322 -0.19052197
v -0.64358621 -3.53158378 -0.58266872
v -0.25299334 -3.90280556 -0.98147958
v 0.75035399 -3.51464128 -0.35593277
v -0.23232461 -3.94090724 -0.98882061
v -0.08504636 -3.4553008 -0.7794165
v 0.78906196 -3.45939207 -0.16828298
v -0.02630743 -3.50366449 -0.81446373
v 0.72265875 -3.74784255 -0.66760718
v 0.95469433 -3.74973034 -0.17155148
v -0.50281387 -4.24395227 0.14721702
v 0.91919648 -3.70359277 -0.13467195
v -0.29407259 -4.12613582 0.14622493
v 0.09885753 -3.97539234 0.18024256
v 0.034157 -3.91825914 0.20701383
v -0.05167399 -3.94792318 0.16649527
v -0.03405006 -4.14820241 -0.9008761
v -0.6539272 -3.54137945 -0.77530854
v 0.53485894 -3.611274 -0.8415578
v -0.02501664 -3.29420137 -0.68565368
v -0.75163805 -3.8780539 -0.78008186
v -0.10673352 -3.93160462 0.18691444
v -0.81920719 -3.80381631 -0.50301486
v 0.76716274 -3.58135485 -0.19025194
v -1.00558757 -3.8663783 -0.36690133
v -0.06397382 -3.94776248 0.23438176
v 0.78599685 -3.49648261 -0.41618135
v 0.7792294 -3.55203461 -0.43108117
v -0.0489382 -3.5040338 -0.76196235
v -0.59814381 -3.73455166 0.16479645
v -0.59099471 -3.73503327 0.15690383
v 0.03189723 -3.85403728 0.24840751
v 0.04514562 -3.49726057 -0.89180338
v -0.46240213 -3.84795093 -0.88580697
v -0.7879557 -3.62302684 -0.38219755
v -0.23827628 -4.30509424 -0.85453361
v 0.51127475 -3.82732963 -0.79684925
v 0.01840889 -3.91412472 0.2459262
v -0.65777945 -3.48344588 -0.62027883
v -0.13569921 -3.50597739 -0.87431609
v -0.05651152 -4.30472421 -0.80392175
v 0.04913152 -3.82268619 0.1330899
v 0.00538854 -3.55147528 -0.8487901
v 0.14265745 -3.89336252 0.13125892
v -0.35137856 -3.45381164 -0.88917273
v -0.29228755 -3.25945091 -0.68055826
v 0.20530274 -3.50762915 -0.86331844
v 0.77505177 -3.77121686 -0.01674119
v -0.67919856 -3.48433136 -0.26477974
v -0.41870957 -3.50908041 -0.81457245
v -0.9590969 -3.90577745 -0.06369082
v -0.80897957 -3.96467733 -0.55313068
v -0.24227988 -4.31350946 0.14084044
v -0.57665419 -3.36414337 -0.44197279
v 0.76107716 -4.26738166 0.08661658
v -0.6046558 -4.02432251 0.1822005
v -0.24067077 -3.95560836 -0.97664904
v -0.63639128 -4.00941515 0.17387609
v -0.20485232 -3.96920681 -0.98784762
v 0.47699093 -4.20392417 -0.89593923
v 0.69014906 -3.628551 -0.55464738
v 0.50041246 -4.20938444 -0.88485449
v -0.29769831 -3.78829693 0.08588379
v -0.17039556 -4.0550847 0.19678479
v -0.33967104 -3.88481569 -0.84091049
v -0.71281319 -3.6883471 0.06390526
v 0.83583402 -3.60423421 -0.08929329
v 0.40228608 -3.60332989 -0.85969293
v -0.1726406 -4.41148471 0.16294376
v -0.6989327 -3.55010128 -0.72667092
v -0.1979817 -4.40889501 0.15196928
v 0.78424519 -4.4251399 0.11646638
v 0.61634963 -3.37842631 -0.4945122
v 0.85839539 -3.79775929 -0.55517178
v 0.26471567 -4.1873269 0.16438883
v 0.42936599 -3.2051444 -0.51789546
v 0.59251457 -3.68636918 -0.78454774
v 0.53483909 -3.65382576 -0.80947727
v 0.1853211 -3.90706729 0.15290603
v 0.06772715 -3.83299326 0.24780599
v 0.61811035 -3.63479375 -0.78843963
v 0.24593603 -3.49048209 -0.77991211
v 0.09752674 -3.90475463 0.23138143
v 0.87480515 -4.2300539 -0.58363872
v 0.86009502 -3.61732196 -0.07295063
v 0.59376603 -3.94049596 -0.83182126
v 0.8221004 -4.35396814 0.10904946
v -0.81789404 -3.64963078 -0.01534164
v -0.3794274 -4.21734046 -0.88926851
v 0.91302907 -3.8959403 0.0130557
v -0.74762165 -3.76827597 0.06391566
v -0.73070144 -3.57275629 -0.56360733
v -0.97931563 -4.22461319 -0.18495386
v 0.46277529 -4.0847063 -0.85165095
v 0.88078838 -4.1426177 -0.12348631
v -0.99681097 -4.27372169 0.00322181
v 0.19108431 -3.80371642 0.19612416
v 0.48367369 -4.34383249 0.13674226
v -0.79384642 -3.5201981 -0.34604442
v 0.43010422 -4.31676864 0.14781312
v 0.71371519 -4.18309783 -0.84744751
v -0.92785519 -3.96152567 -0.36476856
v 0.05627917 -3.52290105 -0.85943943
v -0.74824506 -4.2717905 0.0989956
v -0.89469909 -3.78214645 -0.02302377
v -0.0647001 -3.79664993 0.2577162
v 0.02637122 -3.77143335 0.25790813
v -0.11530828 -3.8028016 0.2543385
v 0.30239793 -4.42200565 0.19605863
v 0.35302212 -4.40643024 0.19419793
v 0.17033261 -3.78721189 0.23274958
v -0.93326383 -4.2126379 -0.65685153
v -0.85386395 -4.01551628 -0.04007553
v -0.59222179 -4.07811641 -0.83861476
v -0.36303806 -3.56891131 -0.89348119
v -0.69543653 -3.50989174 -0.00766496
v -0.32075771 -3.90767216 0.19621408
v 0.94167512 -4.15677261 -0.1237693
v -0.23504982 -3.5568099 -0.92691755
v -0.54275059 -3.69613814 -0.84697663
v -0.2870852 -3.56217742 -0.91747856
v -0.5772624 -3.6459372 -0.81961041
v -0.99910813 -4.10599136 -0.54182231
v 0.87378603 -3.96625399 -0.29596391
v 0.51961427 -3.76332283 0.14880473
v 0.77311104 -4.13772869 -0.80928552
v 0.59464842 -3.73738884 0.12603052
v 0.74706363 -4.14433288 -0.86155688
v -0.52446311 -3.92707276 -0.822492
v 0.89300537 -4.02740287 -0.39169037
v -0.19221139 -3.54120802 -0.83929771
v 0.73365116 -3.615772 -0.57473623
v -0.64386725 -3.77340316 0.09657584
v -0.11085188 -3.864856 0.12879414
v -0.91448789 -3.97862029 -0.2652457
v 0.00275204 -3.49309802 -0.86129307
v -1.00288569 -3.87947297 -0.41936546
v 0.20961087 -3.45263433 -0.80900889
v 1.04910206 -4.14448499 -0.26465416
v -0.95880675 -3.85969352 -0.49006694
v -0.47311297 -3.80713415 0.08270625
v 0.32211798 -3.80352282 0.14245766
v 0.18032014 -3.79048657 -0.87020081
v 0.33220279 -3.79242134 0.16681641
v 0.66504228 -4.13009786 0.06911153
v -0.42072039 -4.20197343 -0.91832125
v -0.75654512 -3.521914 -0.64587032
v -0.55229157 -3.78621816 0.11016141
v 0.1010434 -4.17476415 0.17516672
v -0.53023958 -3.75685358 0.10715381
v 0.80185121 -3.57121086 -0.49380981
v 0.74254566 -3.56385588 -0.58928334
v 0.18656654 -3.56776475 -0.88629275
v -0.35588461 -4.03064584 0.0880656
v -0.73994594 -3.54109668 -0.63518583
v -0.84228509 -3.77526497 -0.00814969
v -0.83765876 -3.66143608 -0.54626745
v 0.19100716 -3.85330724 -0.98364287
v 0.12913993 -3.83153653 -0.98768729
v -0.81209528 -3.66546344 -0.59997415
v -0.87083721 -3.55217623 -0.21310353
v -0.57233834 -3.53727889 -0.76749765
v -0.83644276 -3.75536155 0.0370912
v 0.71584481 -3.81612777 0.11796065
v 0.62667667 -3.52503824 -0.57826739
v -0.18266649 -3.8070755 0.20379243
v -0.52972596 -3.43946909 -0.78492075
v 0.60756081 -3.46445608 -0.73385661
v -0.4567649 -3.41985011 -0.80723083
v 0.11625947 -3.94485616 -0.93044972
v 0.83344167 -3.61857581 -0.46793231
v 1.03298783 -3.8642261 -0.28250399
v 0.78895807 -4.20381212 -0.80373227
v 0.67743742 -3.46466541 -0.21359308
v 0.76524424 -4.22807502 -0.8412013
v -0.67222809 -3.36919331 -0.18751899
v 0.4376024 -3.54650497 -0.89138114
v -0.58936989 -4.01214885 -0.82475554
v 0.51192009 -4.18777036 0.140181
v -0.5630483 -3.35568285 -0.67864155
v -0.67785733 -3.55575537 0.06791952
v 0.68581706 -3.66584301 0.1014525
v -0.48031094 -3.48324108 -0.86416679
v 0.61465615 -3.57283806 -0.69862186
v 0.63751274 -3.47767138 -0.47965595
v 0.62505042 -3.93888998 -0.89431566
v 0.67886179 -3.88313436 -0.65402495
v -1.01541924 -4.147233 -0.29464003
v -0.18295805 -3.86074352 0.16503465
v -0.43030265 -4.35368013 0.15538761
v 1.07497227 -4.23505926 -0.29719474
v -0.42084112 -4.39093112 0.14771641
v 0.92494386 -3.62338805 -0.23346279
v 0.82807207 -3.92046046 -0.15627244
v -0.75540858 -4.11241102 -0.80514782
v -0.67643499 -3.76003837 0.15996795
v -0.4771766 -3.3346641 -0.57970833
v 0.47282618 -3.55665731 -0.84216505
v 0.57974386 -3.4098258 -0.63436526
v 0.34690767 -3.24622821 -0.67534768
v -1.02937483 -4.18478488 -0.31546661
v -0.80074614 -3.56319189 -0.25230988
v 0.80501616 -3.72503328 -0.05562721
v -0.85555547 -3.57889843 -0.45119631
v 0.33587715 -4.00821733 0.18672566
v -1.02954733 -4.17541408 -0.56958681
v 0.78061932 -3.88587546 0.07086203
v 0.64295625 -3.82326746 0.09893187
v 0.36043793 -3.28580832 -0.67335826
v 0.73952537 -3.67562723 0.10537828
v 0.56628936 -3.50519108 -0.73195874
v -0.59387606 -3.8566544 0.1359664
v 1.0035032 -3.85023951 -0.16022113
v -0.24572652 -3.75506115 0.12500524
v 0.36733695 -3.60203456 -0.86750441
v 0.42689791 -3.42557025 -0.6678096
v 0.56530052 -3.80013561 -0.90025413
v 0.39095029 -3.47234773 -0.83946853
v -0.98134619 -4.17608451 -0.14844536
v -0.59948831 -3.28685736 -0.426721
v -0.61113399 -3.43993926 -0.75729984
v -0.82343429 -3.83149695 0.11250168
v -0.52354997 -3.74728846 -0.79689109
v 0.22859132 -3.86737561 0.17010556
v 0.83524125 -3.93319535 -0.38422697
v 0.64814269 -3.33171081 -0.35423392
v -0.64015346 -3.30347561 -0.45951902
v -0.46899536 -3.39683413 -0.71518999
v -0.72215747 -4.16514301 0.12996628
v -0.53230124 -3.44488549 -0.71645993
v -0.51647526 -3.70102882 0.04501297
v 0.76791352 -3.47257423 -0.53836405
v 0.73748171 -3.46980953 -0.58666515
v 0.02179392 -3.4615488 -0.81197172
v 0.90750956 -3.66274476 -0.32774758
v -0.14837999 -3.46433782 -0.9123407
v 0.61028266 -3.88083481 -0.73731017
v -0.05440768 -3.47401952 -0.89632165
v -0.14494732 -3.40424728 -0.73648887
v -0.9257161 -3.76560163 -0.25961846
v 0.74746561 -4.24580049 -0.85025072
v -0.50320828 -3.3796277 -0.54055088
v -0.09611433 -3.92152285 0.08124982
v 0.81454235 -3.60397768 -0.22333535
v -0.73828727 -3.70206284 0.03625222
v -0.61046344 -3.78617 -0.79818451
v -0.97440004 -4.23133659 -0.04199006
v 0.02640207 -4.18598747 -0.89593607
v -0.71582949 -3.88396072 -0.73157787
v 0.85266 -3.76477599 -0.3502722
v -0.07579642 -4.33764553 0.19927555
v -0.6872496 -3.43856716 -0.51226198
v 0.03600849 -3.96178388 -0.96082466
v -0.72954654 -3.49525404 -0.48898696
v 0.77764713 -4.29655599 0.12698191
v -0.53623223 -3.49173378 -0.7464894
v -0.71449953 -3.53201341 -0.62129676
v -0.683752 -3.49622392 -0.64671099
v -0.37000864 -3.95154857 0.14948596
v 0.61540979 -3.85341644 0.0462619
v -0.78517031 -3.65552258 -0.54796344
v 0.4722588 -3.34110498 -0.53927648
v 0.82159924 -3.48367095 -0.42257809
v 0.4251483 -3.31579494 -0.5603922
v 0.81620794 -3.49354481 -0.46007108
v 0.21444989 -3.53858304 -0.87214678
v 0.32721966 -4.087255 0.2076722
v -0.7260068 -3.56162858 -0.0242018
v -0.6545425 -3.58448171 0.04938024
v 0.85067653 -3.8567264 0.01211797
v 0.85024476 -3.61705732 -0.13951928
v -0.31271863 -3.2895801 -0.59242141
v 0.8521139 -3.60007333 -0.14981798
v 0.74654191 -3.79555273 0.07177775
v 0.85421937 -3.60057878 -0.18708841
v 0.00973229 -3.27271771 -0.61052626
v -0.87281352 -4.19483232 -0.71666508
v 0.07606782 -3.28704428 -0.61082106
v 0.41219019 -3.67621183 -0.87013465
v -0.33802056 -3.21354126 -0.51623636
v 0.46216642 -3.53738379 -0.75350934
v -0.31126734 -4.07562398 0.09462129
v -0.44844222 -3.26396298 -0.6399331
v 0.70927864 -3.72577691 0.05461756
v -0.38455593 -3.26432967 -0.67963588
v -0.32288804 -3.97536015 -0.84165018
v -0.68031019 -4.17599058 0.13737455
v 0.67382204 -3.6800816 -0.60584676
v 0.50742644 -3.79765844 0.13622057
v 0.72235995 -4.1557827 -0.895684
v -0.66349613 -3.75266933 -0.01386295
v -0.66917848 -3.80533075 0.15245831
v 0.91152423 -3.652637 -0.23815529
v -0.04135117 -4.2356162 -0.88311648
v 0.92556524 -3.68028092 -0.26754561
v 1.02402889 -4.22630882 -0.22073769
v 0.89418667 -4.03860902 -0.22451028
v -0.05068789 -3.70661282 -0.83563745
v -0.91762435 -4.01508474 -0.14334346
v -0.78669703 -3.81362843 -0.72587353
v -0.79109764 -3.97198867 -0.67910176
v -0.35130962 -3.25210022 -0.65743744
v -0.615619 -3.67052412 0.05612849
v -0.66027194 -3.72733044 0.12396369
v -0.61479747 -3.74194884 0.04693047
v 0.77394115 -3.82179427 -0.46385616
v -0.69802498 -4.43306636 0.11295744
v 0.25530171 -3.23453116 -0.61505293
v 0.50509131 -3.72897315 0.14538629
v 0.16247274 -3.2482438 -0.62136453
v -0.86022293 -3.69975781 -0.44393432
v 0.07169199 -3.26186442 -0.61681968
v -0.81989353 -3.62873482 -0.404329
v 0.67519241 -3.35362887 -0.24694135
v -0.27367246 -4.24949741 -0.9304232
v 0.91788679 -3.97822642 -0.2466349
v 0.85788565 -3.63631153 -0.23979426
v 0.89107316 -4.0042119 -0.17649358
v 0.44061741 -3.86789441 0.15353699
v -0.85641402 -4.366683 0.08132319
v -0.95760583 -4.17104148 -0.14698638
v -0.5688039 -3.63846683 -0.7574833
v 0.57672733 -3.93940305 -0.78377127
v 0.64997977 -4.34628963 0.12701864
v 0.76226741 -3.49046182 -0.35862955
v -0.68798059 -3.5908513 0.05070597
v 0.516972 -3.90451192 0.14915405
v -0.66660183 -3.55106377 0.01708326
v 0.73934257 -3.80572867 0.05971215
v 0.21920861 -4.12088108 -0.91960156
v 0.79723608 -3.78396916 0.01437967
v -0.13746926 -4.21666669 -0.85345721
v 0.22663737 -3.79023075 0.21852298
v -0.07024918 -4.18349123 -0.8522641
v 0.22045216 -3.78624963 0.20816607
v -0.71940517 -3.70897889 -0.68136268
v -0.29964083 -3.51939177 -0.86844861
v -0.21732097 -3.80248689 0.1956328
v -0.19869735 -3.81175494 0.15012174
v -0.73776811 -3.56027889 -0.47335907
v 0.22409966 -3.911448 0.20872035
v 0.73605895 -3.3836987 -0.39665725
v -0.80766046 -3.58874821 -0.33061155
v 0.79319602 -3.43609571 -0.26907181
v 0.92800265 -3.80995917 -0.11499348
v 0.73868465 -3.3789308 -0.33027547
v -0.42324194 -3.26807069 -0.62075072
v -0.73329335 -3.41756844 -0.52196019
v -0.53303712 -4.19385623 -0.84186029
v 0.62849932 -3.94221305 -0.81067514
v -0.7077102 -3.51383233 0.01563163
v 0.42144417 -3.75151133 0.08074902
v -0.67363029 -3.55862236 -0.70925992
v -1.06062924 -4.13432979 -0.40236336
v -0.59213054 -3.55566287 -0.77004575
v 0.89918881 -3.93510603 -0.25055509
v 0.18256366 -3.85106825 0.171245
v 0.87004244 -3.85269093 -0.2281603
v -0.36145818 -3.53419256 -0.91359251
v -0.66045665 -3.84148263 -0.796539
v -0.41201013 -3.54495191 -0.89726984
v 0.96967572 -4.17858219 -0.43615958
v -0.51105791 -3.53558826 -0.86566585
v 0.39896172 -4.0776205 -0.85396486
v -0.66669392 -3.34354591 -0.23067526
v -0.76809698 -3.92646479 -0.58899569
v -0.64974337 -3.3330872 -0.25179934
v 0.46088475 -3.54496312 -0.8628751
v -0.29660239 -3.78488516 0.16104145
v 0.06348948 -3.93708562 0.09121239
v 0.23264341 -3.24726247 -0.62922287
v 0.19238713 -4.40737438 0.18255609
v 0.11951102 -3.25826335 -0.63183713
v 0.66541093 -3.5017023 -0.60461098
v -0.65898138 -3.46346283 -0.69750827
v -0.59316438 -3.66499567 0.05003278
v 0.83200264 -4.19108152 -0.67372208
v 0.68088716 -3.38545084 -0.56139254
v -0.57980507 -3.36668372 -0.55170738
v 0.80524951 -3.59431028 -0.28101927
v -0.82602763 -3.75246691 0.08566035
v 0.93409311 -4.09955883 -0.48947212
v 0.58142507 -3.31389713 -0.36160999
v 0.27088129 -3.8205471 0.17028342
v 0.80422794 -3.74266266 -0.00893942
v 0.40490105 -3.35642552 -0.7234174
v -0.98423516 -3.88011431 -0.4818919
v 0.41587117 -3.79276132 0.21007564
v -0.77443504 -3.74036264 0.02834872
v 0.07128672 -3.57940268 -0.94169175
v -0.71500265 -3.71795272 0.01286799
v 0.48940926 -3.94807362 0.19652771
v 0.79263782 -4.02686548 -0.65446567
v -0.96605545 -4.02559328 -0.41038179
v 0.57904732 -3.29864335 -0.57585603
v -0.82095223 -3.48491406 -0.42652154
v -0.85843813 -4.0760498 -0.07575336
v -0.81318169 -3.49031376 -0.48290842
v 0.97561037 -4.26292514 -0.1046354
v -0.1725396 -3.99874401 -0.82176464
v -0.59930717 -3.89542269 0.18556308
v 0.79863482 -3.79232811 -0.57218897
v 0.7971391 -3.93360328 -0.68477779
v 0.46520409 -4.39878511 0.149403
v 0.46005395 -4.42753076 0.16834309
v 0.11892242 -4.2207508 -0.85206002
v -0.05934531 -3.82184982 -0.93738287
v 0.62441122 -3.7934978 0.0882838
v 0.68110305 -3.75531935 0.0720159
v -0.61844766 -3.31507396 -0.4590635
v 0.68161672 -3.84886145 0.07438372
v -0.36253875 -3.64800691 -0.89896106
v -0.22345584 -3.45357441 -0.87772733
v 0.84768313 -3.70054006 -0.14570631
v 0.40262013 -3.52446079 -0.84037542
v 0.89707058 -4.22846031 -0.00543604
v 0.95843911 -4.25480556 -0.12430915
v 0.71633279 -3.66880393 0.08799004
v 0.6721006 -3.56601262 0.08919888
v 0.55765783 -3.94384932 -0.84575974
v 0.17063199 -3.89025425 0.16056829
v -0.90980076 -3.69384574 -0.30843728
v 0.14296461 -3.85555362 0.1851443
v 0.18538008 -4.1938734 0.13424351
v -0.16277685 -3.90414309 0.22409839
v 0.16823503 -3.53067112 -0.84809929
v -0.62842923 -3.57818412 -0.74726122
v 0.37614128 -3.55514669 -0.87666529
v 0.50098919 -3.30457973 -0.6001923
v 0.5833435 -3.647367 -0.82301175
v -0.76927441 -4.04251003 -0.0056857
v 1.07647585 -4.21748065 -0.33062928
v 0.69309824 -3.78273844 0.15200027
v 0.64997422 -3.80664968 -0.81333845
v -0.18436633 -3.31208109 -0.65004378
v 0.75581038 -4.22242403 -0.78720641
v 0.0984054 -3.84886455 0.09469782
v -0.22357471 -3.51841163 -0.82966363
v 0.62259215 -3.79703998 -0.7060399
v -0.44396722 -4.11984443 -0.86574941
v 0.65978127 -3.77143573 -0.65025395
v -0.69047027 -3.43678116 -0.06752796
v -0.83334142 -3.6010127 -0.4517484
v -0.80786621 -3.58124566 -0.51633757
v 0.79761946 -3.6206038 -0.38378593
v -0.76327979 -3.72665977 -0.61454552
v 0.79246795 -3.74528455 -0.24981737
v 0.64247912 -4.29605579 0.1243224
v -0.87258637 -4.18898057 -0.67846918
v -0.91211426 -4.229043 -0.65696197
v 0.88737052 -3.71655798 -0.07289636
v 0.69942557 -3.98036599 -0.67749351
v 0.8652845 -3.72967791 -0.03936222
v 0.6844201 -4.00378942 -0.72182953
v -0.07628643 -4.11407518 0.16427899
v 0.84231483 -3.59081816 -0.46613398
v 0.75194287 -3.56097412 -0.41663727
v -0.62581223 -3.46389317 -0.64338094
v -0.67713111 -4.07678747 0.0649954
v 0.19081714 -3.89184093 0.22132289
v 0.29012993 -3.91413998 -0.94576704
v -0.73590511 -3.49229407 -0.09120053
v 0.49238324 -3.62239718 -0.84434461
v -0.77281916 -3.58214736 -0.1380293
v -0.25369459 -3.5119791 -0.76411837
v 0.68938648 -3.68795323 0.06988176
v 0.8091681 -3.86292958 -0.52255547
v 0.72244131 -3.5822761 -0.24073168
v -0.71970224 -3.71119976 0.04342481
v 0.72486442 -3.40004444 -0.48411127
v -0.12609499 -4.09886264 -0.89125937
v 0.63982296 -3.5797708 0.05843247
v -0.98783224 -4.30433177 -0.00308949
v 0.02279324 -4.0691185 0.20021064
v -0.65190589 -3.62413406 -0.76504385
v 0.08331183 -3.30261302 -0.70619869
v -0.55067122 -3.54686188 -0.8195458
v -0.97163099 -3.82854461 -0.35387373
v 0.77614021 -3.93916726 -0.77767837
v -0.66162341 -3.82455992 -0.70121055
v 0.50739467 -3.48827409 -0.85220605
v 0.71505069 -3.78474807 0.03655112
v -0.26976898 -3.78988456 0.15008325
v 0.27763944 -3.52684664 -0.79748088
v -0.05924425 -4.03543376 0.14193169
v 0.21575912 -3.88338542 0.14692731
v 0.6148734 -3.97002744 0.14970955
v 0.7012875 -3.51676631 -0.55484432
v -0.6401788 -4.01681947 -0.77254343
v -0.7850914 -3.77961707 0.07151877
v -0.75996315 -3.71111035 -0.03063912
v 0.68500012 -3.95953655 -0.89656043
v 0.52850145 -3.54345226 -0.78958451
v 0.73224127 -3.71818161 -0.70741415
v 0.82186424 -4.16810083 -0.59799403
v -0.11469607 -4.30447101 -0.8102492
v 0.65877336 -3.46591186 -0.6475811
v -0.04838953 -3.47311234 -0.9106335
v -0.51079487 -3.71801328 0.1465473
v 0.81204009 -3.61516547 -0.30540916
v -0.03939119 -3.75192165 -0.96395808
v -0.09392654 -3.80906343 0.19137066
v -0.84638798 -4.01388883 -0.10121903
v 0.13703478 -3.7132163 -0.92633336
v -0.40265536 -4.28819036 0.12143091
v 0.8081355 -3.56944036 -0.34021261
v -0.45880684 -4.00783348 0.19418673
v 0.82709419 -3.59569597 -0.31779709
v -0.07141009 -3.88005423 -0.83003026
v -0.24673077 -3.84087133 -0.96799171
v 0.84992343 -3.92900824 -0.46663305
v 0.89834803 -3.86356496 -0.51829952
v 0.25194266 -4.47704887 0.22054123
v -0.1513427 -3.8707695 0.19594754
v 0.02505168 -3.38139987 -0.73133635
v 0.11662058 -4.37159919 0.20662659
v -0.01046564 -3.77065444 0.12540258
v -0.21977576 -3.2693808 -0.69030767
v -0.17261903 -3.77735567 0.10774993
v -0.0933403 -3.28949141 -0.68522048
v 0.27635407 -3.31895661 -0.69102764
v -0.48949077 -3.39768242 -0.77419287
v -0.76260536 -3.78645014 0.09956876
v -0.77107548 -3.58405757 -0.0761787
v -0.77826541 -3.67031908 -0.65529656
v 0.61521273 -3.85140943 0.14777116
v -0.74244207 -4.24450159 -0.8272891
v 0.33939054 -3.90091347 -0.9631493
v -0.7176795 -4.16775608 -0.80559527
v -0.78437632 -3.76113128 -0.04914941
v -0.86285966 -3.66744709 -0.25776585
v -0.45330211 -3.64700341 -0.85592609
v -0.7930727 -3.47304678 -0.51514464
v 0.71240288 -3.89815592 0.01641501
v -0.87535721 -3.84061074 -0.18728406
v 0.28265419 -4.16048526 -0.88181394
v -0.77119994 -3.56700563 -0.58185917
v 0.24792081 -3.47183585 -0.82467263
v 0.42436271 -3.45248103 -0.87320148
v -0.71637707 -3.72535085 0.13373948
v 0.46091353 -4.36195612 0.1856275
v -0.71091401 -3.4858272 -0.02618688
v 0.5975722 -4.41305303 0.15182334
v -0.65800416 -3.57817745 0.01196247
v -0.51516854 -3.86692762 0.09219417
v 0.28873491 -3.60710859 -0.93129795
v -0.26706531 -4.23956775 0.16943651
v 0.61125874 -3.78053808 0.18579824
v -0.75363713 -3.70635294 0.10783429
v 0.5451532 -3.79700779 0.19523993
v -0.70366728 -3.70991563 0.06030533
v -0.79852044 -3.51004123 -0.46052855
v -0.31349971 -3.98721885 -0.80622601
v -0.75365209 -3.86179018 -0.58990985
v -0.79026395 -3.47919917 -0.43791455
v -0.12962402 -3.97216343 -0.97253841
v -0.54506969 -3.36730217 -0.58425307
v 0.3101466 -3.45421552 -0.89935308
v 0.20316913 -4.29296875 -0.86652869
v 0.73144435 -3.88149642 -0.75906586
v 0.39603906 -3.29205966 -0.63383442
v -0.78449761 -3.64722561 -0.01678923
v 0.85978239 -3.95479917 -0.34148865
v -0.69798481 -3.61220002 -0.54086494
v -0.75492847 -3.70620322 -0.46736085
v 0.06460125 -3.81032991 0.2517707
v 0.84077733 -3.58249688 -0.24142469
v -0.38116797 -3.88953423 0.19815334
v 0.0628351 -3.76463222 0.25526416
v -0.338979 -3.8946433 0.1974118
v 0.32743638 -3.8550651 0.22529834
v -0.78806406 -4.17794561 -0.81328362
v 0.59536624 -3.45710849 -0.77906954
v 0.89861232 -3.70579695 -0.23973231
v -0.18175123 -3.69865441 -0.8908534
v -0.29080563 -3.75385832 -0.89113938
v -1.04904365 -4.21549797 -0.32812908
v -0.84875458 -3.5892055 -0.45949012
v -0.72568208 -4.22874927 -0.8536666
v -0.68086725 -3.57155227 0.05013341
v -0.58724886 -4.44084358 0.11317913
v -0.69569313 -4.24934673 -0.85193812
v -0.30680874 -3.79258823 0.1396915
v 0.83110934 -3.57781004 -0.2883906
v 0.54339307 -3.80256986 0.12813006
v 0.22306771 -4.07622385 0.09692874
v 0.82171338 -3.62955594 -0.02867107
v -0.72558265 -3.69468808 -0.66074109
v -0.75402659 -3.9092307 0.18129655
v 0.66727298 -3.34338092 -0.29618963
v -0.09060629 -3.57823061 -0.94240516
v 0.77389484 -3.63255119 -0.58602416
v 0.39254751 -4.07821321 -0.89204055
v -0.73118704 -3.45142459 -0.62790638
v -0.38653624 -3.89827418 0.17632985
v -0.16225996 -3.88383173 0.23821345
v -0.12447973 -4.28719711 0.15644516
v 0.7030816 -3.53460931 -0.59819877
v 0.05004006 -3.57038855 -0.88394999
v -0.20909009 -3.64406204 -0.91836565
v -0.05846001 -3.82047009 0.16925816
v -0.00488977 -4.01810741 -0.84505641
v 0.6288954 -3.55048847 -0.77332937
v -0.42740371 -4.14316988 0.13499793
v -0.91338878 -3.88019895 -0.59492981
v -0.08236271 -4.41920757 0.18114231
v 0.23718814 -3.41243648 -0.84450703
v -0.07489475 -4.4145751 0.17499066
v -0.15853622 -3.55709219 -0.8870095
v -0.10152271 -3.4838705 -0.86485582
v 0.27565696 -3.83598637 0.16862896
v -0.15682074 -3.48451805 -0.86788582
v 0.34510135 -3.81880855 0.1636167
v 0.01819235 -4.30005836 -0.81854778
v -0.76131975 -3.64248871 -0.04409629
v 0.51836794 -3.88717365 0.18764339
v -0.76864105 -3.6147015 -0.07102368
v 0.79965186 -3.65749812 -0.00969241
v 0.80344384 -3.67154598 -0.02983879
v -0.98787653 -4.21587133 -0.15102769
v 0.08042656 -3.8013668 -0.86256784
v 0.74833452 -3.73585867 0.03197845
v 0.49031195 -4.37111568 0.1682749
v -0.07835827 -3.92413878 0.1357003
v 0.79829567 -3.59954404 -0.40684807
v 1.02018404 -3.91178417 -0.34938052
v -0.02585654 -3.93927454 0.17188124
v -0.60340231 -3.85607838 -0.85537207
v 0.23997944 -4.23820304 -0.90442806
v 0.70899802 -3.60347366 -0.58333605
v -0.42278382 -3.91174006 0.18519127
v -0.04960697 -3.94741511 0.2008702
v 0.64197814 -3.35549712 -0.4555847
v -0.63842809 -3.6661272 0.06446696
v -0.69740045 -3.40020632 -0.3878546
v -0.56184727 -3.68580198 0.09580423
v -0.21256291 -3.92007303 0.17726896
v 0.97674268 -3.82236433 -0.27878236
v -0.22546246 -3.90784144 0.15991209
v 0.20448517 -3.25964856 -0.60387784
v -0.52654606 -3.67563319 -0.79201591
v 0.91706901 -4.08171558 -0.21412913
v -0.97595191 -4.14790248 -0.57563287
v 0.45850282 -4.13696432 -0.86833632
v 0.62173456 -3.58912587 0.07683657
v 0.80567735 -3.45804762 -0.32367718
v -0.07591359 -3.97151422 -0.83531713
v -0.17835892 -3.52242922 -0.83794158
v -0.34050342 -4.18379926 -0.88074165
v 0.65969646 -3.37575602 -0.21156716
v 0.91479134 -3.73328685 -0.09210429
v -0.86333191 -3.53713345 -0.2455558
v 0.39537233 -3.30759692 -0.7498101
v 0.83848607 -3.75670695 0.04049739
v 0.17101697 -3.80488824 0.16470253
v -0.98908776 -3.85042953 -0.35443803
v -0.08094553 -3.77317833 -0.83680999
v 0.6224752 -3.9323771 0.05543628
v -0.51810348 -3.87583112 -0.78461134
v 0.36933231 -3.87658309 -0.93695139
v 0.17117239 -3.59561038 -0.87623554
v -0.11008989 -4.23578453 -0.89155173
v -0.48795855 -3.74932169 0.04051968
v 0.13901983 -4.08355855 0.20638476
v -0.22604692 -3.85475325 0.15242455
v 0.52207732 -3.25583052 -0.48044648
v -0.80799114 -3.89864325 -0.58918076
v 0.52797108 -3.99672293 -0.86360567
v 0.66084927 -3.69272828 0.07873628
v -0.60202866 -4.43679237 0.10760159
v -0.82342618 -4.0367546 0.17243832
v 0.67779535 -3.46878361 -0.60940384
v -0.80242842 -4.03505325 0.167601
v -0.073014 -4.02976512 0.10061768
v -1.0204519 -4.13942718 -0.25923478
v 0.74014675 -3.64674377 0.01900351
v -0.53749865 -3.67725253 -0.83897453
v 0.07552395 -3.83589744 -0.82204896
v 0.37448102 -3.90591883 0.1549742
v 0.11015845 -4.25381183 -0.87968021
v 0.28065323 -4.10339832 0.2210156
v 0.27585095 -3.72400379 0.11750181
v 0.5540896 -3.26236319 -0.42199575
v 0.35864463 -3.70768046 0.11906169
v 0.50688582 -3.24170208 -0.46196109
v 0.35507753 -3.70724105 0.10705823
v 0.47031956 -3.24161076 -0.47261044
v -0.14559714 -3.53886985 -0.8729543
v 0.8655247 -4.37579393 0.07196021
v -0.93157297 -4.28578758 0.07468617
v 0.79056352 -4.13682842 0.05364955
v -0.89027291 -4.30091476 0.09649064
v -0.67290467 -3.44760441 -0.10938555
v 0.58940559 -4.17158699 0.13357557
v -0.69073993 -3.49923515 -0.04490783
v 0.9764707 -4.0742712 -0.23146064
v -0.65127539 -3.50544929 -0.66133737
v -0.69069099 -3.52217769 -0.04717573
v 0.05759074 -4.45423173 0.20348063
v 0.86347085 -4.22409009 -0.55625039
v 0.00290367 -4.42893838 0.20183874
v 0.46533414 -3.78871965 0.14124578
v -0.5903272 -3.39949655 -0.61439132
v 0.49348166 -3.77489733 0.1500196
v -0.72453481 -4.1967349 -0.85012179
v 0.56933182 -3.77242326 0.11795221
v 0.78718119 -3.53171968 -0.08276872
v 0.61523515 -3.74488949 0.10700716
v 0.7888109 -3.53244614 -0.05585457
v 0.82653284 -3.78668308 -0.10812432
v -0.81550914 -3.7171781 -0.02885736
v 0.80040568 -3.53279829 -0.16083118
v 0.57845652 -3.27374315 -0.39492398
v -0.49810156 -3.77012443 0.0729033
v -0.86506718 -4.01707315 -0.53322452
v -0.97279012 -3.84400844 -0.20127129
v -0.85742431 -3.94412636 -0.41500315
v -0.66275417 -3.32298564 -0.27938333
v -1.05609524 -4.18842601 -0.45202812
v -0.67091381 -3.34015011 -0.31066867
v 0.42805874 -3.87199044 0.13017869
v -0.13122783 -3.52862 -0.86750614
v -0.78055602 -3.76428675 0.00583613
v -0.113545 -3.55241394 -0.87365365
v 0.9165517 -4.16763496 -0.48147293
v -0.7133488 -3.90522861 -0.80603599
v 0.69008803 -4.15052843 -0.91123163
v -0.63491869 -3.33575201 -0.56586408
v 0.55683064 -3.37922382 -0.5855512
v -0.71520209 -3.50818419 -0.00683733
v -0.95250403 -3.81743788 -0.24347288
v -0.33458873 -3.79346132 0.16224114
v -0.92840606 -3.79777503 -0.17223168
v -0.39706188 -3.77692389 0.15777404
v 1.02388334 -3.88714718 -0.18314078
v 0.64896404 -3.811975 0.09941548
v -0.03258925 -4.04112196 -0.88946658
v -0.95977741 -4.19927787 -0.10969831
v -0.76306712 -3.48928594 -0.16698078
v 0.54959327 -3.95760202 -0.80284392
v 1.02228152 -4.15206289 -0.3215177
v -1.07085073 -4.21590995 -0.40992531
v -0.19179154 -4.17098331 -0.90498399
v 0.77879977 -4.09191131 -0.62972593
v -0.32476386 -3.85090708 -0.80976247
v -0.80445039 -3.8737123 -0.73110979
v 0.02672246 -4.07779789 0.15465809
v 0.1300503 -3.79320049 0.10917335
v 0.01873723 -3.28137803 -0.64572757
v 1.04444551 -4.27823829 -0.3474619
v -0.79842662 -3.88654637 -0.71165829
v -0.98504936 -3.86015629 -0.47329831
v -0.80928403 -4.12795352 -0.70491951
v 1.04917705 -4.16369915 -0.38212388
v -0.90715795 -3.68332576 -0.14448759
v -0.76771503 -3.42997336 -0.18988344
v -0.91534698 -3.69888854 -0.09716081
v 0.82468485 -3.74650669 0.06408847
v 0.88300854 -3.76006865 -0.02463568
v -0.36075905 -4.21383094 0.15654
v 0.78523844 -3.55598259 -0.45198985
v -0.3066127 -3.24819779 -0.5246362
v -0.30812689 -4.40866231 0.13805635
v -0.41766718 -3.2224648 -0.46929729
v -0.38203296 -4.39461469 0.12417625
v 0.75686204 -4.14829158 0.03274834
v 0.70524781 -3.62498688 0.07709695
v -0.17904159 -3.80708146 0.17375871
v -0.22779084 -3.79438424 0.16247452
v 0.49430838 -3.39805889 -0.58156555
v -0.5053876 -3.44156932 -0.83166897
v 0.52802074 -3.28892111 -0.63028883
v 0.62355792 -3.41313362 -0.5770412
v 0.2817482 -3.85058331 0.16782194
v -0.68813389 -3.82684207 0.08640746
v -0.87401431 -3.6110928 -0.3339931
v 0.90966016 -3.95104622 -0.32706838
v 1.03887569 -4.19438934 -0.20607948
v 0.90099066 -3.95205783 -0.36831605
v 0.45064979 -4.14714717 -0.90243262
v 0.7922728 -3.75182366 0.01943592
v 0.44569492 -4.17280483 -0.87439715
v 0.54614067 -3.46748113 -0.72031068
v -0.08067724 -3.29104089 -0.69449931
v 0.50877171 -3.47333121 -0.75375419
v -0.2369738 -3.26668429 -0.7026447
v 0.412559 -3.48215007 -0.81116336
v -0.1415092 -3.81067776 0.20376634
v 0.8305732 -3.57116603 -0.05414975
v 0.71429228 -4.00798797 -0.86176234
v 0.83925575 -3.54666876 -0.10032556
v 0.66393297 -3.33047294 -0.46768918
v 0.18126845 -3.65167784 -0.88169235
v 0.87770974 -3.98508787 -0.25140819
v 0.77402967 -3.96552419 -0.7812556
v 0.09267938 -3.96587634 -0.93310391
v 0.84140914 -3.87747764 -0.56144762
v 0.49262869 -3.99213123 0.0837617
v 0.0972113 -3.92464852 0.21389843
v 0.46338343 -3.83704662 0.0752976
v -0.32568022 -4.29730987 -0.91071635
v 0.81552618 -4.08767032 -0.65821826
v 0.75815761 -3.87758827 -0.78871893
v 0.8079406 -3.52878832 -0.35227757
v -0.43579694 -3.50693416 -0.83318817
v 0.13715705 -3.77200961 0.23720303
v 0.93655592 -4.14773368 -0.50883638
v 1.01602315 -3.85347771 -0.3385826
v 0.25877898 -3.52512621 -0.93480014
v 0.14265112 -4.19359874 -0.90478897
v 0.78198939 -4.01617717 0.03258723
v 0.73099345 -4.07298851 0.07036395
v -0.37659889 -3.33530569 -0.7655819
v -0.32344919 -3.65301752 -0.86409068
v 0.8079397 -3.59442544 -0.38100639
v 0.4690698 -3.66457176 -0.81048321
v 0.56276637 -3.85171103 0.1986404
v 0.681194 -3.45441365 -0.68388921
v -0.56080734 -3.62601518 -0.82027155
v -0.84319216 -4.27095508 0.11269116
v -0.85469526 -3.74462389 0.02802058
v -0.73955923 -3.67117381 0.00977028
v 0.60887831 -3.35306859 -0.51627385
v -0.74953746 -3.93096542 -0.63159602
v -0.63880956 -3.37627291 -0.48039549
v -0.89745038 -3.73458433 -0.08129609
v 0.85029041 -3.50364399 -0.33511525
v -0.46209901 -3.29062724 -0.54503881
v 0.55585098 -3.68758654 -0.85889464
v 0.69272595 -4.4406352 0.12800391
v 0.65729397 -3.7144711 0.14368484
v -0.34102216 -3.50249958 -0.90979355
v 0.65648931 -3.7236166 0.09544809
v -0.78243261 -3.63149333 -0.45944991
v 0.73020535 -3.70202302 0.05223741
v 0.21569137 -3.93257427 -0.84326171
v 0.69326877 -3.71656799 0.0752575
v -0.24719548 -3.92093825 -0.95519793
v -0.09426315 -3.92531013 0.12084174
v -0.03869677 -3.49675989 -0.86780178
v -0.30809631 -3.44893479 -0.75469076
v -0.83650082 -4.24547767 -0.77221614
v 0.56761694 -3.92988014 0.11417005
v -0.80376666 -4.23529338 -0.81421887
v 0.37414464 -4.13863515 0.09539979
v -0.05237991 -3.97435283 -0.97119134
v 0.18585258 -3.8030796 0.23695543
v -0.14110587 -3.97202253 -0.98711496
v -0.71995323 -3.89421963 -0.805875
v -0.7195605 -3.53856754 -0.66409522
v -0.00886614 -3.32540631 -0.6226378
v -0.15429563 -3.31168007 -0.60444241
v -0.74168556 -3.38676691 -0.30752465
v -0.08631125 -3.30418658 -0.60752338
v -0.35896286 -4.2756133 -0.88245731
v -0.07631319 -3.28315138 -0.60427177
v -0.53874576 -3.24426221 -0.44662815
v 0.70178848 -3.78263258 0.00265827
v -0.56827354 -3.25335288 -0.41931542
v -0.82918494 -3.52822017 -0.16344888
v 0.55784046 -3.88867402 -0.90195208
v 0.54437595 -3.51991534 -0.68434011
v -0.68309587 -3.67592859 -0.02376974
v -0.57562404 -3.69130158 -0.8195731
v -0.79535353 -3.64503312 0.04630149
v 0.01946612 -3.57399535 -0.89751374
v -0.33921316 -4.00588846 0.1248314
v -0.00976186 -3.57571554 -0.85835266
v -0.31332081 -4.06882381 0.13377857
v -0.04145579 -3.56735968 -0.88752818
v 0.14070926 -3.93396639 0.17379403
v -0.04020516 -3.5881865 -0.90180212
v -0.37108132 -4.40836048 0.13298882
v 0.00475283 -3.77510428 0.13191187
v -0.71587932 -3.58210992 -0.36440274
v 0.4153876 -3.7896192 -0.96112072
v 0.36206772 -3.21971845 -0.54997915
v -0.80955088 -3.5307033 -0.08633822
v -0.1218124 -3.88031959 -0.8730914
v -0.78575086 -3.50193619 -0.06664314
v 0.85419607 -3.58711195 -0.38452404
v 0.48385381 -3.65976977 -0.84195745
v -0.72637683 -3.64926362 0.06758204
v 0.7077068 -3.54229068 -0.67792362
v 0.19789244 -3.82106757 0.13290903
v -0.06778185 -3.5520358 -0.79672294
v 0.28813254 -3.80046081 0.11875875
v 0.73987305 -3.49940896 -0.18518017
v 0.29155379 -3.86646795 0.11444022
v 0.76834476 -3.42377615 -0.39506548
v -0.93428361 -4.22851514 -0.64988589
v 0.24503137 -3.70724821 -0.87942028
v -0.3678866 -3.80579924 0.14934085
v 0.49368324 -4.04519224 0.19600419
v -0.37269365 -3.52173018 -0.80739176
v 0.47098457 -4.03997659 0.18940068
v 0.32226151 -3.26639485 -0.66784566
v 0.94192475 -4.2670331 -0.48652252
v 0.54863447 -3.32378006 -0.56797146
v 0.91629177 -4.24926757 -0.51910603
v -0.57248294 -3.65103602 -0.76845932
v 1.05178797 -4.23349094 -0.39294043
v 0.36337354 -3.54799032 -0.91249162
v -0.54672175 -3.79733729 0.11495194
v -0.99407333 -4.21821451 -0.03383545
v -0.94853079 -3.86964726 -0.06424319
v -1.00350701 -4.24968099 -0.06754568
v 0.45705595 -3.38626217 -0.79094761
v -0.71481818 -3.36042857 -0.32651409
v -0.42040595 -3.55640816 -0.82849794
v -0.53966826 -3.38121461 -0.64433497
v -0.25590977 -3.44178462 -0.81987458
v 0.86964571 -3.8716135 -0.36296463
v -0.43783325 -4.24027967 0.11286052
v 1.04943752 -4.2199316 -0.29749646
v 0.61051446 -4.22155523 -0.89998763
v -0.30050191 -3.36519146 -0.60172933
v 0.63952678 -4.22526216 -0.91118168
v -0.49688389 -3.59783196 -0.78177011
v 0.591775 -4.19151306 -0.91623866
v -0.80828976 -4.24091148 -0.77039271
v 0.67826944 -3.52495813 -0.04622767
v -0.78807056 -4.26857137 -0.81407249
v 0.85111266 -3.89849901 -0.5733881
v -1.05915927 -4.22732067 -0.44537866
v 0.88927966 -3.58235216 -0.10959831
v -0.49725464 -3.69281959 0.1329323
v 0.66907942 -3.81823301 0.02615518
v -0.82099205 -4.01149129 -0.65974843
v 0.70964276 -4.2466669 -0.87547856
v -0.82829618 -4.08498764 -0.71730625
v -0.18392522 -3.57542347 -0.81138157
v -0.76430285 -3.55205106 -0.53566807
v 0.22364339 -3.91248154 -0.93616658
v -0.46579781 -4.00744533 -0.82183975
v 0.19675859 -3.45822095 -0.89817917
v -0.72920638 -4.31218719 0.10277736
v -0.25649857 -3.70096182 -0.88241815
v 0.78555828 -3.63863301 0.03328956
v 0.38071763 -3.69220662 0.11383844
v 0.78488129 -3.43652772 -0.21788619
v 0.79597961 -3.61329555 0.01507998
v 0.74824863 -3.41741156 -0.25554332
v 0.76213938 -3.69401574 0.01377146
v -0.79970777 -3.81473183 -0.58018952
v 0.77802622 -3.6803205 0.012431
v -0.68333047 -3.35976457 -0.36613771
v -0.52131587 -3.99776172 0.11759912
v -0.75939512 -3.69528913 -0.14943449
v 0.1626061 -3.9085567 0.15625359
v -0.31869298 -3.87738871 0.07388856
v -0.19042164 -3.37425899 -0.70122325
v 0.06962811 -3.92179775 0.16421103
v -0.59536588 -3.85700011 0.11920657
v -0.6931864 -3.66480398 -0.74403071
v -0.52207511 -3.27574324 -0.5531637
v -0.46029603 -3.27768445 -0.60191875
v 0.41687452 -3.75532126 0.16652809
v -0.04763876 -3.92561006 0.24465206
v 0.41471493 -3.23744487 -0.50973624
v -0.65907436 -3.4006226 -0.20427513
v 0.25439459 -3.83167624 -0.82845115
v -0.70442545 -3.55306649 -0.66817134
v -0.36749813 -3.88797116 0.13238416
v -0.19503398 -3.71945929 -0.84447604
v -0.73514777 -3.64530277 -0.11526555
v 0.45130753 -4.36434888 0.15420612
v -0.78234648 -3.65746521 -0.03757359
v 0.45386427 -4.417068 0.16195887
v -1.01668632 -4.21214103 -0.57829302
v 0.72748452 -3.78700017 0.04523241
v -1.01141464 -4.21105194 -0.57083153
v -0.08267231 -3.9646461 -0.87417125
v -0.82464218 -4.12689256 -0.75303947
v -0.02887259 -3.41305565 -0.68543535
v 0.64184898 -4.10034179 0.10962617
v -0.67617869 -3.81131696 -0.01198146
v 0.02458153 -3.50539708 -0.81864458
v -0.56581002 -3.84808182 0.19495764
v -0.8230021 -4.05340242 -0.04963123
v 0.86209952 -3.51894545 -0.28640621
v -0.88496756 -3.94817924 -0.3507606
v 0.83515608 -3.54790854 -0.26710858
v -0.54054802 -3.65995335 0.11762552
v -0.81156104 -3.72428512 -0.05737325
v 0.47203826 -3.2282772 -0.48457077
v -0.83255827 -3.71958971 -0.19670905
v -0.40320536 -3.77327275 0.12596267
v 0.66275227 -3.35389113 -0.2288528
v 0.64917707 -3.37475347 -0.23110336
v -0.69280999 -3.3700037 -0.52678251
v 0.62759733 -3.37498569 -0.29944238
v -0.79779315 -3.68040823 -0.03889438
v -0.95926684 -4.33362007 0.04091262
v 0.5497716 -3.98849606 0.18937966
v -0.71552962 -4.35572052 0.13579638
v 0.54853045 -4.01709127 0.18876366
v -0.76938051 -4.41277313 0.11190678
v -0.7140398 -3.43131971 -0.09349101
v -0.61378413 -3.77548456 0.10150196
v -0.52082175 -3.27323365 -0.58247202
v -0.62458235 -3.70719766 0.07813919
v -0.9291675 -4.15799617 0.01718866
v -0.81389015 -3.95277595 -0.07852866
v 0.11132369 -3.54565167 -0.88738471
v 0.37798714 -3.20758986 -0.57058185
v -0.16693531 -4.31399917 -0.82870715
v -0.83217066 -3.60733485 -0.42237886
v 0.6665889 -3.95777225 -0.78499829
v -0.7158814 -3.44955039 -0.06338512
v 0.70623081 -3.95525622 -0.73399847
v 0.83784222 -3.78868055 -0.51076716
v 0.72820979 -4.29113626 0.14585965
v -0.22725649 -3.47665143 -0.86511981
v 0.72390818 -4.33277177 0.15172913
v -0.69149482 -3.48788189 -0.71718645
v 0.30001702 -3.7023909 -0.96681594
v 0.10843763 -3.93900442 0.24390956
v 0.69875317 -3.39023518 -0.20674994
v 0.04662539 -3.78480386 -0.97974276
v 0.78348851 -3.94313073 -0.70476478
v 0.19816069 -3.76050019 -0.98363721
v -0.38500195 -3.65149235 -0.85086041
v 0.14706812 -4.09606123 -0.86339014
v -0.85748374 -3.72867345 -0.01090411
v -0.86150956 -3.90066385 0.13013561
v 0.2357276 -4.07041025 0.13556721
v -0.39964318 -3.25349831 -0.63091033
v -0.78287941 -3.9724462 0.18732319
v -0.54590791 -3.90044808 0.05270681
v 0.69977587 -3.4460051 -0.46873796
v 0.78512764 -3.69663739 -0.09219346
v 0.42475131 -3.20385026 -0.53608173
v 0.43424969 -3.42805051 -0.82800066
v -0.37580677 -3.49299335 -0.7827568
v -1.04162299 -4.1546297 -0.45724049
v 0.20781128 -4.49378585 0.21012982
v 0.80934685 -3.479568 -0.37084022
v 0.1519176 -4.48942136 0.20300808
v 0.50733614 -4.41161203 0.13295909
v 1.05071568 -4.26248121 -0.32107564
v 0.37331292 -3.26099681 -0.55337268
v 0.08459605 -3.47639846 -0.89344775
v 0.25028893 -4.08291339 -0.87528401
v 0.28386649 -4.0613451 -0.86898362
v -0.68841308 -3.34355115 -0.35835605
v 0.63448327 -3.95022606 0.16737569
v 0.36985749 -3.51687979 -0.8398121
v 0.79489058 -3.5143814 -0.20022395
v 0.37094625 -4.19120788 -0.904796
v 0.17351292 -3.28322863 -0.67565619
v -0.74852424 -3.42597651 -0.19080598
v -0.35776078 -3.69879555 -0.90713137
v 0.28084778 -3.55664324 -0.87451344
v -0.51124393 -3.40408349 -0.69369399
v -0.97398966 -4.17615938 -0.10779062
v -0.45252484 -3.29616999 -0.62063103
v -0.01853032 -3.81958937 0.19141361
v 0.8075903 -3.64247608 -0.10318336
v 0.81582951 -3.5897448 -0.11959463
v 0.81837004 -3.63950657 -0.13314023
v 0.56633544 -3.80686068 -0.82254511
v -0.85300475 -3.83329916 -0.66052436
v -0.61225938 -4.01653766 -0.78033536
v -0.84829437 -3.71582627 -0.50275236
v 0.03010788 -3.93242335 0.23600491
v 0.57664281 -3.35418605 -0.40587303
v 0.83044266 -3.61800622 -0.06400451
v 0.75800746 -3.96996402 0.13130965
v 0.96163624 -3.90143156 -0.42932745
v 0.86839473 -3.91436028 -0.16238184
v -0.94698816 -3.79937601 -0.1536549
v 0.12968057 -3.92985415 0.15759559
v -0.18219071 -3.832484 0.22401993
v -0.61265039 -3.65351367 0.02070839
v 0.05994265 -3.47100448 -0.87243622
v 0.5214588 -3.80289173 -0.91681414
v -0.6837992 -4.15094089 0.09106186
v 1.04252266 -4.25955438 -0.39107856
v -0.71060383 -4.19393634 0.0978496
v 0.59721416 -3.81563329 -0.73705053
v 0.85735619 -4.15796518 -0.54279547
v -0.9082207 -4.19077301 -0.68039989
v -0.61550426 -3.37868118 -0.52592855
v -0.10367685 -3.46496105 -0.90905702
v -0.95375245 -3.99686956 0.07805509
v -0.06486865 -4.25161981 -0.83055102
v -0.51955562 -3.26614522 -0.42758598
v 0.50586628 -3.49112486 -0.79332691
v 0.62231081 -3.3074789 -0.47418814
v -0.76468277 -3.69017624 0.01192018
v 0.60198587 -3.30685186 -0.49113604
v -0.40687322 -4.18180751 -0.87254518
v -0.9283998 -4.0603156 -0.50371611
v 0.34741056 -3.80409407 0.07585777
v -0.95482814 -4.0307765 -0.29905751
v 0.45726522 -3.79684686 0.07461938
v -0.36168208 -3.86829662 -0.94245988
v 0.55416351 -3.81561517 0.05936387
v 0.62246638 -3.87064099 0.12109682
v 0.74069207 -3.53648662 -0.62331163
v -0.95520186 -4.0611267 -0.22940978
v 0.71911859 -3.5179243 -0.65941005
v -0.98002219 -4.08296299 -0.26329669
v 0.1158197 -3.90978646 0.17474944
v 0.71349543 -3.46942186 -0.43668973
v 0.62431627 -3.91877126 0.13290244
v 0.63994973 -3.57783055 0.10485516
v 0.79758673 -3.58517789 -0.50014275
v 0.93037498 -3.66194534 -0.17307859
v 0.32587581 -3.89450264 0.16752439
v -0.08655031 -3.81111908 0.1706773
v 0.38820457 -3.9320116 0.16859543
v 0.75908649 -3.67994236 -0.03199217
v 0.69399297 -3.81595182 -0.60922682
v -0.63837909 -3.66043591 0.0563785
v -0.41047173 -4.13482523 0.09470018
v 0.34769466 -4.22668123 -0.89457124
v -0.78301489 -3.5533812 -0.35401943
v 0.421965 -4.21309757 -0.88381856
v 0.35628977 -4.19488906 -0.8761112
v -0.22561629 -3.89115214 0.15162494
v 0.82156926 -3.95602631 -0.43875873
v -0.2908152 -3.23040986 -0.5365076
v -0.61881005 -3.49512386 -0.57745665
v 0.29798105 -3.90676713 0.15929088
v 0.33998936 -4.07657671 -0.86244428
v -0.25829443 -3.94781518 -0.96697896
v -0.25046849 -4.14058733 -0.85673451
v -0.33275023 -4.31902122 0.16745501
v 0.73913437 -4.09144115 0.02248243
v -0.32880446 -4.18358421 -0.92614394
v -0.72764307 -4.25091743 -0.84986138
v -0.73189377 -3.80575752 0.12012866
v 0.29736745 -3.57246804 -0.91700828
v 0.43763181 -3.48851966 -0.88317191
v -0.22808088 -3.90320253 -0.85785859
v -0.07975591 -3.31985116 -0.69185096
v 0.66922819 -3.70648145 0.09031444
v -0.11019457 -3.54878282 -0.87333852
v 0.80925363 -4.09925794 0.0180496
v 0.65848457 -3.78487348 -0.73599857
v 0.30014488 -3.96589684 -0.84096992
v 0.07499778 -3.92632985 0.25365844
v 0.64562231 -3.70609879 -0.65999287
v 0.70602178 -3.54154658 -0.35707247
v 0.41307181 -4.46602439 0.19686295
v 0.39793634 -4.4594326 0.19398754
v -0.00248904 -3.91991853 0.25338584
v -0.49230101 -3.73537945 0.07116412
v -0.36877888 -3.83407545 0.10427149
v 0.24954718 -3.70901536 -0.8376404
v 0.37393808 -4.40178489 0.22897812
v 0.48470088 -3.3960452 -0.71153187
v -0.76996159 -4.01439666 -0.73634284
v 0.31318143 -3.55922055 -0.89879196
v 0.81159806 -3.73480057 -0.45397445
v 0.83277839 -3.87552595 -0.47947147
v -0.05617182 -3.59023356 -0.816863
v 0.77498728 -3.9264028 -0.02803367
v -0.567501 -3.87988543 -0.77397358
v 0.80411124 -3.79835915 -0.38100126
v -0.15228322 -3.94011163 -0.96235674
v 0.8706972 -3.56367445 -0.20860174
v 0.2773804 -3.25747299 -0.67075687
v -0.07183752 -3.57205796 -0.85488891
v -0.48959565 -3.71299529 0.1442236
v -0.3057737 -3.92464089 -0.95849466
v 0.91144222 -3.78442645 -0.39562755
v -0.3240363 -3.90768599 -0.95770937
v 0.24623268 -3.4748497 -0.86229348
v -0.86129456 -3.59654617 -0.4186961
v -0.03042138 -3.83580803 0.16627559
v -0.15522255 -3.95622658 -0.82293605
v -0.16463807 -3.43737816 -0.81674522
v 0.43424788 -4.32228422 0.1888536
v -0.86699003 -3.63967418 -0.40826833
v 0.61290407 -3.90903163 -0.90535616
v 0.35317605 -3.46962952 -0.82471489
v 0.19812287 -3.57150173 -0.90638583
v -0.68461567 -3.53068685 -0.43155643
v -0.78612059 -3.45240831 -0.16957967
v 0.65476459 -3.33169817 -0.26341515
v 0.32030865 -3.80242395 0.15278855
v -0.24444745 -3.58842706 -0.85917711
v -0.5452401 -3.46445941 -0.79168862
v 0.69193881 -3.55548071 -0.47831374
v 0.66600656 -3.51190614 -0.4744293
v -0.92704951 -4.35939025 0.06938925
v -0.4544458 -4.23849201 -0.86828881
v -0.13274511 -3.52539992 -0.84003657
v -0.44348955 -4.02536869 -0.78621059
v -0.92826062 -4.10112524 -0.15857414
v -0.11178599 -3.78202796 0.2516022
v -0.93494826 -4.07109117 -0.18903242
v 0.03432015 -3.34654808 -0.75062352
v 0.85073065 -4.26937341 0.06233906
v -0.64239871 -3.57349848 0.06925818
v 0.7665261 -3.93845677 0.09929185
v -0.47998604 -3.70279049 -0.87321043
v 0.83529299 -3.9709804 0.09254356
v 0.44349071 -3.7256844 0.08383145
v 0.27765575 -4.1117506 -0.92076921
v -0.20083928 -3.90266156 0.20854091
v -0.95775485 -3.94159388 0.02973236
v 0.68518585 -3.41896867 -0.59825277
v -0.32044193 -3.44932055 -0.88998085
v 0.52804696 -3.25848388 -0.43182462
v -0.9195199 -4.01508426 0.11675256
v 0.54165285 -3.25794029 -0.44723799
v -0.13361804 -3.55041313 -0.87129557
v -0.47193202 -3.73049974 0.05027063
v -0.22947576 -3.88018798 0.20558984
v -0.66635644 -3.57044744 -0.69495028
v -0.50981015 -4.02572917 0.08089651
v 0.29457953 -3.40466547 -0.77212363
v -0.02299265 -3.9119544 0.16390802
v -0.29639279 -3.87431526 0.11283124
v -0.64605617 -4.10840845 0.1224563
v 0.2007011 -3.91331958 0.21469208
v -0.8957746 -3.62617349 -0.27007153
v -0.46185904 -3.8952074 0.19390817
v -0.11357071 -3.80444502 0.22927823
v 0.18484288 -4.39870309 0.21382641
v -0.38060993 -3.47136282 -0.83507341
v 0.49451214 -3.78398633 0.13782709
v -0.42476332 -3.47232866 -0.82193946
v -0.78986984 -3.86577224 -0.0849023
v 0.23302908 -4.30659961 0.16581341
v -0.76985526 -3.77012705 -0.11228258
v 0.22584126 -4.22812938 0.14166262
v -0.66661769 -3.58293247 0.0848924
v -0.51327526 -4.14232683 0.13070145
v -0.63510757 -3.57983112 0.08434514
v -0.5715726 -4.2385478 0.14514161
v -0.65072113 -3.57343649 0.08515891
v -0.65268331 -4.22129392 0.14440134
v -0.15867523 -4.04060697 0.18408276
v 0.29344561 -3.48643255 -0.85622632
v 0.22498373 -3.59537506 -0.89303541
v 0.53146141 -3.44243192 -0.8187114
v 0.45897281 -3.75940322 0.11508584
v 0.60264253 -3.69523763 0.11022947
v 0.84439712 -3.82273864 -0.13386333
v -0.67733812 -3.73781609 0.04439698
v 0.52760928 -3.40782237 -0.55312883
v -0.69526308 -3.72402 0.03496095
v 0.80838292 -3.58669328 -0.01176885
v 0.44691452 -3.24990081 -0.62183505
v 0.06454382 -3.55018472 -0.85126382
v 0.83728534 -3.87698793 0.07075974
v 0.06465637 -3.53850078 -0.87467783
v 0.61286515 -3.60644221 -0.67129749
v -0.3563551 -3.84272098 -0.90845859
v 0.7000696 -3.71933436 0.02904895
v 0.59372997 -3.76698446 0.09552656
v 0.15048041 -3.59760594 -0.8314585
v 0.5425418 -3.66354847 0.07889048
v 0.44652494 -3.44266343 -0.8581621
v 0.5847634 -3.6227765 0.08619836
v 0.62062335 -3.48474383 -0.65010857
v 0.75263375 -3.50599813 -0.48775225
v 0.60228025 -3.50198984 -0.69450324
v 0.77054882 -3.50345253 -0.44014263
v 0.44774138 -3.8883624 0.13456621
v 0.89380037 -3.83083081 -0.51707893
v 0.12551875 -3.84491372 0.13315925
v 0.62842124 -4.06490469 -0.83559751
v 0.63081306 -4.10638284 -0.85930061
v 0.19259479 -3.77294778 0.13865998
v 0.66997391 -4.10161924 -0.83961391
v 0.25853857 -3.51404166 -0.84590917
v 0.77157342 -3.97467327 -0.75246846
v 0.0715223 -3.47462701 -0.90405976
v 0.77057111 -3.97878933 -0.77595895
v -0.68797463 -3.68084478 0.03358152
v 0.96898126 -3.86058235 -0.08449745
v -0.96049004 -4.30905532 0.02928368
v -0.05995143 -3.91165518 0.22173856
v -0.56262219 -3.457098 -0.69042736
v 0.61538785 -3.81711387 0.08434818
v 0.96721303 -3.88513255 -0.43463021
v 0.6674233 -3.47438287 -0.66795086
v 0.09428603 -3.30807447 -0.62040066
v -0.59001988 -4.16439962 -0.83098965
v 0.65411025 -3.6218028 -0.74533838
v -0.80367869 -3.77103591 0.08211943
v -0.24861908 -3.92309713 0.07159769
v -0.78755915 -3.57715177 -0.41897448
v -0.22247941 -3.96151375 0.07504677
v 0.82622885 -3.98932433 -0.02909952
v 0.38476485 -4.08370637 0.21215279
v -0.09759534 -3.60246825 -0.92329227
v 0.29597997 -3.47505497 -0.88501131
v 0.73231798 -3.68320035 -0.09988744
v 0.27267652 -3.78436279 0.21541108
v 0.72598886 -3.69858574 -0.06318415
v 0.26926651 -3.9435327 0.11802184
v 0.26208755 -3.54558038 -0.84560257
v 0.6449424 -3.55764412 -0.69879502
v 0.30084922 -3.56299042 -0.84593838
v 0.63187408 -3.82707786 0.08444278
v 0.19428691 -3.64233613 -0.8375765
v 0.79245626 -3.68314099 -0.02287231
v 0.76040858 -3.76347613 0.04991913
v 0.76617789 -3.62917494 -0.01267639
v 0.09342515 -3.84275317 -0.94153815
v 0.77100443 -3.56903386 -0.02935085
v -0.79708945 -3.53822851 -0.35403659
v -0.99211257 -3.8662672 -0.38897839
v 0.87117153 -3.68816423 -0.14843747
v 0.57186245 -3.73641681 -0.75507289
v -0.10683076 -3.35938668 -0.69881749
v -1.01029932 -4.09949922 -0.50929224
v 0.06526044 -4.27127838 0.19380764
v 0.90222817 -4.06739902 -0.42947119
v -0.96841162 -3.86447882 -0.51200759
v -0.09055063 -3.52251839 -0.87782603
v 0.69895875 -3.90750193 0.14365989
v -0.63586181 -3.6307764 -0.76153171
v 0.11940712 -3.54377722 -0.84285748
v -0.62107497 -3.8249216 0.1200999
v 0.8609566 -3.94397616 -0.25301179
v 0.24753654 -3.65425014 -0.95471787
v -0.28284165 -3.95878911 0.11471471
v 0.60645961 -3.47303009 -0.73890489
v -0.08328283 -3.86225485 -0.87292701
v 0.34923794 -4.48755025 0.20991835
v 1.00053954 -4.28944349 -0.1573261
v 0.72137737 -3.53299164 -0.0368889
v 1.0279771 -4.27930784 -0.20365013
v -0.6530441 -3.5834527 0.04634303
v -0.52937048 -3.46341133 -0.76840746
v 0.73871249 -3.76497602 -0.04950654
v -0.56503343 -3.88626885 -0.82054412
v 0.79369503 -3.8571999 -0.09243394
v -0.69336265 -3.38686585 -0.14089036
v 0.74464291 -3.4955244 -0.42506679
v -0.5649501 -3.82024216 0.11875072
v 0.52148264 -3.77372479 0.16611996
v -0.79200148 -4.2069211 0.07974369
v -0.32067444 -3.27435302 -0.67367255
v -0.64807593 -3.31145906 -0.32078701
v -0.66764396 -3.33330082 -0.3865613
v -0.16874235 -3.86995959 0.14999075
v -0.63302969 -3.30987834 -0.43782198
v 0.75376969 -3.76518678 -0.6280291
v 0.83398652 -4.09376382 -0.01667537
v 0.70967817 -3.93625593 0.07196316
v 0.39509061 -3.54143357 -0.85115182
v 0.32577186 -3.90970563 0.07551606
v 0.32057052 -3.5493741 -0.92924159
v -0.90541064 -3.92650365 -0.180156
v -0.73773402 -3.39147377 -0.26865124
v 0.70077627 -3.55000281 -0.16198688
v 0.42966237 -3.88133144 -0.9452821
v 0.41006159 -3.88278722 -0.93793612
v 0.68514871 -3.53735637 0.05157547
v -0.04295149 -3.92985034 0.19490125
v 0.68790382 -3.5199933 -0.00223941
v -0.80886185 -3.60039567 -0.5442208
v 0.14475637 -3.49613857 -0.86513495
v -0.44682046 -3.78745365 0.16980689
v 0.70001643 -3.90328455 -0.87665855
v 0.11396008 -3.48023772 -0.75515091
v 0.45863714 -3.25703096 -0.61009103
v 0.53392189 -3.86652541 -0.91836339
v 0.42027214 -3.29141426 -0.65352475
v -1.01422119 -4.14003658 -0.50904852
v 0.62789827 -3.33129859 -0.28451955
v -1.00938344 -4.15520525 -0.54038614
v 0.42646884 -4.27266407 0.17301707
v -0.67422562 -4.0109415 0.19381099
v 0.09255994 -3.8340609 0.23804554
v 1.02427613 -3.89704132 -0.28344425
v 0.10887393 -3.88104915 0.22518962
v 0.93895113 -4.26603412 -0.0428324
v -0.1381129 -3.81924867 0.20226082
v -0.84186953 -3.62040519 -0.32102412
v 0.4869619 -3.85235118 0.14480933
v 0.86695951 -3.56341123 -0.17191298
v -0.34172192 -3.89481592 0.15381938
v -0.55205333 -3.94451761 0.1938291
v -0.93934637 -3.97620868 -0.22084172
v -0.35282287 -3.98765134 0.19549164
v -0.744228 -4.40033149 0.09863686
v -0.96035146 -3.98069381 0.04769264
v 0.74530303 -3.91329073 -0.56707555
v 0.5072065 -3.98728942 0.169795
v -0.83475679 -4.02124071 0.174859
v -0.58539271 -3.29756236 -0.5572822
v 0.51678723 -3.77772688 0.10750296
v -0.56146049 -3.85196971 -0.85545265
v -0.46316078 -4.1683402 -0.87918686
v -0.83504658 -3.90982556 0.11304026
v -0.92905122 -3.86915993 -0.06609007
v -0.86820232 -3.85239672 -0.37825855
v -0.07524316 -3.91805791 0.18532146
v -0.88053524 -3.88953995 -0.37764984
v 0.46163535 -4.30343818 0.13583084
v -0.89841926 -3.89429116 -0.33548027
v -0.42159578 -3.42081809 -0.76033932
v 0.14921611 -3.98669552 0.09171395
v -0.36829739 -4.04383897 -0.85163033
v 0.8760339 -3.6858828 -0.16884231
v -0.23192668 -3.41382956 -0.66859501
v 0.91691076 -3.74209213 -0.19639059
v 0.07188638 -3.56082296 -0.88991874
v 0.66744422 -3.64124679 0.09115927
v 0.70271223 -4.23948669 -0.86230742
v 0.85796046 -3.5681684 -0.17814782
v 0.66397362 -3.76458168 0.08443429
v -0.25389313 -3.68466949 -0.87942546
v 0.64863503 -4.22411012 -0.887654
v 0.88999354 -3.90032696 -0.28142187
v 0.09329389 -3.60242629 -0.893866
v -0.54492592 -3.99747872 0.07359947
v 0.38867619 -4.36985111 0.17833393
v -0.88620501 -3.69147396 -0.15265035
v 0.68577492 -3.86575174 -0.81384486
v -0.86719751 -3.67039704 -0.1837646
v -0.6033141 -3.70767998 -0.76890134
v -0.70064425 -3.53992652 -0.27301532
v -0.60568362 -3.88477492 -0.75925707
v 0.22137768 -3.42047667 -0.79286569
v -0.63320851 -3.61438965 0.02639518
v -0.93681913 -4.22209692 0.01253446
v -0.12122296 -4.06386566 0.19938461
v 0.78888469 -3.76211261 0.09464866
v -0.99935114 -4.29877042 -0.03715323
v -0.72177273 -3.45767855 -0.28458157
v 0.54625678 -3.46155595 -0.78531086
v 0.51350289 -3.81160283 -0.88944494
v 0.42578727 -3.29892158 -0.72776603
v 0.88470166 -3.61176681 -0.33138239
v -0.83097416 -3.69108438 -0.27404737
v 0.84804189 -3.61041832 -0.35875186
v -0.88120853 -4.24045372 -0.6944884
v -0.56561386 -3.29485845 -0.39105543
v 0.24139154 -3.26211762 -0.67776823
v -0.5765599 -3.32484436 -0.39415991
v -0.57677763 -3.67561268 0.03385662
v 0.28003877 -4.01545667 0.22162571
v 0.28908133 -3.76342606 0.09060052
v -0.14377911 -3.68376445 -0.8377071
v -0.6933915 -3.50198531 -0.58115869
v -0.01756252 -3.67863941 -0.83430463
v 0.61820596 -3.58263158 -0.76531481
v -0.8116188 -3.48312044 -0.22169186
v 0.87951868 -3.91165709 0.02387297
v -0.89569813 -4.12314033 -0.06792058
v -0.82258588 -3.50868082 -0.26403829
v -0.91159617 -4.15874958 -0.02789925
v -0.8408122 -3.62310671 -0.36466464
v 0.42221245 -3.64541697 -0.90507507
v -0.32984176 -3.39034724 -0.68237829
v -0.87964648 -4.02523517 0.14306329
v 0.42656165 -4.01211404 -0.86593776
v 0.76588088 -3.90638923 0.04279027
v 0.40002411 -3.96657514 -0.85673493
v -0.16915364 -3.5329945 -0.8403967
v 0.44504559 -3.96719288 -0.85233259
v -0.03364101 -3.58010649 -0.85941213
v 0.78684258 -4.31994199 0.08874854
v -0.39399403 -4.2163434 -0.93299973
v -0.64965045 -3.71231198 -0.00737292
v -0.38672068 -3.5173974 -0.82879507
v 0.89005136 -3.56720805 -0.13543178
v -0.49028271 -4.15995168 -0.83172678
v -0.75189715 -3.46839404 -0.25728276
v -0.52300143 -4.21207237 -0.85142362
v -0.71736615 -3.42335176 -0.35229051
v -0.49928259 -4.21506977 -0.86505609
v -0.64619165 -3.75598311 0.06110533
v 0.09502391 -3.57857894 -0.90441697
v 0.49574956 -3.58076787 -0.76960295
v 0.50874149 -3.29040646 -0.44216367
v 0.20156982 -4.05824375 0.22377313
v 0.00105075 -4.15619564 -0.85266619
v 0.23864387 -3.24360609 -0.60558521
v 0.61842739 -3.75059604 0.0735962
v -0.33522349 -4.31306123 0.12849603
v -0.49065715 -3.29909014 -0.46736085
v 0.06286222 -3.97828173 0.1348544
v 0.82998591 -3.62941241 -0.26187264
v 0.71138936 -3.79691481 0.12938901
v -0.71103704 -3.4522674 -0.4671058
v 0.51110124 -4.1013875 -0.85814648
v -0.90752929 -3.89496254 -0.26479765
v -0.85511726 -3.92355036 -0.17252734
v 0.687599 -3.48834681 -0.04659272
v -0.07461211 -3.56191945 -0.89164918
v -0.15434947 -4.31354427 -0.83651244
v -0.87230581 -4.35006761 0.10078416
v -0.43112066 -3.96093893 0.08419898
v -0.85468602 -3.97653245 -0.56312292
v -0.43939125 -3.45485544 -0.86664038
v -0.90530169 -3.68192052 -0.23450721
v -0.44655394 -3.45190954 -0.84946465
v -0.85990202 -3.72922658 0.03027654
v -0.08570102 -3.93175673 0.14124526
v 0.68140381 -3.63624882 -0.67528343
v -0.2084047 -3.8968358 0.14202706
v -0.18208496 -4.40156459 0.17305031
v 0.17472221 -3.75546312 0.12693838
v -0.20719537 -4.4125328 0.16039137
v 0.129464 -4.05685091 0.1444932
v 0.16977153 -3.28193235 -0.6076008
v 0.6694343 -4.4313693 0.12407177
v -0.13789063 -3.2748382 -0.59815752
v -0.92027866 -3.92906475 0.0935773
v 0.747904 -3.55715084 -0.13143488
v -0.43478891 -4.08830308 0.08786444
v -0.42638978 -3.56966614 -0.87815046
v -0.42418038 -3.84399604 0.0984871
v -0.07429262 -3.3000524 -0.68246239
v 0.23586 -3.85934972 -0.87092417
v -0.78684842 -4.19345331 -0.77087348
v 0.65724301 -3.83268165 0.14773088
v -0.78321164 -4.23849201 0.08927323
v 0.68153399 -3.81775999 0.10523223
v 0.5350458 -3.2777512 -0.59384059
v 0.33528351 -3.47419238 -0.75546175
v 0.52002209 -3.27412653 -0.57140797
v 0.3736709 -3.46237945 -0.86486917
v 0.54815352 -3.28720593 -0.54512685
v 0.75498145 -3.65174388 -0.54161661
v 0.79981261 -3.46752882 -0.16540357
v 0.79616695 -3.6730473 -0.05754896
v -0.85406476 -3.7204287 -0.08350498
v -0.77440732 -4.00979471 -0.64735847
v -0.30446404 -4.40999651 0.14574435
v -0.94429528 -3.92335581 -0.02195273
v 0.9281727 -3.99977183 -0.38568821
v 0.89471489 -3.9750843 -0.4222297
v -0.7460342 -4.10077714 0.09609729
v -0.83121395 -3.56890773 -0.50251632
v -0.70952034 -3.80976438 0.07282333
v -0.72177773 -3.81024861 0.08107712
v 0.23682589 -4.50130462 0.20604382
v -0.75407856 -3.39907503 -0.33447074
v 0.3781417 -3.88245415 0.16218343
v -0.78313475 -3.58816862 -0.32846245
v -0.74537104 -3.3930242 -0.39926579
v 0.13713996 -3.52767944 -0.79484289
v 0.57281798 -3.63192462 -0.77050751
v -0.31987205 -3.5597918 -0.87458038
v 0.75413537 -4.40786361 0.11328564
v -0.34704133 -3.55747675 -0.88837629
v -0.92183375 -3.83511495 -0.52398574
v -0.77834504 -3.47030186 -0.54351854
v -0.89107024 -3.83246111 -0.56592065
v -0.91497135 -3.99764323 0.13417153
v -0.80574417 -3.74240446 -0.60047131
v -0.01815041 -3.8299179 -0.82310909
v -0.04678434 -3.93500185 0.20369476
v -0.42226213 -3.87686824 -0.9154883
v -0.9214791 -3.75670313 -0.30314701
v -0.22599017 -4.00426816 0.20069329
v -0.42769888 -3.35459876 -0.7651593
v 0.59221398 -3.84461379 0.12039046
v -0.60950183 -3.33724951 -0.49725514
v 0.57724398 -3.31458115 -0.61415666
v 0.1334781 -3.51954984 -0.87379169
v -0.75174778 -3.45450806 -0.18390736
v -0.79607486 -4.03470134 0.02783387
v -0.21350717 -3.54551005 -0.79527795
v -0.70497208 -3.39370894 -0.1861626
v 0.52040129 -3.54823827 -0.85570889
v -0.09170015 -3.79397678 0.26017841
v 0.8604567 -3.61951112 -0.01935136
v -0.69065821 -3.96663808 -0.77815997
v 0.86777061 -3.60386633 -0.04095587
v 0.7157318 -3.95919489 0.12396187
v 0.81114721 -3.63990497 0.04539689
v -0.88874149 -4.05842542 -0.06220896
v 0.56978058 -3.67717361 -0.74713474
v -0.92448449 -4.08342123 -0.10776922
v -0.40600624 -3.4733901 -0.85712385
v 0.88424325 -3.73048639 -0.12342537
v -0.75597614 -3.4648745 -0.08817732
v -0.98035663 -4.11923313 -0.58363145
v -0.23590105 -3.26340246 -0.56189984
v -0.17773939 -4.07064294 0.09850931
v -0.00237672 -3.94158053 0.23374356
v -0.99484777 -4.22000694 -0.06852842
v 0.84266525 -4.00452756 -0.54848319
v 0.18346436 -3.56351065 -0.85697126
v -0.1640075 -3.4906919 -0.85272759
v 0.12043991 -3.55545353 -0.85223949
v -0.3002094 -4.08990383 -0.88215947
v -0.52948433 -3.6417787 -0.84319675
v -0.0699938 -3.26894235 -0.60994643
v -0.06468644 -4.00869321 0.1785577
v 0.71549874 -4.11139774 -0.79632508
v -0.2291136 -4.28921651 -0.85408544
v -0.2861492 -4.2915411 -0.8701958
v 0.42035174 -3.7599895 0.17535498
v 0.71813213 -4.42315769 0.14179621
v 0.65776884 -3.94535827 -0.71059852
v 0.40695163 -3.4998238 -0.83928602
v 0.03968273 -3.6657772 -0.87428391
v 0.77067756 -3.59458947 -0.46425238
v 0.00113572 -3.7255547 -0.87122029
v 0.79768431 -3.73254895 -0.61526113
v -0.8495748 -3.88781762 -0.08441892
v -0.75941485 -4.26735448 -0.83402329
v -0.75339508 -3.68913912 0.03166025
v 0.74782258 -3.69344139 -0.00025508
v -0.70154231 -3.78434133 -0.78613293
v 0.39457583 -3.2203741 -0.52485483
v -0.17051155 -4.12168693 -0.89221096
v -0.1922083 -4.03871536 0.20335272
v -0.05825312 -3.82331967 0.24752008
v 0.66710603 -3.55417919 0.01162552
v 0.66968035 -3.53267025 0.03546631
v -0.27436918 -3.32148051 -0.77421379
v 0.362495 -3.7144339 -0.91701
v -0.75317895 -3.45688986 -0.14973235
v 0.81637483 -3.80779576 -0.63037538
v -0.90245485 -4.09378624 -0.59674745
v -0.31710729 -3.53612446 -0.89548695
v -0.96386849 -4.05502128 -0.1927686
v 0.76858145 -3.93386983 -0.72140771
v -0.96589815 -4.10323238 -0.16802552
v 0.8358457 -4.39585208 0.08151593
v -1.02553808 -4.12459754 -0.41067433
v -0.86899167 -4.15254735 -0.71160149
v -0.93874341 -4.02022647 -0.36289736
v -0.70437949 -4.04498195 0.0910952
v -0.26735052 -4.01731586 -0.85860997
v 0.57346832 -3.44851398 -0.66155535
v -0.33401534 -4.251791 -0.93829643
v 0.51641625 -3.35385584 -0.60099721
v -0.59136718 -3.34462833 -0.38753324
v -0.50028377 -3.86374092 0.19635184
v -0.6001749 -3.41851401 -0.48051801
v 0.09090775 -3.55992007 -0.86166846
v -0.85126191 -3.89004039 -0.2122209
v 0.612495 -3.72983026 -0.78076654
v -0.79353451 -3.91951727 -0.74569922
v -0.39254534 -4.2750411 -0.87468266
v 0.68490642 -4.17134571 0.07634466
v 0.34394738 -4.06748724 -0.89787733
v -0.65638428 -3.85407614 0.05097843
v 0.51917809 -3.90353012 -0.79737311
v -0.6299836 -3.91149139 0.07823518
v -0.2399013 -3.56651544 -0.90825015
v -0.15566125 -4.39995908 0.15914113
v -0.72965836 -3.92045593 -0.65682351
v -0.18015418 -3.55197691 -0.87752872
v 0.6689459 -3.4455564 -0.64912152
v 0.40248423 -4.1075468 0.12995772
v 0.35180935 -3.83526802 -0.97919714
v 0.05345992 -3.89230728 0.12866143
v 0.27734395 -3.82051134 -0.98563265
v 0.81748616 -3.61693787 -0.28351393
v -0.58118957 -4.06387138 0.12086284
v 0.82591611 -3.63231325 -0.20382975
v -0.23981352 -3.50724887 -0.85268509
v 0.88155329 -3.84782838 -0.02223727
v -0.22605694 -3.5315833 -0.86095535
v -0.97758686 -4.32935428 0.02507057
v 0.27324834 -3.78684783 0.18068438
v 0.81190896 -3.80875277 0.0629161
v 0.29165941 -3.78031992 0.18327236
v 0.67457759 -3.36034059 -0.22003515
v 0.98182386 -3.82867217 -0.39046508
v 0.83698695 -4.2058134 -0.65771335
v 0.53576421 -3.45522475 -0.75733333
v 0.64158654 -3.83265519 -0.88123178
v 0.54933774 -3.49363088 -0.76427096
v -0.24679721 -3.98182392 -0.81458312
v 0.2698397 -3.62475705 -0.87627828
v 0.4075517 -4.45970106 0.21981301
v 0.67342937 -3.36121034 -0.39731136
v 0.57907009 -3.84344673 0.09950037
v -0.65027809 -3.92317652 -0.73709195
v -0.98861366 -4.23864173 -0.13385325
v -0.9231472 -4.13298893 -0.64991462
v -0.9917134 -4.24697637 -0.19056098
v -0.68536293 -3.36402487 -0.19368945
v -0.83681261 -3.75919175 -0.4187085
v 0.24496473 -3.55311656 -0.92329257
v -0.63284796 -4.0315752 0.18410036
v -0.20766747 -3.96335125 -0.9726116
v -0.48433801 -3.5633223 -0.76334106
v -0.5077157 -3.88500571 0.15757903
v -0.46705231 -3.51713895 -0.78776866
v -0.75440108 -3.55921411 -0.58406037
v -0.09056317 -3.50390458 -0.87553757
v 0.02980803 -3.55302286 -0.87517893
v -0.03034965 -3.52098488 -0.86224114
v 0.06805173 -3.53478837 -0.86624759
v -0.01623995 -3.51730155 -0.87413525
v -0.88383775 -4.18165063 0.07195841
v -0.56617337 -3.64281249 0.10427449
v -0.05178709 -3.87765145 0.2312645
v -0.24694497 -4.01807069 0.08254124
v -0.94432896 -4.2242093 -0.63466209
v -0.06791732 -3.84270739 0.23204228
v -1.03388035 -4.10759401 -0.4701201
v -0.17059445 -4.22872448 -0.90401917
v 0.85883462 -3.70188212 -0.09454674
v -0.08610547 -3.81000614 0.23703382
v -0.57094717 -3.26370358 -0.44047346
v 0.73964053 -4.00927877 -0.84294974
v 0.46256783 -4.25409603 0.16100689
v -0.24346818 -3.59395909 -0.81494551
v 0.5276848 -3.61712122 -0.82544541
v 0.30674827 -4.36424064 0.18416032
v 0.25216862 -4.02740716 -0.90482455
v 0.2018115 -3.91805172 -0.88130956
v -0.82297945 -3.65357732 -0.4579454
v -0.07218427 -3.91004133 0.1568216
v 0.4713383 -4.41343784 0.16544234
v -0.09605975 -3.87566494 0.1333286
v 0.48816436 -4.40296459 0.15997913
v -0.91218167 -3.87792015 -0.58710062
v 0.28530818 -3.23547959 -0.62210005
v -0.95887273 -3.85074043 -0.20176106
v -0.69025522 -3.40220189 -0.10371636
v 0.35930007 -4.0665493 0.2007644
v -0.24492079 -3.24191594 -0.57076698
v -0.02085984 -3.95775055 -0.97547388
v 0.85823702 -3.96272707 -0.21788425
v -0.02684697 -3.9269123 -0.98726856
v 0.49206954 -3.85718488 -0.84733951
v -0.0819678 -3.78332424 0.12956251
v -0.6251533 -3.67134428 -0.73981034
v -0.83595377 -3.84016013 0.06183841
v -0.67552471 -3.6678164 -0.69681954
v 0.29565256 -3.4547193 -0.87476784
v 0.39243561 -3.26703691 -0.7028377
v 0.75461077 -3.94572329 -0.66100257
v 1.06354022 -4.21379232 -0.24981351
v 0.64612519 -4.06855106 0.0621038
v 0.18648599 -3.92274498 0.16932272
v 0.27893024 -3.31775474 -0.62836843
v -0.0053277 -3.8710637 0.25123429
v 0.56438797 -3.36983013 -0.70159292
v -0.96297937 -4.00769853 -0.36482241
v -1.05548024 -4.20413017 -0.53300911
v -0.22159941 -3.80287766 -0.83598512
v -0.68850386 -4.23519945 0.14373269
v -0.94259762 -3.96826362 -0.25773799
v -0.72416007 -3.5904386 -0.01335151
v 0.75501 -3.99247908 -0.82364279
v -0.62431746 -3.97981309 -0.81480193
v 0.71283364 -3.97831416 -0.88122916
v 0.06712587 -3.49663496 -0.84169006
v 0.19320811 -3.24784755 -0.61118632
v -0.85677909 -3.747195 -0.00700569
v -0.46570023 -3.79062819 0.1167873
v -0.6762517 -4.33496856 0.10730618
v -0.46762177 -3.82632446 0.12035224
v -0.66907972 -3.63731384 0.04228709
v 0.62353825 -3.5734651 -0.72458261
v -0.62020343 -3.64256858 0.07003802
v 0.84297484 -3.6255536 -0.10872897
v 0.4953787 -3.25494694 -0.45415094
v 0.16713333 -3.83464002 0.17307049
v 0.43463429 -3.91365456 0.18478314
v -0.76660418 -4.2407794 -0.83955037
v 0.15480391 -3.90088105 0.24096018
v -0.13765563 -3.96114897 -0.99301374
v -0.57598811 -3.7640295 0.01167057
v -0.72682595 -3.50849843 -0.01544679
v -0.77761393 -3.55451321 -0.39650917
v 0.60648995 -3.73364782 0.15684175
v -0.79124665 -3.5362885 -0.39995241
v 0.10717733 -4.07490682 0.11007736
v -0.78412306 -3.54402089 -0.42228466
v 0.27312451 -3.58077073 -0.88274073
v 0.34013661 -3.72921395 -0.87074363
v 0.33359262 -3.81444263 -0.86100256
v -0.45471698 -3.52297639 -0.88602531
v 0.20545262 -4.29829025 -0.85467648
v -0.46413734 -4.09825086 -0.84814781
v 0.85785698 -3.87148833 -0.57625395
v -0.81479024 -3.76368522 0.03524301
v 0.610246 -3.41425299 -0.43216362
v -0.19526121 -3.46963787 -0.79379594
v -0.24275018 -4.39895677 0.16146934
v -1.02971696 -4.1827898 -0.53239458
v -0.23683972 -4.37740516 0.17170472
v 0.98075044 -4.15848064 -0.20674443
v -0.44514325 -3.97137332 -0.81980317
v -0.6064378 -3.32350873 -0.33151963
v -0.87488418 -4.07878494 -0.01622566
v 0.84906619 -3.50508904 -0.37845704
v 0.29104265 -4.22578668 -0.90776181
v 0.25391328 -3.72063207 -0.97635531
v 0.30009168 -3.72638797 0.12389376
v -0.2909598 -3.82033753 0.16869014
v 0.25502699 -3.72959923 0.12813553
v -0.81652075 -3.58702325 -0.05463628
v -0.29393708 -3.78009486 0.15234091
v 0.33219149 -3.23372602 -0.61387342
v -0.47917947 -4.0713129 -0.79799807
v -0.3521848 -3.67532873 -0.86747771
v 0.7341457 -3.80544591 -0.02388453
v 0.49637162 -3.55350256 -0.81140869
v 0.66963851 -4.25366449 0.1504998
v 0.55685102 -3.94283604 0.18431897
v -0.65946018 -3.83371758 0.12085322
v 1.05272233 -4.24938201 -0.23026783
v 0.36498448 -4.08401918 0.21904709
v 0.65029674 -3.77738213 0.09208466
v 0.70133298 -3.66751551 -0.63876581
v 0.61379921 -3.75937795 0.1032291
v -0.00948985 -3.36092972 -0.64653867
v 0.60873967 -3.71874809 0.10351308
v 0.66576606 -3.4218378 -0.19416105
v -0.50361216 -3.49566984 -0.75803136
v 0.57404744 -3.8580563 -0.90970557
v 0.50510174 -3.68477964 0.11440963
v -0.0006762 -3.29298949 -0.67653989
v 0.47513151 -3.67303705 0.1142946
v -0.18955855 -3.84080696 -0.97754156
v -0.36954122 -3.7437148 0.08179048
v 0.74537557 -4.43447256 0.12062725
v -0.38662859 -3.73290467 0.08720023
v -0.58495914 -3.2953031 -0.36808839
v -0.36897224 -3.74210405 0.0947455
v -0.68684971 -3.83060813 -0.67514157
v -0.16197308 -3.41778588 -0.85105013
v -0.4411796 -3.98469448 0.12411577
v 0.11765754 -3.77661085 0.13642218
v -0.91471588 -3.66093635 -0.17487241
v 0.78738004 -3.60880327 -0.37694126
v 0.65508043 -3.99489164 0.15410535
v 0.78972905 -3.60809421 -0.39508205
v 0.68164998 -3.98894047 0.15179811
v -0.24941447 -3.76977038 0.10429467
v 0.82707452 -3.90873241 -0.6074565
v -0.27841278 -4.0612564 -0.82952642
v -0.93446385 -3.73356795 -0.28873476
v -0.82629185 -4.25954675 -0.78010839
v 0.67453777 -3.43425774 -0.14012001
v 0.39422428 -3.8371284 0.15718513
v -0.77751117 -4.00125312 0.03109063
v 0.8348627 -4.08773565 -0.62045604
v -0.32300511 -4.01349353 0.16911098
v -0.72562962 -3.51182675 -0.03500719
v 0.69757956 -4.03557014 0.0824573
v -0.75764364 -3.48639082 -0.04356994
v 0.07681992 -3.97027659 -0.94289171
v -0.72777622 -3.4962027 -0.01672183
v -0.49363273 -3.55574345 -0.8328132
v -0.73122274 -3.49348759 -0.0389514
v 0.41794648 -3.71712088 -0.86801564
v 0.46662509 -3.52458429 -0.88237977
v 0.84806561 -4.10944461 -0.0299724
v 1.03149306 -4.27279949 -0.38860124
v -0.74270403 -3.41277098 -0.22728751
v 0.87897718 -3.63444328 -0.27729865
v -0.65401154 -3.5727005 0.03200314
v 0.78719317 -3.53813147 -0.43599668
v -0.59943735 -3.82895541 -0.8549478
v -0.62545293 -3.49015116 -0.66789037
v 0.36917203 -3.84074974 -0.81590259
v -0.65490651 -3.52730011 -0.6546871
v 0.48198735 -3.72938251 -0.81098479
v -0.03125095 -3.26553678 -0.62232238
v 0.47688919 -3.84671139 -0.80476701
v 0.76068103 -3.73207211 -0.55966842
v 0.7873919 -3.97265815 0.10880591
v 0.75765812 -4.20465087 -0.86283332
v 0.56971824 -3.86399912 -0.82552969
v 0.74539715 -4.1783185 -0.87753534
v 0.53085619 -3.86034417 -0.84038537
v -0.11963009 -3.83821153 0.2002049
v -1.01930856 -4.2147274 -0.26041796
v -0.55152469 -3.80195403 0.09240097
v 0.1418765 -3.80172014 0.18899223
v -0.57180935 -3.80536317 0.08801864
v 0.36974057 -3.25882601 -0.65484333
v 0.74656552 -3.74467515 -0.07893282
v 0.14057239 -4.44833469 0.2101397
v 0.96582675 -3.81695842 -0.19261762
v 0.66957545 -3.5454452 -0.65404462
v -0.78123068 -3.55984067 -0.59219765
v 1.00503969 -4.17625522 -0.3943023
v 0.8519392 -3.61287283 -0.29029053
v -0.76269179 -3.48565459 -0.21630372
v 0.64840352 -3.45409655 -0.70658123
v -0.04798643 -4.28803777 0.16490954
v 0.7361111 -3.41551518 -0.2909618
v -0.62040573 -3.63626384 -0.7911579
v 0.04347432 -4.28415298 -0.85050606
v 0.69869101 -3.52197766 -0.22758628
v -0.79618483 -3.45865678 -0.21499723
v 0.42760112 -3.8277533 -0.96022468
v -0.76325655 -3.7804265 -0.63825058
v -0.02336367 -3.93808984 0.18763844
v -0.61384362 -3.71904063 0.13255706
v 0.20018754 -3.80042576 0.15649743
v 0.03170311 -4.29561424 -0.83330273
v 0.69392836 -3.75424075 -0.59102678
v -0.74926018 -3.68326568 -0.62606149
v -0.93154698 -4.0130167 -0.24204354
v -1.07056593 -4.19760322 -0.38875687
v -0.75203895 -4.04361295 -0.70342892
v -0.91013586 -4.23922967 -0.66499787
v -0.19343543 -3.80981421 0.21354177
v 1.04196536 -3.90060448 -0.24693466
v -0.38555449 -3.52114486 -0.74403584
v 0.30112409 -3.92082619 -0.83107012
v 0.98154056 -3.89292073 -0.10909728
v 0.03742699 -3.52626419 -0.86426049
v 0.9522612 -3.91074204 -0.04102505
v -0.87072563 -3.61580801 -0.26233026
v 0.29724755 -3.33961296 -0.78818351
v 0.23400683 -3.3783822 -0.81584805
v 0.71400988 -4.21949863 -0.90273386
v 0.69456905 -4.16833829 0.11291538
v -0.70387196 -3.47055292 -0.59430575
v 0.76497286 -4.12316799 0.06466532
v 0.80269557 -3.50422024 -0.10217151
v 0.8647111 -3.6943748 -0.12337058
v 0.12008656 -3.77953314 0.21715794
v -0.86629092 -3.91745686 0.09549903
v 0.12497603 -3.77065038 0.2290963
v 0.62692236 -3.83069706 0.18324853
v -0.50426811 -3.55485534 -0.84667104
v 0.64311915 -3.64960503 -0.64711332
v 0.30917951 -3.36225485 -0.65985107
v 0.91404563 -3.69231486 -0.36797219
v -0.77738636 -3.60463094 -0.40497663
v -0.77335614 -3.58812046 -0.45041158
v -0.58912676 -3.74918317 0.09723612
v 0.8728649 -3.72736239 -0.48909074
v 0.65974456 -3.83656215 -0.66506803
v 0.88373947 -3.99195504 -0.34612956
v 0.15610919 -4.48798847 0.18538846
v 0.09182757 -4.47781276 0.19318354
v 0.15095272 -4.47496891 0.18411873
v -0.07847141 -3.94097852 0.2468796
v 0.10409927 -4.47638034 0.18620923
v -0.10358313 -3.89424943 0.24780193
v 0.68689608 -4.12389659 0.101308
v -0.26867714 -3.91693067 0.11139514
v 0.64778208 -3.59990191 0.10859353
v 0.42251217 -3.81992268 0.15292128
v -0.0622177 -3.88274383 0.24435183
v -0.24412091 -3.38296341 -0.82923293
v -0.10223694 -3.8063023 0.19762785
v 1.00781548 -4.20727205 -0.4057371
v 0.69695186 -3.40027451 -0.17227143
v 0.77585059 -3.57714557 -0.54909378
v -0.97367811 -4.10498762 -0.51617783
v 0.83354926 -3.56846666 -0.48530319
v -0.54668462 -3.50342726 -0.67113214
v -0.83142894 -3.74278545 0.07320054
v 1.01926803 -3.89844512 -0.1719421
v 0.20280508 -3.55982637 -0.93893736
v 0.385118 -3.48948669 -0.83682984
v -0.27597263 -3.75882172 0.12260475
v 0.26569005 -3.71417808 -0.93045198
v -0.42697587 -3.74368238 0.12954494
v 0.79114961 -3.99071216 -0.53324574
v -0.99722892 -3.87855267 -0.41903668
v -0.16454966 -3.76964473 0.12666593
v -0.13505429 -3.88660311 0.15191711
v -0.14910885 -3.77124142 0.11706277
v 0.36914855 -3.39369916 -0.76800596
v -0.07895272 -3.78311729 0.11167521
v 0.33451315 -3.39757704 -0.77681756
v -0.06034397 -3.77594614 0.12296319
v 0.3830589 -3.8251357 0.13314333
v 0.03886023 -3.97110199 0.21323545
v -0.21456053 -3.89243245 -0.98781442
v 0.38817903 -3.63106417 -0.82125502
v 0.58142793 -3.28434252 -0.37677767
v 0.56472498 -3.28810882 -0.38566085
v 0.82263386 -4.15877389 -0.02813756
v 0.59583473 -3.28343153 -0.39107918
v 0.79160475 -4.09739255 -0.02815213
v -0.16779442 -4.29122257 -0.82981622
v 0.5633139 -3.27125525 -0.39831024
v -0.75870561 -3.56647372 -0.42174261
v 0.61785972 -3.65497231 -0.7398597
v 0.38895091 -3.78845977 0.19845722
v 0.5168395 -4.30746269 0.16585208
v 0.13300468 -3.26636958 -0.60472899
v 0.82433646 -3.85820674 -0.63617998
v 0.71508646 -3.80020451 0.08325133
v 0.23744431 -3.89676761 0.17137023
v 0.6927914 -3.80035471 0.08714155
v 0.13297469 -3.44219279 -0.79890161
v 0.79578393 -4.17447042 -0.78033727
v 0.8436653 -3.65763258 -0.37322768
v 0.38696494 -3.32552456 -0.66718536
v 0.87081933 -3.68503451 -0.34352719
v 0.35353851 -3.3188529 -0.67522597
v 0.90421247 -3.75359582 -0.37341946
v 0.11630565 -3.53081846 -0.86663663
v 0.42898038 -3.68761801 0.11858532
v -0.70693641 -3.82419633 0.0292741
v 0.80652231 -3.67316341 -0.2148334
v 0.45331478 -3.48497986 -0.71201437
v -0.80991846 -3.92128896 0.16829104
v 0.70028281 -4.11153078 -0.81977212
v 0.41323676 -3.95737719 -0.813331
v -0.13633669 -4.22058582 0.14513181
v 0.44168862 -3.98210763 -0.81541806
v -0.51502358 -3.46469044 -0.64320313
v 0.82194328 -3.47562098 -0.26829108
v -0.44396698 -3.37297773 -0.56084352
v -0.5849927 -4.0450015 -0.79199665
v -0.65725618 -4.00002861 -0.80905598
v -0.5330125 -3.93227744 -0.78003412
v 1.07507002 -4.20534706 -0.29688465
v -0.5776962 -3.99054288 -0.78038024
v -0.87382173 -3.81139564 -0.32698363
v -0.51704424 -3.69267392 0.13847218
v -0.87071549 -3.79076623 -0.30109217
v -0.36167359 -3.7719469 0.15576745
v 0.20821723 -3.91321945 -0.96076148
v 0.08650271 -4.25792646 -0.83835166
v 0.37163683 -3.20770621 -0.55243659
v 0.66491913 -3.70912408 0.08158663
v 0.34034723 -3.20954179 -0.57574361
v -0.80802774 -3.48443436 -0.47635248
v 0.48031008 -3.29979562 -0.48422294
v 0.89245587 -3.69885206 -0.0763213
v 0.55082649 -3.8663063 0.13841156
v 0.5033788 -4.31501483 0.13183215
v 0.89907836 -3.70156645 -0.41701838
v -0.75923407 -3.55443072 -0.49295255
v 0.1305428 -3.89540171 0.09136614
v 0.64534699 -3.68151617 -0.7893418
v -0.11560916 -3.87851977 -0.83293718
v 0.48842564 -3.23333692 -0.49732008
v 0.37259095 -3.3174808 -0.5973953
v 0.15763689 -3.81898927 0.17618234
v 0.56561458 -4.00081682 -0.81659013
v -0.87196201 -4.12470626 -0.652278
v 0.55798423 -3.57950663 -0.79004371
v 0.70176273 -3.59588289 -0.50185161
v -0.30845862 -3.37966752 -0.76470702
v -0.18093234 -4.15445232 -0.85580283
v -0.31112361 -3.29793214 -0.69258761
v -0.67187142 -3.50657939 -0.62976771
v 0.46767273 -3.84881401 -0.91828268
v -0.68439662 -3.48715663 -0.56967079
v -0.80254882 -3.89746141 -0.47606638
v -0.81699675 -3.61591148 -0.14030581
v -0.77888262 -3.89898967 -0.54194223
v 0.60266983 -4.20881176 -0.91259682
v 0.18987089 -4.25518274 -0.89267194
v -0.78456932 -3.45227623 -0.3869892
v 0.04531126 -3.89920854 -0.82467114
v -0.48771467 -3.38784217 -0.55974829
v 0.0945272 -3.49422645 -0.88972175
v 1.07082676 -4.25274896 -0.33102861
v -0.17802585 -3.91449546 0.21215912
v 0.76815915 -3.58542442 -0.46446088
v -0.25602546 -3.91677594 0.18937456
v 0.33943948 -3.91784167 -0.94313573
v 0.56645572 -4.1190052 -0.86849391
v -0.97810137 -3.85019373 -0.28937616
v 0.97040659 -4.25735473 -0.45200136
v -0.19901295 -3.45889115 -0.83402138
v -0.77730965 -3.57266259 -0.48922395
v 0.34218835 -4.4586668 0.23150266
v -0.89190107 -3.98101472 -0.40090733
v 0.30058017 -4.47442054 0.22179134
v -0.41832748 -3.68248939 -0.8188616
v 0.40409216 -3.71637296 -0.90386676
v 0.55012381 -3.65443253 0.11115505
v 0.6995933 -4.14044094 -0.84232753
v -0.18909673 -3.9090588 0.1138236
v 0.63545942 -3.32513189 -0.28147658
v 0.58165204 -3.7559762 0.16839942
v 0.6495136 -3.32284212 -0.3028444
v 0.70071482 -3.68008327 -0.01744554
v 0.63469004 -3.31252789 -0.30937123
v 0.1163001 -3.5424714 -0.87587046
v 0.77842116 -3.73280096 -0.02525086
v -0.62785071 -3.86879825 -0.83432453
v -0.80595356 -3.5351355 -0.30403924
v -0.64568042 -3.87973713 -0.8349654
v 0.28313699 -3.44603753 -0.74505865
v -0.67130959 -3.86645364 -0.82831889
v 0.72469466 -3.9133706 -0.85840648
v 0.23985213 -3.79723358 -0.87005633
v -0.43525245 -4.25251627 -0.86415249
v 0.50802701 -3.91305637 -0.84555763
v -0.40405863 -4.27688932 -0.88243782
v 0.96153801 -4.19052505 -0.11869029
v 0.61403715 -4.11131334 -0.9105311
v -0.75005751 -3.81482553 0.00215803
v -0.43569678 -3.25565958 -0.62294173
v 0.77703899 -3.96835589 0.03762621
v -0.94756865 -3.95116901 0.07214909
v -0.10342375 -3.58207726 -0.90743923
v 0.76583594 -3.9332869 0.12409396
v -0.70093047 -3.46431851 -0.644257
v -0.29664504 -3.88152289 0.20058758
v -0.68718624 -3.42619752 -0.62696474
v 0.89639455 -3.70272874 -0.03512563
v -0.40779539 -4.23514461 -0.9280976
v -0.82376867 -3.62059617 -0.10406738
v 0.43012455 -3.75460076 -0.9453895
v -0.83361542 -3.60956049 -0.12442373
v -0.66374278 -3.33072257 -0.2497563
v -0.3097825 -3.93496179 -0.84134978
v -0.7867006 -3.8579266 0.1063933
v 0.0751514 -3.71750021 -0.96583241
v 0.43889725 -3.81716537 0.11467639
v -0.79006958 -4.24632644 -0.79353016
v 0.43564626 -3.8874247 0.11967591
v -0.46196186 -3.58461117 -0.83810937
v -0.45140278 -4.02340507 0.19103004
v -0.93556976 -4.35667848 0.05819831
v 0.79464054 -3.93495416 -0.71345198
v -0.75362348 -3.70643425 -0.00919028
v 0.88254672 -3.99961018 -0.47224372
v -0.3153952 -3.91714882 0.18731485
v -0.10560776 -4.298532 0.1949487
v -0.27896016 -4.3099184 -0.88720953
v 0.60155123 -4.24904727 0.11609648
v -0.23767231 -4.28686237 -0.9050216
v 0.58986872 -3.44680309 -0.51586079
v -0.83956307 -4.01316309 -0.56954121
v -0.98088908 -4.26674413 -0.18287658
v -0.8301261 -3.70722842 -0.06178575
v -0.28290766 -3.85317277 0.07559835
v -0.65965426 -4.22779226 -0.85684877
v -0.43139416 -3.83955383 0.05882247
v -0.67971515 -4.24178218 -0.84945726
v 0.87541371 -3.93643689 0.0625848
v -0.62799936 -3.31587386 -0.41150936
v 0.65281653 -3.7171328 0.10878814
v -0.77176225 -3.92790794 -0.6846466
v -0.46472656 -4.21012544 -0.88156336
v 0.34593418 -3.36904668 -0.65471053
v -0.56242215 -3.86250042 0.14792332
v -0.37482225 -3.4752922 -0.81451934
v -0.52055269 -3.81735515 0.13574634
v 0.23913347 -3.83313179 0.2268885
v -0.61737448 -4.07162189 -0.79694563
v -0.76041787 -3.62064719 -0.52928239
v -0.88936382 -3.667943 -0.36462712
v 0.13110183 -3.52623939 -0.8627761
v -0.62288755 -3.72985553 0.11093
v -0.04766244 -3.27470898 -0.63768678
v -0.29805156 -3.4622128 -0.88379174
v -0.6262865 -3.74518227 0.09958574
v -0.27807781 -3.46427369 -0.90268492
v -0.50698304 -3.32544231 -0.55809158
v -1.03493666 -4.16314077 -0.49817282
v 0.8444643 -3.64723062 -0.21614594
v 0.70859086 -3.83263254 -0.67958474
v 0.67062354 -3.97208952 0.13980154
v 0.7603265 -3.88358163 -0.6210854
v 0.93382608 -3.68239164 -0.14256401
v -0.5843873 -3.50306415 -0.72663074
v -0.57261669 -4.30908489 0.1492885
v -0.91285044 -3.99856329 -0.47924244
v -0.16840313 -3.52477598 -0.86107325
v -0.95630848 -4.03429555 -0.46328681
v -0.97812879 -3.86478924 -0.45221135
v -0.83639359 -3.6227684 -0.02670576
v 0.78801274 -3.90082597 0.10682559
v 0.38480737 -3.91241312 0.19802686
v 0.03144006 -3.51375222 -0.93034583
v -0.7898947 -3.59140038 -0.43507835
v -0.76880741 -3.50208997 -0.46383535
v -0.85197323 -3.8775103 -0.2583917
v -0.77450269 -3.5026102 -0.43662339
v 0.97831505 -4.12277555 -0.23948003
v -0.2941229 -3.65141868 -0.90988755
v 0.93914943 -4.02018642 -0.24169726
v -0.83950656 -3.7730956 0.05051508
v 0.86863172 -4.3486042 0.03641505
v 0.5580402 -3.77700209 0.0987527
v -0.65148252 -3.49156928 -0.68390947
v -0.75651407 -3.7906146 0.04069697
v -0.63331544 -3.46416854 -0.72464394
v 0.15144725 -3.78838229 0.19316478
v 0.8531214 -3.64610457 -0.1592362
v -0.32693916 -4.07578849 -0.83105832
v 0.01667324 -4.14954662 -0.89975231
v 0.76551967 -3.45332431 -0.22901417
v 0.61663186 -4.12496805 0.12034912
v 0.63266015 -3.98822784 -0.77229297
v -0.74619853 -3.62822437 -0.01880106
v -0.44392502 -4.14318227 -0.83478051
v -0.24185688 -4.34615945 0.17609758
v 0.73001635 -4.22967863 -0.83146357
v -0.67895948 -3.54501056 0.03690291
v -0.01208594 -3.87515187 -0.94642961
v -0.0643528 -3.56790161 -0.92046409
v -0.02885792 -3.83547091 -0.94086003
v -0.86926531 -3.91588616 -0.3302845
v 0.03015015 -3.61769485 -0.93543201
v -0.83599352 -3.85089922 -0.33413103
v -0.50484317 -3.78471541 -0.84444737
v 0.64024609 -4.09317588 -0.90066987
v 0.9935652 -3.84686541 -0.2384599
v -0.77238792 -3.51826715 -0.46429818
v 0.23988007 -3.78234028 -0.98663079
v 0.74097251 -3.87822532 0.08528161
v -0.364315 -3.26147294 -0.64962649
v 0.60989624 -3.79318952 0.04356718
v 0.90864545 -3.92466974 0.01437291
v -0.24484132 -3.64169883 -0.87360155
v 0.81292164 -4.04837369 -0.08167097
v 0.62563145 -3.31195759 -0.38399401
v 0.82633262 -4.01792907 -0.1184031
v -0.5912593 -4.17543411 -0.86264437
v 0.66549205 -3.54734873 0.0792013
v -0.61504691 -3.53883624 -0.80584198
v 0.94016355 -4.32244062 -0.05260676
v -0.68191629 -3.37535476 -0.16684775
v 0.92125183 -4.33933782 -0.02350341
v 0.21110335 -3.39184951 -0.75826084
v 0.95468491 -4.31703662 -0.08926814
v 0.4415405 -3.36040973 -0.58894288
v 0.47090509 -3.29234671 -0.58209568
v 0.67161881 -4.34607839 0.16030091
v -0.14209964 -3.26366591 -0.61924338
v 0.4309248 -3.65307164 -0.81970584
v 0.83838993 -3.65972447 -0.10210343
v 0.67389065 -3.80160903 0.17047265
v 0.33215344 -3.79992747 0.11372095
v -0.17485296 -3.92755222 -0.99629151
v -0.774477 -3.96460366 -0.60800677
v 0.2559857 -3.8689289 0.16923551
v -0.40402424 -3.96714687 -0.82370746
v 0.10753268 -3.56501007 -0.93806064
v -0.59226036 -3.40966415 -0.71464633
v -0.70517945 -3.89671468 -0.00165622
v -0.67660754 -3.46648335 -0.57433325
v -0.06069076 -3.92121815 0.21227888
v -0.0681931 -3.50467705 -0.87148892
v -0.31169107 -4.24717855 0.12497655
v 0.10328517 -3.92120623 0.18371194
v 0.57725668 -3.32779765 -0.37509807
v -0.98732155 -4.29468202 0.02344247
v -0.69665592 -3.65224385 -0.0347908
v -0.74991053 -4.28006601 0.13530342
v 0.80426287 -3.76249289 0.02378448
v -0.62223273 -3.3783555 -0.3515357
v 0.8857302 -4.36971139 0.0467204
v 0.25305259 -4.14400196 0.11109943
v -0.69146323 -3.52977299 0.04216172
v -0.6606878 -3.67817759 -0.74753731
v -0.68899029 -4.03049945 0.04315885
v -0.65008372 -3.3120141 -0.28677892
v -0.64258098 -4.11164426 0.08235736
v -0.63351309 -3.30849599 -0.29944887
v -0.65733438 -4.04592704 0.06075578
v -0.72961807 -3.53875017 -0.64986968
v 0.77415847 -3.54073524 -0.4032233
v -0.76250094 -3.60552787 -0.63674455
v -0.16612069 -4.25903177 -0.84558492
v -0.8226996 -3.60567593 -0.28443303
v -0.69120234 -4.23741626 0.10519363
v -0.84109586 -3.63300204 -0.22575211
v 0.17092317 -3.91753935 0.2167328
v -0.81755685 -4.08442592 0.04289773
v -0.60372102 -3.7428112 -0.74445045
v -0.85615247 -4.10699367 0.03291139
v 0.36581391 -3.38476491 -0.8231213
v -0.99380832 -4.25552892 -0.22654989
v 1.02111589 -4.1014862 -0.35872739
v 0.42598313 -3.81816148 -0.85540986
v -0.99314749 -4.23629474 -0.23566113
v 0.77676445 -3.54659366 -0.57335877
v 0.88911795 -3.96995735 -0.19035664
v 0.55542618 -3.75708603 0.14934137
v -0.09612347 -3.85294795 0.19494138
v 0.06414258 -3.30311131 -0.67573577
v 0.35174408 -3.47515797 -0.84654068
v 0.14033407 -3.28465652 -0.67800438
v 0.31299459 -3.47243738 -0.85550475
v -0.68036794 -3.98577904 0.19656206
v 0.04296176 -3.57967257 -0.86032295
v -1.00321042 -4.29124259 -0.08263429
v 0.89183229 -4.20768022 -0.56824141
v 0.78478038 -4.24587869 0.10520273
v 0.81012111 -4.22389984 -0.72765487
v -0.65653294 -3.78892016 -0.76546329
v -0.73244684 -3.72521877 -0.07146062
v -0.64301359 -3.84355425 -0.78226643
v -0.67684412 -3.53758978 -0.65520346
v -0.36000868 -3.83395528 0.06865923
v -0.71219623 -3.57531309 -0.61765712
v -0.19449594 -3.46915364 -0.91439396
v 0.82460343 -4.20802116 -0.60726791
v 0.34217226 -4.47761535 0.19745737
v -0.52285414 -3.85729217 0.12898583
v 0.29207959 -4.4536128 0.19797666
v -0.58223581 -3.28699207 -0.49953401
v 0.26052659 -4.47635459 0.19542118
v -0.57931321 -3.30460619 -0.50419354
v -0.55699014 -3.75079679 0.17136761
v -0.33489832 -3.38286495 -0.81794005
v 0.75799047 -3.65976929 0.06075622
v 0.14615443 -3.91008949 0.15564666
v 0.53792446 -3.73589396 -0.83829551
v 0.54654842 -3.97695589 -0.85740202
v 0.43738853 -3.61062693 -0.80610323
v 0.58316588 -3.97360825 -0.85074496
v -0.91257387 -4.33724403 0.08434606
v -0.33881932 -3.76950645 0.14758488
v -0.15518592 -3.81682801 0.1782343
v -0.71012622 -3.44419884 -0.66202563
v -0.17019206 -3.81409454 0.1811376
v -0.31524947 -4.04257059 0.19395786
v 0.61360812 -3.91967797 -0.88716918
v 0.65690708 -3.59798455 -0.69515639
v 0.61252892 -3.92134881 -0.90000623
v 0.38832426 -4.02300405 0.21713748
v 0.93778747 -4.18764686 -0.51448947
v 0.82069432 -3.71336841 -0.08169598
v 0.85743963 -3.80869698 -0.37382787
v -0.50661087 -3.34414506 -0.4979414
v 0.84063875 -3.75019121 -0.38967093
v -0.54555368 -3.38487744 -0.50925862
v 0.81693816 -3.50632214 -0.11737988
v 0.48021638 -4.41495323 0.14888376
v -0.68600916 -3.52868986 -0.01724138
v -0.14147013 -3.54268121 -0.93753159
v -0.67987555 -3.53337812 0.01595372
v -0.03704461 -3.5786004 -0.93713414
v 0.05098223 -3.97267937 -0.93991994
v -0.03755921 -3.81078243 0.18150377
v 0.02009995 -3.97216725 -0.95675683
v 0.36362868 -4.11051416 -0.90473061
v -0.65831488 -3.67526912 -0.00694099
v -0.18242687 -3.88045501 0.1254138
v -0.20573557 -3.25141048 -0.57762801
v 0.54975581 -3.55533123 -0.78974396
v -0.3082194 -3.51953768 -0.84728115
v -0.31136718 -3.21974396 -0.54559963
v 0.97334218 -4.03599309 -0.28913077
v 0.6058951 -3.68172025 0.11511446
v 0.94184774 -4.00281667 -0.27212533
v 0.61807656 -3.68170833 0.1250838
v -0.21732577 -3.28239774 -0.72299522
v 0.62120038 -3.67019796 0.11461563
v -0.68954211 -3.96290707 0.02221907
v 0.30175292 -4.22815036 -0.8757258
v -0.72465604 -3.45699858 -0.17244611
v 0.37008309 -4.2097435 -0.87788331
v 0.01043076 -3.40257835 -0.73346269
v 0.69768703 -3.91895079 -0.82854354
v 0.18632227 -3.84571862 0.09315946
v 0.67119753 -3.96885395 -0.86923235
v 0.79090541 -3.50567841 -0.09546416
v -0.61262649 -3.49630451 -0.6960085
v 0.77845841 -4.22889852 -0.73368644
v 0.70918411 -3.99782967 -0.87743252
v 0.78991842 -4.24407196 -0.72398215
v -0.84076714 -3.80873704 -0.11923386
v -0.90065693 -3.75826406 -0.14229263
v -0.41928213 -3.37916636 -0.72501188
v -0.84064799 -4.26223707 0.07764844
v 0.75594502 -4.07385969 -0.66473966
v -0.04212641 -3.94623661 0.24177052
v -0.02984051 -3.87141323 -0.99162709
v -0.41390702 -3.81057548 0.18596988
v 0.12232297 -3.87758946 -0.98289638
v -0.34371155 -3.99835395 0.08470015
v -0.8033148 -4.26030206 -0.80493658
v 0.41977617 -3.55625248 -0.86390703
v -0.70736354 -3.81046795 0.10773617
v -0.89195537 -3.69075036 -0.05191575
v -0.34108838 -4.29976701 -0.87720376
v 0.85340374 -3.64117908 -0.30712047
v -0.02187094 -4.33562135 0.20347222
v -0.24239334 -3.94461417 -0.8130517
v -0.0831471 -4.17429924 0.17954093
v -0.33444994 -3.25294709 -0.67541533
v -0.69460564 -3.44114017 -0.66402947
v 0.5865693 -3.49766087 -0.69611173
v -0.5940817 -3.44436836 -0.78072899
v -1.00420641 -4.28659439 -0.01876712
v -0.94708961 -3.89283394 -0.09176144
v -0.65798723 -4.21214246 -0.85971474
v -0.7563126 -3.77322554 -0.01591458
v 0.83810073 -4.09551763 -0.10370318
v -0.81106591 -3.82597971 -0.05687217
v -0.86573326 -4.09666538 -0.0589577
v -0.90432697 -4.04998016 -0.58915609
v 0.72808516 -4.25980806 0.09809059
v 0.49544686 -3.38170433 -0.76544195
v 0.32292628 -3.41364026 -0.77576208
v -0.06091606 -3.95812535 -0.95622837
v 0.22161416 -3.54599189 -0.84787076
v 0.46781122 -3.47282624 -0.77921658
v -0.96186727 -4.2675662 0.01174406
v 0.47021248 -3.50925111 -0.79495114
v -0.93566983 -4.13801765 -0.02018819
v 0.71474343 -3.83439135 -0.82297843
v 0.13503393 -3.92079711 0.15055227
v 0.0455942 -3.89916682 -0.86553132
v 0.64400023 -3.3352015 -0.43738383
v -0.17885154 -3.55852103 -0.85211068
v 0.70662629 -3.66206169 0.04817574
v -0.51514565 -3.71761512 0.1087829
v 0.83201074 -3.73169422 -0.47733229
v 0.22986322 -4.31744623 0.20606271
v -0.1968386 -3.54078435 -0.86676281
v -0.4273768 -4.17358589 -0.90426969
v 0.26460054 -4.15366315 -0.92239487
v 0.2388972 -3.86845731 0.2297227
v -0.82037669 -3.61913156 -0.358592
v 0.31632807 -3.82528805 0.22259384
v 0.18964938 -3.766649 0.11429105
v 0.30954486 -3.84963798 0.22033879
v -0.7619763 -3.54056525 -0.63696062
v 0.30440458 -3.87058782 0.22662574
v 0.75787884 -3.89809846 -0.01449218
v 0.63927859 -3.74866938 0.15652017
v 0.81062781 -3.89033317 -0.67343127
v -0.57638025 -3.83241272 -0.83714258
v -0.46911385 -3.52045893 -0.79692113
v 0.25559905 -3.85332107 0.16911286
v -0.36271318 -3.91052198 0.17803765
v 0.76037699 -3.66582346 -0.38675275
v 0.0620806 -3.97358489 0.0949404
v 0.21218262 -4.27925014 -0.85602414
v 0.12140806 -3.94471979 0.09106434
v -0.91588115 -3.92383766 -0.32078561
v -0.75596129 -3.86157846 -0.73564195
v 0.90679007 -4.20357322 -0.0344257
v 0.47655928 -3.6701076 0.09605079
v -0.76049387 -3.91158723 -0.76509976
v -0.73416864 -3.89468646 -0.77568966
v -0.10503061 -4.06466007 0.20438817
v 0.66442519 -3.62825346 0.0281104
v -1.04712402 -4.16101074 -0.31350871
v 0.67051547 -3.71266269 0.01968382
v 1.04985177 -4.23197937 -0.32575577
v 0.76176601 -3.40137386 -0.29251518
v -0.39958697 -3.79783296 0.13506734
v 0.74125111 -3.38828706 -0.29180851
v -0.78578686 -4.08468198 0.00850296
v 0.7430582 -3.40082955 -0.27101871
v -1.05728113 -4.22463321 -0.48859721
v 0.73187875 -3.39878749 -0.28921911
v -0.07343993 -4.21832895 -0.84450107
v -0.77415502 -3.7668066 0.13047501
v 1.0416994 -4.15412378 -0.23776681
v -0.79990571 -3.76063728 0.11171235
v -0.83882731 -4.03462839 0.16553725
v -0.46235984 -3.33851552 -0.73272973
v 0.47222855 -3.25961279 -0.63436561
v 0.82708019 -3.86339497 -0.21573376
v -0.45046326 -3.3382771 -0.52573937
v 0.01070207 -3.90947485 -0.94590556
v -0.72744238 -3.80255961 -0.04342215
v 0.02277367 -3.81956386 0.17521847
v 0.33578124 -3.25556278 -0.57011675
v -0.46477329 -3.3761177 -0.62754279
v -0.58409452 -4.21477603 -0.84489971
v -0.26689291 -4.06443738 -0.87289518
v -0.11369723 -3.8373053 0.1576737
v -0.76426762 -3.9550414 -0.7079305
v -0.01134914 -3.31983542 -0.72197914
v -0.32399967 -4.03869628 0.1828265
v -0.87287205 -3.58902525 -0.12217831
v 0.66590821 -3.59433984 -0.64387518
v -0.62207692 -3.53483533 -0.76698434
v -0.44844788 -3.83620643 0.1890912
v -0.61757361 -3.40597891 -0.58812552
v -0.42425411 -3.83964085 0.18565915
v 0.67826104 -4.2250061 -0.87611323
v -0.42213991 -3.86605238 0.19503907
v -0.67916953 -3.64763116 -0.61774468
v 0.41706186 -3.77347111 -0.91733801
v -0.66638845 -3.55615925 0.03406514
v -0.54553717 -3.76693701 0.12700328
v -0.77835005 -3.70275211 -0.04200739
v -0.40391436 -4.21429967 -0.88170641
v 0.33378151 -4.06291246 0.12965753
v -0.39242351 -4.23726987 -0.8862375
v 0.33895146 -3.91385436 -0.95408415
v -0.82906138 -3.61563229 -0.39113348
v 0.85026639 -3.7896254 -0.19348575
v 0.67928546 -3.50266838 -0.05350829
v 0.72794777 -3.38487839 -0.30052602
v 0.8872987 -3.6945219 -0.14248214
v 0.72623407 -3.3740983 -0.31964582
v -0.71550917 -3.66413116 -0.67114198
v 0.96163201 -4.29762458 -0.11613431
v -0.13558749 -3.85865116 0.21049484
v 0.42047414 -3.82706999 0.07536016
v 0.06197258 -3.73185873 -0.8289209
v -0.29104 -3.9263966 -0.95442676
v 0.18422815 -3.54780149 -0.86140692
v -0.28314471 -3.93280792 -0.97339266
v 0.24553902 -3.46293497 -0.82993775
v -0.28376269 -3.9139924 -0.97417396
v -0.00961862 -3.48617506 -0.87265986
v 0.71777695 -3.56597137 -0.57497543
v -0.6932128 -3.33692908 -0.38419774
v 0.29936993 -3.48689508 -0.82910484
v -0.67019844 -3.60684609 -0.67375195
v 0.35529419 -3.58958959 -0.86023342
v 0.50678193 -3.30103588 -0.67316663
v -0.69931274 -3.78339314 -0.72418594
v -0.47301644 -3.88246965 0.19711715
v 0.21175766 -3.27988147 -0.60945898
v -0.00990994 -3.97513699 -0.95223665
v 0.75725942 -3.49920964 -0.49050533
v -0.06692268 -3.97591757 -0.96438956
v 0.71944409 -3.71604347 0.04211466
v -0.85202336 -3.63327598 -0.25127291
v 0.23193699 -3.99149084 0.08390275
v -0.82895344 -3.58231782 -0.20911257
v 0.27633318 -3.9248259 0.07688663
v -0.83150196 -3.57312941 -0.20281961
v 0.49176165 -4.10907745 0.0886695
v 0.42785948 -3.78858232 0.15820127
v 0.67106002 -3.49781322 -0.42721438
v -0.1938593 -3.34218907 -0.73317468
v -0.99570184 -3.85138535 -0.30668529
v -0.69239556 -3.63070941 -0.57681441
v 0.33846694 -3.78782963 0.18855176
v 0.97013944 -4.04835748 -0.2558349
v 0.31018832 -3.84283208 -0.93954706
v -0.88888126 -4.19204616 0.0299764
v 0.12719443 -3.87397718 -0.93993187
v -0.12922766 -3.78800916 0.24289976
v -0.16915705 -3.75706148 -0.84514844
v 0.68358689 -3.72551226 -0.71063506
v 0.34412545 -3.53777217 -0.92392104
v -0.0338644 -3.82229995 -0.98395669
v -0.60625636 -3.80607795 0.05321787
v 0.02414676 -3.8518958 -0.98869216
v 0.28029 -3.497442 -0.83479529
v -0.72360903 -3.38543915 -0.475735
v -0.11584509 -3.50532507 -0.87382102
v 0.51220238 -3.4308238 -0.72202187
v -0.10223496 -3.52538728 -0.86818486
v -0.2065851 -3.85825157 0.15332944
v -0.87304556 -3.69488501 -0.15291793
v 0.64213895 -3.56212067 -0.59529799
v -0.82754695 -4.19928741 0.06477165
v -0.7923817 -3.53394484 -0.04904153
v 0.58078795 -3.83331513 0.101012
v 0.78531462 -4.09888649 0.04196807
v -0.7865048 -3.79022479 -0.59958809
v 0.32021006 -3.71195125 0.11702819
v -0.38781273 -4.03569841 0.18304298
v 0.40696036 -3.48146057 -0.83499962
v 0.71988678 -3.43627739 -0.1906533
v 0.41412043 -3.46636033 -0.8307181
v 0.18910068 -3.79112744 0.22642193
v -0.75237578 -3.49566578 -0.38326898
v 0.1179359 -3.40836215 -0.82211577
v 0.40570011 -4.37742948 0.21697236
v -0.65740454 -3.82651114 0.17623244
v -0.12745909 -3.80269217 0.22499717
v -0.63791853 -3.82663774 0.18427273
v -0.11234684 -3.81336092 0.20693936
v 0.51544845 -4.37253522 0.1619903
v 0.54739582 -3.76430439 0.05892524
v -0.52151811 -3.63671135 -0.79482662
v 0.51902109 -3.72653985 0.06788656
v 0.70439934 -3.36199355 -0.44307944
v 0.45420116 -3.7048006 0.08719572
v 0.82860839 -3.53697514 -0.28037586
v -0.77381289 -3.49458336 -0.52486866
v -0.3260045 -3.92586565 -0.80049741
v -0.16886687 -4.00236797 -0.863527
v -0.76702427 -3.46404385 -0.50216674
v -0.20602603 -3.49576807 -0.75723654
v 0.28918734 -3.78746509 0.18993586
v 0.99354714 -3.80269312 -0.32555034
v 0.6761201 -3.74594402 0.1410478
v 0.65519666 -3.89366531 -0.76353305
v 0.69838738 -3.72956228 0.13494908
v 0.71308612 -3.55618667 0.01809628
v 0.66017174 -3.72192025 0.14932462
v 0.51555132 -3.73816323 -0.79661142
v 0.50923937 -3.94204306 -0.80453836
v 0.76369595 -4.06911563 0.05060638
v 0.7281956 -3.46146845 -0.6157062
v 0.54740423 -3.43020296 -0.69032442
v 0.61784052 -3.77208328 -0.77817803
v 0.95705449 -3.73662591 -0.22297966
v -0.46202272 -3.73533868 -0.8577705
v 1.00510311 -3.82710194 -0.19848001
v 0.61076372 -3.60896182 -0.72092229
v 0.91966021 -3.61983847 -0.26337447
v -0.71679204 -3.93470525 0.0531115
v 0.89264905 -3.70541548 -0.12663926
v -0.85675114 -4.07812404 -0.67785531
v -1.02501738 -4.14229536 -0.32940083
v 0.20695658 -3.74158573 0.13087584
v 0.6431697 -3.93537926 -0.87650436
v -0.39957532 -3.89345479 -0.83165925
v 0.15173289 -3.56676244 -0.89946234
v -0.84727329 -3.70810937 -0.07043036
v -0.8634575 -3.71263313 -0.09743417
v 0.49996772 -3.76790881 0.19149078
v -0.66741323 -3.33058762 -0.48670458
v 0.68550765 -3.55843424 0.07419764
v 0.09888666 -4.45900487 0.20485511
v 0.77846986 -4.04409408 -0.02749716
v 0.73511111 -3.81926512 -0.63626629
v 0.40782752 -3.86594462 -0.96339464
v 0.66036629 -4.17646455 -0.87789261
v -0.5215125 -3.23763585 -0.44124099
v 0.90122538 -4.11956834 -0.54134148
v -0.50453001 -3.25407981 -0.43650868
v 0.67021316 -3.98561239 -0.88044571
v -0.53158414 -3.24780988 -0.42878353
v 0.80197179 -4.41826915 0.10263184
v 0.80552095 -4.42560195 0.10801673
v -0.60220116 -3.75095629 0.11240014
v 0.8470782 -3.543118 -0.25568914
v -0.63263714 -3.51804137 -0.71762442
v 0.70087224 -4.30099582 0.11632692
v -0.66446727 -3.70588898 0.03938803
v -0.7409591 -4.08067178 -0.74108779
v -0.66238856 -3.63127541 0.05669307
v -0.91730362 -3.6795547 -0.13295397
v -0.06394968 -3.93719196 0.15999624
v -0.69059854 -3.8694241 0.17672389
v 0.15795892 -3.80990982 0.24749361
v 0.41575211 -4.12054252 -0.8657785
v 0.10229789 -3.77256441 0.2582468
v -0.66813302 -3.83175993 0.14256146
v -0.35682618 -3.82144641 0.12650045
v -0.54497838 -4.00456905 0.17260284
v 0.43137773 -3.60644888 -0.84562259
v -0.79785037 -3.53799319 -0.38346111
v 0.55504232 -3.71133065 0.14428859
v 0.64111173 -3.98274922 -0.82706844
v 0.52599865 -3.71704006 0.14712694
v 0.65956974 -4.03629446 -0.85699802
v 0.58538311 -3.69016408 0.12891763
v 0.85385948 -4.21480226 -0.62101799
v 0.52027243 -3.72959971 0.15654659
v -0.48023018 -3.88540434 -0.78769189
v -0.44829019 -3.75330352 -0.81444102
v 0.07920071 -4.08054685 -0.85656756
v -0.4752056 -3.61431002 -0.79687732
v 0.12871742 -4.04398489 -0.85515862
v 0.31413579 -3.2600336 -0.70041203
v -0.33199536 -3.84243297 0.10988555
v 0.35207784 -3.2774856 -0.72393697
v 0.14474438 -3.80507016 0.18321819
v -0.22405582 -3.80798459 0.19752714
v 0.27630922 -3.89253997 0.14982284
v -0.44177559 -3.53731322 -0.8409506
v -0.2812469 -3.80476832 0.15547737
v -0.04284323 -4.04940128 -0.8473804
v -0.60465407 -3.29230022 -0.34864693
v 0.90336388 -4.35179853 0.01287197
v -0.60092061 -3.28340721 -0.36685919
v 0.97200983 -4.11261606 -0.38040623
v 0.54396235 -3.39747929 -0.7440747
v -0.69266855 -3.9018743 -0.75649642
v -0.78100168 -3.69245362 -0.03588036
v -0.83315575 -3.5322113 -0.2642652
v 0.67866271 -3.74195694 0.07372624
v -0.71709621 -3.46719908 -0.57660633
v -0.16878126 -3.3565514 -0.63241207
v 0.63622361 -3.67562079 0.04277486
v 0.00251431 -4.07187795 0.20930966
v 0.64487469 -3.59845686 0.04903507
v 0.12513263 -4.07255363 0.22046399
v -0.52017468 -3.75713968 0.17593613
v 0.00026382 -4.28701734 -0.84666317
v 0.19205302 -3.83130025 -0.83052212
v 0.23605024 -4.08750915 0.2233823
v -0.70257616 -3.40285611 -0.11732491
v 0.67976009 -3.45067715 -0.09625136
v -0.80789494 -3.57377243 -0.54175847
v -0.21847081 -3.91690158 0.16750291
v -0.91333586 -4.11095762 -0.03024912
v -0.68730193 -3.78051304 -0.7462964
v -0.8474642 -4.391047 0.08601189
v -0.67403847 -3.86490392 -0.80114871
v 0.92167532 -3.99656486 -0.23519405
v -0.93810963 -3.96359753 -0.32815411
v -0.56158554 -3.60929989 -0.75180476
v -0.54767972 -3.87559461 0.17977358
v -0.75661712 -3.50864863 -0.10576257
v 0.58507359 -3.81578683 0.19413083
v 0.14132957 -4.15752077 -0.86381852
v 0.81997859 -3.65741801 -0.03725568
v -0.78612345 -4.01148939 -0.71472746
v 0.82972884 -3.64616704 -0.05446016
v -0.22558024 -3.29856824 -0.57614922
v -0.45886275 -3.78783702 0.04735226
v -0.972947 -3.85670256 -0.1886779
v -0.55095708 -3.54182481 -0.7098217
v -0.28809103 -4.30723524 -0.86921393
v -0.58065128 -3.53197717 -0.6745873
v 0.78653931 -3.58179163 -0.42908266
v 0.98976713 -4.22059869 -0.13511513
v 0.75743091 -3.58292579 -0.42345559
v -0.42277783 -4.41361045 0.12213216
v 0.02414546 -4.42554807 0.17965303
v 0.19181957 -4.00916147 -0.85779696
v 0.98728525 -4.21445179 -0.42962777
v 0.90458226 -3.73950314 -0.15853592
v 0.16503995 -4.2607913 0.15303622
v -0.75441628 -4.0150299 -0.00573951
v 0.47029426 -3.27132892 -0.60363739
v 0.84143078 -4.00325965 -0.45105972
v -0.54462856 -3.76011061 0.13789084
v 0.40189603 -3.4560008 -0.88258862
v 0.28546452 -3.328511 -0.71530836
v 1.04058909 -3.91381645 -0.288852
v -0.78023243 -3.56907606 -0.51187419
v 0.80992317 -4.22177076 0.03181723
v 0.93697524 -3.67032909 -0.14754651
v 0.99341881 -3.87950277 -0.15760736
v 0.50412786 -4.12779712 -0.90101534
v -0.11010853 -4.30429458 -0.84199059
v 0.44021168 -4.10952186 -0.89655071
v -0.20540235 -4.17028379 -0.86094003
v -0.42536678 -3.45051407 -0.8673858
v -0.28159007 -3.9123137 0.14134754
v -0.39809897 -3.45429396 -0.86234098
v -0.39584097 -3.45478582 -0.87932634
v 0.09133093 -3.76750683 0.24561455
v -0.85039043 -3.65556335 -0.50711357
v -0.90257906 -4.37251329 0.08131116
v -0.83614683 -3.94470262 -0.55712896
v 0.64790231 -3.77010798 0.17541289
v -0.2868694 -3.69415569 -0.91755664
v -0.58486449 -3.54799628 -0.76811498
v -0.37384721 -3.6963272 -0.86089891
v -0.79884964 -4.25901079 0.1246235
v 0.51755833 -3.48673415 -0.74741292
v -0.17400018 -3.54744696 -0.8629989
v 0.6797766 -3.47838425 -0.16713067
v 0.12664778 -3.47999286 -0.83080136
v 0.72811192 -3.45914125 -0.41283687
v 0.80112612 -3.54252767 -0.04264459
v 0.83351743 -4.05204725 -0.03316494
v -0.4650568 -3.86472249 -0.89705091
v 0.13042055 -4.27259111 -0.844051
v -0.44011914 -3.86680746 -0.91158026
v 0.11717229 -4.2842946 -0.8429107
# The following MRGB block contains ZBrush Vertex Color (Polypaint) and masking output as 4 hexadecimal values per vertex. The vertex color format is MMRRGGBB with up to 64 entries per MRGB line.
#MRGB ffffffffffffffffffffffffffffffffffffffffffffffffffffffffffffffffffffffffffffffffffffffffffffffffffffffffffffffffffffffffffffffffffffffffffffffffffffffffffffffffffffffffffffffffffffffffffffffffffffffffffffffffffffffffffffffffffffffffffffffffffffffffffffffffffffffffffffffffffffffffffffffffffffffffffffffffffffffffffffffffffffffffffffffffffffffffffffffffffffffffffffffffffffffffffffffffffffffffffffffffffffffffffffffffffffffffffffffffffffffffffffffffffffffffffffffffffffffffffffffffffffffffffffffffffffffffffffffff
#MRGB ffffffffffffffffffffffffffffffffffffffffffffffffffffffffffffffffffffffffffffffffffffffffffffffffffffffffffffffffffffffffffffffffffffffffffffffffffffffffffffffffffffffffffffffffffffffffffffffffffffffffffffffffffffffffffffffffffffffffffffffffffffffffffffffffffffffffffffffffffffffffffffffffffffffffffffffffffffffffffffffffffffffffffffffffffffffffffffffffffffffffffffffffffffffffffffffffffffffffffffffffffffffffffffffffffffffffffffffffffffffffffffffffffffffffffffffffffffffffffffffffffffffffffffffffffffffffffffffff
#MRGB ffffffffffffffffffffffffffffffffffffffffffffffffffffffffffffffffffffffffffffffffffffffffffffffffffffffffffffffffffffffffffffffffffffffffffffffffffffffffffffffffffffffffffffffffffffffffffffffffffffffffffffffffffffffffffffffffffffffffffffffffffffffffffffffffffffffffffffffffffffffffffffffffffffffffffffffffffffffffffffffffffffffffffffffffffffffffffffffffffffffffffffffffffffffffffffffffffffffffffffffffffffffffffffffffffffffffffffffffffffffffffffffffffffffffffffffffffffffffffffffffffffffffffffffffffffffffffffffff
#MRGB ffffffffffffffffffffffffffffffffffffffffffffffffffffffffffffffffffffffffffffffffffffffffffffffffffffffffffffffffffffffffffffffffffffffffffffffffffffffffffffffffffffffffffffffffffffffffffffffffffffffffffffffffffffffffffffffffffffffffffffffffffffffffffffffffffffffffffffffffffffffffffffffffffffffffffffffffffffffffffffffffffffffffffffffffffffffffffffffffffffffffffffffffffffffffffffffffffffffffffffffffffffffffffffffffffffffffffffffffffffffffffffffffffffffffffffffffffffffffffffffffffffffffffffffffffffffffffffffff
#MRGB ffffffffffffffffffffffffffffffffffffffffffffffffffffffffffffffffffffffffffffffffffffffffffffffffffffffffffffffffffffffffffffffffffffffffffffffffffffffffffffffffffffffffffffffffffffffffffffffffffffffffffffffffffffffffffffffffffffffffffffffffffffffffffffffffffffffffffffffffffffffffffffffffffffffffffffffffffffffffffffffffffffffffffffffffffffffffffffffffffffffffffffffffffffffffffffffffffffffffffffffffffffffffffffffffffffffffffffffffffffffffffffffffffffffffffffffffffffffffffffffffffffffffffffffffffffffffffffffff
#MRGB ffffffffffffffffffffffffffffffffffffffffffffffffffffffffffffffffffffffffffffffffffffffffffffffffffffffffffffffffffffffffffffffffffffffffffffffffffffffffffffffffffffffffffffffffffffffffffffffffffffffffffffffffffffffffffffffffffffffffffffffffffffffffffffffffffffffffffffffffffffffffffffffffffffffffffffffffffffffffffffffffffffffffffffffffffffffffffffffffffffffffffffffffffffffffffffffffffffffffffffffffffffffffffffffffffffffffffffffffffffffffffffffffffffffffffffffffffffffffffffffffffffffffffffffffffffffffffffffff
#MRGB ffffffffffffffffffffffffffffffffffffffffffffffffffffffffffffffffffffffffffffffffffffffffffffffffffffffffffffffffffffffffffffffffffffffffffffffffffffffffffffffffffffffffffffffffffffffffffffffffffffffffffffffffffffffffffffffffffffffffffffffffffffffffffffffffffffffffffffffffffffffffffffffffffffffffffffffffffffffffffffffffffffffffffffffffffffffffffffffffffffffffffffffffffffffffffffffffffffffffffffffffffffffffffffffffffffffffffffffffffffffffffffffffffffffffffffffffffffffffffffffffffffffffffffffffffffffffffffffff
#MRGB ffffffffffffffffffffffffffffffffffffffffffffffffffffffffffffffffffffffffffffffffffffffffffffffffffffffffffffffffffffffffffffffffffffffffffffffffffffffffffffffffffffffffffffffffffffffffffffffffffffffffffffffffffffffffffffffffffffffffffffffffffffffffffffffffffffffffffffffffffffffffffffffffffffffffffffffffffffffffffffffffffffffffffffffffffffffffffffffffffffffffffffffffffffffffffffffffffffffffffffffffffffffffffffffffffffffffffffffffffffffffffffffffffffffffffffffffffffffffffffffffffffffffffffffffffffffffffffffff
#MRGB ffffffffffffffffffffffffffffffffffffffffffffffffffffffffffffffffffffffffffffffffffffffffffffffffffffffffffffffffffffffffffffffffffffffffffffffffffffffffffffffffffffffffffffffffffffffffffffffffffffffffffffffffffffffffffffffffffffffffffffffffffffffffffffffffffffffffffffffffffffffffffffffffffffffffffffffffffffffffffffffffffffffffffffffffffffffffffffffffffffffffffffffffffffffffffffffffffffffffffffffffffffffffffffffffffffffffffffffffffffffffffffffffffffffffffffffffffffffffffffffffffffffffffffffffffffffffffffffff
#MRGB ffffffffffffffffffffffffffffffffffffffffffffffffffffffffffffffffffffffffffffffffffffffffffffffffffffffffffffffffffffffffffffffffffffffffffffffffffffffffffffffffffffffffffffffffffffffffffffffffffffffffffffffffffffffffffffffffffffffffffffffffffffffffffffffffffffffffffffffffffffffffffffffffffffffffffffffffffffffffffffffffffffffffffffffffffffffffffffffffffffffffffffffffffffffffffffffffffffffffffffffffffffffffffffffffffffffffffffffffffffffffffffffffffffffffffffffffffffffffffffffffffffffffffffffffffffffffffffffff
#MRGB ffffffffffffffffffffffffffffffffffffffffffffffffffffffffffffffffffffffffffffffffffffffffffffffffffffffffffffffffffffffffffffffffffffffffffffffffffffffffffffffffffffffffffffffffffffffffffffffffffffffffffffffffffffffffffffffffffffffffffffffffffffffffffffffffffffffffffffffffffffffffffffffffffffffffffffffffffffffffffffffffffffffffffffffffffffffffffffffffffffffffffffffffffffffffffffffffffffffffffffffffffffffffffffffffffffffffffffffffffffffffffffffffffffffffffffffffffffffffffffffffffffffffffffffffffffffffffffffff
#MRGB ffffffffffffffffffffffffffffffffffffffffffffffffffffffffffffffffffffffffffffffffffffffffffffffffffffffffffffffffffffffffffffffffffffffffffffffffffffffffffffffffffffffffffffffffffffffffffffffffffffffffffffffffffffffffffffffffffffffffffffffffffffffffffffffffffffffffffffffffffffffffffffffffffffffffffffffffffffffffffffffffffffffffffffffffffffffffffffffffffffffffffffffffffffffffffffffffffffffffffffffffffffffffffffffffffffffffffffffffffffffffffffffffffffffffffffffffffffffffffffffffffffffffffffffffffffffffffffffff
#MRGB ffffffffffffffffffffffffffffffffffffffffffffffffffffffffffffffffffffffffffffffffffffffffffffffffffffffffffffffffffffffffffffffffffffffffffffffffffffffffffffffffffffffffffffffffffffffffffffffffffffffffffffffffffffffffffffffffffffffffffffffffffffffffffffffffffffffffffffffffffffffffffffffffffffffffffffffffffffffffffffffffffffffffffffffffffffffffffffffffffffffffffffffffffffffffffffffffffffffffffffffffffffffffffffffffffffffffffffffffffffffffffffffffffffffffffffffffffffffffffffffffffffffffffffffffffffffffffffffff
#MRGB ffffffffffffffffffffffffffffffffffffffffffffffffffffffffffffffffffffffffffffffffffffffffffffffffffffffffffffffffffffffffffffffffffffffffffffffffffffffffffffffffffffffffffffffffffffffffffffffffffffffffffffffffffffffffffffffffffffffffffffffffffffffffffffffffffffffffffffffffffffffffffffffffffffffffffffffffffffffffffffffffffffffffffffffffffffffffffffffffffffffffffffffffffffffffffffffffffffffffffffffffffffffffffffffffffffffffffffffffffffffffffffffffffffffffffffffffffffffffffffffffffffffffffffffffffffffffffffffff
#MRGB ffffffffffffffffffffffffffffffffffffffffffffffffffffffffffffffffffffffffffffffffffffffffffffffffffffffffffffffffffffffffffffffffffffffffffffffffffffffffffffffffffffffffffffffffffffffffffffffffffffffffffffffffffffffffffffffffffffffffffffffffffffffffffffffffffffffffffffffffffffffffffffffffffffffffffffffffffffffffffffffffffffffffffffffffffffffffffffffffffffffffffffffffffffffffffffffffffffffffffffffffffffffffffffffffffffffffffffffffffffffffffffffffffffffffffffffffffffffffffffffffffffffffffffffffffffffffffffffff
#MRGB ffffffffffffffffffffffffffffffffffffffffffffffffffffffffffffffffffffffffffffffffffffffffffffffffffffffffffffffffffffffffffffffffffffffffffffffffffffffffffffffffffffffffffffffffffffffffffffffffffffffffffffffffffffffffffffffffffffffffffffffffffffffffffffffffffffffffffffffffffffffffffffffffffffffffffffffffffffffffffffffffffffffffffffffffffffffffffffffffffffffffffffffffffffffffffffffffffffffffffffffffffffffffffffffffffffffffffffffffffffffffffffffffffffffffffffffffffffffffffffffffffffffffffffffffffffffffffffffff
#MRGB ffffffffffffffffffffffffffffffffffffffffffffffffffffffffffffffffffffffffffffffffffffffffffffffffffffffffffffffffffffffffffffffffffffffffffffffffffffffffffffffffffffffffffffffffffffffffffffffffffffffffffffffffffffffffffffffffffffffffffffffffffffffffffffffffffffffffffffffffffffffffffffffffffffffffffffffffffffffffffffffffffffffffffffffffffffffffffffffffffffffffffffffffffffffffffffffffffffffffffffffffffffffffffffffffffffffffffffffffffffffffffffffffffffffffffffffffffffffffffffffffffffffffffffffffffffffffffffffff
#MRGB ffffffffffffffffffffffffffffffffffffffffffffffffffffffffffffffffffffffffffffffffffffffffffffffffffffffffffffffffffffffffffffffffffffffffffffffffffffffffffffffffffffffffffffffffffffffffffffffffffffffffffffffffffffffffffffffffffffffffffffffffffffffffffffffffffffffffffffffffffffffffffffffffffffffffffffffffffffffffffffffffffffffffffffffffffffffffffffffffffffffffffffffffffffffffffffffffffffffffffffffffffffffffffffffffffffffffffffffffffffffffffffffffffffffffffffffffffffffffffffffffffffffffffffffffffffffffffffffff
#MRGB ffffffffffffffffffffffffffffffffffffffffffffffffffffffffffffffffffffffffffffffffffffffffffffffffffffffffffffffffffffffffffffffffffffffffffffffffffffffffffffffffffffffffffffffffffffffffffffffffffffffffffffffffffffffffffffffffffffffffffffffffffffffffffffffffffffffffffffffffffffffffffffffffffffffffffffffffffffffffffffffffffffffffffffffffffffffffffffffffffffffffffffffffffffffffffffffffffffffffffffffffffffffffffffffffffffffffffffffffffffffffffffffffffffffffffffffffffffffffffffffffffffffffffffffffffffffffffffffff
#MRGB ffffffffffffffffffffffffffffffffffffffffffffffffffffffffffffffffffffffffffffffffffffffffffffffffffffffffffffffffffffffffffffffffffffffffffffffffffffffffffffffffffffffffffffffffffffffffffffffffffffffffffffffffffffffffffffffffffffffffffffffffffffffffffffffffffffffffffffffffffffffffffffffffffffffffffffffffffffffffffffffffffffffffffffffffffffffffffffffffffffffffffffffffffffffffffffffffffffffffffffffffffffffffffffffffffffffffffffffffffffffffffffffffffffffffffffffffffffffffffffffffffffffffffffffffffffffffffffffff
#MRGB ffffffffffffffffffffffffffffffffffffffffffffffffffffffffffffffffffffffffffffffffffffffffffffffffffffffffffffffffffffffffffffffffffffffffffffffffffffffffffffffffffffffffffffffffffffffffffffffffffffffffffffffffffffffffffffffffffffffffffffffffffffffffffffffffffffffffffffffffffffffffffffffffffffffffffffffffffffffffffffffffffffffffffffffffffffffffffffffffffffffffffffffffffffffffffffffffffffffffffffffffffffffffffffffffffffffffffffffffffffffffffffffffffffffffffffffffffffffffffffffffffffffffffffffffffffffffffffffff
#MRGB ffffffffffffffffffffffffffffffffffffffffffffffffffffffffffffffffffffffffffffffffffffffffffffffffffffffffffffffffffffffffffffffffffffffffffffffffffffffffffffffffffffffffffffffffffffffffffffffffffffffffffffffffffffffffffffffffffffffffffffffffffffffffffffffffffffffffffffffffffffffffffffffffffffffffffffffffffffffffffffffffffffffffffffffffffffffffffffffffffffffffffffffffffffffffffffffffffffffffffffffffffffffffffffffffffffffffffffffffffffffffffffffffffffffffffffffffffffffffffffffffffffffffffffffffffffffffffffffff
#MRGB ffffffffffffffffffffffffffffffffffffffffffffffffffffffffffffffffffffffffffffffffffffffffffffffffffffffffffffffffffffffffffffffffffffffffffffffffffffffffffffffffffffffffffffffffffffffffffffffffffffffffffffffffffffffffffffffffffffffffffffffffffffffffffffffffffffffffffffffffffffffffffffffffffffffffffffffffffffffffffffffffffffffffffffffffffffffffffffffffffffffffffffffffffffffffffffffffffffffffffffffffffffffffffffffffffffffffffffffffffffffffffffffffffffffffffffffffffffffffffffffffffffffffffffffffffffffffffffffff
#MRGB ffffffffffffffffffffffffffffffffffffffffffffffffffffffffffffffffffffffffffffffffffffffffffffffffffffffffffffffffffffffffffffffffffffffffffffffffffffffffffffffffffffffffffffffffffffffffffffffffffffffffffffffffffffffffffffffffffffffffffffffffffffffffffffffffffffffffffffffffffffffffffffffffffffffffffffffffffffffffffffffffffffffffffffffffffffffffffffffffffffffffffffffffffffffffffffffffffffffffffffffffffffffffffffffffffffffffffffffffffffffffffffffffffffffffffffffffffffffffffffffffffffffffffffffffffffffffffffffff
#MRGB ffffffffffffffffffffffffffffffffffffffffffffffffffffffffffffffffffffffffffffffffffffffffffffffffffffffffffffffffffffffffffffffffffffffffffffffffffffffffffffffffffffffffffffffffffffffffffffffffffffffffffffffffffffffffffffffffffffffffffffffffffffffffffffffffffffffffffffffffffffffffffffffffffffffffffffffffffffffffffffffffffffffffffffffffffffffffffffffffffffffffffffffffffffffffffffffffffffffffffffffffffffffffffffffffffffffffffffffffffffffffffffffffffffffffffffffffffffffffffffffffffffffffffffffffffffffffffffffff
#MRGB ffffffffffffffffffffffffffffffffffffffffffffffffffffffffffffffffffffffffffffffffffffffffffffffffffffffffffffffffffffffffffffffffffffffffffffffffffffffffffffffffffffffffffffffffffffffffffffffffffffffffffffffffffffffffffffffffffffffffffffffffffffffffffffffffffffffffffffffffffffffffffffffffffffffffffffffffffffffffffffffffffffffffffffffffffffffffffffffffffffffffffffffffffffffffffffffffffffffffffffffffffffffffffffffffffffffffffffffffffffffffffffffffffffffffffffffffffffffffffffffffffffffffffffffffffffffffffffffff
#MRGB ffffffffffffffffffffffffffffffffffffffffffffffffffffffffffffffffffffffffffffffffffffffffffffffffffffffffffffffffffffffffffffffffffffffffffffffffffffffffffffffffffffffffffffffffffffffffffffffffffffffffffffffffffffffffffffffffffffffffffffffffffffffffffffffffffffffffffffffffffffffffffffffffffffffffffffffffffffffffffffffffffffffffffffffffffffffffffffffffffffffffffffffffffffffffffffffffffffffffffffffffffffffffffffffffffffffffffffffffffffffffffffffffffffffffffffffffffffffffffffffffffffffffffffffffffffffffffffffff
#MRGB ffffffffffffffffffffffffffffffffffffffffffffffffffffffffffffffffffffffffffffffffffffffffffffffffffffffffffffffffffffffffffffffffffffffffffffffffffffffffffffffffffffffffffffffffffffffffffffffffffffffffffffffffffffffffffffffffffffffffffffffffffffffffffffffffffffffffffffffffffffffffffffffffffffffffffffffffffffffffffffffffffffffffffffffffffffffffffffffffffffffffffffffffffffffffffffffffffffffffffffffffffffffffffffffffffffffffffffffffffffffffffffffffffffffffffffffffffffffffffffffffffffffffffffffffffffffffffffffff
#MRGB ffffffffffffffffffffffffffffffffffffffffffffffffffffffffffffffffffffffffffffffffffffffffffffffffffffffffffffffffffffffffffffffffffffffffffffffffffffffffffffffffffffffffffffffffffffffffffffffffffffffffffffffffffffffffffffffffffffffffffffffffffffffffffffffffffffffffffffffffffffffffffffffffffffffffffffffffffffffffffffffffffffffffffffffffffffffffffffffffffffffffffffffffffffffffffffffffffffffffffffffffffffffffffffffffffffffffffffffffffffffffffffffffffffffffffffffffffffffffffffffffffffffffffffffffffffffffffffffff
#MRGB ffffffffffffffffffffffffffffffffffffffffffffffffffffffffffffffffffffffffffffffffffffffffffffffffffffffffffffffffffffffffffffffffffffffffffffffffffffffffffffffffffffffffffffffffffffffffffffffffffffffffffffffffffffffffffffffffffffffffffffffffffffffffffffffffffffffffffffffffffffffffffffffffffffffffffffffffffffffffffffffffffffffffffffffffffffffffffffffffffffffffffffffffffffffffffffffffffffffffffffffffffffffffffffffffffffffffffffffffffffffffffffffffffffffffffffffffffffffffffffffffffffffffffffffffffffffffffffffff
#MRGB ffffffffffffffffffffffffffffffffffffffffffffffffffffffffffffffffffffffffffffffffffffffffffffffffffffffffffffffffffffffffffffffffffffffffffffffffffffffffffffffffffffffffffffffffffffffffffffffffffffffffffffffffffffffffffffffffffffffffffffffffffffffffffffffffffffffffffffffffffffffffffffffffffffffffffffffffffffffffffffffffffffffffffffffffffffffffffffffffffffffffffffffffffffffffffffffffffffffffffffffffffffffffffffffffffffffffffffffffffffffffffffffffffffffffffffffffffffffffffffffffffffffffffffffffffffffffffffffff
#MRGB ffffffffffffffffffffffffffffffffffffffffffffffffffffffffffffffffffffffffffffffffffffffffffffffffffffffffffffffffffffffffffffffffffffffffffffffffffffffffffffffffffffffffffffffffffffffffffffffffffffffffffffffffffffffffffffffffffffffffffffffffffffffffffffffffffffffffffffffffffffffffffffffffffffffffffffffffffffffffffffffffffffffffffffffffffffffffffffffffffffffffffffffffffffffffffffffffffffffffffffffffffffffffffffffffffffffffffffffffffffffffffffffffffffffffffffffffffffffffffffffffffffffffffffffffffffffffffffffff
#MRGB ffffffffffffffffffffffffffffffffffffffffffffffffffffffffffffffffffffffffffffffffffffffffffffffffffffffffffffffffffffffffffffffffffffffffffffffffffffffffffffffffffffffffffffffffffffffffffffffffffffffffffffffffffffffffffffffffffffffffffffffffffffffffffffffffffffffffffffffffffffffffffffffffffffffffffffffffffffffffffffffffffffffffffffffffffffffffffffffffffffffffffffffffffffffffffffffffffffffffffffffffffffffffffffffffffffffffffffffffffffffffffffffffffffffffffffffffffffffffffffffffffffffffffffffffffffffffffffffff
#MRGB ffffffffffffffffffffffffffffffffffffffffffffffffffffffffffffffffffffffffffffffffffffffffffffffffffffffffffffffffffffffffffffffffffffffffffffffffffffffffffffffffffffffffffffffffffffffffffffffffffffffffffffffffffffffffffffffffffffffffffffffffffffffffffffffffffffffffffffffffffffffffffffffffffffffffffffffffffffffffffffffffffffffffffffffffffffffffffffffffffffffffffffffffffffffffffffffffffffffffffffffffffffffffffffffffffffffffffffffffffffffffffffffffffffffffffffffffffffffffffffffffffffffffffffffffffffffffffffffff
#MRGB ffffffffffffffffffffffffffffffffffffffffffffffffffffffffffffffffffffffffffffffffffffffffffffffffffffffffffffffffffffffffffffffffffffffffffffffffffffffffffffffffffffffffffffffffffffffffffffffffffffffffffffffffffffffffffffffffffffffffffffffffffffffffffffffffffffffffffffffffffffffffffffffffffffffffffffffffffffffffffffffffffffffffffffffffffffffffffffffffffffffffffffffffffffffffffffffffffffffffffffffffffffffffffffffffffffffffffffffffffffffffffffffffffffffffffffffffffffffffffffffffffffffffffffffffffffffffffffffff
#MRGB ffffffffffffffffffffffffffffffffffffffffffffffffffffffffffffffffffffffffffffffffffffffffffffffffffffffffffffffffffffffffffffffffffffffffffffffffffffffffffffffffffffffffffffffffffffffffffffffffffffffffffffffffffffffffffffffffffffffffffffffffffffffffffffffffffffffffffffffffffffffffffffffffffffffffffffffffffffffffffffffffffffffffffffffffffffffffffffffffffffffffffffffffffffffffffffffffffffffffffffffffffffffffffffffffffffffffffffffffffffffffffffffffffffffffffffffffffffffffffffffffffffffffffffffffffffffffffffffff
#MRGB ffffffffffffffffffffffffffffffffffffffffffffffffffffffffffffffffffffffffffffffffffffffffffffffffffffffffffffffffffffffffffffffffffffffffffffffffffffffffffffffffffffffffffffffffffffffffffffffffffffffffffffffffffffffffffffffffffffffffffffffffffffffffffffffffffffffffffffffffffffffffffffffffffffffffffffffffffffffffffffffffffffffffffffffffffffffffffffffffffffffffffffffffffffffffffffffffffffffffffffffffffffffffffffffffffffffffffffffffffffffffffffffffffffffffffffffffffffffffffffffffffffffffffffffffffffffffffffffff
#MRGB ffffffffffffffffffffffffffffffffffffffffffffffffffffffffffffffffffffffffffffffffffffffffffffffffffffffffffffffffffffffffffffffffffffffffffffffffffffffffffffffffffffffffffffffffffffffffffffffffffffffffffffffffffffffffffffffffffffffffffffffffffffffffffffffffffffffffffffffffffffffffffffffffffffffffffffffffffffffffffffffffffffffffffffffffffffffffffffffffffffffffffffffffffffffffffffffffffffffffffffffffffffffffffffffffffffffffffffffffffffffffffffffffffffffffffffffffffffffffffffffffffffffffffffffffffffffffffffffff
#MRGB ffffffffffffffffffffffffffffffffffffffffffffffffffffffffffffffffffffffffffffffffffffffffffffffffffffffffffffffffffffffffffffffffffffffffffffffffffffffffffffffffffffffffffffffffffffffffffffffffffffffffffffffffffffffffffffffffffffffffffffffffffffffffffffffffffffffffffffffffffffffffffffffffffffffffffffffffffffffffffffffffffffffffffffffffffffffffffffffffffffffffffffffffffffffffffffffffffffffffffffffffffffffffffffffffffffffffffffffffffffffffffffffffffffffffffffffffffffffffffffffffffffffffffffffffffffffffffffffff
#MRGB ffffffffffffffffffffffffffffffffffffffffffffffffffffffffffffffffffffffffffffffffffffffffffffffffffffffffffffffffffffffffffffffffffffffffffffffffffffffffffffffffffffffffffffffffffffffffffffffffffffffffffffffffffffffffffffffffffffffffffffffffffffffffffffffffffffffffffffffffffffffffffffffffffffffffffffffffffffffffffffffffffffffffffffffffffffffffffffffffffffffffffffffffffffffffffffffffffffffffffffffffffffffffffffffffffffffffffffffffffffffffffffffffffffffffffffffffffffffffffffffffffffffffffffffffffffffffffffffff
#MRGB ffffffffffffffffffffffffffffffffffffffffffffffffffffffffffffffffffffffffffffffffffffffffffffffffffffffffffffffffffffffffffffffffffffffffffffffffffffffffffffffffffffffffffffffffffffffffffffffffffffffffffffffffffffffffffffffffffffffffffffffffffffffffffffffffffffffffffffffffffffffffffffffffffffffffffffffffffffffffffffffffffffffffffffffffffffffffffffffffffffffffffffffffffffffffffffffffffffffffffffffffffffffffffffffffffffffffffffffffffffffffffffffffffffffffffffffffffffffffffffffffffffffffffffffffffffffffffffffff
#MRGB ffffffffffffffffffffffffffffffffffffffffffffffffffffffffffffffffffffffffffffffffffffffffffffffffffffffffffffffffffffffffffffffffffffffffffffffffffffffffffffffffffffffffffffffffffffffffffffffffffffffffffffffffffffffffffffffffffffffffffffffffffffffffffffffffffffffffffffffffffffffffffffffffffffffffffffffffffffffffffffffffffffffffffffffffffffffffffffffffffffffffffffffffffffffffffffffffffffffffffffffffffffffffffffffffffffffffffffffffffffffffffffffffffffffffffffffffffffffffffffffffffffffffffffffffffffffffffffffff
#MRGB ffffffffffffffffffffffffffffffffffffffffffffffffffffffffffffffffffffffffffffffffffffffffffffffffffffffffffffffffffffffffffffffffffffffffffffffffffffffffffffffffffffffffffffffffffffffffffffffffffffffffffffffffffffffffffffffffffffffffffffffffffffffffffffffffffffffffffffffffffffffffffffffffffffffffffffffffffffffffffffffffffffffffffffffffffffffffffffffffffffffffffffffffffffffffffffffffffffffffffffffffffffffffffffffffffffffffffffffffffffffffffffffffffffffffffffffffffffffffffffffffffffffffffffffffffffffffffffffff
#MRGB ffffffffffffffffffffffffffffffffffffffffffffffffffffffffffffffffffffffffffffffffffffffffffffffffffffffffffffffffffffffffffffffffffffffffffffffffffffffffffffffffffffffffffffffffffffffffffffffffffffffffffffffffffffffffffffffffffffffffffffffffffffffffffffffffffffffffffffffffffffffffffffffffffffffffffffffffffffffffffffffffffffffffffffffffffffffffffffffffffffffffffffffffffffffffffffffffffffffffffffffffffffffffffffffffffffffffffffffffffffffffffffffffffffffffffffffffffffffffffffffffffffffffffffffffffffffffffffffff
#MRGB ffffffffffffffffffffffffffffffffffffffffffffffffffffffffffffffffffffffffffffffffffffffffffffffffffffffffffffffffffffffffffffffffffffffffffffffffffffffffffffffffffffffffffffffffffffffffffffffffffffffffffffffffffffffffffffffffffffffffffffffffffffffffffffffffffffffffffffffffffffffffffffffffffffffffffffffffffffffffffffffffffffffffffffffffffffffffffffffffffffffffffffffffffffffffffffffffffffffffffffffffffffffffffffffffffffffffffffffffffffffffffffffffffffffffffffffffffffffffffffffffffffffffffffffffffffffffffffffff
#MRGB ffffffffffffffffffffffffffffffffffffffffffffffffffffffffffffffffffffffffffffffffffffffffffffffffffffffffffffffffffffffffffffffffffffffffffffffffffffffffffffffffffffffffffffffffffffffffffffffffffffffffffffffffffffffffffffffffffffffffffffffffffffffffffffffffffffffffffffffffffffffffffffffffffffffffffffffffffffffffffffffffffffffffffffffffffffffffffffffffffffffffffffffffffffffffffffffffffffffffffffffffffffffffffffffffffffffffffffffffffffffffffffffffffffffffffffffffffffffffffffffffffffffffffffffffffffffffffffffff
#MRGB ffffffffffffffffffffffffffffffffffffffffffffffffffffffffffffffffffffffffffffffffffffffffffffffffffffffffffffffffffffffffffffffffffffffffffffffffffffffffffffffffffffffffffffffffffffffffffffffffffffffffffffffffffffffffffffffffffffffffffffffffffffffffffffffffffffffffffffffffffffffffffffffffffffffffffffffffffffffffffffffffffffffffffffffffffffffffffffffffffffffffffffffffffffffffffffffffffffffffffffffffffffffffffffffffffffffffffffffffffffffffffffffffffffffffffffffffffffffffffffffffffffffffffffffffffffffffffffffff
#MRGB ffffffffffffffffffffffffffffffffffffffffffffffffffffffffffffffffffffffffffffffffffffffffffffffffffffffffffffffffffffffffffffffffffffffffffffffffffffffffffffffffffffffffffffffffffffffffffffffffffffffffffffffffffffffffffffffffffffffffffffffffffffffffffffffffffffffffffffffffffffffffffffffffffffffffffffffffffffffffffffffffffffffffffffffffffffffffffffffffffffffffffffffffffffffffffffffffffffffffffffffffffffffffffffffffffffffffffffffffffffffffffffffffffffffffffffffffffffffffffffffffffffffffffffffffffffffffffffffff
#MRGB ffffffffffffffffffffffffffffffffffffffffffffffffffffffffffffffffffffffffffffffffffffffffffffffffffffffffffffffffffffffffffffffffffffffffffffffffffffffffffffffffffffffffffffffffffffffffffffffffffffffffffffffffffffffffffffffffffffffffffffffffffffffffffffffffffffffffffffffffffffffffffffffffffffffffffffffffffffffffffffffffffffffffffffffffffffffffffffffffffffffffffffffffffffffffffffffffffffffffffffffffffffffffffffffffffffffffffffffffffffffffffffffffffffffffffffffffffffffffffffffffffffffffffffffffffffffffffffffff
#MRGB ffffffffffffffffffffffffffffffffffffffffffffffffffffffffffffffffffffffffffffffffffffffffffffffffffffffffffffffffffffffffffffffffffffffffffffffffffffffffffffffffffffffffffffffffffffffffffffffffffffffffffffffffffffffffffffffffffffffffffffffffffffffffffffffffffffffffffffffffffffffffffffffffffffffffffffffffffffffffffffffffffffffffffffffffffffffffffffffffffffffffffffffffffffffffffffffffffffffffffffffffffffffffffffffffffffffffffffffffffffffffffffffffffffffffffffffffffffffffffffffffffffffffffffffffffffffffffffffff
#MRGB ffffffffffffffffffffffffffffffffffffffffffffffffffffffffffffffffffffffffffffffffffffffffffffffffffffffffffffffffffffffffffffffffffffffffffffffffffffffffffffffffffffffffffffffffffffffffffffffffffffffffffffffffffffffffffffffffffffffffffffffffffffffffffffffffffffffffffffffffffffffffffffffffffffffffffffffffffffffffffffffffffffffffffffffffffffffffffffffffffffffffffffffffffffffffffffffffffffffffffffffffffffffffffffffffffffffffffffffffffffffffffffffffffffffffffffffffffffffffffffffffffffffffffffffffffffffffffffffff
#MRGB ffffffffffffffffffffffffffffffffffffffffffffffffffffffffffffffffffffffffffffffffffffffffffffffffffffffffffffffffffffffffffffffffffffffffffffffffffffffffffffffffffffffffffffffffffffffffffffffffffffffffffffffffffffffffffffffffffffffffffffffffffffffffffffffffffffffffffffffffffffffffffffffffffffffffffffffffffffffffffffffffffffffffffffffffffffffffffffffffffffffffffffffffffffffffffffffffffffffffffffffffffffffffffffffffffffffffffffffffffffffffffffffffffffffffffffffffffffffffffffffffffffffffffffffffffffffffffffffff
#MRGB ffffffffffffffffffffffffffffffffffffffffffffffffffffffffffffffffffffffffffffffffffffffffffffffffffffffffffffffffffffffffffffffffffffffffffffffffffffffffffffffffffffffffffffffffffffffffffffffffffffffffffffffffffffffffffffffffffffffffffffffffffffffffffffffffffffffffffffffffffffffffffffffffffffffffffffffffffffffffffffffffffffffffffffffffffffffffffffffffffffffffffffffffffffffffffffffffffffffffffffffffffffffffffffffffffffffffffffffffffffffffffffffffffffffffffffffffffffffffffffffffffffffffffffffffffffffffffffffff
#MRGB ffffffffffffffffffffffffffffffffffffffffffffffffffffffffffffffffffffffffffffffffffffffffffffffffffffffffffffffffffffffffffffffffffffffffffffffffffffffffffffffffffffffffffffffffffffffffffffffffffffffffffffffffffffffffffffffffffffffffffffffffffffffffffffffffffffffffffffffffffffffffffffffffffffffffffffffffffffffffffffffffffffffffffffffffffffffffffffffffffffffffffffffffffffffffffffffffffffffffffffffffffffffffffffffffffffffffffffffffffffffffffffffffffffffffffffffffffffffffffffffffffffffffffffffffffffffffffffffff
#MRGB ffffffffffffffffffffffffffffffffffffffffffffffffffffffffffffffffffffffffffffffffffffffffffffffffffffffffffffffffffffffffffffffffffffffffffffffffffffffffffffffffffffffffffffffffffffffffffffffffffffffffffffffffffffffffffffffffffffffffffffffffffffffffffffffffffffffffffffffffffffffffffffffffffffffffffffffffffffffffffffffffffffffffffffffffffffffffffffffffffffffffffffffffffffffffffffffffffffffffffffffffffffffffffffffffffffffffffffffffffffffffffffffffffffffffffffffffffffffffffffffffffffffffffffffffffffffffffffffff
#MRGB ffffffffffffffffffffffffffffffffffffffffffffffffffffffffffffffffffffffffffffffffffffffffffffffffffffffffffffffffffffffffffffffffffffffffffffffffffffffffffffffffffffffffffffffffffffffffffffffffffffffffffffffffffffffffffffffffffffffffffffffffffffffffffffffffffffffffffffffffffffffffffffffffffffffffffffffffffffffffffffffffffffffffffffffffffffffffffffffffffffffffffffffffffffffffffffffffffffffffffffffffffffffffffffffffffffffffffffffffffffffffffffffffffffffffffffffffffffffffffffffffffffffffffffffffffffffffffffffff
#MRGB ffffffffffffffffffffffffffffffffffffffffffffffffffffffffffffffffffffffffffffffffffffffffffffffffffffffffffffffffffffffffffffffffffffffffffffffffffffffffffffffffffffffffffffffffffffffffffffffffffffffffffffffffffffffffffffffffffffffffffffffffffffffffffffffffffffffffffffffffffffffffffffffffffffffffffffffffffffffffffffffffffffffffffffffffffffffffffffffffffffffffffffffffffffffffffffffffffffffffffffffffffffffffffffffffffffffffffffffffffffffffffffffffffffffffffffffffffffffffffffffffffffffffffffffffffffffffffffffff
#MRGB ffffffffffffffffffffffffffffffffffffffffffffffffffffffffffffffffffffffffffffffffffffffffffffffffffffffffffffffffffffffffffffffffffffffffffffffffffffffffffffffffffffffffffffffffffffffffffffffffffffffffffffffffffffffffffffffffffffffffffffffffffffffffffffffffffffffffffffffffffffffffffffffffffffffffffffffffffffffffffffffffffffffffffffffffffffffffffffffffffffffffffffffffffffffffffffffffffffffffffffffffffffffffffffffffffffffffffffffffffffffffffffffffffffffffffffffffffffffffffffffffffffffffffffffffffffffffffffffff
#MRGB ffffffffffffffffffffffffffffffffffffffffffffffffffffffffffffffffffffffffffffffffffffffffffffffffffffffffffffffffffffffffffffffffffffffffffffffffffffffffffffffffffffffffffffffffffffffffffffffffffffffffffffffffffffffffffffffffffffffffffffffffffffffffffffffffffffffffffffffffffffffffffffffffffffffffffffffffffffffffffffffffffffffffffffffffffffffffffffffffffffffffffffffffffffffffffffffffffffffffffffffffffffffffffffffffffffffffffffffffffffffffffffffffffffffffffffffffffffffffffffffffffffffffffffffffffffffffffffffff
#MRGB ffffffffffffffffffffffffffffffffffffffffffffffffffffffffffffffffffffffffffffffffffffffffffffffffffffffffffffffffffffffffffffffffffffffffffffffffffffffffffffffffffffffffffffffffffffffffffffffffffffffffffffffffffffffffffffffffffffffffffffffffffffffffffffffffffffffffffffffffffffffffffffffffffffffffffffffffffffffffffffffffffffffffffffffffffffffffffffffffffffffffffffffffffffffffffffffffffffffffffffffffffffffffffffffffffffffffffffffffffffffffffffffffffffffffffffffffffffffffffffffffffffffffffffffffffffffffffffffff
#MRGB ffffffffffffffffffffffffffffffffffffffffffffffffffffffffffffffffffffffffffffffffffffffffffffffffffffffffffffffffffffffffffffffffffffffffffffffffffffffffffffffffffffffffffffffffffffffffffffffffffffffffffffffffffffffffffffffffffffffffffffffffffffffffffffffffffffffffffffffffffffffffffffffffffffffffffffffffffffffffffffffffffffffffffffffffffffffffffffffffffffffffffffffffffffffffffffffffffffffffffffffffffffffffffffffffffffffffffffffffffffffffffffffffffffffffffffffffffffffffffffffffffffffffffffffffffffffffffffffff
#MRGB ffffffffffffffffffffffffffffffffffffffffffffffffffffffffffffffffffffffffffffffffffffffffffffffffffffffffffffffffffffffffffffffffffffffffffffffffffffffffffffffffffffffffffffffffffffffffffffffffffffffffffffffffffffffffffffffffffffffffffffffffffffffffffffffffffffffffffffffffffffffffffffffffffffffffffffffffffffffffffffffffffffffffffffffffffffffffffffffffffffffffffffffffffffffffffffffffffffffffffffffffffffffffffffffffffffffffffffffffffffffffffffffffffffffffffffffffffffffffffffffffffffffffffffffffffffffffffffffff
#MRGB ffffffffffffffffffffffffffffffffffffffffffffffffffffffffffffffffffffffffffffffffffffffffffffffffffffffffffffffffffffffffffffffffffffffffffffffffffffffffffffffffffffffffffffffffffffffffffffffffffffffffffffffffffffffffffffffffffffffffffffffffffffffffffffffffffffffffffffffffffffffffffffffffffffffffffffffffffffffffffffffffffffffffffffffffffffffffffffffffffffffffffffffffffffffffffffffffffffffffffffffffffffffffffffffffffffffffffffffffffffffffffffffffffffffffffffffffffffffffffffffffffffffffffffffffffffffffffffffff
#MRGB ffffffffffffffffffffffffffffffffffffffffffffffffffffffffffffffffffffffffffffffffffffffffffffffffffffffffffffffffffffffffffffffffffffffffffffffffffffffffffffffffffffffffffffffffffffffffffffffffffffffffffffffffffffffffffffffffffffffffffffffffffffffffffffffffffffffffffffffffffffffffffffffffffffffffffffffffffffffffffffffffffffffffffffffffffffffffffffffffffffffffffffffffffffffffffffffffffffffffffffffffffffffffffffffffffffffffffffffffffffffffffffffffffffffffffffffffffffffffffffffffffffffffffffffffffffffffffffffff
#MRGB ffffffffffffffffffffffffffffffffffffffffffffffffffffffffffffffffffffffffffffffffffffffffffffffffffffffffffffffffffffffffffffffffffffffffffffffffffffffffffffffffffffffffffffffffffffffffffffffffffffffffffffffffffffffffffffffffffffffffffffffffffffffffffffffffffffffffffffffffffffffffffffffffffffffffffffffffffffffffffffffffffffffffffffffffffffffffffffffffffffffffffffffffffffffffffffffffffffffffffffffffffffffffffffffffffffffffffffffffffffffffffffffffffffffffffffffffffffffffffffffffffffffffffffffffffffffffffffffff
#MRGB ffffffffffffffffffffffffffffffffffffffffffffffffffffffffffffffffffffffffffffffffffffffffffffffffffffffffffffffffffffffffffffffffffffffffffffffffffffffffffffffffffffffffffffffffffffffffffffffffffffffffffffffffffffffffffffffffffffffffffffffffffffffffffffffffffffffffffffffffffffffffffffffffffffffffffffffffffffffffffffffffffffffffffffffffffffffffffffffffffffffffffffffffffffffffffffffffffffffffffffffffffffffffffffffffffffffffffffffffffffffffffffffffffffffffffffffffffffffffffffffffffffffffffffffffffffffffffffffff
#MRGB ffffffffffffffffffffffffffffffffffffffffffffffffffffffffffffffffffffffffffffffffffffffffffffffffffffffffffffffffffffffffffffffffffffffffffffffffffffffffffffffffffffffffffffffffffffffffffffffffffffffffffffffffffffffffffffffffffffffffffffffffffffffffffffffffffffffffffffffffffffffffffffffffffffffffffffffffffffffffffffffffffffffffffffffffffffffffffffffffffffffffffffffffffffffffffffffffffffffffffffffffffffffffffffffffffffffffffffffffffffffffffffffffffffffffffffffffffffffffffffffffffffffffffffffffffffffffffffffff
#MRGB ffffffffffffffffffffffffffffffffffffffffffffffffffffffffffffffffffffffffffffffffffffffffffffffffffffffffffffffffffffffffffffffffffffffffffffffffffffffffffffffffffffffffffffffffffffffffffffffffffffffffffffffffffffffffffffffffffffffffffffffffffffffffffffffffffffffffffffffffffffffffffffffffffffffffffffffffffffffffffffffffffffffffffffffffffffffffffffffffffffffffffffffffffffffffffffffffffffffffffffffffffffffffffffffffffffffffffffffffffffffffffffffffffffffffffffffffffffffffffffffffffffffffffffffffffffffffffffffff
#MRGB ffffffffffffffffffffffffffffffffffffffffffffffffffffffffffffffffffffffffffffffffffffffffffffffffffffffffffffffffffffffffffffffffffffffffffffffffffffffffffffffffffffffffffffffffffffffffffffffffffffffffffffffffffffffffffffffffffffffffffffffffffffffffffffffffffffffffffffffffffffffffffffffffffffffffffffffffffffffffffffffffffffffffffffffffffffffffffffffffffffffffffffffffffffffffffffffffffffffffffffffffffffffffffffffffffffffffffffffffffffffffffffffffffffffffffffffffffffffffffffffffffffffffffffffffffffffffffffffff
#MRGB ffffffffffffffffffffffffffffffffffffffffffffffffffffffffffffffffffffffffffffffffffffffffffffffffffffffffffffffffffffffffffffffffffffffffffffffffffffffffffffffffffffffffffffffffffffffffffffffffffffffffffffffffffffffffffffffffffffffffffffffffffffffffffffffffffffffffffffffffffffffffffffffffffffffffffffffffffffffffffffffffffffffffffffffffffffffffffffffffffffffffffffffffffffffffffffffffffffffffffffffffffffffffffffffffffffffffffffffffffffffffffffffffffffffffffffffffffffffffffffffffffffffffffffffffffffffffffffffff
#MRGB ffffffffffffffffffffffffffffffffffffffffffffffffffffffffffffffffffffffffffffffffffffffffffffffffffffffffffffffffffffffffffffffffffffffffffffffffffffffffffffffffffffffffffffffffffffffffffffffffffffffffffffffffffffffffffffffffffffffffffffffffffffffffffffffffffffffffffffffffffffffffffffffffffffffffffffffffffffffffffffffffffffffffffffffffffffffffffffffffffffffffffffffffffffffffffffffffffffffffffffffffffffffffffffffffffffffffffffffffffffffffffffffffffffffffffffffffffffffffffffffffffffffffffffffffffffffffffffffff
#MRGB ffffffffffffffffffffffffffffffffffffffffffffffffffffffffffffffffffffffffffffffffffffffffffffffffffffffffffffffffffffffffffffffffffffffffffffffffffffffffffffffffffffffffffffffffffffffffffffffffffffffffffffffffffffffffffffffffffffffffffffffffffffffffffffffffffffffffffffffffffffffffffffffffffffffffffffffffffffffffffffffffffffffffffffffffffffffffffffffffffffffffffffffffffffffffffffffffffffffffffffffffffffffffffffffffffffffffffffffffffffffffffffffffffffffffffffffffffffffffffffffffffffffffffffffffffffffffffffffff
#MRGB ffffffffffffffffffffffffffffffffffffffffffffffffffffffffffffffffffffffffffffffffffffffffffffffffffffffffffffffffffffffffffffffffffffffffffffffffffffffffffffffffffffffffffffffffffffffffffffffffffffffffffffffffffffffffffffffffffffffffffffffffffffffffffffffffffffffffffffffffffffffffffffffffffffffffffffffffffffffffffffffffffffffffffffffffffffffffffffffffffffffffffffffffffffffffffffffffffffffffffffffffffffffffffffffffffffffffffffffffffffffffffffffffffffffffffffffffffffffffffffffffffffffffffffffffffffffffffffffff
#MRGB ffffffffffffffffffffffffffffffffffffffffffffffffffffffffffffffffffffffffffffffffffffffffffffffffffffffffffffffffffffffffffffffffffffffffffffffffffffffffffffffffffffffffffffffffffffffffffffffffffffffffffffffffffffffffffffffffffffffffffffffffffffffffffffffffffffffffffffffffffffffffffffffffffffffffffffffffffffffffffffffffffffffffffffffffffffffffffffffffffffffffffffffffffffffffffffffffffffffffffffffffffffffffffffffffffffffffffffffffffffffffffffffffffffffffffffffffffffffffffffffffffffffffffffffffffffffffffffffff
#MRGB ffffffffffffffffffffffffffffffffffffffffffffffffffffffffffffffffffffffffffffffffffffffffffffffffffffffffffffffffffffffffffffffffffffffffffffffffffffffffffffffffffffffffffffffffffffffffffffffffffffffffffffffffffffffffffffffffffffffffffffffffffffffffffffffffffffffffffffffffffffffffffffffffffffffffffffffffffffffffffffffffffffffffffffffffffffffffffffffffffffffffffffffffffffffffffffffffffffffffffffffffffffffffffffffffffffffffffffffffffffffffffffffffffffffffffffffffffffffffffffffffffffffffffffffffffffffffffffffff
#MRGB ffffffffffffffffffffffffffffffffffffffffffffffffffffffffffffffffffffffffffffffffffffffffffffffffffffffffffffffffffffffffffffffffffffffffffffffffffffffffffffffffffffffffffffffffffffffffffffffffffffffffffffffffffffffffffffffffffffffffffffffffffffffffffffffffffffffffffffffffffffffffffffffffffffffffffffffffffffffffffffffffffffffffffffffffffffffffffffffffffffffffffffffffffffffffffffffffffffffffffffffffffffffffffffffffffffffffffffffffffffffffffffffffffffffffffffffffffffffffffffffffffffffffffffffffffffffffffffffff
#MRGB ffffffffffffffffffffffffffffffffffffffffffffffffffffffffffffffffffffffffffffffffffffffffffffffffffffffffffffffffffffffffffffffffffffffffffffffffffffffffffffffffffffffffffffffffffffffffffffffffffffffffffffffffffffffffffffffffffffffffffffffffffffffffffffffffffffffffffffffffffffffffffffffffffffffffffffffffffffffffffffffffffffffffffffffffffffffffffffffffffffffffffffffffffffffffffffffffffffffffffffffffffffffffffffffffffffffffffffffffffffffffffffffffffffffffffffffffffffffffffffffffffffffffffffffffffffffffffffffff
#MRGB ffffffffffffffffffffffffffffffffffffffffffffffffffffffffffffffffffffffffffffffffffffffffffffffffffffffffffffffffffffffffffffffffffffffffffffffffffffffffffffffffffffffffffffffffffffffffffffffffffffffffffffffffffffffffffffffffffffffffffffffffffffffffffffffffffffffffffffffffffffffffffffffffffffffffffffffffffffffffffffffffffffffffffffffffffffffffffffffffffffffffffffffffffffffffffffffffffffffffffffffffffffffffffffffffffffffffffffffffffffffffffffffffffffffffffffffffffffffffffffffffffffffffffffffffffffffffffffffff
#MRGB ffffffffffffffffffffffffffffffffffffffffffffffffffffffffffffffffffffffffffffffffffffffffffffffffffffffffffffffffffffffffffffffffffffffffffffffffffffffffffffffffffffffffffffffffffffffffffffffffffffffffffffffffffffffffffffffffffffffffffffffffffffffffffffffffffffffffffffffffffffffffffffffffffffffffffffffffffffffffffffffffffffffffffffffffffffffffffffffffffffffffffffffffffffffffffffffffffffffffffffffffffffffffffffffffffffffffffffffffffffffffffffffffffffffffffffffffffffffffffffffffffffffffffffffffffffffffffffffff
#MRGB ffffffffffffffffffffffffffffffffffffffffffffffffffffffffffffffffffffffffffffffffffffffffffffffffffffffffffffffffffffffffffffffffffffffffffffffffffffffffffffffffffffffffffffffffffffffffffffffffffffffffffffffffffffffffffffffffffffffffffffffffffffffffffffffffffffffffffffffffffffffffffffffffffffffffffffffffffffffffffffffffffffffffffffffffffffffffffffffffffffffffffffffffffffffffffffffffffffffffffffffffffffffffffffffffffffffffffffffffffffffffffffffffffffffffffffffffffffffffffffffffffffffffffffffffffffffffffffffff
#MRGB ffffffffffffffffffffffffffffffffffffffffffffffffffffffffffffffffffffffffffffffffffffffffffffffffffffffffffffffffffffffffffffffffffffffffffffffffffffffffffffffffffffffffffffffffffffffffffffffffffffffffffffffffffffffffffffffffffffffffffffffffffffffffffffffffffffffffffffffffffffffffffffffffffffffffffffffffffffffffffffffffffffffffffffffffffffffffffffffffffffffffffffffffffffffffffffffffffffffffffffffffffffffffffffffffffffffffffffffffffffffffffffffffffffffffffffffffffffffffffffffffffffffffffffffffffffffffffffffff
#MRGB ffffffffffffffffffffffffffffffffffffffffffffffffffffffffffffffffffffffffffffffffffffffffffffffffffffffffffffffffffffffffffffffffffffffffffffffffffffffffffffffffffffffffffffffffffffffffffffffffffffffffffffffffffffffffffffffffffffffffffffffffffffffffffffffffffffffffffffffffffffffffffffffffffffffffffffffffffffffffffffffffffffffffffffffffffffffffffffffffffffffffffffffffffffffffffffffffffffffffffffffffffffffffffffffffffffffffffffffffffffffffffffffffffffffffffffffffffffffffffffffffffffffffffffffffffffffffffffffff
#MRGB ffffffffffffffffffffffffffffffffffffffffffffffffffffffffffffffffffffffffffffffffffffffffffffffffffffffffffffffffffffffffffffffffffffffffffffffffffffffffffffffffffffffffffffffffffffffffffffffffffffffffffffffffffffffffffffffffffffffffffffffffffffffffffffffffffffffffffffffffffffffffffffffffffffffffffffffffffffffffffffffffffffffffffffffffffffffffffffffffffffffffffffffffffffffffffffffffffffffffffffffffffffffffffffffffffffffffffffffffffffffffffffffffffffffffffffffffffffffffffffffffffffffffffffffffffffffffffffffff
#MRGB ffffffffffffffffffffffffffffffffffffffffffffffffffffffffffffffffffffffffffffffffffffffffffffffffffffffffffffffffffffffffffffffffffffffffffffffffffffffffffffffffffffffffffffffffffffffffffffffffffffffffffffffffffffffffffffffffffffffffffffffffffffffffffffffffffffffffffffffffffffffffffffffffffffffffffffffffffffffffffffffffffffffffffffffffffffffffffffffffffffffffffffffffffffffffffffffffffffffffffffffffffffffffffffffffffffffffffffffffffffffffffffffffffffffffffffffffffffffffffffffffffffffffffffffffffffffffffffffff
#MRGB ffffffffffffffffffffffffffffffffffffffffffffffffffffffffffffffffffffffffffffffffffffffffffffffffffffffffffffffffffffffffffffffffffffffffffffffffffffffffffffffffffffffffffffffffffffffffffffffffffffffffffffffffffffffffffffffffffffffffffffffffffffffffffffffffffffffffffffffffffffffffffffffffffffffffffffffffffffffffffffffffffffffffffffffffffffffffffffffffffffffffffffffffffffffffffffffffffffffffffffffffffffffffffffffffffffffffffffffffffffffffffffffffffffffffffffffffffffffffffffffffffffffffffffffffffffffffffffffff
#MRGB ffffffffffffffffffffffffffffffffffffffffffffffffffffffffffffffffffffffffffffffffffffffffffffffffffffffffffffffffffffffffffffffffffffffffffffffffffffffffffffffffffffffffffffffffffffffffffffffffffffffffffffffffffffffffffffffffffffffffffffffffffffffffffffffffffffffffffffffffffffffffffffffffffffffffffffffffffffffffffffffffffffffffffffffffffffffffffffffffffffffffffffffffffffffffffffffffffffffffffffffffffffffffffffffffffffffffffffffffffffffffffffffffffffffffffffffffffffffffffffffffffffffffffffffffffffffffffffffff
#MRGB ffffffffffffffffffffffffffffffffffffffffffffffffffffffffffffffffffffffffffffffffffffffffffffffffffffffffffffffffffffffffffffffffffffffffffffffffffffffffffffffffffffffffffffffffffffffffffffffffffffffffffffffffffffffffffffffffffffffffffffffffffffffffffffffffffffffffffffffffffffffffffffffffffffffffffffffffffffffffffffffffffffffffffffffffffffffffffffffffffffffffffffffffffffffffffffffffffffffffffffffffffffffffffffffffffffffffffffffffffffffffffffffffffffffffffffffffffffffffffffffffffffffffffffffffffffffffffffffff
#MRGB ffffffffffffffffffffffffffffffffffffffffffffffffffffffffffffffffffffffffffffffffffffffffffffffffffffffffffffffffffffffffffffffffffffffffffffffffffffffffffffffffffffffffffffffffffffffffffffffffffffffffffffffffffffffffffffffffffffffffffffffffffffffffffffffffffffffffffffffffffffffffffffffffffffffffffffffffffffffffffffffffffffffffffffffffffffffffffffffffffffffffffffffffffffffffffffffffffffffffffffffffffffffffffffffffffffffffffffffffffffffffffffffffffffffffffffffffffffffffffffffffffffffffffffffffffffffffffffffff
#MRGB ffffffffffffffffffffffffffffffffffffffffffffffffffffffffffffffffffffffffffffffffffffffffffffffffffffffffffffffffffffffffffffffffffffffffffffffffffffffffffffffffffffffffffffffffffffffffffffffffffffffffffffffffffffffffffffffffffffffffffffffffffffffffffffffffffffffffffffffffffffffffffffffffffffffffffffffffffffffffffffffffffffffffffffffffffffffffffffffffffffffffffffffffffffffffffffffffffffffffffffffffffffffffffffffffffffffffffffffffffffffffffffffffffffffffffffffffffffffffffffffffffffffffffffffffffffffffffffffff
#MRGB ffffffffffffffffffffffffffffffffffffffffffffffffffffffffffffffffffffffffffffffffffffffffffffffffffffffffffffffffffffffffffffffffffffffffffffffffffffffffffffffffffffffffffffffffffffffffffffffffffffffffffffffffffffffffffffffffffffffffffffffffffffffffffffffffffffffffffffffffffffffffffffffffffffffffffffffffffffffffffffffffffffffffffffffffffffffffffffffffffffffffffffffffffffffffffffffffffffffffffffffffffffffffffffffffffffffffffffffffffffffffffffffffffffffffffffffffffffffffffffffffffffffffffffffffffffffffffffffff
#MRGB ffffffffffffffffffffffffffffffffffffffffffffffffffffffffffffffffffffffffffffffffffffffffffffffffffffffffffffffffffffffffffffffffffffffffffffffffffffffffffffffffffffffffffffffffffffffffffffffffffffffffffffffffffffffffffffffffffffffffffffffffffffffffffffffffffffffffffffffffffffffffffffffffffffffffffffffffffffffffffffffffffffffffffffffffffffffffffffffffffffffffffffffffffffffffffffffffffffffffffffffffffffffffffffffffffffffffffffffffffffffffffffffffffffffffffffffffffffffffffffffffffffffffffffffffffffffffffffffff
#MRGB ffffffffffffffffffffffffffffffffffffffffffffffffffffffffffffffffffffffffffffffffffffffffffffffffffffffffffffffffffffffffffffffffffffffffffffffffffffffffffffffffffffffffffffffffffffffffffffffffffffffffffffffffffffffffffffffffffffffffffffffffffffffffffffffffffffffffffffffffffffffffffffffffffffffffffffffffffffffffffffffffffffffffffffffffffffffffffffffffffffffffffffffffffffffffffffffffffffffffffffffffffffffffffffffffffffffffffffffffffffffffffffffffffffffffffffffffffffffffffffffffffffffffffffffffffffffffffffffff
#MRGB ffffffffffffffffffffffffffffffffffffffffffffffffffffffffffffffffffffffffffffffffffffffffffffffffffffffffffffffffffffffffffffffffffffffffffffffffffffffffffffffffffffffffffffffffffffffffffffffffffffffffffffffffffffffffffffffffffffffffffffffffffffffffffffffffffffffffffffffffffffffffffffffffffffffffffffffffffffffffffffffffffffffffffffffffffffffffffffffffffffffffffffffffffffffffffffffffffffffffffffffffffffffffffffffffffffffffffffffffffffffffffffffffffffffffffffffffffffffffffffffffffffffffffffffffffffffffffffffff
#MRGB ffffffffffffffffffffffffffffffffffffffffffffffffffffffffffffffffffffffffffffffffffffffffffffffffffffffffffffffffffffffffffffffffffffffffffffffffffffffffffffffffffffffffffffffffffffffffffffffffffffffffffffffffffffffffffffffffffffffffffffffffffffffffffffffffffffffffffffffffffffffffffffffffffffffffffffffffffffffffffffffffffffffffffffffffffffffffffffffffffffffffffffffffffffffffffffffffffffffffffffffffffffffffffffffffffffffffffffffffffffffffffffffffffffffffffffffffffffffffffffffffffffffffffffffffffffffffffffffff
#MRGB ffffffffffffffffffffffffffffffffffffffffffffffffffffffffffffffffffffffffffffffffffffffffffffffffffffffffffffffffffffffffffffffffffffffffffffffffffffffffffffffffffffffffffffffffffffffffffffffffffffffffffffffffffffffffffffffffffffffffffffffffffffffffffffffffffffffffffffffffffffffffffffffffffffffffffffffffffffffffffffffffffffffffffffffffffffffffffffffffffffffffffffffffffffffffffffffffffffffffffffffffffffffffffffffffffffffffffffffffffffffffffffffffffffffffffffffffffffffffffffffffffffffffffffffffffffffffffffffff
#MRGB ffffffffffffffffffffffffffffffffffffffffffffffffffffffffffffffffffffffffffffffffffffffffffffffffffffffffffffffffffffffffffffffffffffffffffffffffffffffffffffffffffffffffffffffffffffffffffffffffffffffffffffffffffffffffffffffffffffffffffffffffffffffffffffffffffffffffffffffffffffffffffffffffffffffffffffffffffffffffffffffffffffffffffffffffffffffffffffffffffffffffffffffffffffffffffffffffffffffffffffffffffffffffffffffffffffffffffffffffffffffffffffffffffffffffffffffffffffffffffffffffffffffffffffffffffffffffffffffff
#MRGB ffffffffffffffffffffffffffffffffffffffffffffffffffffffffffffffffffffffffffffffffffffffffffffffffffffffffffffffffffffffffffffffffffffffffffffffffffffffffffffffffffffffffffffffffffffffffffffffffffffffffffffffffffffffffffffffffffffffffffffffffffffffffffffffffffffffffffffffffffffffffffffffffffffffffffffffffffffffffffffffffffffffffffffffffffffffffffffffffffffffffffffffffffffffffffffffffffffffffffffffffffffffffffffffffffffffffffffffffffffffffffffffffffffffffffffffffffffffffffffffffffffffffffffffffffffffffffffffff
#MRGB ffffffffffffffffffffffffffffffffffffffffffffffffffffffffffffffffffffffffffffffffffffffffffffffffffffffffffffffffffffffffffffffffffffffffffffffffffffffffffffffffffffffffffffffffffffffffffffffffffffffffffffffffffffffffffffffffffffffffffffffffffffffffffffffffffffffffffffffffffffffffffffffffffffffffffffffffffffffffffffffffffffffffffffffffffffffffffffffffffffffffffffffffffffffffffffffffffffffffffffffffffffffffffffffffffffffffffffffffffffffffffffffffffffffffffffffffffffffffffffffffffffffffffffffffffffffffffffffff
#MRGB ffffffffffffffffffffffffffffffffffffffffffffffffffffffffffffffffffffffffffffffffffffffffffffffffffffffffffffffffffffffffffffffffffffffffffffffffffffffffffffffffffffffffffffffffffffffffffffffffffffffffffffffffffffffffffffffffffffffffffffffffffffffffffffffffffffffffffffffffffffffffffffffffffffffffffffffffffffffffffffffffffffffffffffffffffffffffffffffffffffffffffffffffffffffffffffffffffffffffffffffffffffffffffffffffffffffffffffffffffffffffffffffffffffffffffffffffffffffffffffffffffffffffffffffffffffffffffffffff
#MRGB ffffffffffffffffffffffffffffffffffffffffffffffffffffffffffffffffffffffffffffffffffffffffffffffffffffffffffffffffffffffffffffffffffffffffffffffffffffffffffffffffffffffffffffffffffffffffffffffffffffffffffffffffffffffffffffffffffffffffffffffffffffffffffffffffffffffffffffffffffffffffffffffffffffffffffffffffffffffffffffffffffffffffffffffffffffffffffffffffffffffffffffffffffffffffffffffffffffffffffffffffffffffffffffffffffffffffffffffffffffffffffffffffffffffffffffffffffffffffffffffffffffffffffffffffffffffffffffffff
#MRGB ffffffffffffffffffffffffffffffffffffffffffffffffffffffffffffffffffffffffffffffffffffffffffffffffffffffffffffffffffffffffffffffffffffffffffffffffffffffffffffffffffffffffffffffffffffffffffffffffffffffffffffffffffffffffffffffffffffffffffffffffffffffffffffffffffffffffffffffffffffffffffffffffffffffffffffffffffffffffffffffffffffffffffffffffffffffffffffffffffffffffffffffffffffffffffffffffffffffffffffffffffffffffffffffffffffffffffffffffffffffffffffffffffffffffffffffffffffffffffffffffffffffffffffffffffffffffffffffff
#MRGB ffffffffffffffffffffffffffffffffffffffffffffffffffffffffffffffffffffffffffffffffffffffffffffffffffffffffffffffffffffffffffffffffffffffffffffffffffffffffffffffffffffffffffffffffffffffffffffffffffffffffffffffffffffffffffffffffffffffffffffffffffffffffffffffffffffffffffffffffffffffffffffffffffffffffffffffffffffffffffffffffffffffffffffffffffffffffffffffffffffffffffffffffffffffffffffffffffffffffffffffffffffffffffffffffffffffffffffffffffffffffffffffffffffffffffffffffffffffffffffffffffffffffffffffffffffffffffffffff
#MRGB ffffffffffffffffffffffffffffffffffffffffffffffffffffffffffffffffffffffffffffffffffffffffffffffffffffffffffffffffffffffffffffffffffffffffffffffffffffffffffffffffffffffffffffffffffffffffffffffffffffffffffffffffffffffffffffffffffffffffffffffffffffffffffffffffffffffffffffffffffffffffffffffffffffffffffffffffffffffffffffffffffffffffffffffffffffffffffffffffffffffffffffffffffffffffffffffffffffffffffffffffffffffffffffffffffffffffffffffffffffffffffffffffffffffffffffffffffffffffffffffffffffffffffffffffffffffffffffffff
#MRGB ffffffffffffffffffffffffffffffffffffffffffffffffffffffffffffffffffffffffffffffffffffffffffffffffffffffffffffffffffffffffffffffffffffffffffffffffffffffffffffffffffffffffffffffffffffffffffffffffffffffffffffffffffffffffffffffffffffffffffffffffffffffffffffffffffffffffffffffffffffffffffffffffffffffffffffffffffffffffffffffffffffffffffffffffffffffffffffffffffffffffffffffffffffffffffffffffffffffffffffffffffffffffffffffffffffffffffffffffffffffffffffffffffffffffffffffffffffffffffffffffffffffffffffffffffffffffffffffff
#MRGB ffffffffffffffffffffffffffffffffffffffffffffffffffffffffffffffffffffffffffffffffffffffffffffffffffffffffffffffffffffffffffffffffffffffffffffffffffffffffffffffffffffffffffffffffffffffffffffffffffffffffffffffffffffffffffffffffffffffffffffffffffffffffffffffffffffffffffffffffffffffffffffffffffffffffffffffffffffffffffffffffffffffffffffffffffffffffffffffffffffffffffffffffffffffffffffffffffffffffffffffffffffffffffffffffffffffffffffffffffffffffffffffffffffffffffffffffffffffffffffffffffffffffffffffffffffffffffffffff
#MRGB ffffffffffffffffffffffffffffffffffffffffffffffffffffffffffffffffffffffffffffffffffffffffffffffffffffffffffffffffffffffffffffffffffffffffffffffffffffffffffffffffffffffffffffffffffffffffffffffffffffffffffffffffffffffffffffffffffffffffffffffffffffffffffffffffffffffffffffffffffffffffffffffffffffffffffffffffffffffffffffffffffffffffffffffffffffffffffffffffffffffffffffffffffffffffffffffffffffffffffffffffffffffffffffffffffffffffffffffffffffffffffffffffffffffffffffffffffffffffffffffffffffffffffffffffffffffffffffffff
#MRGB ffffffffffffffffffffffffffffffffffffffffffffffffffffffffffffffffffffffffffffffffffffffffffffffffffffffffffffffffffffffffffffffffffffffffffffffffffffffffffffffffffffffffffffffffffffffffffffffffffffffffffffffffffffffffffffffffffffffffffffffffffffffffffffffffffffffffffffffffffffffffffffffffffffffffffffffffffffffffffffffffffffffffffffffffffffffffffffffffffffffffffffffffffffffffffffffffffffffffffffffffffffffffffffffffffffffffffffffffffffffffffffffffffffffffffffffffffffffffffffffffffffffffffffffffffffffffffffffff
#MRGB ffffffffffffffffffffffffffffffffffffffffffffffffffffffffffffffffffffffffffffffffffffffffffffffffffffffffffffffffffffffffffffffffffffffffffffffffffffffffffffffffffffffffffffffffffffffffffffffffffffffffffffffffffffffffffffffffffffffffffffffffffffffffffffffffffffffffffffffffffffffffffffffffffffffffffffffffffffffffffffffffffffffffffffffffffffffffffffffffffffffffffffffffffffffffffffffffffffffffffffffffffffffffffffffffffffffffffffffffffffffffffffffffffffffffffffffffffffffffffffffffffffffffffffffffffffffffffffffff
#MRGB ffffffffffffffffffffffffffffffffffffffffffffffffffffffffffffffffffffffffffffffffffffffffffffffffffffffffffffffffffffffffffffffffffffffffffffffffffffffffffffffffffffffffffffffffffffffffffffffffffffffffffffffffffffffffffffffffffffffffffffffffffffffffffffffffffffffffffffffffffffffffffffffffffffffffffffffffffffffffffffffffffffffffffffffffffffffffffffffffffffffffffffffffffffffffffffffffffffffffffffffffffffffffffffffffffffffffffffffffffffffffffffffffffffffffffffffffffffffffffffffffffffffffffffffffffffffffffffffff
#MRGB ffffffffffffffffffffffffffffffffffffffffffffffffffffffffffffffffffffffffffffffffffffffffffffffffffffffffffffffffffffffffffffffffffffffffffffffffffffffffffffffffffffffffffffffffffffffffffffffffffffffffffffffffffffffffffffffffffffffffffffffffffffffffffffffffffffffffffffffffffffffffffffffffffffffffffffffffffffffffffffffffffffffffffffffffffffffffffffffffffffffffffffffffffffffffffffffffffffffffffffffffffffffffffffffffffffffffffffffffffffffff
# End of MRGB block 
g Group19417
f 2 3 48
f 1 5 4
f 1 6 5
f 4 10 1
f 1 10 11
f 1 11 12
f 1 12 13
f 13 14 6
f 13 6 1
f 7 6 14
f 7 14 15
f 8 7 15
f 8 15 16
f 9 8 16
f 9 16 17
f 3 4390 9
f 3 9 17
f 4389 10 4
f 11 10 4389
f 12 11 4389
f 12 4389 18
f 13 12 18
f 13 18 19
f 14 13 19
f 14 19 20
f 15 14 20
f 15 20 21
f 16 15 21
f 16 21 22
f 17 16 22
f 17 22 23
f 3 17 23
f 4389 52 25
f 4389 25 18
f 19 18 25
f 19 25 26
f 20 19 26
f 20 26 27
f 21 20 27
f 21 27 28
f 22 21 28
f 22 28 3
f 3 23 22
f 25 52 37
f 26 25 37
f 27 26 37
f 27 37 29
f 28 27 29
f 28 29 30
f 28 30 31
f 28 31 3
f 3 31 32
f 3 32 33
f 3 33 34
f 48 3 34
f 48 34 35
f 48 35 36
f 29 37 44
f 30 29 44
f 30 44 38
f 31 30 38
f 31 38 39
f 32 31 39
f 32 39 40
f 33 32 40
f 33 40 41
f 34 33 41
f 34 41 42
f 35 34 42
f 35 42 43
f 36 35 43
f 36 43 3927
f 48 36 3927
f 5897 55 44
f 39 38 44
f 40 39 44
f 40 44 45
f 41 40 45
f 41 45 46
f 42 41 46
f 42 46 47
f 43 42 47
f 43 47 3927
f 47 46 3927
f 44 61 6023
f 48 3927 5427
f 49 4 5
f 49 5 10
f 5 11 10
f 5 12 11
f 5 13 12
f 5 6 14
f 5 14 13
f 6 7 15
f 6 15 14
f 7 8 16
f 7 16 15
f 8 9 17
f 8 17 16
f 9 4390 24
f 9 24 17
f 50 49 10
f 50 10 11
f 11 12 18
f 11 18 50
f 12 13 19
f 12 19 18
f 13 14 20
f 13 20 19
f 20 14 15
f 20 15 51
f 15 16 22
f 15 22 51
f 16 17 23
f 16 23 22
f 17 24 23
f 25 53 52
f 25 52 50
f 18 19 26
f 18 26 53
f 19 20 27
f 19 27 26
f 28 27 20
f 28 20 51
f 22 24 28
f 22 28 51
f 22 23 24
f 5897 52 4389
f 62 53 26
f 26 27 29
f 26 29 62
f 27 28 30
f 27 30 29
f 28 24 31
f 28 31 30
f 24 32 31
f 24 33 32
f 24 34 33
f 24 35 34
f 4849 36 35
f 29 30 38
f 29 38 62
f 30 31 39
f 30 39 38
f 31 32 40
f 31 40 39
f 32 33 41
f 32 41 40
f 33 34 42
f 33 42 41
f 34 35 43
f 34 43 42
f 43 35 36
f 43 36 4363
f 62 38 39
f 4315 39 40
f 40 41 46
f 40 46 4315
f 41 42 47
f 41 47 46
f 47 42 43
f 47 43 4363
f 55 5897 67
f 55 67 57
f 55 57 44
f 44 57 58
f 4315 46 47
f 4315 47 4363
f 56 6224 5897
f 57 67 59
f 58 57 59
f 58 59 60
f 58 60 61
f 58 61 44
f 60 59 67
f 60 67 63
f 61 60 63
f 61 63 64
f 6023 61 64
f 2777 3123 3385
f 63 67 65
f 64 63 65
f 64 65 66
f 6023 64 66
f 65 67 68
f 66 65 68
f 66 68 69
f 6023 66 69
f 68 5242 70
f 69 68 70
f 69 70 71
f 6023 69 71
f 71 70 5242
f 71 5242 72
f 5432 71 72
f 72 5242 6648
f 72 6648 73
f 5432 72 73
f 73 75 5432
f 5427 5432 75
f 5427 75 76
f 6207 7012 3574
f 49 50 52
f 49 5897 5984
f 49 52 54
f 49 54 5897
f 52 53 54
f 5897 54 5984
f 53 62 54
f 5984 54 55
f 4363 5657 4366
f 55 54 57
f 55 57 5984
f 54 58 57
f 5981 57 59
f 57 58 60
f 57 60 59
f 58 54 61
f 58 61 60
f 54 62 61
f 59 60 63
f 59 63 5981
f 60 61 64
f 60 64 63
f 61 62 74
f 61 74 64
f 4315 4363 4321
f 5981 63 65
f 63 64 66
f 63 66 65
f 64 74 66
f 4321 4363 3088
f 5981 65 68
f 65 66 69
f 65 69 68
f 66 74 69
f 5562 5981 68
f 5562 68 70
f 68 69 71
f 68 71 70
f 69 74 71
f 70 71 72
f 70 72 5562
f 71 74 72
f 4045 72 73
f 72 74 73
f 5868 3143 73
f 76 75 82
f 77 89 5868
f 79 78 5349
f 80 79 5349
f 81 80 5349
f 81 3088 92
f 78 79 76
f 79 80 76
f 80 81 91
f 80 91 76
f 87 76 82
f 5357 3148 3887
f 5659 2806 2358
f 83 77 78
f 83 78 79
f 83 79 80
f 83 80 90
f 80 81 92
f 80 92 90
f 85 84 3143
f 85 3143 5868
f 86 85 5868
f 86 5868 89
f 78 76 87
f 83 79 78
f 83 78 87
f 83 101 80
f 83 80 79
f 101 91 81
f 101 81 80
f 4915 6648 4309
f 4915 84 6648
f 84 85 82
f 84 82 6648
f 85 86 87
f 85 87 82
f 3148 3146 3887
f 3143 84 6179
f 90 89 77
f 90 77 83
f 84 85 6179
f 85 86 89
f 85 89 6179
f 83 87 101
f 4915 85 84
f 96 86 85
f 96 101 87
f 96 87 86
f 6936 6650 2318
f 94 6179 89
f 95 94 89
f 95 89 90
f 4305 4915 4309
f 96 94 101
f 94 95 101
f 105 91 101
f 105 3258 91
f 5681 5642 5998
f 103 95 90
f 100 99 6179
f 100 6179 94
f 100 94 103
f 94 95 103
f 99 100 96
f 100 104 94
f 100 94 96
f 104 95 94
f 104 101 95
f 5176 1947 2094
f 6156 2443 3845
f 98 5681 3628
f 6179 99 103
f 5236 103 90
f 99 100 103
f 4910 104 99
f 4910 99 96
f 104 100 99
f 104 105 101
f 4425 6181 1987
f 102 107 5998
f 108 107 102
f 109 108 102
f 109 102 103
f 110 109 103
f 111 110 103
f 112 111 103
f 113 112 103
f 114 113 103
f 114 103 5236
f 107 108 4910
f 108 109 104
f 108 104 4910
f 109 110 104
f 110 111 104
f 111 112 104
f 112 113 104
f 113 114 104
f 2859 98 3628
f 107 108 117
f 107 117 115
f 118 117 108
f 118 108 109
f 119 118 109
f 119 109 110
f 120 119 110
f 120 110 111
f 121 120 111
f 121 111 112
f 122 121 112
f 122 112 113
f 123 122 113
f 123 113 114
f 123 114 5236
f 123 5236 2568
f 116 107 6910
f 116 117 108
f 116 108 107
f 117 118 109
f 117 109 108
f 118 119 110
f 118 110 109
f 119 120 111
f 119 111 110
f 120 121 112
f 120 112 111
f 121 122 113
f 121 113 112
f 122 123 114
f 122 114 113
f 114 123 3987
f 114 3987 104
f 1860 2111 2115
f 117 116 115
f 6419 4410 5114
f 3945 4493 1763
f 4493 2882 5114
f 3246 1833 2344
f 1684 4349 5148
f 2344 4178 4180
f 1762 4765 2944
f 3651 1787 5783
f 6036 2346 6064
f 3416 5538 3268
f 5006 6763 3378
f 4237 4734 4252
f 4350 5856 4250
f 4250 5856 1691
f 6388 2665 3191
f 2420 6388 3191
f 4444 3221 2098
f 5059 3940 4143
f 130 2173 129
f 130 129 133
f 129 131 132
f 129 132 133
f 129 2173 132
f 129 132 131
f 132 2173 4679
f 4487 130 133
f 3111 6142 1847
f 3712 4209 3003
f 2903 3721 4816
f 1847 3311 4881
f 2845 3768 2527
f 134 5973 5216
f 4435 3952 135
f 6201 1733 4540
f 5101 138 5386
f 4430 2032 2030
f 1753 4504 4238
f 5299 3942 2030
f 3413 3411 2812
f 3972 5372 2669
f 139 4931 4414
f 5474 139 149
f 140 2730 149
f 3831 2199 1950
f 2464 2663 3645
f 139 143 6446
f 143 139 5474
f 143 5474 4203
f 140 144 2730
f 144 140 146
f 145 7022 143
f 145 143 139
f 139 143 5494
f 139 5494 149
f 149 144 140
f 140 144 150
f 140 150 146
f 4620 141 2725
f 151 6446 143
f 144 148 6825
f 148 144 4179
f 148 4179 147
f 149 5423 148
f 149 148 144
f 144 148 150
f 4646 4466 6060
f 4419 5978 3590
f 4323 4202 2733
f 6446 151 2733
f 148 3276 5775
f 4521 5368 3153
f 152 4644 2271
f 3276 3079 5775
f 6452 4519 4781
f 6613 4673 3004
f 154 2385 6611
f 155 278 163
f 155 163 164
f 156 155 164
f 156 164 165
f 157 156 165
f 157 165 166
f 167 279 157
f 167 157 166
f 158 280 168
f 158 168 169
f 170 281 158
f 170 158 169
f 159 306 173
f 159 173 174
f 160 159 174
f 160 174 175
f 161 160 175
f 161 175 176
f 162 161 176
f 162 176 177
f 163 162 177
f 163 177 178
f 164 163 178
f 164 178 179
f 165 164 179
f 165 179 180
f 166 165 180
f 166 180 181
f 167 166 181
f 167 181 182
f 168 167 182
f 168 182 183
f 169 168 183
f 169 183 184
f 170 169 184
f 170 184 185
f 171 170 185
f 171 185 186
f 187 307 171
f 187 171 186
f 172 331 190
f 172 190 191
f 173 172 191
f 173 191 192
f 174 173 192
f 174 192 193
f 175 174 193
f 175 193 194
f 176 175 194
f 176 194 195
f 177 176 195
f 177 195 196
f 178 177 196
f 178 196 197
f 179 178 197
f 179 197 198
f 180 179 198
f 180 198 199
f 181 180 199
f 181 199 200
f 182 181 200
f 182 200 201
f 183 182 201
f 183 201 202
f 184 183 202
f 184 202 203
f 185 184 203
f 185 203 204
f 186 185 204
f 186 204 205
f 187 186 205
f 187 205 206
f 188 187 206
f 188 206 207
f 208 332 188
f 208 188 207
f 189 354 4298
f 190 189 4298
f 191 190 4298
f 192 191 4298
f 193 192 6255
f 194 193 6255
f 195 194 6255
f 196 195 210
f 196 210 211
f 197 196 211
f 197 211 212
f 198 197 212
f 198 212 3836
f 199 198 3836
f 200 199 3836
f 201 200 3836
f 201 3836 213
f 202 201 213
f 202 213 214
f 203 202 214
f 203 214 215
f 204 203 215
f 204 215 216
f 205 204 216
f 205 216 217
f 206 205 217
f 206 217 218
f 207 206 218
f 207 218 219
f 208 207 219
f 208 219 220
f 209 208 220
f 209 220 221
f 222 355 209
f 222 209 221
f 4298 374 5839
f 212 211 3836
f 214 213 3836
f 214 3836 5726
f 215 214 5726
f 216 215 5726
f 217 216 5726
f 218 217 5726
f 219 218 2235
f 220 219 2235
f 221 220 6601
f 222 221 6601
f 223 222 6601
f 6601 375 223
f 3839 377 3205
f 3205 5896 6719
f 6955 2975 224
f 2975 225 224
f 224 225 226
f 224 226 6955
f 6809 6859 2387
f 6809 227 228
f 6809 228 229
f 6809 229 230
f 3813 230 231
f 232 3813 231
f 3165 237 238
f 3778 3165 238
f 3778 238 239
f 3778 239 240
f 3778 240 241
f 3778 241 242
f 3778 242 243
f 3778 243 244
f 3778 244 245
f 4380 245 246
f 4380 246 247
f 4380 247 248
f 2387 248 249
f 2387 249 250
f 2387 250 251
f 2387 251 252
f 2387 252 253
f 2387 253 254
f 227 254 255
f 228 227 255
f 228 255 256
f 229 228 256
f 229 256 257
f 230 229 257
f 230 257 258
f 231 230 258
f 231 258 259
f 232 231 259
f 232 259 260
f 261 380 232
f 261 232 260
f 233 3509 262
f 233 262 263
f 234 233 263
f 234 263 264
f 235 234 264
f 235 264 265
f 236 235 265
f 236 265 266
f 5341 236 266
f 5341 266 267
f 5341 267 268
f 1920 268 269
f 1920 269 270
f 237 1920 270
f 237 270 271
f 238 237 271
f 238 271 272
f 239 238 272
f 239 272 273
f 240 239 273
f 240 273 274
f 241 240 274
f 241 274 275
f 242 241 275
f 242 275 276
f 243 242 276
f 243 276 277
f 244 243 277
f 244 277 278
f 245 244 278
f 245 278 155
f 155 156 246
f 155 246 245
f 156 157 247
f 156 247 246
f 279 248 247
f 279 247 157
f 249 248 279
f 249 279 280
f 250 249 280
f 250 280 158
f 281 251 250
f 281 250 158
f 252 251 281
f 252 281 282
f 253 252 282
f 253 282 283
f 254 253 283
f 254 283 284
f 255 254 284
f 255 284 285
f 256 255 285
f 256 285 286
f 257 256 286
f 257 286 287
f 258 257 287
f 258 287 288
f 259 258 288
f 259 288 289
f 260 259 289
f 260 289 290
f 261 260 290
f 261 290 291
f 292 386 261
f 292 261 291
f 262 403 294
f 262 294 295
f 263 262 295
f 263 295 296
f 264 263 296
f 264 296 297
f 265 264 297
f 265 297 298
f 266 265 298
f 266 298 299
f 267 266 299
f 267 299 300
f 268 267 300
f 268 300 301
f 269 268 301
f 269 301 302
f 270 269 302
f 270 302 303
f 271 270 303
f 271 303 304
f 272 271 304
f 272 304 305
f 273 272 305
f 273 305 306
f 274 273 306
f 274 306 159
f 159 160 275
f 159 275 274
f 160 161 276
f 160 276 275
f 161 162 277
f 161 277 276
f 162 163 278
f 162 278 277
f 167 168 280
f 167 280 279
f 170 171 282
f 170 282 281
f 307 283 282
f 307 282 171
f 284 283 307
f 284 307 308
f 285 284 308
f 285 308 309
f 286 285 309
f 286 309 310
f 287 286 310
f 287 310 311
f 288 287 311
f 288 311 312
f 289 288 312
f 289 312 313
f 290 289 313
f 290 313 314
f 291 290 314
f 291 314 315
f 292 291 315
f 292 315 316
f 293 292 316
f 293 316 317
f 318 404 293
f 318 293 317
f 294 419 320
f 294 320 321
f 295 294 321
f 295 321 322
f 296 295 322
f 296 322 323
f 297 296 323
f 297 323 324
f 298 297 324
f 298 324 325
f 299 298 325
f 299 325 326
f 300 299 326
f 300 326 327
f 301 300 327
f 301 327 328
f 302 301 328
f 302 328 329
f 303 302 329
f 303 329 330
f 304 303 330
f 304 330 331
f 305 304 331
f 305 331 172
f 172 173 306
f 172 306 305
f 187 188 308
f 187 308 307
f 332 309 308
f 332 308 188
f 310 309 332
f 310 332 333
f 311 310 333
f 311 333 334
f 312 311 334
f 312 334 335
f 313 312 335
f 313 335 336
f 314 313 336
f 314 336 337
f 315 314 337
f 315 337 338
f 316 315 338
f 316 338 339
f 317 316 339
f 317 339 340
f 318 317 340
f 318 340 341
f 342 420 318
f 342 318 341
f 319 436 343
f 319 343 344
f 320 319 344
f 320 344 345
f 321 320 345
f 321 345 346
f 322 321 346
f 322 346 347
f 323 322 347
f 323 347 348
f 324 323 348
f 324 348 349
f 325 324 349
f 325 349 350
f 326 325 350
f 326 350 351
f 327 326 351
f 327 351 352
f 328 327 352
f 328 352 353
f 329 328 353
f 329 353 354
f 330 329 354
f 330 354 189
f 189 190 331
f 189 331 330
f 208 209 333
f 208 333 332
f 355 334 333
f 355 333 209
f 335 334 355
f 335 355 356
f 336 335 356
f 336 356 357
f 337 336 357
f 337 357 358
f 338 337 358
f 338 358 359
f 339 338 359
f 339 359 360
f 340 339 360
f 340 360 361
f 341 340 361
f 341 361 362
f 342 341 362
f 342 362 4675
f 4675 437 342
f 343 456 363
f 343 363 364
f 344 343 364
f 344 364 365
f 345 344 365
f 345 365 366
f 346 345 366
f 346 366 367
f 347 346 367
f 347 367 368
f 348 347 368
f 348 368 369
f 349 348 369
f 349 369 370
f 350 349 370
f 350 370 371
f 351 350 371
f 351 371 372
f 352 351 372
f 352 372 373
f 353 352 373
f 353 373 374
f 354 353 374
f 354 374 4298
f 222 223 356
f 222 356 355
f 375 357 356
f 375 356 223
f 358 357 375
f 358 375 376
f 359 358 376
f 359 376 2034
f 360 359 2034
f 361 360 2034
f 362 361 4675
f 363 464 3682
f 364 363 3682
f 365 364 3682
f 366 365 3682
f 367 366 3682
f 368 367 3682
f 369 368 3682
f 370 369 3682
f 371 370 3682
f 372 371 5839
f 373 372 5839
f 5839 374 373
f 2034 376 375
f 3527 5666 3024
f 6564 5656 4790
f 4757 224 2975
f 224 4947 226
f 224 226 225
f 4947 4023 226
f 6935 2392 3778
f 380 3813 232
f 2839 381 382
f 2839 382 383
f 379 2839 383
f 379 383 384
f 385 472 379
f 385 379 384
f 3781 3509 233
f 233 234 3974
f 234 235 3974
f 235 236 6615
f 386 2773 380
f 386 380 261
f 381 2773 386
f 381 386 387
f 382 381 387
f 382 387 388
f 383 382 388
f 383 388 389
f 384 383 389
f 384 389 390
f 385 384 390
f 385 390 391
f 392 489 385
f 392 385 391
f 2330 394 395
f 2330 395 396
f 2330 396 397
f 2330 397 398
f 2330 398 399
f 2330 399 400
f 3509 400 401
f 3509 401 402
f 3509 402 403
f 3509 403 262
f 292 293 387
f 292 387 386
f 404 388 387
f 404 387 293
f 389 388 404
f 389 404 405
f 390 389 405
f 390 405 406
f 391 390 406
f 391 406 407
f 392 391 407
f 392 407 408
f 393 537 409
f 393 409 410
f 394 393 410
f 394 410 411
f 395 394 411
f 395 411 412
f 396 395 412
f 396 412 413
f 397 396 413
f 397 413 414
f 398 397 414
f 398 414 415
f 399 398 415
f 399 415 416
f 400 399 416
f 400 416 417
f 401 400 417
f 401 417 418
f 402 401 418
f 402 418 419
f 403 402 419
f 403 419 294
f 420 405 404
f 420 404 318
f 406 405 420
f 406 420 421
f 407 406 421
f 407 421 422
f 408 407 422
f 408 422 423
f 424 548 408
f 424 408 423
f 409 568 427
f 409 427 428
f 410 409 428
f 410 428 429
f 411 410 429
f 411 429 430
f 412 411 430
f 412 430 431
f 413 412 431
f 413 431 432
f 414 413 432
f 414 432 433
f 415 414 433
f 415 433 434
f 416 415 434
f 416 434 435
f 417 416 435
f 417 435 436
f 418 417 436
f 418 436 319
f 319 320 419
f 319 419 418
f 437 421 420
f 437 420 342
f 422 421 437
f 422 437 438
f 423 422 438
f 423 438 6088
f 424 423 6088
f 6088 586 424
f 3162 587 425
f 426 596 446
f 426 446 447
f 427 426 447
f 427 447 448
f 428 427 448
f 428 448 449
f 429 428 449
f 429 449 450
f 430 429 450
f 430 450 451
f 431 430 451
f 431 451 452
f 432 431 452
f 432 452 453
f 433 432 453
f 433 453 454
f 434 433 454
f 434 454 455
f 435 434 455
f 435 455 456
f 436 435 456
f 436 456 343
f 4675 438 437
f 440 439 3162
f 440 3162 3527
f 441 440 3527
f 442 441 3527
f 443 442 4878
f 444 443 4878
f 445 444 3521
f 446 445 3521
f 447 446 3521
f 448 447 465
f 448 465 457
f 449 448 457
f 449 457 458
f 450 449 458
f 450 458 459
f 451 450 459
f 451 459 460
f 452 451 460
f 452 460 461
f 453 452 461
f 453 461 462
f 454 453 462
f 454 462 463
f 455 454 463
f 455 463 464
f 456 455 464
f 456 464 363
f 458 457 465
f 459 458 465
f 459 465 3524
f 460 459 3524
f 461 460 3524
f 462 461 3524
f 3524 463 462
f 3524 464 463
f 2701 1888 5312
f 3248 5177 5179
f 3156 467 468
f 469 3156 468
f 2839 379 472
f 5623 472 473
f 467 473 474
f 468 467 474
f 468 474 475
f 469 468 475
f 469 475 476
f 470 673 483
f 470 483 484
f 471 470 484
f 471 484 485
f 488 471 485
f 488 485 486
f 488 486 487
f 489 473 472
f 489 472 385
f 474 473 489
f 474 489 490
f 475 474 490
f 475 490 491
f 476 475 491
f 476 491 492
f 493 674 476
f 493 476 492
f 477 678 6911
f 477 6911 494
f 478 477 494
f 478 494 495
f 479 478 495
f 479 495 496
f 480 479 496
f 480 496 497
f 481 480 497
f 481 497 498
f 482 481 498
f 482 498 499
f 483 482 499
f 483 499 500
f 484 483 500
f 484 500 501
f 485 484 501
f 485 501 502
f 486 485 502
f 486 502 503
f 487 486 503
f 487 503 504
f 488 487 504
f 488 504 505
f 488 505 506
f 5017 506 507
f 5017 507 508
f 5017 508 509
f 2392 6935 6320
f 2302 3785 3638
f 511 490 489
f 511 489 392
f 491 490 511
f 491 511 512
f 492 491 512
f 492 512 513
f 493 492 513
f 493 513 514
f 515 679 493
f 515 493 514
f 495 494 3486
f 496 495 516
f 496 516 517
f 497 496 517
f 497 517 518
f 498 497 518
f 498 518 519
f 499 498 519
f 499 519 520
f 500 499 520
f 500 520 521
f 501 500 521
f 501 521 522
f 502 501 522
f 502 522 523
f 503 502 523
f 503 523 524
f 504 503 524
f 504 524 525
f 505 504 525
f 505 525 526
f 506 505 526
f 506 526 527
f 507 506 527
f 507 527 528
f 508 507 528
f 508 528 529
f 509 508 529
f 509 529 530
f 2308 509 530
f 2308 530 531
f 2308 531 532
f 5015 532 533
f 3585 5015 533
f 3585 533 534
f 6078 534 535
f 6078 535 536
f 6078 536 537
f 6078 537 393
f 393 394 2330
f 538 1715 6742
f 539 538 6742
f 540 539 6742
f 541 540 6742
f 542 541 2967
f 3410 542 2967
f 2967 6045 3410
f 392 408 548
f 392 548 511
f 512 511 548
f 512 548 549
f 513 512 549
f 513 549 550
f 514 513 550
f 514 550 551
f 515 514 551
f 515 551 1642
f 516 518 517
f 4684 519 518
f 520 519 4684
f 520 4684 552
f 521 520 552
f 521 552 553
f 522 521 553
f 522 553 554
f 523 522 554
f 523 554 555
f 524 523 555
f 524 555 556
f 525 524 556
f 525 556 557
f 526 525 557
f 526 557 558
f 527 526 558
f 527 558 559
f 528 527 559
f 528 559 560
f 529 528 560
f 529 560 561
f 530 529 561
f 530 561 562
f 531 530 562
f 531 562 563
f 532 531 563
f 532 563 564
f 533 532 564
f 533 564 565
f 534 533 565
f 534 565 566
f 535 534 566
f 535 566 567
f 536 535 567
f 536 567 568
f 537 536 568
f 537 568 409
f 586 549 548
f 586 548 424
f 550 549 586
f 550 586 1642
f 551 550 1642
f 4684 553 552
f 4684 554 553
f 4684 555 554
f 3159 425 556
f 3159 556 555
f 587 557 556
f 587 556 425
f 558 557 587
f 558 587 588
f 559 558 588
f 559 588 589
f 560 559 589
f 560 589 590
f 561 560 590
f 561 590 591
f 562 561 591
f 562 591 592
f 563 562 592
f 563 592 593
f 564 563 593
f 564 593 594
f 565 564 594
f 565 594 595
f 566 565 595
f 566 595 596
f 567 566 596
f 567 596 426
f 426 427 568
f 426 568 567
f 1642 586 6088
f 3162 588 587
f 3162 439 589
f 3162 589 588
f 439 440 590
f 439 590 589
f 440 441 591
f 440 591 590
f 441 442 592
f 441 592 591
f 442 443 593
f 442 593 592
f 443 444 594
f 443 594 593
f 444 445 595
f 444 595 594
f 445 446 596
f 445 596 595
f 3339 640 641
f 641 642 3339
f 642 643 3339
f 643 644 3339
f 644 645 1699
f 645 646 1699
f 646 647 3925
f 646 3925 1699
f 696 5877 4154
f 3194 651 652
f 650 706 654
f 650 654 655
f 2831 650 655
f 2831 655 656
f 2831 656 657
f 2831 657 658
f 3019 4782 5017
f 659 3156 469
f 651 3156 659
f 651 659 660
f 652 651 660
f 652 660 661
f 662 707 652
f 662 652 661
f 653 714 665
f 653 665 666
f 654 653 666
f 654 666 667
f 655 654 667
f 655 667 668
f 656 655 668
f 656 668 669
f 657 656 669
f 657 669 670
f 658 657 670
f 658 670 671
f 3891 658 671
f 3891 671 672
f 3891 672 673
f 3891 673 470
f 470 471 4782
f 471 488 4782
f 469 476 674
f 469 674 659
f 660 659 674
f 660 674 675
f 661 660 675
f 661 675 676
f 662 661 676
f 662 676 677
f 663 1957 2336
f 664 663 2336
f 665 664 2336
f 666 665 4575
f 666 4575 678
f 667 666 678
f 667 678 477
f 477 478 668
f 477 668 667
f 478 479 669
f 478 669 668
f 479 480 670
f 479 670 669
f 480 481 671
f 480 671 670
f 481 482 672
f 481 672 671
f 482 483 673
f 482 673 672
f 679 675 674
f 679 674 493
f 676 675 679
f 676 679 680
f 677 676 680
f 677 680 681
f 682 717 677
f 682 677 681
f 684 680 679
f 684 679 515
f 681 680 684
f 681 684 685
f 682 681 685
f 682 685 5602
f 4896 544 543
f 4896 545 544
f 4896 546 545
f 515 3341 684
f 685 684 3341
f 2197 569 1874
f 5456 570 569
f 5456 571 570
f 5456 572 571
f 1715 538 573
f 1715 573 572
f 538 539 574
f 538 574 573
f 539 540 575
f 539 575 574
f 540 541 576
f 540 576 575
f 541 542 577
f 541 577 576
f 542 578 577
f 4894 579 5057
f 543 544 580
f 543 580 579
f 544 545 581
f 544 581 580
f 545 546 582
f 545 582 581
f 546 547 583
f 546 583 582
f 547 584 583
f 6124 585 584
f 585 6124 691
f 1874 569 597
f 569 570 597
f 570 571 598
f 570 598 597
f 571 572 599
f 571 599 598
f 572 573 600
f 572 600 599
f 573 574 601
f 573 601 600
f 574 575 602
f 574 602 601
f 575 576 603
f 575 603 602
f 576 577 604
f 576 604 603
f 577 578 605
f 577 605 604
f 578 606 605
f 578 4177 607
f 578 607 606
f 4177 608 607
f 4177 609 608
f 4177 610 609
f 4640 611 610
f 4640 4507 611
f 579 580 2397
f 580 581 2397
f 581 582 2397
f 582 583 612
f 582 612 2397
f 583 584 613
f 583 613 612
f 584 585 614
f 584 614 613
f 615 614 585
f 615 585 691
f 615 691 692
f 615 692 4602
f 597 598 616
f 598 599 617
f 598 617 616
f 599 600 618
f 599 618 617
f 600 601 619
f 600 619 618
f 601 602 620
f 601 620 619
f 602 603 621
f 602 621 620
f 603 604 622
f 603 622 621
f 604 605 623
f 604 623 622
f 605 606 624
f 605 624 623
f 606 607 625
f 606 625 624
f 607 608 626
f 607 626 625
f 608 609 627
f 608 627 626
f 609 610 628
f 609 628 627
f 610 611 629
f 610 629 628
f 611 4507 630
f 611 630 629
f 4507 631 630
f 612 613 5825
f 613 614 2553
f 614 615 2553
f 2553 615 4602
f 2957 616 632
f 616 617 633
f 616 633 632
f 617 618 634
f 617 634 633
f 618 619 635
f 618 635 634
f 619 620 636
f 619 636 635
f 620 621 637
f 620 637 636
f 621 622 638
f 621 638 637
f 622 623 639
f 622 639 638
f 623 624 640
f 623 640 639
f 624 625 641
f 624 641 640
f 625 626 642
f 625 642 641
f 626 627 643
f 626 643 642
f 627 628 644
f 627 644 643
f 628 629 645
f 628 645 644
f 629 630 646
f 629 646 645
f 630 631 647
f 630 647 646
f 631 6272 647
f 632 633 2715
f 633 634 2715
f 634 635 1692
f 634 1692 2715
f 635 636 1692
f 636 637 1692
f 637 638 1692
f 638 639 3339
f 639 640 3339
f 2951 4299 7009
f 3469 5672 3467
f 3248 1690 3469
f 5836 2414 3598
f 6627 6924 4225
f 4587 698 699
f 698 737 703
f 698 703 704
f 699 698 704
f 699 704 705
f 1956 699 705
f 1956 705 706
f 1956 706 650
f 3194 652 707
f 700 3194 707
f 700 707 708
f 709 738 700
f 709 700 708
f 701 742 710
f 701 710 711
f 702 701 711
f 702 711 712
f 703 702 712
f 703 712 713
f 704 703 713
f 704 713 714
f 705 704 714
f 705 714 653
f 653 654 706
f 653 706 705
f 715 708 707
f 715 707 662
f 709 708 715
f 709 715 716
f 711 710 1957
f 712 711 1957
f 712 1957 663
f 663 664 713
f 663 713 712
f 664 665 714
f 664 714 713
f 662 677 717
f 662 717 715
f 716 715 717
f 716 717 718
f 719 746 716
f 719 716 718
f 720 718 717
f 720 717 682
f 719 718 720
f 719 720 5602
f 4447 750 719
f 4447 719 5602
f 2451 4572 683
f 683 4572 721
f 682 5602 720
f 6228 687 686
f 6228 688 687
f 6228 689 688
f 2273 683 690
f 2273 690 689
f 690 683 721
f 690 721 725
f 6124 686 692
f 6124 692 691
f 686 687 693
f 686 693 692
f 687 688 694
f 687 694 693
f 688 689 695
f 688 695 694
f 689 690 5663
f 689 5663 695
f 3602 690 725
f 3602 725 726
f 692 693 4602
f 693 694 3602
f 694 695 3602
f 727 5352 3843
f 729 5352 727
f 729 727 697
f 729 697 728
f 3343 731 732
f 3343 732 4587
f 730 756 734
f 730 734 735
f 731 730 735
f 731 735 736
f 732 731 736
f 732 736 737
f 4587 732 737
f 4587 737 698
f 3194 700 738
f 2341 738 739
f 733 2341 739
f 733 739 740
f 734 760 741
f 734 741 742
f 735 734 742
f 735 742 701
f 701 702 736
f 701 736 735
f 702 703 737
f 702 737 736
f 743 739 738
f 743 738 709
f 740 739 743
f 740 743 744
f 745 761 740
f 745 740 744
f 741 763 3571
f 742 741 2762
f 742 2762 710
f 709 716 746
f 709 746 743
f 744 743 746
f 744 746 747
f 745 744 747
f 745 747 748
f 750 747 746
f 750 746 719
f 748 747 750
f 748 750 751
f 4447 765 748
f 4447 748 751
f 4447 751 750
f 5271 724 6916
f 4572 4868 722
f 4572 722 721
f 4868 723 722
f 721 722 726
f 721 726 725
f 722 723 2549
f 722 2549 726
f 723 3536 2546
f 727 728 5857
f 729 728 727
f 729 727 5857
f 5857 3200 729
f 2820 752 753
f 752 774 755
f 752 755 756
f 753 752 756
f 753 756 730
f 730 731 2820
f 730 2820 753
f 2341 733 757
f 2341 757 754
f 758 775 754
f 758 754 757
f 755 778 759
f 755 759 760
f 756 755 760
f 756 760 734
f 733 740 761
f 733 761 757
f 758 757 761
f 758 761 762
f 759 782 1955
f 759 1955 763
f 760 759 763
f 760 763 741
f 764 762 761
f 764 761 745
f 745 748 765
f 745 765 764
f 766 786 764
f 766 764 765
f 809 766 765
f 771 769 770
f 771 770 2158
f 2158 1853 771
f 772 794 773
f 772 773 774
f 2820 774 752
f 4701 754 775
f 2334 775 776
f 773 796 777
f 773 777 778
f 774 773 778
f 774 778 755
f 779 776 775
f 779 775 758
f 780 797 776
f 780 776 779
f 777 781 782
f 778 777 782
f 778 782 759
f 758 762 783
f 758 783 779
f 780 779 783
f 780 783 784
f 781 801 5570
f 782 781 3571
f 6094 6096 2353
f 762 764 786
f 762 786 783
f 784 783 786
f 784 786 787
f 6215 3484 5283
f 809 787 786
f 809 786 766
f 809 807 787
f 792 789 790
f 792 790 767
f 790 791 768
f 790 768 767
f 4416 769 768
f 4416 768 791
f 767 2052 792
f 767 768 1853
f 767 1853 2052
f 768 769 771
f 768 771 1853
f 773 794 812
f 773 812 796
f 2334 776 797
f 2334 797 795
f 798 813 795
f 798 795 797
f 777 796 799
f 800 798 797
f 800 797 780
f 801 781 802
f 802 781 777
f 802 777 799
f 780 784 803
f 780 803 800
f 806 3373 785
f 784 787 807
f 784 807 803
f 3903 823 803
f 3903 803 807
f 808 804 805
f 808 805 788
f 805 806 789
f 805 789 788
f 785 790 789
f 785 789 806
f 785 3373 791
f 785 791 790
f 5948 807 809
f 788 3209 808
f 788 789 792
f 788 792 2052
f 4552 5481 793
f 810 5222 2337
f 3445 827 811
f 3445 811 812
f 794 3445 812
f 6586 795 813
f 810 6586 813
f 810 813 814
f 812 811 815
f 812 815 796
f 816 814 813
f 816 813 798
f 815 831 817
f 815 817 818
f 799 796 815
f 799 815 818
f 798 800 819
f 798 819 816
f 801 817 833
f 801 833 1731
f 801 802 818
f 801 818 817
f 802 799 818
f 821 4752 3316
f 821 3316 3373
f 800 803 823
f 800 823 819
f 824 834 819
f 824 819 823
f 826 837 820
f 826 820 804
f 820 821 805
f 820 805 804
f 3373 806 805
f 3373 805 821
f 838 824 823
f 804 808 4374
f 804 4374 826
f 3092 3905 2337
f 5222 810 828
f 811 827 839
f 811 839 829
f 828 810 814
f 828 814 830
f 815 811 829
f 815 829 831
f 814 816 832
f 814 832 830
f 817 831 844
f 817 844 833
f 816 819 834
f 816 834 832
f 835 845 832
f 835 832 834
f 837 4752 820
f 4752 821 820
f 838 835 834
f 838 834 824
f 2966 836 825
f 836 837 826
f 836 826 825
f 2555 2261 4553
f 2555 5733 6492
f 827 1646 839
f 5222 828 840
f 841 850 1680
f 841 1680 840
f 829 839 851
f 829 851 842
f 828 830 840
f 843 841 840
f 843 840 830
f 831 829 842
f 831 842 844
f 830 832 845
f 830 845 843
f 833 844 846
f 845 835 847
f 2140 833 846
f 4752 837 836
f 847 835 838
f 839 1646 849
f 839 849 851
f 841 852 863
f 841 863 850
f 842 851 853
f 841 843 854
f 841 854 852
f 844 842 853
f 844 853 855
f 843 845 856
f 843 856 854
f 855 868 857
f 855 857 858
f 846 844 855
f 846 855 858
f 845 847 859
f 845 859 856
f 3544 869 856
f 3544 856 859
f 858 857 3771
f 2140 846 858
f 847 838 859
f 5488 860 1764
f 860 2655 1764
f 849 4371 862
f 5225 850 863
f 5225 863 861
f 851 849 862
f 851 862 864
f 852 865 872
f 852 872 863
f 853 851 864
f 853 864 866
f 852 854 867
f 852 867 865
f 855 853 866
f 855 866 868
f 854 856 869
f 854 869 867
f 857 868 5308
f 5488 879 860
f 860 879 2655
f 879 1764 860
f 1808 861 870
f 862 4371 871
f 870 861 863
f 870 863 872
f 864 862 871
f 864 871 873
f 872 865 874
f 866 864 873
f 866 873 875
f 874 865 867
f 874 867 876
f 868 866 875
f 868 875 877
f 867 869 4253
f 867 4253 876
f 4388 868 877
f 888 878 879
f 878 5816 879
f 4371 3432 880
f 1808 870 881
f 871 4371 880
f 871 880 882
f 870 872 883
f 870 883 881
f 873 871 882
f 873 882 884
f 872 874 885
f 872 885 883
f 875 873 884
f 875 884 886
f 874 876 887
f 874 887 885
f 877 875 886
f 877 886 1840
f 887 876 4253
f 887 4253 2795
f 888 898 878
f 878 898 5816
f 898 879 878
f 880 3432 890
f 1808 881 891
f 1808 891 889
f 882 880 890
f 882 890 892
f 881 883 893
f 881 893 891
f 882 892 894
f 882 894 884
f 893 883 885
f 893 885 895
f 886 884 894
f 886 894 896
f 885 887 897
f 885 897 895
f 1840 886 896
f 887 2795 897
f 888 4334 898
f 1808 889 900
f 890 3432 899
f 890 899 901
f 900 889 891
f 900 891 902
f 892 890 901
f 892 901 903
f 902 891 893
f 902 893 904
f 894 892 903
f 894 903 905
f 893 895 906
f 893 906 904
f 896 894 905
f 896 905 907
f 906 895 897
f 906 897 6310
f 5109 896 907
f 4334 908 898
f 898 908 6667
f 4992 7026 6203
f 7026 6608 6203
f 899 2828 910
f 909 4368 900
f 909 900 911
f 901 899 910
f 901 910 912
f 911 900 902
f 911 902 913
f 903 901 912
f 903 912 914
f 902 904 915
f 902 915 913
f 903 914 916
f 903 916 905
f 915 904 906
f 915 906 917
f 907 905 916
f 907 916 918
f 906 6310 917
f 5109 907 918
f 4334 919 920
f 4334 920 908
f 908 920 919
f 908 919 6667
f 920 898 908
f 2251 909 921
f 910 2828 922
f 921 909 911
f 921 911 923
f 912 910 922
f 912 922 924
f 911 913 925
f 911 925 923
f 912 924 926
f 912 926 914
f 925 913 915
f 925 915 927
f 916 914 926
f 916 926 928
f 917 929 927
f 917 927 915
f 918 916 928
f 918 928 5109
f 929 917 6310
f 2998 5355 5189
f 4334 931 919
f 919 931 6667
f 919 931 932
f 919 932 920
f 931 919 920
f 931 920 932
f 933 921 934
f 935 922 2828
f 921 923 936
f 921 936 934
f 922 935 937
f 922 937 924
f 936 923 925
f 936 925 938
f 926 924 937
f 926 937 939
f 925 927 940
f 925 940 938
f 928 926 939
f 928 939 941
f 927 929 942
f 927 942 940
f 5109 928 941
f 942 929 4934
f 930 944 945
f 930 945 931
f 931 945 944
f 931 944 6667
f 945 932 931
f 959 933 946
f 933 934 948
f 933 948 946
f 935 1612 947
f 935 947 949
f 948 934 936
f 948 936 950
f 935 949 951
f 935 951 937
f 938 952 950
f 938 950 936
f 953 939 937
f 953 937 951
f 952 938 940
f 952 940 954
f 939 953 2015
f 939 2015 941
f 954 940 942
f 954 942 4295
f 2015 5109 941
f 956 1766 943
f 930 956 957
f 930 957 944
f 944 957 956
f 944 956 943
f 945 944 957
f 945 957 987
f 957 944 945
f 957 945 958
f 945 987 958
f 946 960 959
f 961 947 3504
f 960 946 948
f 960 948 962
f 947 961 963
f 947 963 949
f 962 948 950
f 962 950 964
f 951 949 963
f 951 963 965
f 950 952 966
f 950 966 964
f 953 951 965
f 953 965 967
f 966 952 954
f 966 954 4295
f 2015 953 967
f 956 930 968
f 957 956 4093
f 957 4093 987
f 1766 956 957
f 958 969 957
f 959 960 971
f 961 3504 970
f 961 970 972
f 971 960 962
f 971 962 973
f 963 961 972
f 963 972 974
f 964 975 973
f 964 973 962
f 965 963 974
f 965 974 976
f 975 964 966
f 975 966 977
f 965 976 3374
f 965 3374 967
f 4295 2510 977
f 4295 977 966
f 3545 967 3374
f 5688 6991 2650
f 968 1769 1766
f 1766 986 968
f 986 969 987
f 979 970 5143
f 978 3568 971
f 978 971 980
f 970 979 981
f 970 981 972
f 980 971 973
f 980 973 982
f 983 974 972
f 983 972 981
f 973 975 984
f 973 984 982
f 974 983 985
f 974 985 976
f 984 975 977
f 984 977 2510
f 3374 976 985
f 968 986 1769
f 978 988 5447
f 989 979 5143
f 988 978 980
f 988 980 990
f 979 989 991
f 979 991 981
f 982 992 990
f 982 990 980
f 993 983 981
f 993 981 991
f 992 982 984
f 992 984 994
f 983 993 5781
f 983 5781 985
f 2510 994 984
f 6980 995 987
f 995 986 987
f 987 995 996
f 987 996 995
f 5447 988 998
f 5447 998 997
f 989 1667 999
f 998 988 990
f 998 990 1000
f 989 999 1001
f 989 1001 991
f 992 1002 1000
f 992 1000 990
f 1705 993 991
f 1705 991 1001
f 1002 992 994
f 1002 994 2782
f 6004 5014 5016
f 1003 1020 6004
f 6980 1003 1004
f 6980 1004 995
f 995 1004 1003
f 995 1003 6004
f 995 1004 1005
f 995 1005 996
f 1004 995 996
f 1004 996 1005
f 4600 5332 3795
f 997 1006 5447
f 1006 997 998
f 1006 998 1008
f 1667 1007 1009
f 1667 1009 999
f 1008 998 1000
f 1008 1000 1010
f 999 1009 1011
f 999 1011 1001
f 1000 1002 1012
f 1000 1012 1010
f 3616 1001 1011
f 1012 1002 2782
f 1003 4999 4000
f 1004 1003 4000
f 1004 4000 1033
f 1020 1003 1004
f 1005 1004 1033
f 1020 1004 1005
f 1020 1005 1033
f 2948 6292 2505
f 1013 5447 1006
f 1014 1007 2048
f 1015 1013 1006
f 1015 1006 1008
f 1007 1014 1016
f 1007 1016 1009
f 1017 1015 1008
f 1017 1008 1010
f 1009 1016 1018
f 1009 1018 1011
f 1019 1017 1010
f 1019 1010 1012
f 3616 1011 1018
f 1019 1012 4576
f 3917 1013 1021
f 2048 1022 1014
f 1013 1015 1023
f 1013 1023 1021
f 1014 1022 1024
f 1014 1024 1016
f 1023 1015 1017
f 1023 1017 1025
f 1016 1024 6196
f 1016 6196 1018
f 1019 1890 1025
f 1019 1025 1017
f 3616 1018 6196
f 1028 1026 3917
f 1028 3917 1021
f 6948 1027 1029
f 6948 1029 1022
f 1030 1028 1021
f 1030 1021 1023
f 1031 1024 1022
f 1031 1022 1029
f 1030 1023 1025
f 1030 1025 1032
f 1024 1031 2583
f 1890 1032 1025
f 1026 1034 1870
f 6948 1035 1027
f 1034 1026 1028
f 1034 1028 1036
f 1027 1035 1037
f 1027 1037 1029
f 1030 1038 1036
f 1030 1036 1028
f 2783 1031 1029
f 2783 1029 1037
f 1038 1030 1032
f 1038 1032 1890
f 4000 1040 1041
f 4000 1041 1033
f 1033 1041 1040
f 1033 1040 6346
f 2304 2090 6999
f 1034 1042 1870
f 1610 1043 1035
f 1042 1034 1036
f 1042 1036 1044
f 1035 1043 1045
f 1035 1045 1037
f 1038 1046 1044
f 1038 1044 1036
f 3182 1037 1045
f 1046 1038 1890
f 1040 6807 3046
f 1041 1040 3046
f 3335 1040 1041
f 3335 1041 3641
f 1048 1648 1870
f 1048 1870 1042
f 1049 1043 1610
f 1049 1610 1047
f 1050 1048 1042
f 1050 1042 1044
f 1043 1049 1051
f 1043 1051 1045
f 1052 1050 1044
f 1052 1044 1046
f 1045 1051 3182
f 3644 1052 1046
f 1610 1054 1047
f 1053 1648 1048
f 1053 1048 1055
f 1056 1049 1047
f 1056 1047 1054
f 1050 1057 1055
f 1050 1055 1048
f 1049 1056 1058
f 1049 1058 1051
f 1057 1050 1052
f 1057 1052 3644
f 1051 1058 3182
f 1755 1059 1610
f 1060 2797 1053
f 1610 1059 1061
f 1610 1061 1054
f 1062 1060 1053
f 1062 1053 1055
f 1054 1061 1063
f 1054 1063 1056
f 1064 1062 1055
f 1064 1055 1057
f 1056 1063 1065
f 1056 1065 1058
f 1687 1064 1057
f 1058 1065 3182
f 2702 7025 4608
f 1059 3269 1067
f 1066 2797 1060
f 1066 1060 1068
f 1061 1059 1067
f 1061 1067 1069
f 1062 1070 1068
f 1062 1068 1060
f 1061 1069 1071
f 1061 1071 1063
f 1070 1062 1064
f 1070 1064 1072
f 1073 1065 1063
f 1073 1063 1071
f 1687 1072 1064
f 1065 1073 3182
f 1075 5321 1066
f 3269 1076 1067
f 1075 1066 1068
f 1075 1068 1077
f 1067 1076 1078
f 1067 1078 1069
f 1079 1077 1068
f 1079 1068 1070
f 1069 1078 1080
f 1069 1080 1071
f 1081 1079 1070
f 1081 1070 1072
f 1082 1073 1071
f 1082 1071 1080
f 5164 1081 1072
f 1073 1082 3182
f 1085 5321 1075
f 3269 1084 1086
f 3269 1086 1076
f 1087 1085 1075
f 1087 1075 1077
f 1088 1078 1076
f 1088 1076 1086
f 1087 1077 1079
f 1087 1079 1089
f 1078 1088 1090
f 1078 1090 1080
f 1091 1089 1079
f 1091 1079 1081
f 1080 1090 1092
f 1080 1092 1082
f 3506 1091 1081
f 1082 1092 3182
f 1094 1084 4838
f 1095 3802 1085
f 1084 1094 1096
f 1084 1096 1086
f 1097 1095 1085
f 1097 1085 1087
f 1086 1096 1098
f 1086 1098 1088
f 1099 1097 1087
f 1099 1087 1089
f 1088 1098 1100
f 1088 1100 1090
f 1099 1089 1091
f 1099 1091 1101
f 1090 1100 1092
f 3597 1101 1091
f 1103 2068 1093
f 4838 1104 1094
f 1105 3802 1095
f 1094 1104 1106
f 1094 1106 1096
f 1107 1105 1095
f 1107 1095 1097
f 1096 1106 1108
f 1096 1108 1098
f 1109 1107 1097
f 1109 1097 1099
f 1110 1100 1098
f 1110 1098 1108
f 1111 1109 1099
f 1111 1099 1101
f 1100 1110 1092
f 1111 1101 3597
f 5565 1103 2093
f 5173 4753 4625
f 4838 1112 1104
f 3802 1105 1113
f 1114 1106 1104
f 1114 1104 1112
f 1107 1115 1113
f 1107 1113 1105
f 1106 1114 1116
f 1106 1116 1108
f 1115 1107 1109
f 1115 1109 1117
f 1108 1116 1118
f 1108 1118 1110
f 1119 1117 1109
f 1119 1109 1111
f 1110 1118 1092
f 3597 1119 1111
f 4838 1120 1112
f 1121 3802 1113
f 1112 1120 1122
f 1112 1122 1114
f 1123 1121 1113
f 1123 1113 1115
f 1114 1122 1124
f 1114 1124 1116
f 1125 1123 1115
f 1125 1115 1117
f 1116 1124 1126
f 1116 1126 1118
f 1127 1125 1117
f 1127 1117 1119
f 3784 1092 1118
f 3784 1118 1126
f 4454 1127 1119
f 6851 2811 5075
f 4835 1128 1120
f 1129 1137 1121
f 1120 1128 1130
f 1120 1130 1122
f 1131 1129 1121
f 1131 1121 1123
f 1132 1124 1122
f 1132 1122 1130
f 1131 1123 1125
f 1131 1125 1133
f 1124 1132 1134
f 1124 1134 1126
f 1135 1133 1125
f 1135 1125 1127
f 1126 1134 3784
f 4454 1135 1127
f 1138 1128 2121
f 1138 2121 1136
f 1137 1129 1139
f 1128 1138 1140
f 1128 1140 1130
f 1141 1139 1129
f 1141 1129 1131
f 1130 1140 1142
f 1130 1142 1132
f 1143 1141 1131
f 1143 1131 1133
f 1132 1142 3169
f 1132 3169 1134
f 1143 1133 1135
f 1143 1135 4434
f 2121 1144 1136
f 1145 1177 1137
f 1136 1144 1146
f 1136 1146 1138
f 1147 1145 1137
f 1147 1137 1139
f 1138 1146 1148
f 1138 1148 1140
f 1149 1147 1139
f 1149 1139 1141
f 1140 1148 1150
f 1140 1150 1142
f 1151 1149 1141
f 1151 1141 1143
f 2687 1142 1150
f 1652 1151 1143
f 2121 1152 1144
f 1153 1177 1145
f 1144 1152 1154
f 1144 1154 1146
f 1153 1145 1147
f 1153 1147 1155
f 1146 1154 1156
f 1146 1156 1148
f 1157 1155 1147
f 1157 1147 1149
f 1148 1156 1158
f 1148 1158 1150
f 1159 1157 1149
f 1159 1149 1151
f 1150 1158 2687
f 1652 1159 1151
f 6854 1160 1152
f 1161 1177 1153
f 1162 1154 1152
f 1162 1152 1160
f 1163 1161 1153
f 1163 1153 1155
f 1154 1162 1164
f 1154 1164 1156
f 1165 1163 1155
f 1165 1155 1157
f 1156 1164 1166
f 1156 1166 1158
f 1167 1165 1157
f 1167 1157 1159
f 1158 1166 2687
f 4875 1167 1159
f 4875 1159 1652
f 2033 1168 1169
f 2033 1169 1160
f 1170 1177 1161
f 1160 1169 1171
f 1160 1171 1162
f 1170 1161 1163
f 1170 1163 1172
f 1162 1171 1173
f 1162 1173 1164
f 1172 1163 1165
f 1172 1165 1174
f 1164 1173 1175
f 1164 1175 1166
f 3576 1174 1165
f 3576 1165 1167
f 1166 1175 5644
f 2935 3558 1176
f 2935 1176 1168
f 1168 1176 1178
f 1168 1178 1169
f 1179 1177 1170
f 1169 1178 1180
f 1169 1180 1171
f 1181 1179 1170
f 1181 1170 1172
f 1171 1180 1182
f 1171 1182 1173
f 1183 1181 1172
f 1183 1172 1174
f 1175 1173 1182
f 1175 1182 1912
f 2136 1183 1174
f 2194 6002 3757
f 3558 1184 1176
f 1176 1184 1185
f 1176 1185 1178
f 1186 1177 1179
f 1178 1185 1187
f 1178 1187 1180
f 1186 1179 1181
f 1186 1181 1188
f 1180 1187 1189
f 1180 1189 1182
f 1188 1181 1183
f 1188 1183 1190
f 1182 1189 1912
f 2136 1190 1183
f 3948 5835 5837
f 3558 1191 1184
f 1184 1191 1193
f 1184 1193 1185
f 1194 1192 3444
f 1194 3444 1186
f 1185 1193 1195
f 1185 1195 1187
f 1196 1194 1186
f 1196 1186 1188
f 1187 1195 1197
f 1187 1197 1189
f 1198 1196 1188
f 1198 1188 1190
f 1912 1189 1197
f 2136 1198 1190
f 3558 1199 1191
f 1200 3350 1192
f 1191 1199 1201
f 1191 1201 1193
f 1202 1200 1192
f 1202 1192 1194
f 1193 1201 1203
f 1193 1203 1195
f 1204 1202 1194
f 1204 1194 1196
f 1195 1203 1205
f 1195 1205 1197
f 1204 1196 1198
f 1204 1198 1206
f 1197 1205 1912
f 2885 1206 1198
f 3555 1207 1208
f 3555 1208 1199
f 1209 4129 1200
f 1199 1208 1210
f 1199 1210 1201
f 1211 1209 1200
f 1211 1200 1202
f 1201 1210 1212
f 1201 1212 1203
f 1213 1211 1202
f 1213 1202 1204
f 1203 1212 4438
f 1203 4438 1205
f 1214 1213 1204
f 1214 1204 1206
f 1912 1205 4438
f 2885 1214 1206
f 4443 4808 2946
f 2788 3752 6184
f 1247 4888 1225
f 6383 1216 1207
f 1207 1216 1217
f 1207 1217 1208
f 1218 4129 1209
f 1208 1217 1219
f 1208 1219 1210
f 1220 1218 1209
f 1220 1209 1211
f 1210 1219 1221
f 1210 1221 1212
f 1222 1220 1211
f 1222 1211 1213
f 4438 1212 1221
f 2885 1222 1213
f 2885 1213 1214
f 6184 3752 4871
f 1256 1223 1215
f 1215 1224 1225
f 1247 1223 1224
f 6383 1226 1216
f 1217 1216 1226
f 1217 1226 1227
f 1228 4129 1218
f 1217 1227 1229
f 1217 1229 1219
f 1230 1228 1218
f 1230 1218 1220
f 1221 1219 1229
f 1221 1229 1231
f 1232 1230 1220
f 1232 1220 1222
f 1221 1231 5133
f 2885 1232 1222
f 6146 2191 6788
f 1223 1256 1225
f 1223 1225 1224
f 1655 1233 1226
f 1226 1233 1234
f 1226 1234 1227
f 1235 5566 1228
f 1227 1234 1236
f 1227 1236 1229
f 1237 1235 1228
f 1237 1228 1230
f 1231 1229 1236
f 1231 1236 1238
f 1239 1237 1230
f 1239 1230 1232
f 1231 1238 1837
f 4146 1239 1232
f 1655 1240 1233
f 1233 1240 1241
f 1233 1241 1234
f 1242 5566 1235
f 1236 1234 1241
f 1236 1241 1243
f 1244 1242 1235
f 1244 1235 1237
f 1236 1243 1245
f 1236 1245 1238
f 1246 1244 1237
f 1246 1237 1239
f 1238 1245 1837
f 4146 1246 1239
f 4658 1248 1240
f 1241 1240 1248
f 1241 1248 1250
f 1251 1249 1630
f 1251 1630 1242
f 1243 1241 1250
f 1243 1250 1252
f 1253 1251 1242
f 1253 1242 1244
f 1243 1252 1254
f 1243 1254 1245
f 1255 1253 1244
f 1255 1244 1246
f 1837 1245 1254
f 4146 1255 1246
f 3116 5630 4292
f 1247 1225 1259
f 1247 1259 5924
f 1247 5924 1258
f 4658 1260 1248
f 1261 4451 3149
f 1261 3149 1249
f 1250 1248 1260
f 1250 1260 1262
f 1263 1261 1249
f 1263 1249 1251
f 1250 1262 1264
f 1250 1264 1252
f 1265 1263 1251
f 1265 1251 1253
f 1252 1264 1266
f 1252 1266 1254
f 1267 1265 1253
f 1267 1253 1255
f 4077 1254 1266
f 4146 1267 1255
f 1225 5029 1257
f 1257 5029 1268
f 1259 1225 1257
f 1258 1268 1259
f 2432 4153 1660
f 6465 1269 1260
f 1262 1260 1269
f 1262 1269 1270
f 1271 5609 1261
f 1271 1261 1263
f 1262 1270 1272
f 1262 1272 1264
f 1273 1271 1263
f 1273 1263 1265
f 1266 1264 1272
f 1266 1272 1274
f 1276 1273 1265
f 1276 1265 1267
f 3101 1266 1274
f 1757 1276 1267
f 5029 5924 1268
f 1268 5924 1259
f 2445 1277 1269
f 1270 1269 1277
f 1270 1277 1280
f 1281 1292 1279
f 1281 1279 5609
f 5609 1271 1281
f 1270 1280 1282
f 1270 1282 1272
f 1284 1281 1271
f 1284 1271 1273
f 1274 1272 1282
f 1274 1282 1285
f 1286 1284 1273
f 1286 1273 1275
f 1273 1276 1275
f 1635 1274 1285
f 5731 1286 1275
f 1275 1276 1757
f 5034 6717 6718
f 1277 2445 1278
f 1278 1835 1287
f 1287 1835 1298
f 1288 1773 1279
f 1280 1277 1278
f 1280 1278 1289
f 1289 1278 1287
f 1289 1287 1290
f 1292 1291 1288
f 1292 1288 1279
f 1282 1280 1283
f 1283 1280 1289
f 1283 1289 1293
f 1294 1292 1281
f 1294 1281 1284
f 1285 1282 1283
f 1285 1283 1295
f 1295 1283 1293
f 1295 1293 1296
f 1297 1294 1284
f 1297 1284 1286
f 6753 1285 1295
f 1729 1297 1286
f 1298 5469 1310
f 1300 1773 1288
f 1290 1287 1298
f 1290 1298 1301
f 1302 1300 1288
f 1302 1288 1291
f 1293 1289 1290
f 1293 1290 1303
f 1303 1290 1301
f 1303 1301 1304
f 1305 1302 1291
f 1291 1292 1294
f 1291 1294 1305
f 1296 1293 1303
f 1296 1303 1306
f 1308 1305 1294
f 1308 1294 1297
f 6753 1295 1296
f 6753 1296 3918
f 3918 1296 1306
f 1729 1308 1297
f 1309 4304 5132
f 2125 2547 6274
f 1310 5469 1311
f 1312 4134 5715
f 1312 5715 1299
f 5715 1300 1299
f 1301 1298 1310
f 1301 1310 1313
f 1314 1312 1299
f 1315 1314 1299
f 1315 1299 1300
f 1315 1300 1302
f 1304 1301 1313
f 1304 1313 1316
f 1318 1315 1302
f 1318 1302 1305
f 1306 1303 1304
f 1306 1304 1319
f 1319 1304 1316
f 1319 1316 1320
f 1321 1318 1305
f 1321 1305 1307
f 1305 1308 1307
f 3918 1306 1319
f 1729 1321 1307
f 1307 1308 1729
f 1311 2107 1323
f 1323 2107 1324
f 1326 1325 4134
f 1327 1326 4134
f 1327 4134 1312
f 1313 1310 1311
f 1313 1311 1328
f 1328 1311 1323
f 1328 1323 1329
f 1332 1327 1312
f 1332 1312 1314
f 1316 1313 1328
f 1316 1328 1333
f 1335 1332 1314
f 1335 1314 1317
f 1314 1315 1318
f 1314 1318 1317
f 1320 1316 1333
f 1320 1333 1336
f 1338 1337 1335
f 1338 1335 1317
f 1317 1318 1321
f 1317 1321 1338
f 4760 1319 1320
f 4760 1320 1336
f 4302 1338 1321
f 2343 5193 1628
f 3842 6841 2741
f 1324 2107 1339
f 1339 2107 1887
f 1339 1887 1340
f 1341 4134 1325
f 1323 1324 1330
f 1323 1330 1329
f 1330 1324 1339
f 1330 1339 1342
f 1345 1344 1341
f 1345 1341 1325
f 1325 1326 1331
f 1325 1331 1345
f 1326 1327 1332
f 1326 1332 1331
f 1328 1329 1334
f 1328 1334 1333
f 1334 1329 1330
f 1334 1330 1346
f 1346 1330 1342
f 1346 1342 1347
f 1349 1348 1345
f 1349 1345 1331
f 1331 1332 1335
f 1331 1335 1349
f 1336 1333 1334
f 1336 1334 1350
f 1350 1334 1346
f 1350 1346 1351
f 1352 1349 1335
f 1352 1335 1337
f 4760 1336 1350
f 4302 1352 1337
f 1337 1338 4302
f 1339 1340 1343
f 1339 1343 1342
f 1343 1340 1887
f 1343 1887 1353
f 1353 1887 1354
f 1357 1356 3437
f 3437 1341 1344
f 3437 1344 1357
f 1347 1342 1343
f 1347 1343 1358
f 1358 1343 1353
f 1358 1353 1359
f 1361 1360 1357
f 1361 1357 1344
f 1344 1345 1348
f 1344 1348 1361
f 1351 1346 1347
f 1351 1347 1362
f 1362 1347 1358
f 1362 1358 1363
f 1365 1364 1361
f 1365 1361 1348
f 1348 1349 1352
f 1348 1352 1365
f 1350 1351 2805
f 2805 1351 1362
f 3009 1365 1352
f 1887 1355 1354
f 1355 5862 1367
f 1367 5862 1368
f 1372 1371 2143
f 2143 1356 1372
f 1359 1353 1354
f 1359 1354 1373
f 1374 1373 1354
f 1374 1354 1355
f 1374 1355 1367
f 1374 1367 1375
f 1379 1378 1372
f 1379 1372 1356
f 1356 1357 1360
f 1356 1360 1379
f 1363 1358 1359
f 1363 1359 1380
f 1380 1359 1373
f 1380 1373 1381
f 1386 1385 1379
f 1386 1379 1360
f 1360 1361 1364
f 1360 1364 1386
f 1362 1363 3837
f 3837 1363 1380
f 4651 1386 1364
f 1364 1365 3009
f 5862 1369 1368
f 1369 2565 1388
f 1389 1388 2565
f 1389 4001 1390
f 1393 1392 1859
f 1394 1393 2463
f 2463 1370 1394
f 2143 1371 1370
f 1367 1368 1376
f 1367 1376 1375
f 1376 1368 1369
f 1376 1369 1395
f 1395 1369 1388
f 1395 1388 1396
f 1403 1402 1394
f 1403 1394 1370
f 1370 1371 1377
f 1370 1377 1403
f 1371 1372 1378
f 1371 1378 1377
f 1373 1374 1382
f 1373 1382 1381
f 1374 1375 1383
f 1374 1383 1382
f 1383 1375 1376
f 1383 1376 1404
f 1404 1376 1395
f 1404 1395 1405
f 2149 1409 1403
f 2149 1403 1377
f 1377 1378 1384
f 1377 1384 2149
f 1378 1379 1385
f 1378 1385 1384
f 1380 1381 3837
f 1381 1382 2004
f 2004 1382 1383
f 2004 1383 1404
f 1384 1385 4651
f 1385 1386 4651
f 1415 1414 3433
f 1416 1415 5577
f 1417 1416 5577
f 1859 1391 1417
f 1859 1392 1391
f 1388 1389 1397
f 1388 1397 1396
f 1389 1390 1398
f 1389 1398 1397
f 1398 1390 3397
f 1398 3397 1418
f 1419 1418 3397
f 1419 2744 1420
f 1426 1417 1391
f 1426 1391 1399
f 1391 1392 1400
f 1391 1400 1399
f 1392 1393 1401
f 1392 1401 1400
f 1393 1394 1402
f 1393 1402 1401
f 1395 1396 1406
f 1395 1406 1405
f 1406 1396 1397
f 1406 1397 1427
f 1428 1427 1397
f 1428 1397 1398
f 1428 1398 1418
f 1428 1418 1429
f 1435 1434 1426
f 1435 1426 1399
f 1436 1435 1399
f 1436 1399 1400
f 1400 1401 1407
f 1400 1407 1436
f 1401 1402 1408
f 1401 1408 1407
f 1402 1403 1409
f 1402 1409 1408
f 1404 1405 3247
f 3247 1405 1406
f 3247 1406 1427
f 3787 1436 1407
f 1407 1408 3787
f 1408 1409 3787
f 1438 2765 4549
f 2188 1821 2222
f 1440 1959 1410
f 1410 1411 1440
f 1410 1412 1411
f 1410 1413 1412
f 3433 1414 1413
f 2744 1421 1420
f 2744 1422 1421
f 1422 2744 1441
f 1442 1441 2744
f 1443 1442 1621
f 1443 1621 1444
f 1455 1454 1440
f 1455 1440 1411
f 1456 1455 1411
f 1457 1456 1411
f 1457 1411 1412
f 1458 1457 1412
f 1458 1412 1413
f 1413 1414 1423
f 1413 1423 1458
f 1414 1415 1424
f 1414 1424 1423
f 1415 1416 1425
f 1415 1425 1424
f 1416 1417 1426
f 1416 1426 1425
f 1418 1419 1430
f 1418 1430 1429
f 1419 1420 1431
f 1419 1431 1430
f 1431 1420 1421
f 1431 1421 1459
f 1460 1459 1421
f 1460 1421 1422
f 1460 1422 1441
f 1460 1441 1461
f 1472 1471 1458
f 1472 1458 1423
f 1423 1424 1432
f 1423 1432 1472
f 1424 1425 1433
f 1424 1433 1432
f 1425 1426 1434
f 1425 1434 1433
f 1427 1428 2438
f 1428 1429 5905
f 1429 1430 1437
f 1429 1437 5905
f 1437 1430 1431
f 1437 1431 1473
f 1473 1431 1459
f 1473 1459 1474
f 5418 1472 1432
f 5418 1432 1433
f 1433 1434 3147
f 1434 1435 3147
f 1435 1436 3147
f 1682 1437 1473
f 1621 1445 1444
f 1621 1446 1445
f 1621 1447 1446
f 1447 3976 1479
f 1480 1479 3976
f 1481 1480 3976
f 1482 1481 3976
f 1483 1482 1439
f 1484 1483 1439
f 1485 1484 1439
f 1486 1485 1439
f 1487 1486 1439
f 1488 1487 4316
f 1489 1488 4316
f 1490 1489 4316
f 1491 1490 4316
f 1492 1491 4316
f 1493 1492 6339
f 6339 1448 1493
f 6339 1449 1448
f 3357 1450 1449
f 3357 1451 1450
f 3357 1452 1451
f 3357 1453 1452
f 1959 1440 1454
f 1959 1454 1453
f 1441 1442 1462
f 1441 1462 1461
f 1442 1443 1463
f 1442 1463 1462
f 1443 1444 1464
f 1443 1464 1463
f 1464 1444 1445
f 1464 1445 1494
f 1495 1494 1445
f 1495 1445 1446
f 1496 1495 1446
f 1496 1446 1447
f 1496 1447 1479
f 1496 1479 1497
f 1512 1511 1493
f 1512 1493 1448
f 1513 1512 1448
f 1513 1448 1449
f 1514 1513 1449
f 1514 1449 1450
f 1515 1514 1450
f 1515 1450 1451
f 1451 1452 1465
f 1451 1465 1515
f 1452 1453 1466
f 1452 1466 1465
f 1453 1454 1467
f 1453 1467 1466
f 1454 1455 1468
f 1454 1468 1467
f 1455 1456 1469
f 1455 1469 1468
f 1456 1457 1470
f 1456 1470 1469
f 1457 1458 1471
f 1457 1471 1470
f 1459 1460 1475
f 1459 1475 1474
f 1460 1461 1476
f 1460 1476 1475
f 1461 1462 1477
f 1461 1477 1476
f 1462 1463 1478
f 1462 1478 1477
f 1478 1463 1464
f 1478 1464 1516
f 1516 1464 1494
f 1516 1494 1517
f 1539 1538 1515
f 1539 1515 1465
f 1540 1539 1465
f 1540 1465 1466
f 1742 1540 1466
f 1742 1466 1467
f 1742 1467 1468
f 1468 1469 4233
f 1469 1470 2724
f 1470 1471 2488
f 1471 1472 2488
f 1473 1474 1682
f 1474 1475 1682
f 1475 1476 3649
f 3649 1476 1477
f 3649 1477 1478
f 3649 1478 1516
f 1479 1480 1498
f 1479 1498 1497
f 1480 1481 1499
f 1480 1499 1498
f 1481 1482 1500
f 1481 1500 1499
f 1482 1483 1501
f 1482 1501 1500
f 1483 1484 1502
f 1483 1502 1501
f 1484 1485 1503
f 1484 1503 1502
f 1485 1486 1504
f 1485 1504 1503
f 1486 1487 1505
f 1486 1505 1504
f 1487 1488 1506
f 1487 1506 1505
f 1488 1489 1507
f 1488 1507 1506
f 1489 1490 1508
f 1489 1508 1507
f 1490 1491 1509
f 1490 1509 1508
f 1491 1492 1510
f 1491 1510 1509
f 1492 1493 1511
f 1492 1511 1510
f 1494 1495 1518
f 1494 1518 1517
f 1495 1496 1519
f 1495 1519 1518
f 1496 1497 1520
f 1496 1520 1519
f 1497 1498 1521
f 1497 1521 1520
f 1498 1499 1522
f 1498 1522 1521
f 1499 1500 1523
f 1499 1523 1522
f 1500 1501 1524
f 1500 1524 1523
f 1501 1502 1525
f 1501 1525 1524
f 1502 1503 1526
f 1502 1526 1525
f 1503 1504 1527
f 1503 1527 1526
f 1504 1505 1528
f 1504 1528 1527
f 1505 1506 1529
f 1505 1529 1528
f 1506 1507 1530
f 1506 1530 1529
f 1507 1508 1531
f 1507 1531 1530
f 1508 1509 1532
f 1508 1532 1531
f 1509 1510 1533
f 1509 1533 1532
f 1510 1511 1534
f 1510 1534 1533
f 1511 1512 1535
f 1511 1535 1534
f 1512 1513 1536
f 1512 1536 1535
f 1513 1514 1537
f 1513 1537 1536
f 1514 1515 1538
f 1514 1538 1537
f 1516 1517 3649
f 1517 1518 3649
f 1518 1519 3647
f 1519 1520 3647
f 1520 1521 3647
f 1521 1522 1541
f 1521 1541 3647
f 1541 1522 1523
f 1541 1523 1542
f 1543 1542 1523
f 1543 1523 1524
f 1544 1543 1524
f 1544 1524 1525
f 1545 1544 1525
f 1545 1525 1526
f 1546 1545 1526
f 1546 1526 1527
f 1547 1546 1527
f 1547 1527 1528
f 1548 1547 1528
f 1548 1528 1529
f 1549 1548 1529
f 1549 1529 1530
f 1550 1549 1530
f 1550 1530 1531
f 1551 1550 1531
f 1551 1531 1532
f 4036 1551 1532
f 4036 1532 1533
f 1742 1533 1534
f 1742 1534 1535
f 1535 1536 1742
f 1536 1537 1742
f 1537 1538 1742
f 1538 1539 1742
f 1539 1540 1742
f 6479 1541 1542
f 1542 1543 6479
f 1543 1544 1619
f 1544 1545 1619
f 1545 1546 1619
f 1546 1547 2371
f 1546 2371 1619
f 1547 1548 2371
f 1548 1549 2371
f 1549 1550 2371
f 1550 1551 2371
f 6691 2169 2692
f 4830 1723 2506
f 3075 5727 1637
f 3126 5928 5930
f 2983 2205 6765
f 2736 4235 7020
f 5279 3528 2177
f 3528 1559 5281
f 1872 3611 4115
f 3611 4194 1928
f 1555 1565 1556
f 3528 1556 1557
f 1556 1558 1557
f 1557 1558 1559
f 1557 1559 3528
f 5281 1559 4118
f 2293 3346 5358
f 7014 1563 1555
f 1562 1564 1563
f 1563 1564 1565
f 1563 1565 1555
f 6038 4037 5669
f 1557 3110 1559
f 1557 1559 1558
f 5260 2254 2707
f 2212 5081 3838
f 5778 2563 5498
f 4027 1797 1936
f 4603 2589 3110
f 4603 6966 1563
f 1563 6966 1565
f 1563 1565 1564
f 2468 3300 4121
f 2871 1659 6527
f 4222 3387 1901
f 5713 1568 4220
f 2382 1573 1568
f 1568 1573 1569
f 1568 1569 5190
f 1568 5713 1569
f 1568 1569 4220
f 6566 1569 1570
f 1569 2013 1570
f 6566 1570 2013
f 1926 5354 2010
f 1567 4477 6496
f 1569 1573 1571
f 1569 1571 1570
f 1569 1570 1571
f 1569 1571 4220
f 4401 3899 3382
f 4220 1571 4217
f 2673 4269 6504
f 4925 3175 4378
f 6284 4307 3548
f 2203 2817 5578
f 1578 5964 1576
f 5964 1578 1579
f 1579 1578 4376
f 1579 4376 6411
f 6555 2842 1578
f 6552 1579 1578
f 6552 1578 6157
f 6555 1578 1579
f 6555 1579 6552
f 6552 3470 1579
f 2416 5706 4332
f 1586 1581 1580
f 1583 1582 1584
f 1585 4484 1581
f 1586 6157 1585
f 1582 1611 1587
f 1587 1588 1584
f 1587 1584 1582
f 1587 1583 1584
f 1587 1584 1588
f 2632 2050 2848
f 1855 3656 1634
f 3542 1589 1585
f 1585 1589 4484
f 1585 1589 1590
f 1585 1590 1586
f 1590 1589 1585
f 1590 1585 1586
f 1611 1591 1587
f 1587 1591 3210
f 1587 1591 1592
f 1587 1592 1588
f 1591 1587 1588
f 1591 1588 1592
f 4860 1589 3542
f 1590 1589 4860
f 3193 1589 1590
f 3193 1590 1596
f 5324 1593 1591
f 1591 1593 6340
f 1591 1593 1594
f 1591 1594 1592
f 1593 1591 1592
f 1593 1592 1594
f 1594 1593 5033
f 1665 1593 1594
f 1594 5033 1665
f 1597 4860 5025
f 1598 1596 1597
f 1656 1596 1597
f 3078 5429 1632
f 1656 1597 2905
f 2905 1598 1597
f 3119 6604 5196
f 2196 1670 5817
f 5377 1937 2077
f 2367 4197 4406
f 2929 2520 3223
f 6409 5529 2000
f 5174 3953 4395
f 3405 2906 1654
f 5544 5012 4356
f 5689 1614 3869
f 5124 2056 5318
f 2400 4767 3477
f 5568 1603 6745
f 1603 1604 1605
f 1603 1605 1606
f 6416 1607 1604
f 1605 1604 1607
f 1605 1607 1608
f 1608 1606 1605
f 6668 1831 1605
f 6668 1605 1604
f 6414 1604 1607
f 6414 1607 6416
f 1604 1605 1608
f 1604 1608 1607
f 1760 1963 5610
f 1007 1667 2048
f 5732 6176 2124
f 3684 6778 2792
f 6058 6554 6059
f 1612 3504 947
f 6130 4020 5163
f 6566 5190 1569
f 5714 3412 1624
f 3540 3321 6927
f 4149 4763 2208
f 5165 2662 2503
f 1433 3147 5418
f 2540 3696 1828
f 2192 6744 1602
f 1807 1758 3827
f 2418 6883 2419
f 5383 3746 3014
f 4959 5589 2887
f 1362 3837 2805
f 2153 3186 1770
f 5027 2237 1989
f 5425 2373 3229
f 1482 3976 1439
f 3877 4124 3190
f 3030 2139 1638
f 3228 3923 2238
f 5435 3904 1623
f 4724 6183 5428
f 6643 3720 4818
f 5399 3273 4586
f 5975 1625 3806
f 1322 3798 2675
f 1885 5147 1991
f 4276 6398 3243
f 4722 5428 2886
f 1850 4499 3427
f 4124 6628 2824
f 3798 1322 6806
f 5511 1960 4120
f 6993 3999 3797
f 2813 3149 2518
f 1192 3350 3444
f 2790 6931 6989
f 2987 3026 3388
f 6123 2514 5205
f 2296 6264 2297
f 4002 4012 6150
f 5544 4356 4657
f 5908 4582 5906
f 3592 4582 5908
f 5893 5238 1875
f 4078 4583 1905
f 2133 4264 3185
f 5819 3577 1613
f 3241 5031 3086
f 6111 3429 1818
f 3298 2533 2137
f 2023 2347 6095
f 4840 1943 4662
f 6530 5464 2195
f 1774 5632 2512
f 3459 5049 4338
f 1885 1991 3933
f 6879 2223 1954
f 515 1642 3341
f 5330 1642 6088
f 2683 3738 5850
f 5992 4165 2694
f 1644 1697 5121
f 3700 4784 6103
f 749 2738 1645
f 1645 2738 2040
f 2314 3343 6180
f 5166 3445 794
f 4442 5939 4441
f 6177 4192 2345
f 3038 2586 3802
f 1085 3802 5321
f 1761 4986 5194
f 1902 6840 5755
f 2294 5279 2177
f 3272 4191 3252
f 3219 5771 6345
f 6287 4737 3451
f 2450 6216 2717
f 3644 1046 1890
f 2100 4095 6325
f 1761 5194 3732
f 1675 5933 2046
f 6187 2906 6907
f 2249 2289 5674
f 3057 5096 1781
f 4484 6555 1581
f 6555 4484 2842
f 5331 4498 3709
f 5708 2125 6274
f 5265 5912 6351
f 5385 2079 5478
f 3800 1968 5244
f 2176 3828 4898
f 5651 4669 2674
f 4913 4068 6752
f 3175 4925 6070
f 6944 2755 1931
f 2264 5771 3219
f 1623 6145 2740
f 1577 4933 6097
f 4873 5389 4509
f 3610 6011 2157
f 2458 3856 4754
f 1583 1587 3210
f 2088 6553 2571
f 4056 4058 2127
f 3213 3834 4271
f 3803 3296 5864
f 5637 5039 6139
f 2920 4344 6183
f 1931 4413 6944
f 4951 1710 3910
f 4409 3765 2190
f 5090 4665 1999
f 4660 6275 3968
f 5452 3033 3739
f 3465 1884 3930
f 2168 2526 3320
f 6544 1902 4485
f 1966 5651 5437
f 1734 5717 4156
f 4840 5563 1943
f 4710 5603 2101
f 5689 3104 1614
f 3284 2150 4525
f 1925 4397 4461
f 4478 1995 3206
f 2535 5722 3376
f 4650 2338 6941
f 5619 4477 1567
f 2267 1830 4635
f 3994 6561 6563
f 1934 2185 3041
f 861 5531 5225
f 3092 2337 5225
f 4543 2737 4941
f 2844 5485 6850
f 1475 3649 1682
f 3649 5576 1682
f 4331 2670 3550
f 5613 6864 3051
f 4832 4268 6734
f 6758 5919 4063
f 1844 2081 4119
f 5766 2517 2515
f 3090 4994 4439
f 5105 2260 6040
f 3597 1091 3506
f 6313 6212 1083
f 3109 5926 4255
f 4941 2737 2896
f 5902 1958 1689
f 4807 3299 3723
f 638 3339 1692
f 4947 4550 4185
f 2220 2460 3853
f 6140 1739 3064
f 4297 2699 3657
f 7009 4299 5877
f 4966 2297 6264
f 3675 4595 6269
f 2139 4776 6086
f 6058 6135 6554
f 6787 6789 5555
f 3129 2533 4421
f 1696 6579 2425
f 4431 6579 5622
f 2767 5121 1697
f 2343 3340 5193
f 1387 3694 4216
f 6714 2996 5034
f 1699 3925 2469
f 644 1699 3339
f 3881 3061 2757
f 2743 4689 6304
f 2808 3818 1701
f 3623 6795 2647
f 7004 3910 1710
f 1700 1825 6335
f 4561 5139 5137
f 4089 5407 5045
f 5258 2474 3481
f 5850 4165 5992
f 5781 6121 3089
f 3374 985 5781
f 4765 1762 1706
f 2646 4425 2363
f 6740 3517 4173
f 1366 2216 4498
f 2690 2441 3196
f 4194 6407 1928
f 3349 4235 4512
f 5516 2202 5518
f 3906 3955 5203
f 4456 6275 4660
f 4694 3198 2961
f 2796 4755 6952
f 2284 1712 6643
f 1709 1812 3031
f 5660 3178 4239
f 4370 4972 1951
f 6474 5376 2778
f 6083 3501 5752
f 4884 5456 2197
f 2197 5456 569
f 2790 1778 6931
f 5412 1779 4932
f 3408 2282 1717
f 2866 3310 4035
f 2138 1886 6408
f 2688 1849 5415
f 1719 2005 3483
f 1616 5706 5158
f 4723 4052 2428
f 2909 4397 1925
f 5168 1721 5170
f 4325 5550 3495
f 2984 2057 3692
f 3870 2984 5473
f 3664 4221 5598
f 4534 5413 6475
f 4018 4499 1850
f 2023 5648 2933
f 3747 4007 3151
f 4534 6475 3954
f 1724 5763 2236
f 3173 3303 6022
f 2895 3677 4688
f 1829 4358 2110
f 2049 4824 2895
f 6507 1708 6847
f 4302 1321 1729
f 5738 2827 3142
f 6380 5488 3946
f 1840 896 5109
f 1731 833 2140
f 1957 6286 4872
f 5650 2018 2677
f 5549 4357 2717
f 6454 3989 3721
f 3127 3503 6798
f 3883 5846 4678
f 5805 5055 6737
f 2119 5445 2405
f 1929 1980 2943
f 1736 1566 6829
f 4027 1936 2456
f 4072 5112 3331
f 2450 4875 6216
f 3027 1622 2876
f 4289 3404 5596
f 5718 3853 1739
f 4734 6878 1691
f 5942 2078 1983
f 4850 2319 4558
f 2722 3226 6678
f 5967 5439 4171
f 1551 4036 2371
f 1552 3722 4829
f 4764 2605 3177
f 1802 5953 3970
f 4764 3177 6136
f 4460 5852 3831
f 5273 5275 2902
f 1632 2734 6805
f 3538 2720 5231
f 1554 1944 2293
f 4170 3937 1841
f 6467 2650 1836
f 4800 3529 2483
f 6104 5495 2585
f 2887 5589 5587
f 3633 4170 2769
f 2275 1750 2014
f 3959 4128 4698
f 6433 5490 2464
f 3559 4328 5115
f 1815 3100 4791
f 5098 3102 5621
f 1753 3844 2207
f 2207 4504 1753
f 5098 1846 1752
f 6280 1884 3465
f 1084 1755 4838
f 5136 5039 5637
f 4762 3518 6704
f 2285 4777 2641
f 1729 1286 5731
f 4777 3579 2641
f 3334 2012 5680
f 3242 3283 5270
f 6538 4650 6941
f 3816 3696 5003
f 3045 3026 2987
f 6084 3080 5221
f 3488 3982 5274
f 2973 3135 2862
f 2363 6254 5004
f 2366 5548 6046
f 3886 4671 2954
f 6804 1919 4040
f 1939 2966 825
f 4374 825 826
f 3354 4426 4904
f 2757 2691 3881
f 986 1766 969
f 1766 957 969
f 3278 5734 2008
f 5478 2079 2739
f 6413 4720 1899
f 5634 2212 3838
f 943 1766 1769
f 5813 1686 3090
f 5381 1770 6783
f 3060 2573 4138
f 2226 3976 2430
f 4001 3397 1390
f 6310 897 2795
f 3937 3344 1841
f 6945 3257 6675
f 3149 3934 2518
f 3935 4755 4928
f 5899 5898 3935
f 2386 3001 2923
f 2768 6797 3158
f 3606 2047 3326
f 1856 5408 3547
f 2472 4085 5006
f 2098 3221 4141
f 4581 5248 6815
f 6027 4048 5028
f 3928 2395 3783
f 6027 5028 4122
f 1780 3037 4353
f 3091 6209 2112
f 4159 1781 3188
f 6645 2100 1862
f 3283 3242 5772
f 1855 1634 2085
f 4977 4462 2380
f 2574 6568 2170
f 6641 1737 3703
f 2592 4843 5907
f 2402 4401 3382
f 6202 2170 6568
f 1814 3957 2413
f 2217 2520 4848
f 6751 2388 6909
f 6751 128 2388
f 6205 2809 2806
f 4706 4938 4704
f 6588 5345 3255
f 2865 2325 6923
f 1790 3776 2378
f 3204 4825 5293
f 6018 6441 2999
f 4665 3907 3995
f 1792 6813 6811
f 1438 3806 2765
f 6307 2393 5160
f 2029 3030 6277
f 4672 1794 836
f 6473 2260 5105
f 2954 4671 2178
f 6311 5844 4809
f 4933 3729 5950
f 5795 5171 2038
f 2295 4191 5867
f 6710 4526 4653
f 3389 6451 2501
f 6697 4854 2178
f 6324 4344 3943
f 4468 4448 3941
f 4153 6562 4151
f 5067 4801 4803
f 4370 4538 3449
f 3779 6847 4826
f 5953 1802 2872
f 5101 4955 138
f 5607 2371 4236
f 3685 6394 3652
f 4326 1695 5921
f 3354 3913 4426
f 3770 6245 4003
f 4005 3082 4589
f 2702 1964 7025
f 4482 5056 5182
f 3334 4306 2012
f 2101 6534 6791
f 959 2251 933
f 933 2251 921
f 2286 5797 1809
f 1682 5576 4883
f 1657 6918 1810
f 2067 3707 2674
f 3174 5068 6679
f 4467 1673 6664
f 1942 2698 6671
f 2989 2176 4898
f 3742 5310 1813
f 4738 3664 5030
f 1719 3957 3424
f 5513 1767 2079
f 6470 2562 4123
f 1964 2702 4107
f 5669 4037 4953
f 4037 1650 4864
f 4287 1599 4873
f 4012 4415 6150
f 4768 4738 5030
f 2541 3745 6357
f 6425 3949 3668
f 4920 6343 6404
f 1820 1553 4473
f 5518 2202 5520
f 1821 2188 5007
f 4386 3124 1625
f 5872 2917 5005
f 4333 6424 2990
f 827 2244 1646
f 1646 4371 849
f 3460 1860 2115
f 6939 5176 2094
f 5333 5401 6075
f 1664 5927 1910
f 6915 6089 4495
f 1819 4178 5237
f 2807 3015 5611
f 2660 2825 6988
f 1758 5117 6428
f 3814 4318 5719
f 5655 1829 2110
f 1640 3442 4462
f 2941 1970 2595
f 6397 2983 3208
f 1831 1606 1605
f 3312 6421 2995
f 3812 4463 2289
f 1298 1835 5469
f 2344 6160 4178
f 1826 1824 3013
f 4317 3694 1387
f 2153 5483 3186
f 3476 6518 4147
f 1655 4658 1240
f 5343 6510 3633
f 6638 6203 2562
f 4077 1266 3101
f 4808 4078 1905
f 3228 6323 3923
f 2089 2324 2863
f 6949 3734 4567
f 2544 4905 4614
f 3456 4388 2998
f 2732 6460 5794
f 2261 4490 4612
f 2555 1747 2261
f 6997 3121 4501
f 3763 5953 2872
f 4718 4555 1843
f 2936 4142 3062
f 5407 6007 2939
f 3743 3371 3741
f 2772 4047 4537
f 2278 2191 6146
f 2626 4070 3930
f 6658 2945 1815
f 5694 1701 3818
f 5694 2104 5751
f 4594 2019 5348
f 4537 2833 1672
f 5986 3704 1722
f 1825 1700 5093
f 4547 5325 6319
f 2434 6309 2770
f 2861 1851 5526
f 4051 3991 2451
f 2850 3552 6590
f 3332 6866 2340
f 3140 2193 2968
f 2425 3605 2977
f 6721 3871 3132
f 3250 6721 3132
f 5025 2905 1597
f 3953 5174 1600
f 1616 5464 3708
f 3706 2186 3076
f 2950 5401 2431
f 2743 2713 4689
f 4360 4361 4717
f 3362 1811 3176
f 1417 5577 1859
f 2904 1341 3437
f 4622 3526 3525
f 4622 4621 6596
f 2228 3398 2654
f 3333 2227 2971
f 4585 6490 4329
f 6581 2649 5239
f 2668 6611 2723
f 4183 2270 5832
f 6491 1864 5211
f 5141 6085 6702
f 4620 5830 2498
f 2819 2498 1865
f 3617 5638 2621
f 2332 2154 6361
f 2300 6634 4291
f 4718 1843 1946
f 4834 5530 4528
f 6402 6947 124
f 3392 3300 4973
f 3577 4044 5979
f 2948 3917 2368
f 1013 3917 5447
f 4796 4105 5322
f 2982 3810 6220
f 1725 1872 4115
f 4655 4392 6580
f 1873 2473 2992
f 6171 2660 6988
f 3631 6747 1874
f 3901 3631 1874
f 6143 4403 3820
f 2429 3154 2803
f 1876 4552 793
f 2495 2608 6244
f 4787 3435 2357
f 1644 5121 4690
f 4453 2408 3180
f 2062 1707 6008
f 1879 3195 4750
f 2999 1879 4750
f 6177 2345 6893
f 1707 6303 2877
f 2964 2493 1620
f 3133 6485 6376
f 2123 5649 3614
f 5723 5334 2754
f 5059 4116 3940
f 130 4487 3805
f 1093 2068 2599
f 2093 1093 2599
f 6791 2832 6570
f 4199 3502 1954
f 6408 1886 2231
f 3263 3398 2228
f 4259 4696 3890
f 2331 6585 3916
f 4339 3029 4166
f 4126 6917 4341
f 6047 1889 4988
f 3660 2407 4100
f 4578 3523 4518
f 6874 3225 6872
f 5568 1891 1603
f 6416 1604 1603
f 5721 1952 2323
f 2906 4214 6907
f 1893 1662 5551
f 3332 2340 2122
f 3118 1894 2689
f 135 3952 2527
f 3281 6353 4163
f 3042 2211 4506
f 6114 4783 2035
f 3114 4243 2965
f 1582 5198 1611
f 4579 6775 4700
f 6558 4408 2598
f 2708 3882 5960
f 3691 3063 6652
f 5573 3564 3643
f 4330 2361 3992
f 3759 4419 3590
f 2011 3327 1736
f 2707 2254 3073
f 6544 4596 1902
f 2869 6840 1902
f 631 1903 6272
f 612 5825 5394
f 2658 5813 3951
f 5753 4485 1902
f 4888 3698 1256
f 3112 3698 4888
f 1906 4643 4529
f 3419 5184 3777
f 6199 2493 2461
f 5551 6321 3751
f 2763 3089 6121
f 4443 2946 2021
f 6569 5952 3434
f 3213 6602 3834
f 3912 1631 3530
f 3184 1825 5093
f 1795 2351 2182
f 2958 3305 2477
f 4075 1908 3786
f 1092 3784 5460
f 1601 2816 3876
f 2211 2747 4506
f 4206 6778 3684
f 1693 2025 5540
f 4940 4792 5838
f 6337 4885 1861
f 2738 5019 2040
f 4612 1839 822
f 3546 5101 5386
f 2870 5167 136
f 1918 2951 7009
f 2126 1918 5247
f 4247 2636 6267
f 4671 6697 2178
f 3165 1920 237
f 3165 236 5341
f 3207 4533 3774
f 6769 5527 2529
f 3077 3207 3774
f 6624 2198 3852
f 6260 4278 2206
f 2719 5443 6891
f 4890 4160 3793
f 3670 3431 6016
f 2257 4076 5687
f 6392 4569 6516
f 2010 1713 1926
f 5632 2572 2512
f 3581 2880 6213
f 2781 4626 5826
f 2913 4607 4249
f 3301 5250 5252
f 1683 4730 4184
f 4144 5617 3961
f 6581 3446 2649
f 3135 6786 2862
f 2578 1897 1661
f 3463 5606 6009
f 1932 5987 1911
f 4697 1932 3253
f 3921 5629 4693
f 2246 2780 5845
f 2185 1934 1900
f 4419 3759 5326
f 3503 4272 6798
f 4132 4272 3503
f 6038 3565 4037
f 4336 1873 2992
f 5379 2272 3325
f 2771 4032 3197
f 2560 4229 3396
f 5806 3552 2850
f 2966 1939 3819
f 2968 2193 5740
f 4945 2559 2759
f 5020 2291 3368
f 5404 4819 6631
f 5426 5328 5410
f 4224 1942 6671
f 6550 6073 5286
f 1674 2993 6774
f 5108 2619 6330
f 4346 3515 6104
f 5313 3359 5700
f 4310 3167 4546
f 4548 6074 4136
f 6148 6508 5876
f 1867 5596 3315
f 2026 3796 6956
f 2889 2152 97
f 3466 4749 2768
f 5899 3935 2897
f 1949 5971 3949
f 4065 6843 6971
f 3646 4240 2870
f 3306 4135 3475
f 1951 3178 4010
f 2746 2858 4699
f 4560 3380 2323
f 5214 5438 5257
f 1953 6532 4707
f 5686 6801 6799
f 2442 2594 2080
f 4637 2085 4008
f 710 2762 1957
f 781 5570 3571
f 2831 1956 650
f 4256 6180 2831
f 3780 1957 3571
f 1957 3780 6286
f 5013 6128 6132
f 5166 2823 3448
f 3793 1410 3357
f 1492 4316 6339
f 3424 2459 6455
f 2860 3587 2416
f 4700 6775 4277
f 7001 2206 4278
f 1962 1668 4470
f 6245 4005 4003
f 4211 3027 2876
f 2876 3096 4211
f 4107 3625 5959
f 3614 5805 2123
f 1963 1965 5610
f 2691 2757 1765
f 4916 6686 2439
f 4916 5106 3636
f 3399 2704 1967
f 4059 3017 6018
f 2871 2731 1659
f 3204 3323 4399
f 6985 3549 5061
f 6297 6019 4474
f 4161 3384 6355
f 3384 3894 6102
f 1971 2914 3588
f 6625 6924 6627
f 6476 4384 5693
f 6640 2129 2237
f 4879 4708 3932
f 3280 4305 3683
f 6642 3044 1666
f 3406 5693 5213
f 3732 5194 5338
f 4152 3419 3777
f 1976 2810 4547
f 4359 5894 3832
f 5686 1768 6801
f 4083 1637 5727
f 5967 5635 5439
f 5092 3847 1744
f 3954 5787 1979
f 4354 2992 5932
f 4193 1980 2962
f 5445 2119 3926
f 3745 2541 4325
f 6242 2103 3072
f 3244 1927 6213
f 6052 6056 6054
f 2319 5344 127
f 5538 5227 3268
f 4623 6349 6314
f 6056 3244 3377
f 1985 4836 2394
f 6474 2778 2117
f 5920 4283 5408
f 3224 2515 2517
f 5130 6912 2777
f 4394 1788 5089
f 3043 2096 3697
f 4717 4361 2503
f 2129 1989 2237
f 6347 4125 2326
f 5131 4839 1990
f 2955 5451 6779
f 1991 4213 3933
f 6084 4815 3080
f 1675 4837 5107
f 6410 5904 3572
f 3593 5102 1993
f 5603 4710 3593
f 6845 4065 5262
f 2152 3956 97
f 2617 4532 3202
f 4102 6572 2171
f 1996 3275 5204
f 4732 3275 1996
f 6347 6990 4125
f 1593 5324 5033
f 1713 1998 5574
f 2746 4699 3430
f 2928 4112 4715
f 5185 2928 3864
f 2421 1799 6828
f 1627 2581 5860
f 3515 4346 2884
f 3086 4261 3241
f 3350 3038 1177
f 1177 3038 1137
f 6613 3004 3573
f 3289 3573 3004
f 1404 3247 2004
f 1809 5797 4398
f 4284 4471 2415
f 6880 4032 5387
f 1719 3483 1786
f 6483 1658 1786
f 4107 1074 3625
f 4627 4929 3286
f 2468 5277 6400
f 6646 2587 3002
f 3065 2009 5747
f 4607 2635 4249
f 1678 1713 2010
f 5315 4993 4090
f 6727 6812 4222
f 2424 3002 2587
f 4127 7015 1782
f 1641 2525 5212
f 6680 5710 3773
f 5713 4220 4530
f 4436 2433 2851
f 5463 5967 4171
f 4098 5189 5355
f 5355 1039 4999
f 2390 1896 3003
f 4073 4071 5720
f 3805 4487 5455
f 6166 1780 4820
f 2834 2348 4775
f 3859 5954 4500
f 6807 2763 4308
f 4075 4049 3259
f 6488 5939 4442
f 5607 4829 5300
f 1102 5035 4420
f 2019 4423 5348
f 1787 3083 4019
f 1787 4845 6449
f 3479 2846 3868
f 2250 2694 3012
f 3139 4349 1684
f 6956 3796 6584
f 5648 2023 3944
f 5258 3481 4312
f 6762 2026 2210
f 2026 2115 6425
f 1844 5045 3367
f 3743 6897 3367
f 6128 5013 2028
f 4807 3723 3172
f 4844 4164 3626
f 2156 3251 4949
f 2030 3942 4301
f 4353 3091 2112
f 2268 2175 6512
f 2175 5168 5170
f 4681 3615 2017
f 6308 2903 4816
f 6854 2033 1160
f 2935 1168 2033
f 220 2235 6601
f 5177 5280 2912
f 6541 4740 2035
f 2016 2035 6986
f 3324 1842 3833
f 6838 3322 5542
f 126 6388 6886
f 3915 1777 126
f 3729 3011 6233
f 6770 5774 6961
f 5608 2224 5150
f 1723 2522 2506
f 5390 5857 6440
f 4610 4770 3467
f 3670 4160 1924
f 4156 5717 6017
f 6764 2307 2852
f 5880 2282 1718
f 6154 4573 4411
f 4409 3399 3765
f 2930 2044 2818
f 2580 5444 5707
f 5533 2427 2164
f 6194 5976 2427
f 2046 3164 2835
f 5961 3969 3512
f 2981 2047 3606
f 1675 6109 3421
f 5735 1755 1610
f 6948 1610 1035
f 2049 2895 5999
f 3580 1728 4826
f 2050 2632 3211
f 2038 5171 6837
f 5126 2690 4016
f 2386 2752 3001
f 788 2052 3209
f 2968 2052 3140
f 4060 2356 6381
f 3772 5931 2819
f 3192 3866 2054
f 2581 4227 3440
f 5190 3681 5188
f 4121 3300 6526
f 2776 4276 3243
f 2876 1622 6687
f 2057 3673 5084
f 3491 3979 4598
f 5716 3622 6329
f 4270 6329 6760
f 2802 3779 3265
f 1801 2146 4972
f 4270 4022 6329
f 5639 2345 4024
f 6444 2061 1553
f 2736 7020 6528
f 3464 6767 4744
f 5939 2659 4441
f 6782 2063 3363
f 3690 3124 4386
f 4900 2064 2066
f 3204 5293 6051
f 6782 3363 2065
f 3366 3455 6057
f 5719 3329 3814
f 4745 2064 5282
f 2067 5462 5070
f 2258 2065 3021
f 2599 5951 5091
f 5951 6313 1083
f 5836 3822 2414
f 4092 5309 1730
f 6077 6079 2070
f 5157 6112 3529
f 2071 5141 6702
f 2719 2071 5443
f 3551 3356 5110
f 2252 2965 2644
f 3671 4369 4703
f 5292 4059 5294
f 6683 2888 2074
f 3582 5569 4146
f 1723 4830 2075
f 3664 6661 4221
f 2076 3036 2630
f 2932 6972 3299
f 5377 2077 6235
f 6026 3801 2080
f 2078 2901 5594
f 1932 4697 5987
f 2079 5385 3865
f 5773 3823 2079
f 2771 3197 2905
f 3144 3232 3801
f 6739 5200 4119
f 1685 2856 3104
f 3882 5564 5960
f 5960 5585 5844
f 6508 2083 5876
f 1946 1843 2457
f 1772 5018 3824
f 4496 2979 5018
f 2085 6029 2693
f 6445 3498 3825
f 4406 6673 5865
f 2442 4006 2594
f 6193 6239 2087
f 3936 6195 6492
f 1969 3852 2198
f 4422 2591 2374
f 3181 2089 6041
f 2029 2672 3030
f 6164 7003 2084
f 2084 7003 955
f 4861 5820 3040
f 3039 6214 6453
f 4762 6401 5078
f 2096 3624 1784
f 2092 5304 5556
f 3726 3155 5565
f 5357 3297 3148
f 5071 4449 3717
f 3330 6342 2095
f 3636 5314 1964
f 3214 3033 2590
f 3726 5565 2093
f 6701 3562 2178
f 3385 6048 2777
f 1777 2651 126
f 6656 3085 5040
f 4439 4994 2099
f 5105 3978 2102
f 2100 5625 3401
f 5799 1653 2545
f 6178 4619 3699
f 4729 1674 6774
f 2099 4994 2102
f 1686 5813 2791
f 3854 4588 5433
f 6106 2179 5433
f 2104 2072 4556
f 5812 2113 4902
f 5511 4120 2105
f 2293 1944 5749
f 4085 5268 5006
f 5276 2420 2952
f 1835 3084 4450
f 4452 2331 3916
f 5957 2147 2108
f 3096 5076 4211
f 3301 5252 2109
f 6580 2847 6578
f 5459 2110 6842
f 4189 6691 2692
f 4922 5405 5786
f 3163 6619 2758
f 1780 4353 4636
f 6463 3844 1753
f 4901 4902 2113
f 2114 5858 4870
f 2113 2114 4901
f 2141 5116 5120
f 3237 2234 2718
f 5665 2111 2234
f 1927 2116 6696
f 5826 4626 1927
f 1985 2930 4836
f 1985 2044 2930
f 2900 5213 2118
f 2620 5199 3426
f 4846 2369 6218
f 6738 2943 5606
f 2927 6894 5697
f 3863 2504 3426
f 2121 6854 1152
f 6336 4157 4838
f 4606 3754 2729
f 4470 5398 6217
f 3519 4483 2496
f 3519 2695 4483
f 2124 4157 6336
f 6336 5732 2124
f 3308 5180 6161
f 1882 4492 6250
f 6215 4431 3484
f 6689 4919 3514
f 5324 6723 1997
f 5198 6723 5324
f 3849 3851 2664
f 3654 2486 2290
f 6642 1666 2129
f 6347 2326 2399
f 6622 2539 2130
f 3508 2686 1822
f 4539 2990 2131
f 2684 2990 6424
f 2125 3885 2547
f 5799 2545 5421
f 4264 5339 5869
f 3250 3132 6157
f 6415 2134 3359
f 1748 3691 6652
f 5591 1749 4990
f 848 2914 5591
f 2885 1198 2136
f 3582 2885 3579
f 4804 3298 2137
f 2602 4591 6307
f 2138 3702 4033
f 4945 2759 4577
f 5499 3298 4804
f 4280 1694 3632
f 858 3771 2140
f 5794 6460 3771
f 5120 1706 2141
f 4989 5675 1898
f 1953 4707 2142
f 5514 5994 5512
f 5808 2143 2463
f 2463 2143 1370
f 3345 3506 2144
f 1687 1057 3644
f 6986 6984 2016
f 4311 4740 6541
f 3295 4355 3855
f 2666 2633 2059
f 3632 3719 4351
f 2709 2243 3255
f 6410 3572 1992
f 1937 3262 3220
f 1409 2149 3787
f 1384 4651 2149
f 2150 6291 4525
f 3547 2981 6983
f 1702 3372 2151
f 2504 3370 3426
f 6431 2940 4314
f 4313 2940 4479
f 2955 5381 5453
f 3725 3821 7028
f 2154 5898 6361
f 2154 3935 5898
f 2447 4343 4345
f 5333 4343 2447
f 3984 4966 6264
f 2657 6261 1663
f 1664 3409 5927
f 5745 4951 3908
f 5283 3484 2158
f 2158 5605 1853
f 2159 4876 5741
f 6617 7006 5063
f 5738 3859 2827
f 3534 2149 4651
f 5712 4493 3945
f 6386 4237 4252
f 5858 2114 2161
f 2161 5041 5858
f 2163 2947 1768
f 3087 1899 4720
f 146 5449 2164
f 4882 6565 3161
f 2165 3673 2057
f 2995 6421 4429
f 148 5775 150
f 5151 3161 6565
f 6516 4569 4076
f 2822 6071 5218
f 4523 4761 5841
f 2365 4523 6546
f 2692 5507 6163
f 4799 6659 1827
f 4977 6087 3744
f 1711 4016 3596
f 3862 4102 2171
f 2822 5218 4461
f 2910 3563 4674
f 3735 6377 4057
f 130 1935 2173
f 6456 1935 3136
f 6819 5928 3126
f 4030 2172 6283
f 6852 2941 2595
f 4969 3075 6834
f 4609 3563 5559
f 3204 3203 3323
f 4118 1560 2985
f 4590 4864 2815
f 2954 4186 3369
f 2501 3050 4186
f 6106 2585 2179
f 3776 4182 2378
f 5548 2775 1798
f 4186 3050 3369
f 5117 1758 4187
f 6299 5966 2484
f 2479 3235 3189
f 4557 2479 2180
f 2183 1600 5983
f 6068 3144 3801
f 6273 6271 2180
f 1911 5987 4736
f 3847 2411 6817
f 6997 4841 3121
f 2551 1968 3800
f 5965 4459 4648
f 4823 6732 1994
f 6238 5104 4446
f 2188 2222 4858
f 3435 4230 2357
f 2706 2189 1909
f 4140 4081 6567
f 4676 6018 2999
f 2706 6896 2189
f 5729 1672 3554
f 3948 5837 2997
f 6098 2192 1602
f 6443 3485 4445
f 5740 2193 6735
f 4166 3227 5968
f 2194 3112 6002
f 4670 4423 6448
f 3665 6759 3421
f 6808 6759 3665
f 2928 5037 4112
f 4665 3995 1999
f 724 6747 3631
f 5395 4884 3497
f 4639 4599 2247
f 6557 3428 4601
f 2199 4886 1950
f 2605 1917 4042
f 2200 3693 6951
f 2926 2748 5135
f 6961 5774 3011
f 5613 5795 2038
f 4512 5502 4167
f 2720 2787 5231
f 3617 4223 5638
f 4029 2679 2962
f 5747 3620 3065
f 6461 7001 4278
f 5581 3713 2205
f 5767 3187 3375
f 1923 5414 3459
f 3967 2896 4817
f 2664 3851 3261
f 6938 5088 3411
f 3792 6930 3309
f 5202 3607 3309
f 3809 4195 3319
f 2436 5256 6856
f 3510 1833 3246
f 3714 3013 1824
f 4763 5961 3512
f 4763 3512 2208
f 5083 1681 3108
f 2844 6848 5382
f 5241 2213 5881
f 2451 3635 4051
f 3302 2365 2214
f 5848 5022 6169
f 4528 4349 4834
f 5276 2952 124
f 2765 5699 4067
f 4208 5523 4067
f 3483 2005 6481
f 4074 2006 6331
f 4498 2216 5901
f 5165 2058 2662
f 2221 5626 1677
f 3816 2893 3696
f 5720 4071 3418
f 6140 5718 1739
f 6418 4503 5108
f 3062 4142 1759
f 4858 5696 4859
f 1698 2728 7019
f 3441 5366 3443
f 4560 5911 3380
f 2224 1746 5150
f 5798 4828 3538
f 6976 5438 5214
f 4584 6748 6976
f 3976 2226 1439
f 5359 6339 4316
f 6337 1915 4885
f 3928 4930 4683
f 2971 4617 5762
f 7007 4260 2471
f 6543 5879 6263
f 5776 7005 2470
f 6213 4623 3244
f 4623 1984 6349
f 6657 5880 1718
f 4319 3667 2229
f 2232 5886 1817
f 4728 2848 4533
f 4201 2233 6091
f 6955 226 4023
f 4920 3473 106
f 4920 4305 3280
f 5726 2233 6601
f 5726 3836 5761
f 3675 6269 4923
f 6022 4080 4229
f 3973 4384 6476
f 3689 2761 5878
f 3071 3499 5923
f 5425 4025 2373
f 4633 1789 2239
f 3071 6871 3960
f 6882 6637 3270
f 5461 2834 3351
f 4391 3297 4879
f 4391 4879 3932
f 5073 6641 3703
f 3351 6898 2240
f 3719 4746 4218
f 5993 1694 1838
f 2516 6130 5163
f 3097 4111 1823
f 3741 5140 6895
f 6943 2221 1677
f 5629 4046 4693
f 1933 2076 2630
f 1922 5060 1595
f 5062 5818 4091
f 2248 1805 3770
f 6577 5365 4778
f 3249 1832 3812
f 4568 2455 6662
f 2846 2250 3012
f 5215 5442 2685
f 6608 2821 5074
f 1808 900 4368
f 6142 3422 5547
f 2647 6795 4310
f 4799 1827 2253
f 1979 2982 4984
f 1944 3893 6050
f 6979 3522 2134
f 2592 5907 2255
f 4686 3811 2750
f 3615 2256 2017
f 5820 3705 6962
f 2909 3791 6497
f 3314 5677 6693
f 3511 2258 3021
f 3053 4169 6252
f 822 4905 2544
f 4567 3734 3415
f 2260 4552 1876
f 4551 6128 2028
f 4553 2261 3358
f 4614 2259 3358
f 2793 859 838
f 5948 3903 807
f 5744 2263 1738
f 4326 5261 1695
f 4210 3902 3669
f 3755 5426 5410
f 2265 2055 4379
f 2312 4188 2055
f 2266 6192 3669
f 3266 1778 2790
f 2947 6777 5634
f 1768 2947 6801
f 2268 6512 5525
f 6100 5525 4158
f 4054 1971 3588
f 2353 3734 6949
f 4402 4060 4404
f 4404 2723 4402
f 4644 3438 2271
f 141 6938 2725
f 2272 5910 5912
f 2272 5912 3325
f 6228 686 6124
f 4896 547 546
f 6632 5282 5851
f 5282 6632 4745
f 5633 3103 4711
f 2669 4481 3972
f 7015 4127 2525
f 4306 4950 2012
f 4436 2277 2433
f 3103 2275 2014
f 1845 1672 5729
f 4535 2780 2246
f 3157 2279 2528
f 3157 4784 6818
f 5307 3394 3879
f 6929 2227 3333
f 3033 5452 4172
f 3931 2095 2857
f 2282 3365 5138
f 1714 4932 4260
f 1874 597 3901
f 597 616 2957
f 6643 4818 5636
f 4274 5667 3656
f 2879 5086 1756
f 6033 2348 1737
f 3918 1319 4760
f 5893 1875 3154
f 3288 5075 2287
f 5809 3817 2911
f 5697 2900 2118
f 6757 2927 5697
f 1649 3982 6385
f 3476 4147 1655
f 5780 3559 4466
f 4466 5054 5780
f 4300 2759 2559
f 3790 4613 1940
f 3660 4100 4988
f 3914 6497 3791
f 6618 5146 4827
f 5146 6618 2320
f 2294 2177 2815
f 4352 4889 5787
f 4957 3749 2453
f 6710 3564 4526
f 2296 2297 5760
f 5471 2734 6065
f 5760 2297 3830
f 3830 4970 5243
f 4196 5892 5397
f 2010 3878 1678
f 2697 4480 1639
f 4142 3218 1759
f 5124 3068 2056
f 2697 1639 5235
f 5775 3079 2166
f 5149 3161 3573
f 3125 4667 4894
f 3125 4894 6707
f 2851 2045 6884
f 3604 5691 3603
f 2599 5091 2304
f 3523 4578 3225
f 1803 2305 2020
f 5360 5159 6389
f 5950 3729 6233
f 1796 4287 4873
f 2307 3789 2852
f 2117 5752 4066
f 5017 488 506
f 488 5017 4782
f 5666 2309 3024
f 495 3486 516
f 2310 6916 2126
f 4919 6689 4433
f 2311 3497 4766
f 4652 5015 3256
f 2265 2312 2055
f 3392 2312 2265
f 3327 4714 2313
f 3327 2313 1736
f 2314 5515 3343
f 3897 5980 5517
f 3936 6492 2315
f 3344 5944 3358
f 2316 6971 3414
f 3239 5487 5496
f 2072 3867 4558
f 4243 3356 3551
f 4063 3676 4851
f 4851 6758 4063
f 5344 2319 5942
f 4783 3114 2035
f 3999 2986 6519
f 2986 3999 6741
f 7005 6182 2470
f 2866 6957 4033
f 2322 4897 2321
f 6711 7029 3748
f 6122 3553 1892
f 4862 5416 6047
f 4657 2481 3179
f 2375 5886 2232
f 6591 4703 4369
f 4028 6589 5745
f 4983 4248 3971
f 6577 4983 5365
f 1732 6816 1858
f 6752 1673 4467
f 2328 2672 2029
f 6506 4162 2448
f 2651 5702 126
f 6827 2710 126
f 5051 3256 2330
f 6078 3585 534
f 4805 1832 6736
f 6736 1832 3249
f 6952 6954 3858
f 1864 6722 5211
f 2333 6705 4529
f 6714 5034 6718
f 2337 2334 795
f 754 4701 4465
f 6365 3725 5676
f 5676 3725 4317
f 3313 4872 3137
f 4872 2701 5312
f 2337 3905 5050
f 2337 4465 4701
f 4650 6072 2338
f 1986 5920 5918
f 3492 3758 5198
f 1661 1897 6457
f 3754 2340 2729
f 6149 3902 4210
f 2341 3194 738
f 754 4465 2341
f 3926 1735 5445
f 2920 3943 4344
f 4215 3340 2343
f 5184 6013 5705
f 2024 5528 5530
f 5528 3655 1868
f 4026 2060 4024
f 2060 4026 4139
f 3569 3020 3655
f 1868 3655 6464
f 5791 4561 5567
f 4561 5137 5567
f 5647 2883 6370
f 4072 3331 2883
f 2628 3163 4907
f 106 3473 5784
f 5244 4976 3074
f 4242 1616 3708
f 5802 2180 2182
f 1798 2775 4899
f 2352 3025 1575
f 5077 3025 6009
f 6096 4054 4952
f 4054 3588 4952
f 3877 2476 3875
f 2226 5359 4316
f 3992 2355 4330
f 4084 2355 3120
f 2356 4874 6381
f 6611 2385 2053
f 1792 5590 6813
f 6740 6478 3517
f 2358 4704 3317
f 2358 3317 2478
f 3535 2359 1704
f 3479 3868 4206
f 1762 5764 1706
f 5764 2141 1706
f 3994 2530 3008
f 3520 2014 2530
f 5288 2362 2045
f 3759 2362 3010
f 3963 3767 3391
f 123 2568 3987
f 5674 1930 5284
f 3921 4510 5629
f 5679 5016 6644
f 5016 5014 3507
f 5154 3048 93
f 3393 5356 6684
f 5985 4677 6447
f 3498 6445 4677
f 1648 2368 1870
f 1648 1053 2797
f 2369 4846 4508
f 3098 2753 1805
f 1981 2370 3896
f 3282 4802 4150
f 3652 2371 2960
f 1619 2371 3652
f 6514 5814 2372
f 5814 2906 6187
f 4025 1633 2373
f 4012 4231 4415
f 3852 4422 4110
f 4110 3993 2088
f 2324 6785 4231
f 6785 4771 3766
f 3565 2376 1816
f 2566 6523 5197
f 2766 1942 4396
f 1812 4057 3031
f 4182 5709 2378
f 1659 6610 4611
f 6126 1791 2379
f 5870 2600 3909
f 2380 6268 1783
f 6507 2802 5298
f 4288 3539 4342
f 6256 6513 4288
f 4502 1576 4903
f 4903 1576 5964
f 4486 2383 3253
f 5342 5812 2705
f 2384 3463 4477
f 3794 4184 2384
f 6517 6240 2003
f 3041 2185 3439
f 2554 4161 3222
f 4702 5391 6227
f 6809 2387 227
f 227 2387 254
f 4133 4935 3846
f 4935 3503 3846
f 5206 3028 5890
f 2816 4812 3876
f 6984 4908 2016
f 4073 5720 3118
f 6164 4281 2391
f 6190 2908 2090
f 2392 6320 2967
f 3974 4884 5395
f 6003 4591 2602
f 4593 4595 3675
f 5457 6660 4683
f 1716 4122 3236
f 2395 3990 4131
f 6660 5956 4683
f 2396 2205 3713
f 5310 5790 1813
f 5057 579 2397
f 1903 3294 648
f 5696 2398 4859
f 3760 5097 6493
f 2326 4096 2959
f 3434 6925 4367
f 4087 2054 5099
f 3535 1704 1623
f 4995 6467 1836
f 4009 5343 3633
f 6557 1926 3428
f 1998 5631 7027
f 791 2403 4416
f 770 5283 2158
f 2218 2404 4270
f 4069 3170 1792
f 5445 3082 2405
f 1805 2753 5406
f 2259 2406 3358
f 4170 1841 2769
f 3862 2171 6032
f 6295 1676 4100
f 6811 3180 2408
f 6767 6344 4744
f 2409 2157 3715
f 4426 3716 4904
f 838 2410 2793
f 2262 6417 4155
f 5419 4764 6136
f 4822 6838 5542
f 3025 6670 1575
f 6262 6260 2206
f 2413 1786 1658
f 3215 4847 2195
f 5369 2414 3822
f 3600 2417 6206
f 5387 4032 3420
f 4418 2609 6185
f 3074 4976 2416
f 4725 2550 1968
f 3231 2417 3600
f 3231 3090 4439
f 2987 2418 3045
f 3482 4815 6084
f 2867 2418 2419
f 3848 2822 4461
f 3589 6412 2420
f 6886 6388 2420
f 6210 2421 5536
f 4571 5428 6183
f 3073 5313 3543
f 4742 6537 5361
f 3077 3774 2423
f 6284 2298 4090
f 4756 5713 4530
f 2918 5713 4756
f 5605 2425 4232
f 4126 2425 6917
f 2426 1574 6411
f 3278 4530 5021
f 5976 4179 2427
f 2427 146 2164
f 2428 1720 3099
f 4429 5748 6387
f 3141 5238 5893
f 1309 5029 4304
f 1771 3877 6110
f 5096 3057 6585
f 2950 2431 2868
f 6711 3748 6061
f 6198 6841 3842
f 6551 1924 2953
f 5337 5584 2907
f 5582 2014 3520
f 1745 2434 2770
f 6065 4175 5350
f 5181 2435 3138
f 6138 5362 1665
f 2209 5256 2436
f 3388 3026 5162
f 3760 2437 5306
f 2988 6622 2130
f 1682 5905 1437
f 6458 4398 1682
f 5375 5809 3452
f 5182 4712 3861
f 2440 5651 1966
f 5809 4712 3452
f 3196 2441 3442
f 3442 3742 4358
f 4637 4006 2442
f 6721 1855 3871
f 3628 5681 5998
f 6000 115 4907
f 2444 2964 1620
f 1620 3560 2900
f 2445 3084 1835
f 1278 2445 1835
f 4284 2415 2446
f 4604 1574 2426
f 2155 2431 4011
f 3370 5403 4345
f 1793 6506 2448
f 6318 3007 5269
f 6228 2273 689
f 2451 683 2273
f 5888 4875 2450
f 3782 5903 4357
f 2451 2273 6228
f 3635 2451 2449
f 3811 2452 5207
f 3518 2452 6704
f 2453 3747 3151
f 3252 6289 4880
f 2454 1995 4478
f 5127 3380 4855
f 4566 5284 6378
f 5284 1930 3150
f 5361 4027 2456
f 3110 2589 4387
f 6508 2457 2083
f 6620 5866 5793
f 5914 2458 5895
f 2615 2436 6856
f 3823 5513 2079
f 4207 5249 4981
f 2220 1945 2460
f 2808 4476 3818
f 6199 2461 1907
f 1666 3044 6569
f 5264 2462 1945
f 2462 2460 1945
f 3431 5808 2463
f 1393 1859 2463
f 4893 4202 4323
f 2500 4620 3423
f 3113 6675 2465
f 3672 2953 4936
f 3898 2466 3528
f 6592 7014 5777
f 2904 2143 5317
f 5191 3672 2465
f 2466 4975 5777
f 3130 4975 5103
f 3925 3471 4488
f 5179 378 6006
f 5776 2470 3750
f 5370 4779 4324
f 4617 2971 4615
f 5370 3263 2228
f 1777 3915 6036
f 5104 6036 4446
f 5932 4891 4352
f 6988 2825 3810
f 5258 3892 2474
f 6951 3693 3869
f 2859 2443 6156
f 5506 5477 3924
f 2354 5479 2741
f 1800 6101 2745
f 6861 3305 6863
f 4410 2892 6053
f 3088 4366 5082
f 3088 4363 4366
f 2182 2180 2479
f 6863 3305 3945
f 4150 4497 3282
f 4130 2103 6242
f 2481 3240 3179
f 2156 4356 3251
f 2541 6357 5122
f 2039 2522 1723
f 2001 6118 4802
f 2001 3241 4261
f 6301 2484 3285
f 5682 4127 1782
f 6461 4278 4277
f 4972 2146 3618
f 2486 2128 2290
f 3067 2800 4504
f 2487 5614 6090
f 3549 2490 4682
f 1470 2488 2724
f 5607 4236 2488
f 6775 2489 1961
f 1961 6502 2485
f 1785 4682 2490
f 3430 6715 3022
f 6165 2491 3475
f 5101 3475 4780
f 3505 6144 1975
f 1975 2838 4513
f 4573 1881 4411
f 1881 2865 6923
f 4486 1911 2494
f 6364 2383 4486
f 5210 3279 5267
f 3897 5210 5267
f 3756 1882 2440
f 6161 4492 1882
f 3115 2497 1617
f 4445 3485 3245
f 6692 7022 145
f 4414 3561 6692
f 6314 3637 2230
f 3989 1733 3599
f 2500 3423 3561
f 6446 2733 4202
f 93 3048 5503
f 2097 4743 5503
f 2502 5312 5673
f 2502 4954 3227
f 3270 2503 6882
f 2662 4137 2503
f 6913 2151 3372
f 2264 4647 4377
f 6728 3348 6724
f 4290 4123 2562
f 4887 4294 5043
f 3575 5152 4296
f 1820 6444 1553
f 5043 4294 4830
f 4919 4433 2508
f 6040 4917 3318
f 5067 5069 4801
f 4585 4329 6662
f 2510 2915 994
f 4293 2915 2510
f 4989 1898 2511
f 4410 5116 2141
f 5254 5742 3550
f 4064 1998 1713
f 2150 6237 6291
f 5970 3607 5202
f 4457 4029 2962
f 1632 2902 5275
f 4337 1856 2515
f 1856 3547 6607
f 2244 2516 6830
f 2823 4111 3448
f 3367 4244 1844
f 5766 1844 4244
f 2002 2518 3160
f 1734 3113 2465
f 1897 2339 2519
f 4579 3567 3267
f 2520 2217 3911
f 4837 4649 5107
f 1818 3429 2521
f 1818 4887 4296
f 5608 5150 3575
f 2482 3575 3187
f 5732 5143 2830
f 3504 5143 970
f 2524 5063 1631
f 3912 2524 1631
f 2617 2276 4532
f 3005 3699 6420
f 2526 2019 4594
f 4308 1102 4420
f 6236 4548 4136
f 4071 4739 2220
f 6513 3539 4288
f 4138 2573 6010
f 4641 6769 2529
f 3395 4599 4639
f 2530 2014 1750
f 4128 6241 2530
f 4960 2531 4213
f 5147 5102 4960
f 5958 1727 5430
f 6352 3920 5611
f 2721 2137 2533
f 6634 2533 3129
f 2532 6350 3379
f 4189 2692 5436
f 3376 2245 2535
f 2221 2535 2245
f 3128 3593 4710
f 5367 4741 2619
f 2537 6463 1753
f 1753 6663 2537
f 2538 6573 6575
f 3696 4375 1828
f 1822 2686 5195
f 2675 5458 3613
f 5003 6536 5626
f 5851 5714 6632
f 5938 5122 2785
f 1721 5168 4327
f 5287 2105 3386
f 3387 3493 1901
f 4786 5287 3386
f 4786 2079 1767
f 3746 4612 6489
f 4612 1916 1839
f 3508 2545 1653
f 4104 3508 1822
f 2546 3536 2040
f 5383 3014 5390
f 4798 1322 4517
f 3885 3217 4798
f 2600 4091 5818
f 3909 6403 3907
f 723 2546 2549
f 726 2549 2546
f 1968 2550 4978
f 6610 6612 4611
f 5620 2551 6501
f 4825 4725 4004
f 2148 2552 5904
f 3799 1600 2183
f 648 5396 3471
f 648 5394 5396
f 2554 5541 6716
f 5543 2554 3222
f 5352 729 3200
f 4097 5484 6417
f 5641 2556 2201
f 2201 2556 3011
f 2640 2557 4520
f 5364 4722 2886
f 2558 6211 6368
f 1938 5806 4564
f 3368 4300 2559
f 3491 5026 3979
f 6422 6211 2558
f 4017 3173 6022
f 1777 6036 2561
f 4019 3083 6656
f 2562 6470 2401
f 4995 5343 2799
f 2422 5796 1797
f 5197 5400 2566
f 6652 3063 5982
f 2563 2566 5400
f 1355 1887 5862
f 1887 4452 3916
f 4437 5982 4565
f 3272 5867 4191
f 3106 4530 2567
f 2567 2008 5736
f 4769 3963 6937
f 3678 2363 4769
f 2569 5560 4496
f 4295 4293 2510
f 3304 4821 2570
f 3129 4421 1695
f 4038 2088 2571
f 5062 1595 5060
f 2572 5094 6379
f 3788 4974 6202
f 2573 2062 6010
f 4441 2659 3966
f 2574 6200 3860
f 5296 6087 1783
f 5508 3000 2464
f 3000 6433 2464
f 4314 2576 6431
f 3510 6902 2576
f 5440 2577 5441
f 2232 1817 6606
f 2578 3986 1897
f 6218 4407 4846
f 5529 2579 2000
f 5145 4227 3835
f 6296 2580 6298
f 1913 2837 1891
f 2421 3642 5536
f 3835 2000 5145
f 2582 2009 5831
f 4255 3290 3109
f 1031 2783 2583
f 4705 6429 3997
f 4247 4427 2636
f 4114 2708 4985
f 4514 2789 2585
f 5495 4514 2585
f 5321 2797 1066
f 5173 3286 4929
f 1562 4603 1563
f 6400 2424 2587
f 6006 378 5575
f 4201 5575 3737
f 5624 5363 5803
f 5803 5363 4387
f 4685 5080 5295
f 4172 3931 2857
f 4474 6019 3815
f 3549 2487 6090
f 5810 6093 5630
f 3233 6690 2857
f 3443 3487 3441
f 2086 3487 4489
f 2080 2594 6026
f 3688 2086 4489
f 6852 2595 6850
f 6952 3858 1864
f 5828 2596 2025
f 5169 2685 5442
f 2597 1712 4582
f 1942 4224 4396
f 2892 6558 2598
f 2956 7016 6703
f 4909 5658 1884
f 4909 3739 2093
f 5441 2577 3119
f 2548 4794 5870
f 4690 2601 5446
f 2767 6779 5121
f 6082 4804 6003
f 3626 4164 6082
f 2603 1990 4839
f 5446 2601 5969
f 1780 2604 4820
f 3857 5246 4168
f 1917 4856 1743
f 1802 6170 2872
f 5459 3988 4824
f 2380 3807 6268
f 2877 2607 6131
f 4173 3517 6794
f 4866 3497 724
f 5271 4866 724
f 2609 4418 6455
f 6455 2459 5922
f 2610 1770 3186
f 4695 4398 6458
f 2611 4215 2934
f 6705 3338 4529
f 4258 3361 2612
f 2612 5965 4258
f 7013 4440 2021
f 1166 5644 2687
f 5074 959 2614
f 3568 978 5664
f 5895 6746 5914
f 5687 4076 4050
f 3436 2616 2117
f 3990 6120 4131
f 4950 5228 4099
f 2525 4584 2225
f 3840 6803 5128
f 6532 1953 4869
f 4980 6639 2536
f 2538 6328 6573
f 2620 1941 6334
f 3950 4343 5333
f 2621 2203 5578
f 5617 6162 3961
f 4275 2622 6232
f 3758 5024 4103
f 5141 6361 2623
f 2623 3336 5580
f 2624 4056 2127
f 2622 4103 6167
f 4277 2625 1572
f 4378 3175 2625
f 4857 6486 5690
f 5332 4600 3168
f 2627 6878 2671
f 4241 3064 1739
f 6963 5786 2628
f 6619 3163 2628
f 6971 6843 2629
f 1994 2187 4806
f 5627 5230 4046
f 3650 4535 2246
f 5971 3414 2631
f 2629 4279 2631
f 2848 4728 2632
f 4728 1599 4287
f 4249 2635 5792
f 5113 6105 3295
f 2634 5869 5339
f 2382 5962 1573
f 2635 6105 5792
f 5909 3618 2146
f 4671 5579 2980
f 4427 1987 4618
f 1647 2637 2891
f 2637 6482 6394
f 4432 5598 2638
f 2682 3742 1813
f 2745 6101 2639
f 6560 2639 3217
f 2640 4520 2642
f 3451 4735 5883
f 5086 2641 1756
f 5888 4357 5903
f 2642 6472 2640
f 4606 1662 1893
f 1951 2643 4370
f 2858 4974 3788
f 4243 4663 4867
f 2317 6853 4243
f 2645 5547 3422
f 2644 5087 2252
f 3583 3680 6466
f 6159 6466 4938
f 3768 2647 2527
f 3623 2647 4515
f 4394 3583 1788
f 4618 3583 6839
f 4630 3150 5240
f 1862 5340 4511
f 1836 2650 1618
f 2650 5863 1618
f 5038 5702 2651
f 5040 6751 6909
f 2329 2652 6113
f 4143 3940 3453
f 1907 6152 4458
f 6152 3035 4456
f 2654 3398 4689
f 6929 3333 3394
f 898 6667 5816
f 943 1769 5679
f 2656 4199 1954
f 4197 6445 3825
f 2306 2657 1663
f 4597 4873 5466
f 3302 3507 2365
f 4523 2365 3507
f 3966 2659 4811
f 2345 5639 6893
f 6171 4007 2660
f 4655 3958 4392
f 3003 2661 2390
f 5392 4739 2661
f 5901 4270 6760
f 4498 5901 6354
f 2663 7010 3645
f 3559 7011 4328
f 2664 3261 5782
f 5780 5054 2664
f 6390 2022 3085
f 5040 3085 2022
f 2666 2059 1728
f 4687 4381 5323
f 3041 2667 1934
f 6784 5326 4521
f 2668 154 6611
f 3000 3287 6435
f 3833 5633 6654
f 4698 3833 1842
f 1774 5742 5254
f 6227 6306 4749
f 4668 4736 2184
f 4937 2184 4736
f 4212 5546 4494
f 5544 5915 5012
f 4579 3267 2673
f 4269 2673 5612
f 2674 6679 5068
f 3861 1966 5437
f 4798 4517 4034
f 6034 3690 4386
f 2676 6664 1673
f 6824 5066 6870
f 2240 4469 3351
f 2060 4139 2894
f 6517 2003 2678
f 6884 2045 5758
f 2679 3078 3621
f 4193 6709 3926
f 154 2680 2385
f 4673 6517 2678
f 1668 2920 2681
f 1668 5398 4470
f 2682 3826 4189
f 2682 4432 2638
f 1776 3740 2513
f 2513 3104 2856
f 2990 2684 2131
f 1862 4511 6645
f 4748 2683 5850
f 2474 6858 3481
f 4246 5195 2686
f 6325 4095 4246
f 2687 5644 2613
f 1134 3169 2613
f 3099 1720 5874
f 4050 5874 1720
f 2689 1894 1740
f 3064 4241 2901
f 2690 3996 2441
f 3658 3996 2690
f 4904 3716 4195
f 1965 4195 3809
f 2532 2692 6350
f 2692 6163 2534
f 2085 2693 6969
f 3285 2484 5684
f 3012 2694 5248
f 3711 4163 1643
f 6934 4113 6932
f 2953 6197 4113
f 4163 2696 1643
f 6928 3753 6927
f 5739 3068 5124
f 1602 6744 5739
f 3735 2172 6377
f 2989 4674 3563
f 4297 2469 2699
f 4488 5179 6006
f 2700 1623 2740
f 6509 1623 2700
f 2701 4092 1888
f 3780 4092 6286
f 3100 3795 4109
f 5226 6172 6470
f 4957 2703 3749
f 6055 3775 4869
f 1881 6923 2704
f 4633 2239 5292
f 4350 6043 3034
f 6043 5342 3034
f 6126 4676 1791
f 2043 5085 3968
f 2707 3073 6630
f 6519 5260 2707
f 4245 2584 4247
f 4425 6254 2363
f 2243 2709 4218
f 2147 4562 2108
f 6827 128 2710
f 6751 6390 128
f 1739 5393 2711
f 4241 1739 2711
f 2712 5476 2543
f 4284 2446 4604
f 3762 5307 3879
f 1702 4819 3372
f 2714 6817 2411
f 3177 4460 2714
f 632 2715 5500
f 5500 2715 4299
f 4861 3040 4726
f 2091 4116 5059
f 2068 5951 2599
f 4795 3829 2068
f 3676 4063 4914
f 1949 3237 6708
f 6891 3461 2719
f 1923 3967 5414
f 4997 6819 3126
f 3072 4997 4424
f 2533 1867 2721
f 1867 3315 6432
f 4330 2722 2361
f 2530 6821 3520
f 3559 5115 4642
f 152 1863 4644
f 1468 4233 1742
f 2488 4236 4233
f 4620 2725 5830
f 5832 2270 3772
f 2725 2726 4082
f 6133 3413 7018
f 4956 3140 2727
f 4956 3227 4954
f 2398 2728 4859
f 4859 5537 2767
f 5023 1662 4606
f 3639 2264 3219
f 144 6825 2730
f 2881 4203 5474
f 4981 2731 4207
f 4978 4399 6610
f 4505 1731 2140
f 4505 3571 5570
f 2733 151 4892
f 4203 4971 143
f 2734 1632 5275
f 4175 3291 5350
f 5128 2735 4194
f 5083 3108 5081
f 6028 2736 6528
f 5520 2202 4570
f 2737 4817 2896
f 5211 3059 4817
f 5019 2738 6092
f 6094 2353 5695
f 4680 5476 2739
f 4680 2739 5263
f 4320 6149 4210
f 6147 6149 4320
f 2741 4759 2432
f 2741 3480 4759
f 3117 3718 5815
f 5156 5815 3718
f 1857 2431 6711
f 2713 6711 3578
f 1442 2744 1621
f 2744 3890 4696
f 2745 2639 6560
f 5334 2132 3627
f 1998 5424 5631
f 6868 6832 4204
f 3753 2747 4942
f 6296 5444 2580
f 6978 5135 2748
f 1844 4117 5045
f 3594 3592 5908
f 4502 3250 1576
f 2255 5304 2750
f 3214 5295 5080
f 2751 2032 4430
f 4877 2537 6663
f 2752 6100 4158
f 3384 6102 6355
f 6995 2369 4508
f 5599 6944 4413
f 5334 3627 2754
f 6998 4169 3053
f 1897 3986 4267
f 3492 2339 1897
f 3163 5628 2756
f 2970 3525 2475
f 1765 2757 2291
f 1940 6469 3790
f 1860 4948 2111
f 4948 5786 5405
f 4531 5093 1700
f 6469 1940 4531
f 2760 2086 3688
f 5597 5985 6447
f 3689 6647 2761
f 4735 1962 5883
f 763 1955 3571
f 782 3571 1955
f 2763 1102 4308
f 4075 3997 1908
f 4218 2764 2243
f 5345 6588 3499
f 6057 5523 4208
f 3455 5523 6057
f 2377 4265 2890
f 4263 3577 5913
f 5537 4317 3730
f 7028 3821 7030
f 2768 3158 4196
f 1948 2556 5641
f 2135 2769 4015
f 2769 3358 4015
f 1976 4547 4545
f 5053 1850 3427
f 4032 2771 5910
f 5319 6437 5652
f 2772 5770 4918
f 5755 2772 4918
f 2839 380 2773
f 2839 2773 381
f 5556 5078 2092
f 3624 5990 1784
f 5844 5804 4809
f 5804 5802 4809
f 2263 5744 3404
f 5178 2056 4721
f 4743 2097 2777
f 5130 2777 2097
f 2616 6468 6120
f 1779 6468 4932
f 6696 2116 2779
f 3841 3127 4626
f 4535 6520 2780
f 3505 4322 6144
f 4626 2781 3841
f 3136 1935 6054
f 2915 2782 994
f 1012 2782 4576
f 3182 2783 1037
f 2783 3182 2583
f 5278 3248 2784
f 697 727 3843
f 4327 2785 3713
f 3713 5767 3375
f 1673 2786 2676
f 4068 1671 3330
f 2720 3939 2787
f 5913 1709 3031
f 3757 1247 3752
f 3757 6002 1247
f 2179 2585 2789
f 3776 1790 4586
f 1651 2266 5119
f 1651 5119 5327
f 1686 2791 5251
f 2791 3172 5251
f 6337 3266 4961
f 3634 1915 6337
f 2798 2262 6195
f 4373 6417 2262
f 2794 1664 5995
f 6371 5800 3716
f 2798 5560 2795
f 2795 5560 2569
f 3595 3328 1970
f 2554 5543 5541
f 5321 4929 2797
f 1648 2797 2368
f 5042 2798 2795
f 2410 4373 2793
f 2562 2401 2799
f 6638 2562 4990
f 5299 2800 3067
f 2751 6595 2032
f 4102 2801 6572
f 1885 6570 1993
f 2146 1801 3855
f 3449 3855 4370
f 2429 2803 6369
f 4911 3821 3725
f 2305 2804 2020
f 5937 2804 6893
f 2286 2805 5797
f 2803 3154 4403
f 7012 4852 3574
f 4852 7012 4849
f 2807 5611 3920
f 3810 2825 6220
f 4250 1691 3532
f 1691 2711 6442
f 2806 2809 2358
f 4706 4704 2358
f 5243 2810 3830
f 1724 2236 6743
f 2811 3883 5075
f 2813 2518 2002
f 7018 3413 2812
f 6904 3857 4168
f 2811 4661 3883
f 3038 4753 2586
f 5413 4473 2814
f 3117 4475 3718
f 2294 2815 3718
f 4864 1650 2815
f 2816 2389 4810
f 1996 5204 5801
f 1980 2817 4751
f 4730 1980 1929
f 2818 6294 5475
f 5347 6294 6298
f 5934 2498 2819
f 4892 5934 2819
f 2820 772 774
f 5166 794 772
f 1808 5531 861
f 5531 1808 5072
f 2419 2167 4412
f 2867 2419 4412
f 2823 1823 4111
f 5519 5515 2314
f 3190 4124 2824
f 2741 5479 3480
f 4655 6580 6221
f 6219 2807 3922
f 3255 6153 6155
f 6011 6373 2157
f 6389 2827 5360
f 4500 3731 2834
f 2828 3504 1612
f 935 2828 1612
f 6230 2829 5900
f 4259 3890 2829
f 5732 2830 6176
f 6130 3296 4020
f 6300 4256 4782
f 3019 2495 5450
f 2832 1993 6570
f 5603 3593 1993
f 2833 1848 1672
f 2869 1902 4596
f 5461 6099 2834
f 6099 4500 2834
f 2835 3661 3874
f 3874 4772 5961
f 3720 5270 4818
f 2066 2064 4745
f 5961 4772 3969
f 6298 2580 5347
f 1975 6144 2838
f 2492 3171 4152
f 467 5623 473
f 3156 4225 467
f 4875 1652 4013
f 4013 4434 1135
f 2841 2337 5050
f 2269 2841 5692
f 2426 4284 4604
f 1578 2842 4376
f 6369 2803 2843
f 6967 3496 6367
f 5380 2844 5382
f 4635 5380 5378
f 6556 2845 2527
f 5386 5384 5167
f 2025 5442 3479
f 2025 2596 5442
f 2109 2847 3301
f 5514 1725 5994
f 2848 1921 4145
f 2050 1921 2848
f 2851 2433 2849
f 4330 4709 2722
f 5806 2850 4564
f 2850 3866 5759
f 5645 5847 2303
f 2303 5847 3107
f 5925 6766 2852
f 6372 5473 2984
f 2749 2853 4958
f 3656 1855 1854
f 2854 1792 6811
f 2404 1792 2854
f 2855 2036 3763
f 1679 4822 5542
f 6739 6293 5200
f 6605 3284 4525
f 1671 6342 3330
f 5810 3233 6342
f 5480 2858 2643
f 2858 5480 4010
f 4785 3924 3105
f 6846 3924 6231
f 3424 4174 2459
f 5232 5513 3823
f 2451 3991 4572
f 3991 4079 749
f 6888 2973 2862
f 1930 2364 4510
f 6041 2089 2863
f 5785 6599 4231
f 6042 2864 4917
f 793 2864 6042
f 4573 2865 1881
f 4039 5010 2964
f 4963 3310 2866
f 4531 1700 3998
f 3848 5618 2822
f 2171 1885 3933
f 2868 2431 1857
f 4963 3686 3310
f 5572 1848 4047
f 5572 4047 2772
f 2870 6165 5583
f 3111 1847 4881
f 5249 4207 1960
f 1960 4207 6571
f 2872 4856 5524
f 4856 2872 1743
f 1629 2873 2320
f 6571 2871 2873
f 2006 5000 2874
f 4649 6514 2372
f 2139 2875 6279
f 4164 4804 6082
f 2876 6687 1738
f 5746 3695 2876
f 2607 2877 5217
f 4021 2408 4744
f 1637 2878 3075
f 3531 2483 3529
f 2879 3701 5086
f 2774 3701 2879
f 2716 3039 6453
f 6696 2779 5737
f 4893 6823 5974
f 6825 148 147
f 2114 2882 2161
f 5118 2882 2114
f 2285 6683 4777
f 6370 6683 2285
f 6574 2884 5234
f 5234 6413 5571
f 5569 1757 4146
f 1757 1267 4146
f 2886 5595 5364
f 2054 3440 3192
f 2887 2406 2259
f 822 3415 4905
f 2883 3331 2888
f 4364 1729 5731
f 3458 2152 2889
f 2094 1947 6650
f 4265 4396 2890
f 2133 3185 5861
f 2891 2637 3700
f 2610 5336 7017
f 2956 4061 6359
f 6053 6359 4061
f 4503 3919 5108
f 5367 2619 5108
f 2894 5144 4137
f 2662 5716 4137
f 2895 4824 3988
f 4062 2532 3379
f 2896 3967 1923
f 6020 4428 1688
f 5391 4702 6498
f 1948 5641 6889
f 2721 2898 4656
f 6432 3315 6148
f 2899 2519 2339
f 6070 2899 1572
f 2444 1620 5201
f 2620 6334 5199
f 5768 6168 6438
f 2319 5940 5942
f 2514 6123 6097
f 6097 4029 2514
f 6454 6308 2173
f 6456 2173 1935
f 2904 5317 2041
f 4134 2041 3257
f 2080 3801 6729
f 2080 5208 3230
f 6322 1996 5036
f 5036 1996 4214
f 2433 2277 2907
f 6678 3226 5871
f 4281 2908 2391
f 6193 2391 6239
f 1925 6062 3674
f 5677 4723 6693
f 4030 2910 4674
f 5433 4588 2174
f 3817 1806 2911
f 1806 3883 4678
f 2912 6601 3737
f 361 2034 4675
f 1928 4731 6312
f 5250 3301 4383
f 1749 5591 2914
f 3905 7026 4992
f 2915 4576 2782
f 6872 3225 4578
f 2916 4077 4078
f 1231 1837 5133
f 5005 5945 1821
f 6622 2437 3760
f 3681 5190 1869
f 6666 1869 5713
f 2028 4634 2919
f 4464 2919 6533
f 2342 3943 2920
f 3082 2342 4589
f 2921 2028 2919
f 4551 2028 2921
f 5351 6977 2922
f 5351 4870 3054
f 4692 4691 4694
f 4692 1774 3183
f 4008 2085 2924
f 6025 2085 6969
f 3973 2925 4384
f 6287 6472 5554
f 5793 2083 6620
f 5139 5876 2083
f 2927 6356 1972
f 1972 6894 2927
f 1999 5037 2928
f 3834 2928 5185
f 4848 2520 2929
f 3215 1658 4847
f 2616 5475 2117
f 5475 6294 6083
f 2931 3496 6967
f 6965 2931 6967
f 3803 1958 5902
f 3804 3036 2076
f 4080 2347 2933
f 2023 2933 2347
f 2934 4215 2343
f 6849 2343 1628
f 4631 1649 3558
f 4157 5827 6822
f 2936 4226 2937
f 6623 4041 4563
f 4555 2937 4226
f 1639 4480 5111
f 6670 2938 3808
f 2412 2625 2938
f 1843 6623 6007
f 1843 4555 4226
f 3139 1684 2940
f 6732 4823 4832
f 2268 4967 2175
f 6077 2070 2175
f 2578 1661 3985
f 4407 3986 2578
f 3490 2942 2943
f 2119 2943 3926
f 3006 2944 4765
f 6271 2944 5588
f 2626 2945 6658
f 1754 4600 4857
f 2946 4808 1905
f 3698 5346 1256
f 6636 2267 2947
f 2267 4635 5378
f 959 2948 2614
f 2948 2505 2614
f 5487 3239 2949
f 3280 3683 4708
f 4912 2950 2868
f 6075 3530 5333
f 1918 2283 2951
f 4234 632 5500
f 2215 124 2952
f 1787 2215 4845
f 2953 4113 6934
f 4936 2953 6934
f 7016 4831 3533
f 6511 3533 6208
f 3730 2955 6779
f 1834 5840 3730
f 6359 2598 2956
f 4833 3886 2954
f 3901 597 2957
f 2283 4234 2951
f 2958 4716 3305
f 7016 3533 6511
f 2326 2959 2399
f 5183 3213 2435
f 6076 5300 1803
f 5305 5303 3685
f 5259 6471 3744
f 2963 3947 6225
f 2203 4751 2817
f 4223 6175 5638
f 2963 5095 3947
f 6832 6868 6202
f 6376 4039 2964
f 7004 1710 3955
f 2965 2252 2035
f 3114 2965 2035
f 3819 3978 2966
f 4672 3978 1794
f 2392 2967 6742
f 541 6742 2967
f 2052 2968 6393
f 2968 5740 5678
f 2969 4338 5049
f 2204 7001 6461
f 4797 4472 2970
f 6776 6156 3845
f 6326 2471 2971
f 3783 2395 6326
f 3630 6826 2758
f 2970 4472 3525
f 5274 2973 6888
f 6822 5274 4631
f 2478 6524 5082
f 92 5236 90
f 6127 3659 3355
f 2977 4542 649
f 6695 2097 5503
f 6426 2097 6695
f 2977 649 3032
f 4341 6917 4339
f 2978 1567 6494
f 1575 6670 3808
f 2979 2798 2087
f 2979 2087 6239
f 2648 2097 3900
f 4616 2648 3900
f 4283 2195 4285
f 2195 4847 3665
f 6163 4105 4796
f 2253 1827 4982
f 6395 2031 2983
f 5172 1721 5581
f 2984 3692 1718
f 5925 6372 6374
f 2177 3528 5281
f 2177 4590 2815
f 2320 2986 1629
f 6050 3893 5260
f 2167 4348 5420
f 2419 6883 2167
f 2437 6622 2988
f 5193 4333 6706
f 6669 4774 4813
f 2172 4774 6669
f 3777 2990 4539
f 6706 4333 2990
f 5889 2991 6643
f 4813 4774 3131
f 2376 2992 5048
f 5046 2992 2742
f 6573 4980 2536
f 5497 4710 2101
f 1848 2994 1672
f 4544 3554 1672
f 6387 2165 2057
f 3870 2057 2984
f 2996 6714 1906
f 2191 4871 6015
f 3554 4544 2997
f 2191 6184 4871
f 6380 2998 5488
f 2998 5189 5488
f 5870 2999 2548
f 4676 2999 1791
f 3287 3000 5297
f 4895 3000 2500
f 5539 2923 3001
f 4158 2051 3658
f 2424 3773 3002
f 2011 1736 6829
f 4209 6234 5392
f 5392 6234 3417
f 4673 2678 3004
f 2045 3004 5758
f 5228 3005 4099
f 3827 4729 1807
f 2494 4668 3006
f 4668 5064 3006
f 1793 5316 4359
f 5289 2602 6307
f 3121 6561 4501
f 3959 4698 5884
f 4302 3009 1352
f 3534 4651 2160
f 3010 2362 5288
f 6363 5873 6281
f 2038 6233 3011
f 3011 2556 2038
f 3012 5248 5728
f 3868 3066 4206
f 3714 5187 3013
f 2210 2026 6425
f 3746 6489 3014
f 5857 5482 6151
f 5958 5430 3677
f 2847 2109 5431
f 3016 4003 4735
f 3016 3770 4003
f 6441 1879 2999
f 3229 4012 4002
f 1994 4806 5417
f 6655 6089 3710
f 3019 2608 2495
f 4652 5052 4766
f 3018 2346 6464
f 5006 3378 6464
f 3021 2065 3366
f 5070 5462 5331
f 3022 1785 2490
f 6375 6985 3145
f 5598 4221 3023
f 2075 3094 6405
f 3524 465 5668
f 377 6399 3880
f 3985 1661 4580
f 4580 4925 4378
f 3026 1760 5162
f 3027 3353 4262
f 5221 4262 3026
f 3045 5221 3026
f 6653 5127 3028
f 5127 1889 6047
f 5668 4790 5842
f 5668 6564 4790
f 4776 2139 3030
f 4494 7021 2672
f 6125 4057 2766
f 4263 5849 3577
f 6399 3032 3880
f 3032 649 6835
f 3033 3214 5353
f 5353 3739 3033
f 6977 5351 3034
f 2705 3034 5342
f 4456 3035 6275
f 4409 2190 2043
f 3036 3804 5753
f 5753 1902 5755
f 2017 2256 3705
f 4430 2030 6700
f 4753 3038 4661
f 3350 5489 3038
f 4727 3039 2716
f 7000 134 5216
f 4727 134 3039
f 4820 6962 6166
f 2680 6452 3439
f 154 6452 2680
f 6549 2211 3042
f 3607 6970 3309
f 3043 6635 4200
f 1988 6641 5073
f 3044 4524 4458
f 3608 4524 3044
f 3482 1626 3045
f 3045 1626 5221
f 4761 5593 2526
f 2168 4761 2526
f 3047 2618 1561
f 3047 1977 2618
f 4362 5409 3393
f 4148 2366 6451
f 1828 3049 2540
f 3049 2612 3361
f 3050 6046 3369
f 6451 2366 6046
f 5613 3051 5795
f 5315 3878 4993
f 3052 125 2162
f 2162 1691 5856
f 5180 3627 3053
f 6161 5180 4492
f 3054 4870 3052
f 5854 3052 2162
f 3055 1994 2629
f 4479 4823 1994
f 5648 3056 2933
f 5806 6368 3552
f 4124 5900 2509
f 1771 6230 5900
f 3056 3058 4365
f 2025 1693 5828
f 5211 6722 3059
f 2332 6361 5141
f 2279 3060 2528
f 6818 4251 4442
f 5996 5995 3061
f 3184 6694 3530
f 3062 1759 5989
f 5989 5142 5140
f 5573 4526 3564
f 6413 1899 5571
f 6168 6140 3064
f 6438 6168 3064
f 5831 2009 3065
f 5831 6900 4355
f 3868 5730 3066
f 6778 1914 2792
f 3067 3942 5299
f 3067 6665 2486
f 3404 4522 5596
f 5596 3070 3315
f 4059 3069 3017
f 3960 6862 1789
f 5596 4522 3070
f 5235 1639 4718
f 3071 3960 1789
f 3255 5345 6153
f 3072 3896 6242
f 2224 3474 1746
f 6535 3073 6539
f 6539 3073 3254
f 4242 3074 1616
f 4332 5706 1616
f 5727 3075 1830
f 4969 1830 3075
f 3076 2186 2350
f 5244 3074 4242
f 3207 3077 5698
f 4639 4641 3395
f 5470 3621 3078
f 2734 5471 6805
f 153 2819 3079
f 5931 4060 2819
f 3080 5468 3027
f 2776 5468 4276
f 3989 3081 5216
f 3081 7000 5216
f 6245 5406 3082
f 3082 4005 6245
f 6449 3191 2665
f 2665 6390 3085
f 3084 1832 4805
f 4463 6518 3476
f 6449 2665 3085
f 6656 3083 3085
f 5031 4083 3086
f 4720 6636 6315
f 6315 2163 1768
f 5686 6712 1768
f 81 5349 3088
f 5349 4321 3088
f 3545 3089 1039
f 3089 2763 1039
f 3090 3951 5813
f 3231 2655 3090
f 152 6209 3091
f 3654 2290 4646
f 3092 7026 3905
f 5531 5072 7026
f 1718 3692 6657
f 2231 1886 5776
f 3094 2507 1820
f 3094 5413 6405
f 3095 6789 1804
f 6780 5921 1695
f 4944 5076 3096
f 6780 4944 3695
f 3097 1823 6132
f 1958 3803 5864
f 3098 1805 2248
f 2127 4058 5008
f 5748 2428 3099
f 3491 5415 1849
f 1752 4789 3100
f 3102 5098 1752
f 3101 1635 4758
f 3101 1274 1635
f 1752 3100 3102
f 4608 3100 4109
f 2907 2277 5337
f 4171 5439 5337
f 1614 3104 6191
f 3104 2513 3740
f 4785 3105 6559
f 6559 4257 88
f 5561 6680 3773
f 5946 2918 4756
f 5604 5873 5871
f 5604 6281 5873
f 5081 3108 4254
f 1688 4941 6020
f 1688 4428 3109
f 4254 4194 2735
f 6966 3110 1557
f 4603 3110 6966
f 4435 3111 137
f 4435 6234 4209
f 3112 5600 3698
f 4420 5035 4670
f 3934 6024 2518
f 2518 6024 3160
f 5940 4527 4663
f 4663 4527 4850
f 4960 3115 2531
f 3115 1617 3478
f 6816 1732 3116
f 3697 2096 4843
f 2814 4475 3117
f 6475 6069 3954
f 3118 4783 6114
f 6116 4073 3118
f 2600 4794 4091
f 2600 5870 4794
f 4084 3120 5219
f 1900 5454 4841
f 2355 3992 3120
f 5454 1900 3120
f 5945 3122 1821
f 2539 6622 5943
f 3123 48 3385
f 2 48 6914
f 3690 5872 3124
f 5872 5005 3124
f 3125 2302 4667
f 2967 6320 6045
f 3126 5930 4828
f 4424 4828 5798
f 2779 4626 3127
f 3127 6798 5662
f 4741 6639 4980
f 6639 1943 5563
f 3129 5261 6634
f 5261 3129 1695
f 3130 3392 4973
f 4235 3349 1613
f 2991 3131 1636
f 3131 3720 1636
f 1590 4860 1596
f 1597 1596 4860
f 6485 3133 2325
f 6591 6589 4703
f 5936 3134 3442
f 3208 2983 6765
f 5827 3135 2973
f 5136 5824 2523
f 3136 6487 6454
f 6056 3377 2499
f 3313 3137 2309
f 3137 2502 6564
f 4275 1997 2622
f 4275 4273 6138
f 4834 4349 3139
f 6434 3472 2024
f 2052 1853 4232
f 1853 5605 4232
f 5029 3141 4304
f 5346 4583 1256
f 5159 2305 3142
f 3142 3722 1552
f 6521 5642 5681
f 88 4257 5562
f 5002 3144 5319
f 3144 5002 3232
f 6733 5061 2591
f 3899 1969 4979
f 5496 6384 3239
f 6936 6384 5496
f 5418 3147 1552
f 2149 3534 3787
f 3148 6936 3146
f 6596 4621 4449
f 1249 3149 1630
f 1242 1630 5566
f 4630 6378 3150
f 6378 5284 3150
f 1873 6171 3352
f 6289 6171 4880
f 5316 3152 4359
f 4359 6305 5894
f 4893 3153 5368
f 5123 4893 6522
f 4405 6173 4760
f 5875 2805 2286
f 5207 6063 3155
f 4795 5549 3829
f 3194 3156 651
f 6627 4225 3156
f 2610 4793 1770
f 1770 6256 4286
f 3158 2670 4331
f 3158 4331 3878
f 425 3159 3162
f 4684 3159 555
f 6024 6790 3160
f 5055 6790 6737
f 3161 5153 3573
f 5153 3161 5151
f 3159 4684 3162
f 516 3486 3313
f 4907 4417 6000
f 3845 2443 4417
f 2046 5933 3164
f 2372 5814 6187
f 2392 3165 3778
f 3165 6615 236
f 3166 3167 2645
f 2252 3166 2645
f 3167 3166 5110
f 2220 6074 1945
f 3168 4600 1754
f 6467 5688 2650
f 2687 3169 1142
f 3169 2687 2613
f 4069 2357 3170
f 6480 4690 5446
f 2996 1906 6015
f 6013 1906 5705
f 2260 6030 4552
f 6473 6030 2260
f 5325 3173 6319
f 4031 6743 5325
f 1657 1810 3174
f 3174 3176 1811
f 6070 1572 3175
f 3175 1572 2625
f 3174 1810 3176
f 5165 2503 4361
f 4460 3177 5852
f 5852 4042 4886
f 4239 3178 4043
f 3618 6942 6531
f 3766 4771 3179
f 5389 3179 4509
f 6813 5590 1877
f 6813 1877 4453
f 6323 3181 3923
f 4776 7021 4494
f 3182 1092 5460
f 5460 2583 3182
f 3183 1774 5254
f 6797 2670 3158
f 2757 3061 4613
f 3061 5486 4613
f 6073 6964 5286
f 5859 2890 2597
f 1809 3186 5483
f 5336 2610 3186
f 3187 2522 2039
f 3187 4768 3375
f 2509 4159 3188
f 5069 6662 4329
f 5041 2161 5712
f 125 4237 6386
f 6749 3190 2824
f 2476 3877 3190
f 2215 2952 4845
f 2952 2420 4845
f 5759 4564 2850
f 1852 4227 5145
f 1596 1656 3193
f 2905 3197 1656
f 3194 6627 3156
f 2341 4465 3194
f 2232 6606 5440
f 4415 2232 5440
f 3196 3442 1640
f 5259 4016 6471
f 1656 4484 3193
f 4484 1589 3193
f 3198 1711 2961
f 5126 3658 2690
f 6268 3807 3199
f 1708 4906 6847
f 1747 2555 5484
f 2555 6492 4155
f 1995 5855 3206
f 4532 6946 3202
f 3202 3201 5438
f 6976 6748 5438
f 4609 5559 6908
f 5615 4863 1790
f 3203 3204 2176
f 2176 3204 6051
f 5761 3839 3205
f 6959 6955 4023
f 3206 5855 6295
f 4478 3206 2407
f 3207 5698 1595
f 1595 3119 5196
f 3208 6765 5936
f 3996 3208 2441
f 5678 6393 2968
f 1939 825 4374
f 1593 1665 6340
f 5362 3864 1665
f 2038 3211 5302
f 2632 1796 3211
f 5842 377 3839
f 5842 4790 377
f 6567 4081 3213
f 5183 4367 3213
f 5207 3155 3214
f 5207 3214 5080
f 2413 1658 3215
f 3215 1616 5158
f 3216 2970 5661
f 5506 6844 6814
f 3217 1322 4798
f 6806 1322 5421
f 6436 3218 4142
f 2299 5563 4840
f 6321 3219 3751
f 5023 3219 6321
f 4335 3220 4998
f 2874 5000 4335
f 5504 5059 4143
f 3846 3805 4133
f 5543 3222 1775
f 5391 6498 1775
f 3223 1675 3421
f 3223 4837 1675
f 5722 3224 2517
f 2338 6072 5724
f 4455 3523 3225
f 3824 3225 1772
f 5871 3226 5604
f 2303 3107 4709
f 2727 5968 3227
f 4956 2727 3227
f 5993 6323 3228
f 2764 3499 6588
f 3069 6439 3017
f 6441 6892 1879
f 2442 2080 3230
f 3132 3871 6186
f 3231 1764 2655
f 5670 3231 3600
f 3230 5208 2905
f 5002 2905 5208
f 5630 3233 5810
f 2255 4685 2592
f 4940 3234 4792
f 6815 1716 3236
f 3235 2184 4937
f 4557 5588 6529
f 6317 6815 3236
f 5457 4683 4930
f 6425 2115 3949
f 2115 2111 5665
f 2104 3238 5751
f 5209 3532 5751
f 3239 6404 6343
f 3237 2718 6708
f 4356 2156 3240
f 2657 6495 6261
f 3241 2001 4802
f 3241 2483 3531
f 5719 3242 2836
f 2181 5117 4187
f 6398 1617 3243
f 5178 5318 2056
f 3981 1982 1927
f 5402 1982 3981
f 2497 3245 1617
f 1617 5972 5178
f 6431 2576 6902
f 3139 6434 2024
f 2004 3247 4398
f 3247 1427 2438
f 3248 6117 2784
f 3469 6115 3248
f 1781 3400 3249
f 1781 4568 3188
f 4502 2749 3250
f 3250 2749 4958
f 3251 4282 1793
f 5012 5915 5917
f 3252 4880 4336
f 5765 4788 6523
f 1983 4697 3253
f 5344 5342 6043
f 3073 3543 3254
f 2422 1797 4027
f 6011 3255 6155
f 2709 3255 1669
f 3256 5051 5052
f 5052 4652 3256
f 1300 5715 1773
f 4451 3934 3149
f 5154 93 3258
f 6048 4743 2777
f 4049 2021 3259
f 5600 2021 3698
f 3260 3258 93
f 5301 3258 3260
f 3261 3645 5782
f 3261 3411 5510
f 3220 3262 4998
f 5377 6235 2148
f 2322 3263 4897
f 4324 3750 2470
f 4009 3633 3264
f 848 5591 5589
f 3779 4826 3265
f 5882 2059 5113
f 5245 3266 2790
f 5435 3684 3904
f 3567 1582 3267
f 1582 1583 5614
f 3268 2113 5812
f 6364 3268 2383
f 1084 3269 1755
f 1059 1755 3269
f 3270 4717 2503
f 3697 3116 5703
f 3570 1866 3271
f 3617 3336 5898
f 2566 2564 3272
f 2566 3272 6523
f 2910 4030 3273
f 6906 6908 5559
f 2708 5960 2082
f 5548 6311 2775
f 3275 1892 3553
f 1600 5174 5983
f 3276 153 3079
f 5494 5423 149
f 4995 3168 3277
f 3277 3168 1754
f 2712 3278 5021
f 3278 2712 5734
f 3514 3279 6689
f 6916 2310 5271
f 4920 3280 2949
f 6341 2949 3280
f 3281 6930 3792
f 5850 3738 4165
f 6247 2370 1981
f 5157 1981 3495
f 3283 5772 6029
f 5667 5636 3283
f 2515 6607 6605
f 1856 6607 2515
f 6713 2693 3285
f 5772 2693 6029
f 2007 4629 1074
f 1074 3288 2287
f 6576 154 2668
f 4519 6452 154
f 4629 3288 1074
f 5173 4625 3286
f 2045 3289 3004
f 3604 4882 5691
f 3290 4255 6905
f 6312 4731 4607
f 3293 4666 3291
f 3291 4666 6525
f 3292 3294 1903
f 3125 6707 6515
f 3293 6258 6259
f 3293 2306 1663
f 3292 2397 3294
f 2397 612 5394
f 3855 5882 3295
f 3295 5882 5113
f 2523 5039 5136
f 2830 5465 6176
f 3717 6189 3297
f 4391 3717 3297
f 5499 2570 3298
f 3298 6503 2533
f 5022 2932 3299
f 6332 3566 2658
f 3300 2265 6526
f 3392 2265 3300
f 1725 4115 5701
f 1725 5701 4393
f 3302 2214 1904
f 6332 1904 3299
f 6743 2236 3303
f 4923 6269 5791
f 2139 6676 2875
f 6086 4280 2139
f 3305 4716 5769
f 3305 5769 2479
f 5583 4135 3306
f 6621 3972 4481
f 3598 2414 3307
f 5492 5678 5740
f 4483 3308 2496
f 4153 4151 1660
f 3309 4924 3792
f 3042 3309 4605
f 3310 4842 3748
f 3686 4842 3310
f 4881 3311 2491
f 4955 3311 6869
f 5754 5756 3312
f 3653 3789 4066
f 3527 3162 5666
f 3162 4684 5666
f 3791 5677 3314
f 3312 5756 6421
f 3315 6508 6148
f 3070 1946 3315
f 3373 3316 5285
f 4919 5285 4917
f 6524 2478 5388
f 2974 5388 6587
f 4752 3318 3316
f 3978 5105 1794
f 3319 6685 1765
f 6856 5256 3856
f 3320 2526 4594
f 1848 5572 4596
f 4048 3321 3540
f 1643 2696 6928
f 3322 6836 3324
f 2855 3322 2036
f 6477 4611 6612
f 4863 6761 6477
f 3322 3324 2036
f 5372 5955 5953
f 2005 3325 6481
f 5265 5000 2006
f 2208 3042 4605
f 4149 2208 4605
f 6727 3327 6812
f 6727 4714 3327
f 1970 3328 2595
f 2595 6952 1864
f 3720 4747 5270
f 4747 5719 2836
f 3330 2786 4068
f 5106 5056 3636
f 4713 1729 4364
f 4302 1729 4713
f 3332 2054 4087
f 5860 2054 3332
f 3394 3333 5762
f 3333 2971 5762
f 5966 1758 1807
f 4187 1758 5966
f 1033 6346 1020
f 4523 3507 5014
f 3336 2621 5580
f 3617 2621 3336
f 3108 3337 1688
f 1681 3337 3108
f 3338 1387 6484
f 3340 4215 1698
f 3339 2469 1692
f 3339 1699 2469
f 1698 7019 3340
f 3760 5306 5097
f 685 3341 5602
f 5330 3341 1642
f 3342 772 2820
f 3343 2820 731
f 5515 3342 3343
f 3343 3342 2820
f 6193 6195 3936
f 3936 4628 955
f 2840 6313 5951
f 4454 1119 3597
f 4827 3346 6618
f 4827 6141 5709
f 3347 5947 3638
f 6859 3347 4380
f 5224 4627 6724
f 2614 2505 5811
f 4167 4228 4512
f 2787 1709 4228
f 5935 5489 3350
f 1228 5566 4129
f 3351 2242 1988
f 2834 4775 3351
f 3352 4891 2473
f 2473 1873 3352
f 3353 4088 4262
f 5887 3354 3873
f 3027 4211 3353
f 4088 3353 5885
f 3355 3659 4347
f 3032 6835 3880
f 3964 5266 2317
f 2462 6903 3964
f 1959 3357 1410
f 3357 1959 1453
f 2769 1841 3358
f 3358 1841 3344
f 3359 2134 5778
f 3359 5778 5700
f 2327 3360 6875
f 6093 4913 6752
f 3361 2540 3049
f 5003 3696 2540
f 3176 5829 3362
f 6875 6266 2327
f 3363 1438 4549
f 5977 1625 5975
f 6468 3364 4932
f 2307 6764 5376
f 2042 3365 2282
f 2042 3364 4372
f 5462 3366 1366
f 3366 2216 1366
f 3367 5045 2027
f 3743 5047 3371
f 3979 5026 3368
f 6746 5895 1849
f 6208 5100 3369
f 2775 4205 4899
f 3370 6633 5403
f 4927 3372 5065
f 3371 4563 4041
f 3371 5047 4563
f 5065 3372 5404
f 3372 4819 5404
f 3373 5285 2403
f 791 3373 2403
f 3089 3545 3374
f 3089 3374 5781
f 3713 3375 2396
f 5790 5030 3664
f 3376 5722 2517
f 6897 4244 3367
f 3377 3244 2230
f 2499 3377 2230
f 6464 3378 1868
f 5530 6402 4528
f 3379 1727 5958
f 3379 6352 5611
f 3380 5911 5257
f 5257 4855 3380
f 6318 1793 3007
f 3984 4949 5493
f 3382 3899 4979
f 6557 4601 6968
f 6646 3002 3383
f 3773 3383 3002
f 2554 3384 4161
f 2554 3894 3384
f 5301 6048 3385
f 5427 76 5301
f 3386 2105 2542
f 3493 4714 6727
f 6672 3493 3387
f 2008 5734 5736
f 3929 5420 2209
f 6392 2167 5420
f 3048 3389 4624
f 5409 4148 6021
f 2599 2304 3390
f 2093 2599 4909
f 3391 3767 4962
f 5409 4962 4148
f 3130 5979 3392
f 5979 4044 3392
f 6021 3048 5154
f 6021 4148 3048
f 6974 3394 5762
f 3879 3394 6974
f 2529 3395 4641
f 1926 6557 5354
f 3396 3056 4365
f 4229 3056 3396
f 4001 2744 3397
f 1419 3397 2744
f 3398 6304 4689
f 3263 2322 3398
f 4411 1881 3399
f 1881 2704 3399
f 5096 3400 1781
f 6736 5843 4805
f 1862 3401 5240
f 3401 1862 2100
f 3402 6576 2668
f 5115 4328 3402
f 5484 4097 3403
f 809 765 4447
f 4522 3404 6066
f 2056 3404 4721
f 3799 2183 4926
f 5983 4732 2183
f 3406 4524 3608
f 4719 3973 6476
f 3405 2183 6322
f 6322 2906 3405
f 2471 2282 3408
f 4108 6731 4615
f 2157 4028 5745
f 3715 2157 5743
f 542 3410 578
f 4177 578 3410
f 3411 3261 5616
f 2812 3411 5616
f 3049 1828 6265
f 4318 5117 2181
f 6133 2726 3413
f 3413 6938 3411
f 3414 5971 1949
f 1949 6708 4914
f 2887 2259 3415
f 3415 4959 2887
f 3006 3416 2494
f 3416 3268 6364
f 6234 6236 3417
f 4739 6236 4136
f 3418 4071 2220
f 2220 3853 5718
f 3171 3419 4152
f 1906 6013 6015
f 6185 3420 4418
f 5379 3325 2005
f 3665 3421 2047
f 2047 4149 3326
f 2252 2645 3422
f 2035 2252 6541
f 3423 4620 2498
f 6692 3561 3423
f 3587 5706 2416
f 1814 3587 3957
f 3425 1777 2561
f 3425 2651 1777
f 2288 3426 5199
f 2120 3426 2288
f 3427 1852 5145
f 2579 5053 3427
f 3513 6137 2402
f 3430 3022 2402
f 3429 2202 5516
f 5231 2787 5941
f 6137 3430 2402
f 2746 3430 6137
f 3431 2463 1859
f 6016 3431 1859
f 2244 6080 3432
f 3432 6080 899
f 1410 3433 1413
f 6016 1859 5577
f 1666 6569 3434
f 4096 3434 4367
f 3435 2188 4230
f 3806 5007 2188
f 3436 2117 2778
f 5376 3436 2778
f 3437 2143 2904
f 2143 3437 1356
f 2725 3438 5830
f 4082 3438 2725
f 3439 1744 1978
f 3983 2680 3439
f 5595 2886 5860
f 2886 1627 5860
f 3441 5963 2223
f 5911 2223 5257
f 1829 3442 4358
f 1829 5991 3442
f 3688 4489 6026
f 5253 2593 3953
f 3444 3350 1177
f 1186 3444 1177
f 3448 827 3445
f 3445 5166 3448
f 3446 1761 2649
f 3447 4986 1761
f 6583 3447 1761
f 4693 4046 5845
f 3448 4111 2244
f 3448 2244 827
f 4538 2574 5296
f 5296 2574 3860
f 3450 1864 6491
f 3450 2595 1864
f 3451 6472 6287
f 3451 5883 6472
f 2439 5375 3452
f 5056 5106 5182
f 2329 3453 2652
f 5704 3453 128
f 5457 4930 3454
f 4792 1915 3634
f 3366 2065 3455
f 2065 3363 4549
f 5794 3771 3456
f 5836 1730 3822
f 3457 2026 3584
f 2026 6725 2115
f 3586 6650 1947
f 1947 3457 3584
f 2009 6905 4255
f 6674 4338 2009
f 6725 3460 2115
f 5176 3457 1947
f 6262 2206 3461
f 5049 3459 5414
f 4592 3462 6926
f 4592 3991 4051
f 2384 1929 3463
f 1929 2943 6738
f 1707 2062 6303
f 6651 3966 2062
f 1846 6276 6278
f 1815 4791 6658
f 5391 4161 6227
f 2386 2923 6227
f 2553 4610 3467
f 5394 2553 5396
f 5962 3468 1573
f 1573 4217 1571
f 3467 4770 3469
f 4770 6115 3469
f 1573 3468 4217
f 5964 1579 3470
f 3471 5179 4488
f 5672 3469 1690
f 2344 3472 6434
f 2344 4180 5757
f 2628 5784 3473
f 2628 3473 6963
f 3072 4424 5434
f 3896 3072 6933
f 3475 1802 3970
f 6170 1802 3475
f 3982 3476 6385
f 2289 4463 3476
f 3477 1693 5540
f 3477 2359 6257
f 3478 3080 4815
f 2531 3115 3478
f 5586 3479 4206
f 3477 5540 2359
f 6749 2824 3480
f 5067 5799 4303
f 3481 6858 5850
f 3481 2685 5169
f 3482 3045 6873
f 4213 2418 2867
f 6483 2217 4848
f 2217 4074 3911
f 3484 4431 5622
f 5605 1696 2425
f 3485 2192 6098
f 2299 2192 5563
f 6911 4872 3313
f 665 2336 4575
f 3487 5963 3441
f 2656 1954 5865
f 3488 2364 5011
f 4510 2364 6888
f 2880 3581 3489
f 6768 5291 2880
f 3490 2943 2119
f 2119 2405 3490
f 3099 3491 4053
f 5916 3491 4598
f 1897 4267 5024
f 4103 5024 2755
f 2542 5263 3386
f 5263 4786 3386
f 3494 2077 4198
f 5319 5652 2077
f 5553 3495 5550
f 2070 3529 6112
f 6367 5009 2335
f 1309 5132 5009
f 3497 4884 2197
f 6747 724 3497
f 1782 5779 3498
f 2693 6713 6969
f 3499 3228 2238
f 2764 3228 3499
f 5538 3500 5227
f 5118 2114 5229
f 3501 5568 5752
f 2837 1913 6427
f 2525 2225 5212
f 5212 2225 5214
f 3841 3503 3127
f 3503 6366 3846
f 3504 5161 4020
f 3504 2830 5143
f 2780 6520 3505
f 5845 2780 6755
f 5164 1072 1687
f 2144 5164 1687
f 3507 6332 6644
f 3507 6644 5016
f 6327 3508 3541
f 3508 6327 6325
f 5051 2330 3509
f 3509 2330 400
f 5187 1833 3510
f 2576 2210 3510
f 2067 3511 5462
f 1882 6250 4669
f 3969 5707 3512
f 3512 2211 6549
f 3513 2402 3382
f 3513 3382 6459
f 793 5517 5980
f 2864 793 5980
f 3515 2884 3522
f 1944 1554 5495
f 4464 3516 2919
f 793 5481 5517
f 3609 2603 6677
f 2603 4839 6677
f 2879 1756 3518
f 6270 5903 3782
f 5532 6737 3519
f 6737 6790 4156
f 3520 2722 5582
f 3520 6821 2722
f 447 3521 465
f 442 3527 4878
f 3522 6979 4946
f 4946 3515 3522
f 6860 4518 3523
f 4455 6860 3523
f 3524 5668 3212
f 3524 3682 464
f 2972 4622 3525
f 3525 4472 6826
f 2475 3525 6594
f 6594 4449 5071
f 3521 3527 465
f 465 3527 5668
f 5777 3528 2466
f 1555 1556 3528
f 5788 3531 3529
f 5788 3529 2070
f 4912 3530 6075
f 3184 3530 1825
f 3531 5788 6698
f 4083 5031 1637
f 2808 5751 3532
f 2711 5393 6442
f 5100 2954 3369
f 4833 2954 6973
f 3787 3534 1552
f 1552 5738 3142
f 2400 3477 6257
f 5099 6509 2700
f 3536 1645 2040
f 749 1645 4868
f 6008 6616 3537
f 6616 6614 6794
f 3538 5231 6111
f 3474 3538 1746
f 4138 1615 6049
f 5129 6008 3537
f 6855 3540 1985
f 3540 3640 1985
f 3508 1653 3541
f 5069 4329 4801
f 6157 1578 1576
f 3250 6157 1576
f 3543 2422 4027
f 5700 5778 5498
f 2793 3544 859
f 3544 4253 869
f 3545 2015 967
f 2998 2015 5355
f 1917 1743 3546
f 4886 4240 3646
f 3284 3547 2150
f 2150 3547 6237
f 3051 5315 3548
f 6284 3548 2298
f 5061 3549 6019
f 3549 6090 6019
f 1678 3550 1713
f 3550 4064 1713
f 3166 3551 5110
f 2644 3551 5087
f 3552 6368 4365
f 4767 1693 3477
f 3275 3553 5204
f 2389 5206 5890
f 3554 2997 2191
f 2278 3554 2191
f 3558 3555 1199
f 3558 1207 3555
f 5768 6438 3556
f 6438 2078 3556
f 2678 2003 3557
f 2277 4436 5463
f 3558 6383 1207
f 1649 6385 3558
f 1863 3559 4642
f 6060 4466 3559
f 3560 6199 1907
f 3406 5213 4524
f 3561 142 2500
f 139 6446 4931
f 2178 3562 2501
f 2501 4624 3389
f 3563 3203 2176
f 3563 2176 2989
f 3564 2703 4957
f 3564 4957 3643
f 3663 1936 3565
f 3565 4788 2376
f 6332 3299 3566
f 3566 3299 4807
f 2339 3567 4579
f 2339 3492 5198
f 5664 959 3568
f 959 971 3568
f 4773 3020 3569
f 5417 4806 6655
f 5643 3570 5641
f 1866 3570 5643
f 741 3571 2762
f 2762 3571 1957
f 1992 3572 1654
f 3572 3405 1654
f 4874 5155 2166
f 2301 2166 5155
f 3574 4852 6914
f 6914 4394 5089
f 3187 3575 2522
f 2522 3575 4296
f 4875 3576 1167
f 2136 1174 3576
f 3577 6548 4044
f 6548 3577 4265
f 3578 6711 2431
f 2155 6631 2431
f 2885 2136 4875
f 4875 2136 3576
f 1728 3580 6001
f 6001 6847 4906
f 1927 6696 3581
f 3581 6213 1927
f 2074 6316 3582
f 4777 3582 3579
f 6181 3583 1987
f 1987 3583 4618
f 3584 3586 1947
f 3584 2026 5646
f 3256 5015 3585
f 3256 3585 6078
f 2889 3586 3458
f 2026 3458 5646
f 3587 3424 3957
f 3587 4174 3424
f 2914 848 3588
f 4952 3588 6688
f 6412 3589 2106
f 5006 2106 6763
f 3759 3590 2362
f 2427 5535 6194
f 2106 3589 3591
f 124 6947 5276
f 2597 4582 3592
f 5859 2597 3592
f 3593 2497 3115
f 3128 4445 3593
f 2133 5861 3594
f 2634 5339 4502
f 3595 2796 3328
f 1775 4928 5543
f 2961 1711 3596
f 2572 5632 6129
f 4454 3597 3345
f 3345 3597 3506
f 1888 2069 3598
f 2502 5673 4954
f 3599 1733 6201
f 6201 4877 6950
f 5369 5492 2414
f 2414 5492 3307
f 3601 2751 2256
f 3601 6950 4877
f 726 2546 3602
f 2553 4602 4610
f 5535 2045 2362
f 2362 3590 5535
f 3604 3603 2164
f 2164 5151 6565
f 3605 4542 2977
f 6039 5247 3605
f 3326 3607 3606
f 3547 6983 6237
f 3606 3607 6981
f 5970 1776 3607
f 1974 3608 3044
f 3608 1974 3406
f 2357 6480 3170
f 3170 6478 6740
f 2409 3610 2157
f 6058 6059 6371
f 6532 3611 4707
f 2618 5128 1561
f 3612 6994 1966
f 5807 5809 2911
f 5943 5872 2539
f 1822 5195 6348
f 3614 5649 6994
f 3612 5807 6994
f 3615 3601 2256
f 5834 3721 3601
f 3616 1705 1001
f 993 1705 5781
f 5205 4223 3617
f 3617 3271 5205
f 3618 2485 6942
f 3620 2204 6461
f 3320 3619 2168
f 4523 5841 4814
f 3620 3618 5909
f 3620 2485 3618
f 3621 6709 2679
f 3943 2342 1735
f 2662 3622 5716
f 2058 6354 2662
f 3311 3623 4516
f 3311 1847 3623
f 2096 3043 3624
f 3624 3043 4200
f 3625 1074 2287
f 5375 2439 6686
f 5289 3626 2602
f 2448 4162 3626
f 3627 6998 3053
f 3627 3885 2125
f 2443 6000 4417
f 6000 2443 2859
f 3629 6309 2434
f 4666 3629 2434
f 2758 6619 3630
f 5786 2349 2628
f 3631 1918 2126
f 3631 2283 1918
f 4821 3304 6787
f 4821 6787 5555
f 2135 3633 2769
f 3264 3633 2135
f 4961 3634 6337
f 2792 1914 5838
f 5241 3635 2213
f 5947 3347 6859
f 3636 3330 2095
f 3636 2786 3330
f 2230 3637 2499
f 6454 6487 3989
f 3635 2449 3638
f 4896 6228 6124
f 5023 3639 3219
f 2340 5929 2729
f 3640 2044 1985
f 2747 6296 4942
f 4308 4420 3641
f 1041 3046 3641
f 3835 3642 2000
f 6828 3941 4448
f 3643 2295 5867
f 4565 5982 2564
f 2144 1687 3644
f 4518 3644 1890
f 6938 141 5088
f 141 3000 5508
f 1950 4886 3646
f 3306 6621 5583
f 6479 3647 1541
f 1518 3647 3649
f 3362 3648 1811
f 6664 2676 5066
f 3649 3647 6479
f 3649 6479 5576
f 4046 5230 3650
f 2630 3036 4918
f 6734 4268 3651
f 2187 4664 4806
f 6479 6482 5576
f 1647 6482 2637
f 3653 5754 3789
f 5752 5568 4632
f 3654 152 3091
f 3091 4353 4301
f 5058 5757 4180
f 6655 5058 1819
f 2853 3656 1854
f 4274 3656 5906
f 4297 3657 466
f 4154 5877 5521
f 3658 5539 4158
f 6831 3658 5126
f 466 3657 4757
f 4757 3657 224
f 3660 4478 2407
f 1889 3660 4988
f 3164 3661 2835
f 2372 6187 3164
f 6691 3662 4799
f 6659 4799 3662
f 2456 1936 3663
f 5363 2456 6545
f 4432 3664 5598
f 5790 3664 4432
f 3665 2047 2981
f 2195 3665 4285
f 1826 3013 3666
f 3013 2210 6425
f 4319 6982 3667
f 6406 3667 6982
f 1826 3666 6423
f 6915 4495 4279
f 3639 6290 2264
f 2264 6290 4647
f 3670 2467 3431
f 3672 6551 2953
f 4633 3671 1789
f 6153 3071 1789
f 5317 3672 5191
f 6551 3672 2467
f 4598 3673 5916
f 6408 1722 2138
f 2909 3674 3791
f 1925 3674 2909
f 4654 6035 4591
f 5763 6035 4923
f 4853 3676 4400
f 3676 6404 4400
f 2109 4688 3677
f 2109 3677 5430
f 4704 4938 3678
f 2646 2363 3678
f 2389 3679 4810
f 1603 1891 6416
f 6181 3680 3583
f 4938 2646 3678
f 4379 2055 3681
f 3681 1869 6666
f 3682 3524 3212
f 5839 5842 6255
f 68 67 5242
f 5897 6224 6229
f 3684 4961 6958
f 3904 3684 6958
f 3685 3652 2960
f 5305 3685 6076
f 3686 2868 4842
f 6335 4912 2868
f 6865 3687 4061
f 4493 5114 1763
f 4006 3688 2594
f 2594 3688 6026
f 3973 3689 2925
f 2237 5027 3689
f 4517 3690 6034
f 2675 3613 3690
f 3691 2134 6574
f 2134 3691 1748
f 3692 6406 3093
f 5084 3728 6406
f 3693 5689 3869
f 6293 1685 5200
f 2728 4216 3694
f 2728 5537 4859
f 3695 4944 3096
f 2876 3695 3096
f 3696 2538 4375
f 2893 6330 3696
f 3270 6637 6635
f 6635 5703 3270
f 2946 5346 3698
f 3698 2021 2946
f 3699 2276 2617
f 4619 6791 3699
f 2610 3700 6103
f 2610 7017 3700
f 3701 2774 1737
f 2348 6370 1737
f 3702 2866 4033
f 3998 4577 2759
f 1737 2774 6031
f 1784 6031 5078
f 1722 3704 2138
f 3702 2138 3704
f 6962 3705 6166
f 2030 3037 6700
f 3706 3076 1986
f 3706 1986 5918
f 1657 3709 6918
f 6681 5070 1657
f 3076 3708 1986
f 6530 2195 4283
f 2067 5070 3707
f 6681 6679 5070
f 2629 6915 4279
f 5417 2629 1994
f 3711 1643 1716
f 5248 1716 6815
f 3003 1896 3712
f 3422 5044 4311
f 4327 3713 1721
f 1721 3713 5581
f 3714 6158 5187
f 6160 3714 1824
f 3715 5743 1664
f 3715 1664 2794
f 3716 3881 6685
f 5800 5996 3716
f 4 5477 5853
f 4 3924 5477
f 6987 3718 1650
f 3718 2815 1650
f 3719 1694 4746
f 1694 3719 3632
f 3720 2066 4747
f 2066 3720 3131
f 3721 3989 3599
f 3721 3599 3601
f 3722 3142 2305
f 1803 5300 2305
f 3299 6972 3723
f 1958 4055 1689
f 1894 3724 1740
f 1894 5718 3724
f 3725 6365 2843
f 3725 2843 4911
f 5353 3214 3726
f 3214 3155 3726
f 5653 2306 3293
f 5653 3293 3291
f 3673 1722 3728
f 3728 5084 3673
f 3965 3011 3729
f 1577 3729 4933
f 2767 3730 6779
f 3730 2767 5537
f 2348 2834 3731
f 5647 4072 2883
f 2649 1761 3732
f 5340 1862 5240
f 3939 3733 6877
f 1812 3735 4057
f 3734 4959 3415
f 6688 3588 848
f 3733 3735 6877
f 6819 6283 5928
f 2356 3736 4874
f 2723 3736 4402
f 2912 3737 5177
f 3737 5575 378
f 1895 3738 3975
f 3738 1895 4165
f 4909 1884 3739
f 3739 1884 6280
f 3104 3740 6191
f 3975 3738 2683
f 2936 3062 3741
f 2936 3741 3371
f 3134 3742 3442
f 3134 5310 3742
f 5140 5142 6899
f 2245 3376 6899
f 3744 6225 5259
f 3860 6200 3744
f 5501 6226 3745
f 1981 3896 3745
f 3746 5383 5019
f 3746 1916 4612
f 3747 1953 2142
f 3749 3747 2453
f 3310 3748 4035
f 2322 2321 7031
f 3749 6055 3747
f 2703 6055 3749
f 4324 4779 3750
f 2229 3667 5290
f 5552 2120 1972
f 2120 3863 3426
f 5034 1247 1258
f 1258 5924 5034
f 3753 6928 2696
f 3792 4924 4506
f 2122 2340 3754
f 4520 2557 5364
f 3669 6192 6288
f 6867 3669 6290
f 3756 2440 5649
f 2496 3308 6161
f 2788 3757 3752
f 5835 3757 2788
f 2622 3758 4103
f 6723 2622 1997
f 5645 3759 3010
f 3759 5645 4084
f 3122 3760 1821
f 1821 3760 6493
f 5329 1933 5230
f 5136 1933 5192
f 5327 3762 3879
f 5119 6989 5327
f 5524 2855 3763
f 5524 3763 2872
f 3765 3764 4676
f 1967 2704 4219
f 1967 4219 3765
f 3399 1967 3765
f 3179 5389 3766
f 1599 4728 5886
f 3963 5004 3767
f 3769 5548 2082
f 5386 6869 3768
f 6869 3311 4516
f 2082 3274 3769
f 6311 3274 5844
f 3770 5027 1989
f 6577 4778 1989
f 4388 1840 5109
f 4388 877 1840
f 1865 5832 3772
f 3772 2819 1865
f 6812 3773 5710
f 3773 2011 3383
f 2848 4145 3774
f 4533 2848 3774
f 6055 2703 3775
f 6712 5686 6710
f 5725 4659 2789
f 2789 4659 3854
f 6849 1628 3777
f 3777 6706 2990
f 3347 3778 4380
f 4380 3778 245
f 1783 6507 5298
f 1783 1708 6507
f 3780 5309 4092
f 3571 4505 3780
f 6615 3165 2392
f 510 6615 2392
f 6270 3782 6063
f 6063 5549 4795
f 3783 6326 2971
f 6940 3783 2971
f 1134 2613 3784
f 3786 5460 3784
f 3347 3638 3785
f 3785 3778 3347
f 3784 7013 3786
f 3786 4049 4075
f 3787 3147 1436
f 3147 3787 1552
f 2643 2858 3788
f 6568 2574 4538
f 5754 3312 3789
f 2995 5473 3312
f 2291 2757 3790
f 2757 4613 3790
f 5756 3791 3314
f 3914 3791 1831
f 3792 3753 2696
f 3792 6353 3281
f 6841 4890 3793
f 5359 2226 3875
f 3794 1683 4184
f 2621 5578 5580
f 3795 3100 1815
f 1815 4600 3795
f 3796 6996 6584
f 6762 3796 2026
f 3797 6535 6993
f 6630 3073 6535
f 6806 1822 5458
f 5458 1822 6348
f 5654 3799 4926
f 6437 6068 5654
f 4459 2350 2186
f 4459 2186 4648
f 5253 3801 2593
f 3799 3801 5255
f 1121 1137 3802
f 3802 1137 3038
f 3803 5335 5039
f 3803 5902 5335
f 5335 5902 5848
f 5848 2932 5022
f 3805 2091 1883
f 4133 3805 1883
f 2765 3806 5699
f 3806 2188 3435
f 3807 2606 3199
f 4462 3442 5991
f 1575 3808 2978
f 6891 6262 3461
f 2209 3809 3319
f 1760 5610 5162
f 1979 4889 2982
f 1979 5787 4889
f 3811 4686 6401
f 6401 4762 3811
f 4566 3812 2249
f 2249 3812 2289
f 2839 3813 380
f 4225 3462 5881
f 3412 3814 1624
f 3814 3329 1624
f 3815 5614 1583
f 1583 3210 3815
f 5626 3816 5003
f 2219 4503 6418
f 1806 5375 5373
f 3625 5373 5375
f 3964 3818 2462
f 2462 3818 4476
f 6014 3819 1939
f 2417 3231 4439
f 3820 3821 4911
f 3820 5483 2153
f 3821 5381 7030
f 3820 2153 3821
f 3822 6380 3946
f 3822 1730 6380
f 5922 2459 3823
f 2459 5232 3823
f 4455 3225 3824
f 2304 6190 2090
f 1782 7015 5779
f 1641 3502 4199
f 3826 2682 2638
f 2638 3662 6691
f 4729 3827 1674
f 4375 2538 6575
f 3828 2064 4900
f 6051 5293 2064
f 3829 5549 2717
f 3829 5951 2068
f 3830 1976 5760
f 3830 2810 1976
f 5186 3831 1741
f 2669 6654 4481
f 5491 4968 6044
f 2297 6044 3830
f 2669 3833 6654
f 3324 3833 2669
f 3834 5090 1999
f 3834 1999 2928
f 2581 3835 4227
f 5536 3642 3835
f 211 210 3836
f 195 6255 210
f 2805 3837 5797
f 1381 2004 3837
f 3838 5081 3840
f 1977 3838 2618
f 3836 3839 5761
f 210 6255 3836
f 2618 3840 5128
f 3838 3840 2618
f 5592 1935 4382
f 4382 1935 4014
f 3842 2741 2432
f 6197 3842 4113
f 3843 2784 697
f 5602 3341 5330
f 2207 3844 2812
f 6904 7018 2812
f 4417 2756 3845
f 2756 6776 3845
f 130 3805 3846
f 1935 130 4014
f 5092 2185 3847
f 1900 3847 2185
f 6032 2171 3848
f 2171 3933 3848
f 4504 2207 3849
f 2290 2128 5054
f 5934 3850 2498
f 3423 2498 3850
f 3849 2207 3851
f 2812 5616 2207
f 4110 2088 3852
f 3852 2088 4038
f 3853 5393 1739
f 6876 4476 5393
f 2179 2789 3854
f 2179 3854 5433
f 5882 3855 2802
f 3449 2802 3855
f 5256 5020 3856
f 5020 4754 3856
f 5246 3857 2604
f 6201 4540 4541
f 3858 6954 6720
f 3059 6722 2332
f 3859 5738 2160
f 4302 4713 5112
f 1783 6087 2380
f 6087 4977 2380
f 5182 3861 4482
f 5066 2676 6870
f 2407 6295 4100
f 3206 6295 2407
f 5552 3863 2120
f 3751 3219 6345
f 1665 3864 6340
f 2928 4715 3864
f 2609 3865 5385
f 5922 3823 5773
f 6590 3866 2850
f 3866 6590 6509
f 3964 2317 3867
f 4663 4850 4867
f 3868 3012 5730
f 2846 3012 3868
f 3869 2474 1703
f 2474 3869 6858
f 6387 2057 3870
f 2995 3870 5473
f 1855 2442 3871
f 3871 2442 6186
f 3872 3761 4510
f 1933 5329 5192
f 1963 3873 1965
f 3873 4195 1965
f 3661 1601 3874
f 1601 3876 3874
f 5359 3875 2354
f 2354 3875 5479
f 3874 3876 4772
f 2837 3876 4812
f 2226 3877 3875
f 2226 2430 3877
f 5315 3051 3878
f 5397 5892 3878
f 3879 6974 2713
f 4819 2713 6631
f 3355 4347 6597
f 6597 4347 5896
f 3061 3881 5996
f 3881 3716 5996
f 5564 3882 2360
f 6462 4989 2360
f 4661 2002 3883
f 3883 2002 5846
f 4245 3884 3888
f 6804 4040 3889
f 6560 3217 3885
f 3627 2132 3885
f 2598 3886 4833
f 6887 2598 4408
f 5496 5487 3887
f 2241 3887 1973
f 3888 6804 3889
f 4985 2708 3888
f 3888 3889 4985
f 4987 3889 6887
f 1389 2565 4001
f 1887 3916 5862
f 470 4782 3891
f 2831 658 3891
f 3892 1703 2474
f 5135 2200 6951
f 5260 3893 2254
f 2254 5313 3073
f 2554 6716 3894
f 4969 6834 4967
f 2254 3893 3895
f 6979 2134 6415
f 6933 2224 5501
f 5501 2224 6226
f 3897 5519 2314
f 3897 4256 6300
f 3898 3528 5279
f 1553 6028 6528
f 3899 3145 1969
f 4401 3145 3899
f 2980 4616 3900
f 2980 6426 2976
f 3631 3901 6248
f 3901 2957 6248
f 3902 2266 3669
f 2266 5245 2790
f 838 823 3903
f 3903 5948 838
f 1623 3904 6145
f 5245 2266 3902
f 3905 1749 2914
f 3905 2914 1971
f 3906 5203 1941
f 7006 7004 5063
f 6403 5818 3907
f 3907 1670 3995
f 3908 4951 3910
f 2159 5741 3908
f 2379 1791 3909
f 2379 3909 3907
f 2159 3910 7004
f 2159 3908 3910
f 3911 6333 2520
f 4074 6331 3911
f 6617 5486 1910
f 3061 5995 5486
f 3913 5175 6371
f 5957 2108 5076
f 4988 4100 3914
f 3914 1831 6668
f 126 2037 3915
f 4086 5268 4085
f 3916 4001 2565
f 3890 3916 6585
f 2368 3917 1870
f 1026 1870 3917
f 4758 6753 3918
f 6173 3918 4760
f 5989 1759 3919
f 5367 4662 4741
f 6219 3922 1871
f 4796 5320 5823
f 1930 4510 3921
f 6581 5239 1930
f 5823 3920 4796
f 5823 2807 3920
f 2238 3923 1633
f 6041 2863 6599
f 3924 4 49
f 3105 3924 5988
f 647 6272 3925
f 648 3471 3925
f 3926 1980 4193
f 1980 3926 2943
f 46 45 3927
f 5432 6023 71
f 3783 6940 3928
f 6940 4930 3928
f 2436 3929 2209
f 3929 2436 2615
f 1884 5658 3930
f 2626 3930 4921
f 3931 4172 2281
f 6276 1846 5098
f 3683 3932 4708
f 6229 6224 5242
f 3933 4213 2867
f 3933 5618 3848
f 1773 3257 3934
f 3934 3257 6945
f 3935 1775 6498
f 4928 1775 3935
f 3936 2315 3344
f 3344 4628 3936
f 3344 3937 4628
f 5863 2650 6991
f 2673 3267 3938
f 3267 1582 5614
f 1709 3939 6877
f 3939 1709 2787
f 3940 5737 5662
f 5662 3453 3940
f 1799 3941 6828
f 6324 3621 5470
f 4301 3942 2486
f 3942 3067 2486
f 3943 3621 6324
f 3943 1735 3621
f 5828 3944 2596
f 4312 3481 5169
f 3945 2479 5712
f 3945 3305 2479
f 5488 1764 3946
f 1764 3231 5670
f 5259 6225 3947
f 2961 3596 6129
f 5348 5833 3948
f 1672 2994 4544
f 3949 3237 1949
f 5665 2234 3237
f 3950 1941 4343
f 5063 3906 1941
f 3951 3090 2655
f 5816 6667 5679
f 4435 136 3952
f 2845 6556 5384
f 3953 3443 5366
f 2593 4489 3953
f 3954 1979 4984
f 1827 6659 3954
f 3955 6376 2964
f 3955 2964 2444
f 3956 1994 3055
f 97 3956 6845
f 3957 1786 2413
f 1786 3957 1719
f 5512 5994 3958
f 3747 2142 4007
f 6241 4501 6561
f 6241 3008 2530
f 3960 3069 6862
f 3960 6871 5425
f 3961 6162 2384
f 5619 2384 4477
f 4175 3962 3291
f 3962 5653 3291
f 2363 5004 3963
f 2363 3963 4769
f 3964 5694 3818
f 3964 3867 2072
f 3965 3729 1577
f 6961 6123 5205
f 4811 3464 3966
f 3966 6303 2062
f 5414 3967 2719
f 3967 2071 2719
f 3968 5085 2706
f 1909 3968 2706
f 2580 3969 5347
f 3969 2580 5707
f 3970 3306 3475
f 5955 5372 3972
f 2129 1666 3971
f 4096 1666 3434
f 6621 3306 3972
f 3306 5955 3972
f 4719 2237 3973
f 3973 2237 3689
f 233 3974 3781
f 3974 5395 3781
f 5970 3740 1776
f 5970 6191 3740
f 1621 3976 1447
f 4696 1621 2744
f 3977 4525 6739
f 1844 3977 2081
f 3819 2099 3978
f 2099 2102 3978
f 3979 3368 2559
f 2559 4945 5986
f 2781 1982 5402
f 5592 3841 2781
f 3981 1927 3244
f 5402 3981 6052
f 3476 3982 2289
f 5011 5674 2289
f 3439 1978 3983
f 6240 5967 2003
f 3984 2156 4949
f 6495 2156 6261
f 3985 4580 5077
f 2942 3490 4407
f 3986 1931 2755
f 4407 6218 3986
f 3987 105 104
f 5356 6021 5154
f 3988 2532 4062
f 6842 2110 5436
f 3989 3637 3081
f 3637 3989 2499
f 3990 2616 6120
f 6660 4836 5956
f 3991 4592 2861
f 2861 4079 3991
f 5454 5522 6563
f 3121 4841 5454
f 6553 2088 3993
f 3995 1670 2196
f 3994 6821 2530
f 2361 5522 3992
f 1999 3995 5037
f 3993 3995 6553
f 3658 2051 3996
f 6395 2983 6397
f 4705 3997 2763
f 1102 2763 3997
f 3998 4963 2866
f 4577 3998 2866
f 2105 6741 3999
f 2542 2105 3999
f 4000 6807 1040
f 4999 1039 4000
f 3916 3890 4001
f 3890 2744 4001
f 1879 4002 3195
f 6892 4002 1879
f 4735 4003 1962
f 1962 4003 5671
f 6960 4004 6005
f 5282 2064 5293
f 5671 4589 1668
f 5671 1668 1962
f 2760 3688 4006
f 5985 4008 2924
f 4007 3958 2660
f 4007 6992 3958
f 4008 2760 4006
f 4006 4637 4008
f 4009 2799 5343
f 2562 2799 4990
f 4010 3178 5660
f 3022 6715 1785
f 5401 4011 2431
f 2447 4345 5403
f 2373 4012 3229
f 4231 4012 5785
f 4875 4013 6216
f 2840 4454 3345
f 130 3846 4014
f 3846 6366 4014
f 2406 4015 3358
f 2887 5587 2406
f 3196 1640 4016
f 2690 3196 4016
f 2558 1938 6422
f 4018 1938 4499
f 4018 6422 1938
f 6319 3173 4017
f 6238 5783 5104
f 5783 3425 2561
f 2830 3504 4020
f 2830 4020 5465
f 4021 4744 6344
f 5639 5640 1878
f 2854 4943 4022
f 5640 4021 6344
f 6959 4023 4964
f 4550 2588 4185
f 2060 4022 4024
f 4022 4943 5640
f 5923 4025 5425
f 2238 1633 4025
f 4024 2345 4026
f 2345 2018 5650
f 3254 3543 4027
f 6537 4027 5361
f 4028 4703 6589
f 6373 6011 6155
f 4029 2902 1632
f 4029 1632 5429
f 6819 4030 6283
f 3273 4030 2174
f 4031 1724 6743
f 5243 3832 5894
f 4032 5910 2272
f 3420 4032 2272
f 4033 7005 2138
f 4033 6182 7005
f 4034 4517 6034
f 5708 6274 7024
f 4035 7031 2321
f 4033 6957 6182
f 1742 4036 1533
f 4036 1742 2371
f 3565 1816 4037
f 4037 1816 1650
f 3852 4038 6624
f 5060 1922 2247
f 5010 4039 2865
f 2865 6485 2325
f 6887 3889 4040
f 4040 4671 3886
f 4226 2936 4041
f 2936 3371 4041
f 5852 3177 4042
f 2605 4042 3177
f 4239 4043 6502
f 6502 6942 2485
f 4044 2312 3392
f 4044 6550 5286
f 3143 4045 73
f 3143 5642 6521
f 4046 2246 5845
f 4046 3650 2246
f 2833 4047 1848
f 4047 2833 4537
f 1643 4048 1716
f 1643 6928 4048
f 7013 2021 4049
f 7013 4049 3786
f 4050 5914 6746
f 4050 4076 4569
f 5241 4592 4051
f 5241 4051 3635
f 2428 4052 1720
f 5687 4050 1720
f 4053 3491 5916
f 5748 2165 6387
f 5526 4054 6096
f 5692 4054 2269
f 6972 4055 3723
f 3723 6128 4551
f 5599 2753 3098
f 5599 2369 6995
f 4057 1942 2766
f 4057 6377 1942
f 4058 4056 3098
f 3098 2248 4058
f 5292 2239 4059
f 6862 3069 4059
f 4060 3079 2819
f 3079 4060 6381
f 6865 6703 6861
f 2958 2477 6703
f 3988 4062 2895
f 2895 5958 3677
f 5919 6792 4063
f 6792 3414 5505
f 5742 4064 3550
f 2512 2572 6379
f 2316 4065 6971
f 5919 4065 2316
f 2307 4066 3789
f 4066 2307 5376
f 4208 4067 6243
f 2404 4069 1792
f 6752 4068 1673
f 4068 2786 1673
f 6243 4067 4069
f 5699 4787 4067
f 4070 3465 3930
f 6278 6658 1846
f 2661 4071 4073
f 4739 4071 2661
f 5647 5954 4072
f 5112 4072 5954
f 2390 2661 4073
f 4908 4073 6116
f 2217 6483 4074
f 6483 2006 4074
f 3997 4075 1102
f 1102 4075 5035
f 2257 1925 4076
f 1925 4461 5218
f 1837 1254 4077
f 2916 1837 4077
f 4583 4078 5238
f 4078 4077 5238
f 4079 6092 2738
f 2738 749 4079
f 3303 4080 6022
f 2236 6793 3303
f 4140 2189 4081
f 6602 5090 3834
f 2271 3438 4082
f 6209 6133 2112
f 4720 4083 6636
f 6636 4083 2267
f 4084 1934 5557
f 1934 4084 5219
f 3915 4086 4085
f 3915 4085 2472
f 2037 4086 3915
f 6885 2420 6412
f 6147 4087 5099
f 2340 6866 6147
f 4262 4088 1963
f 5887 3873 1963
f 4089 6007 5407
f 2083 2457 6620
f 4145 6284 4090
f 6769 4090 5527
f 4091 3119 1595
f 4091 1595 5062
f 4092 1730 5836
f 4092 2069 1888
f 956 968 4093
f 4098 968 930
f 3586 2889 6754
f 6754 2889 5262
f 2131 2684 5685
f 5685 2684 4246
f 3971 1666 4096
f 4983 3971 4096
f 5534 809 4097
f 6450 809 4447
f 968 4098 6980
f 5355 4999 4098
f 3005 6420 4099
f 6420 6748 4584
f 1609 4100 1676
f 4100 1609 3914
f 5937 4101 2659
f 4101 4811 2659
f 5855 4102 3862
f 3202 6946 3201
f 4103 2755 6944
f 4103 2624 6167
f 2545 3508 4104
f 6806 5421 2545
f 1827 2982 4982
f 2982 6220 4982
f 4105 4106 5322
f 5322 4106 6219
f 4107 2007 1074
f 6172 6730 4107
f 4108 6543 6263
f 4615 3408 4108
f 4608 4109 2702
f 2702 6172 4107
f 4110 4422 2374
f 4112 6297 4715
f 4111 3097 2516
f 4111 2516 2244
f 4112 3993 4110
f 4110 2374 4112
f 4113 2432 6932
f 4113 3842 2432
f 4114 3882 2708
f 6462 5675 4989
f 3611 1928 4115
f 5683 1928 6312
f 4116 5455 5291
f 5291 6768 4116
f 4117 1844 4119
f 2748 4117 6978
f 3110 4118 1559
f 3110 5220 5669
f 6978 4117 4119
f 4119 3693 2200
f 2105 4120 6741
f 6571 2873 1629
f 6400 5277 2424
f 5946 4756 5561
f 3236 4122 6660
f 4122 3540 6855
f 3348 6728 5226
f 6728 6172 5226
f 1771 5900 4124
f 3877 1771 4124
f 2326 4125 5365
f 5008 4058 2248
f 3140 4126 2727
f 2052 4232 3140
f 2012 2525 4127
f 5682 2012 4127
f 4128 1750 4698
f 4128 2530 1750
f 4129 5935 3350
f 1200 4129 3350
f 6242 4150 4130
f 6104 2585 6106
f 2395 4131 7007
f 4932 1714 5412
f 2098 2388 4444
f 2388 6802 4444
f 1883 3221 4133
f 4444 4133 3221
f 4134 2904 2041
f 1341 2904 4134
f 6165 2870 137
f 6165 4881 2491
f 4739 4136 2220
f 4136 6074 2220
f 4137 6882 2503
f 6598 4469 2240
f 6513 4138 6049
f 2528 3060 4138
f 5650 2677 4139
f 6598 5144 6600
f 1909 2189 4140
f 3434 5952 6925
f 6113 4141 2329
f 5504 4143 4141
f 4142 5111 6436
f 2937 4142 2936
f 4143 2329 4141
f 4143 3453 2329
f 5443 5619 1567
f 2978 5443 1567
f 3774 4145 2423
f 4145 4090 6769
f 3582 4146 2885
f 4146 1232 2885
f 2445 4147 3084
f 4658 6465 1260
f 4148 6451 3389
f 3048 4148 3389
f 2047 3421 4149
f 3421 6109 4149
f 4150 2480 4130
f 2480 6118 2001
f 1660 5723 5448
f 2754 5448 5723
f 4152 3777 4539
f 6144 4152 2838
f 2432 4759 4153
f 4153 1800 2745
f 4542 6127 649
f 6750 649 6127
f 6417 5484 4155
f 5484 2555 4155
f 6737 4156 3519
f 3519 4156 6017
f 4157 6857 4838
f 6822 4631 4157
f 4158 5539 3001
f 3001 2752 4158
f 4159 2509 5900
f 4159 3057 1781
f 3793 4160 1410
f 3433 1410 4160
f 4161 2752 2386
f 4161 2386 6227
f 2328 2029 4162
f 2029 6277 4844
f 3711 2694 4163
f 2694 4165 4163
f 6277 4164 4844
f 6279 2875 4164
f 4165 3281 4163
f 4165 1895 3281
f 4166 2502 3227
f 6564 2502 5656
f 4167 2787 4228
f 2787 4167 5941
f 4168 5246 4636
f 2112 6133 4638
f 6252 4169 2258
f 5708 7024 6782
f 1618 3937 6510
f 5343 1618 6510
f 5337 2277 4171
f 4171 2277 5463
f 2590 3033 4172
f 6690 4172 2857
f 6131 2607 5079
f 5217 4453 2607
f 3587 2860 4174
f 5232 5249 5513
f 2734 5275 4175
f 6065 2734 4175
f 147 4179 4176
f 5601 5974 6823
f 4177 4640 610
f 3125 6045 2302
f 4178 6160 1824
f 4178 1824 5237
f 2427 4179 146
f 144 146 4179
f 5058 4180 1819
f 4180 4178 1819
f 6194 5978 5976
f 6522 5601 4176
f 4182 5358 5709
f 1554 4514 5495
f 4183 4642 2270
f 4183 1863 4642
f 4184 4730 1929
f 4184 1929 2384
f 4185 4964 4023
f 4947 4185 4023
f 2178 4186 2954
f 2178 2501 4186
f 3242 6301 3285
f 5719 6301 3242
f 5286 6964 6682
f 6682 3185 4264
f 2110 4189 5436
f 2110 4358 4189
f 3185 4190 5861
f 3185 6682 6964
f 4191 2453 3151
f 2295 2453 4191
f 4192 2018 2345
f 6099 5360 4500
f 4193 2679 6709
f 4193 2962 2679
f 3109 3290 4194
f 4254 3109 4194
f 4195 3716 6685
f 4195 6685 3319
f 5397 6864 4196
f 6889 4196 1948
f 6673 4406 4197
f 3825 6673 4197
f 4198 1937 6351
f 4198 2077 1937
f 4199 5779 7015
f 5779 4199 2656
f 1988 3624 4200
f 6898 6637 2240
f 3737 6601 4201
f 6601 2233 4201
f 4895 2500 4202
f 142 4202 2500
f 4323 2733 4203
f 4971 4203 2733
f 5424 1998 4204
f 5094 1998 4064
f 2351 3369 4205
f 2182 2351 5802
f 5435 4206 3684
f 5586 4206 1704
f 4207 2871 6571
f 4207 2731 2871
f 2216 4208 5901
f 4208 6243 2218
f 3111 4435 4209
f 4209 5044 3111
f 4210 3669 6867
f 5929 6867 2729
f 5885 3913 3354
f 5885 3354 5887
f 4494 2672 4212
f 4212 2672 2328
f 2531 3482 4213
f 4213 3482 6873
f 6907 4214 2816
f 5801 2389 2816
f 3338 6484 4215
f 2611 3338 4215
f 4216 2728 1698
f 6484 1698 4215
f 6411 1574 4217
f 3468 6411 4217
f 4351 3719 4218
f 2147 4218 4562
f 3765 4219 3764
f 5294 4059 6018
f 4530 4220 5021
f 1574 4220 4217
f 1723 2075 4221
f 4221 2075 6405
f 2567 5736 4222
f 5710 4222 6812
f 5205 2514 4223
f 7023 4457 6175
f 2597 4224 1712
f 4224 6671 5889
f 4225 5623 467
f 2839 4225 5881
f 1843 4226 6623
f 4226 4041 6623
f 1852 5759 4227
f 3192 3440 4227
f 4228 3349 4512
f 5913 3577 5819
f 4229 4080 2933
f 2933 3056 4229
f 4230 1644 2357
f 4858 1697 1644
f 6599 2863 4231
f 4231 2863 2324
f 4232 2425 4126
f 4232 4126 3140
f 1469 2724 4233
f 2488 4233 2724
f 6248 2957 4234
f 2957 632 4234
f 4235 1613 3130
f 4235 3130 5103
f 4236 1742 4233
f 1742 4236 2371
f 3189 3235 4937
f 5041 3189 4937
f 4504 2800 4238
f 2032 6595 2800
f 4269 4239 6504
f 5660 4239 4269
f 4240 5167 2870
f 4886 3546 4240
f 6772 6878 2627
f 4697 5594 6204
f 4242 3708 3076
f 3076 2350 4242
f 4243 3551 2644
f 2965 4243 2644
f 5371 2517 4244
f 4244 2517 5766
f 2708 4245 3888
f 2708 2082 6254
f 2130 5195 4246
f 2684 6424 4246
f 3884 4245 4247
f 3884 4247 6267
f 3971 4248 2129
f 1989 2129 4248
f 5323 4249 2633
f 2913 4249 5323
f 2104 4250 3238
f 5209 4250 3532
f 2020 6488 1803
f 6076 1803 5305
f 6386 4252 1691
f 4734 1691 4252
f 3544 5042 4253
f 4253 5042 2795
f 4254 1688 3109
f 3108 1688 4254
f 6674 3459 4338
f 6674 5926 3459
f 4256 2314 6180
f 3897 2314 4256
f 4257 6559 3105
f 5981 5984 57
f 3361 4258 6391
f 5965 4648 4258
f 2430 4696 4259
f 6230 1771 6110
f 2282 4260 2042
f 2471 4260 2282
f 2884 4346 4261
f 2884 6413 5234
f 4262 1963 1760
f 4262 1760 3026
f 4263 6125 5849
f 5913 3031 4263
f 2055 4188 4264
f 2055 5188 3681
f 4265 2766 4396
f 5849 6125 2766
f 1958 6130 4266
f 4055 1958 4266
f 4267 2755 5024
f 3986 2755 4267
f 4268 1787 3651
f 5148 2215 1787
f 4682 4269 5612
f 5660 4269 4682
f 4270 2854 4022
f 2404 2854 4270
f 2435 3213 4271
f 3138 2435 4273
f 6802 2388 128
f 128 3453 6800
f 4273 2435 4271
f 5362 5185 3864
f 4274 5636 5667
f 1712 2284 4274
f 4275 6232 6347
f 4275 3138 4273
f 3080 4276 5468
f 4276 3080 3478
f 4277 1961 6461
f 6775 1961 4277
f 4278 2625 4277
f 6260 2625 4278
f 4495 6423 4279
f 3668 3949 5971
f 6787 3304 4280
f 4280 6676 2139
f 4281 2090 2908
f 4857 4921 6486
f 3251 5917 4282
f 6506 2328 4162
f 1986 6530 4283
f 1986 4283 5920
f 2842 4284 4376
f 2842 4471 4284
f 4285 3665 2981
f 5408 2981 3547
f 2955 5453 5451
f 4340 2381 4288
f 4287 2632 4728
f 4287 1796 2632
f 4286 6256 4288
f 6781 4286 4288
f 2263 3404 4289
f 4289 2300 4291
f 4123 4290 5224
f 4290 2505 5224
f 4291 2263 4289
f 2263 4291 4326
f 3116 4292 6816
f 2327 6093 3360
f 2569 4496 4293
f 6872 4293 6874
f 4294 2507 3094
f 5518 5520 2507
f 2569 4293 4295
f 2795 2569 4934
f 2522 4296 2506
f 4296 4887 5043
f 1692 2469 4297
f 2715 1692 4299
f 4298 5839 6255
f 192 4298 6255
f 4299 4297 5877
f 4299 1692 4297
f 3368 2291 4300
f 2291 3790 6469
f 4301 2486 6499
f 4301 6499 3091
f 2160 3009 4302
f 4302 5112 2160
f 3480 4303 1800
f 3480 2824 4303
f 4304 3141 2429
f 4304 2429 5132
f 106 4915 4305
f 4920 106 4305
f 1807 4306 3334
f 4306 5228 4950
f 2050 4307 6284
f 2050 6837 4307
f 3046 6807 4308
f 3046 4308 3641
f 4305 4309 3683
f 3932 3683 6222
f 2645 4310 5547
f 4310 2645 3167
f 4311 3712 1896
f 2145 4311 1896
f 2596 3944 4312
f 4312 3944 5258
f 4313 4479 2152
f 4313 4314 2940
f 6956 6584 2152
f 6584 4313 2152
f 4315 62 39
f 62 4315 74
f 2226 4316 1439
f 1487 1439 4316
f 1834 3730 4317
f 3725 7028 4317
f 3814 3412 4318
f 4318 6265 5117
f 6263 5879 4319
f 5879 6982 4319
f 2340 6147 4320
f 2340 4320 5929
f 74 4315 4321
f 74 4321 5349
f 4322 2278 6144
f 5729 3554 2278
f 5601 6823 2881
f 4203 2881 6823
f 4324 3263 5370
f 3263 4324 4897
f 4325 1981 3745
f 3495 1981 4325
f 2263 4326 1738
f 4326 5921 5746
f 2785 4327 5938
f 4325 5938 5550
f 4328 1751 2663
f 4328 5490 3402
f 5625 4329 6490
f 4801 4329 3541
f 2355 2303 4330
f 4330 2303 4709
f 4331 3550 1678
f 4331 1678 3878
f 2416 4332 3074
f 4332 1616 3074
f 5193 5750 4333
f 4333 5750 6424
f 4334 930 931
f 930 5189 4098
f 2874 4335 6514
f 4335 6410 1992
f 5765 3252 4336
f 5765 4336 2992
f 3224 4337 2515
f 6072 5918 5724
f 2009 4338 5747
f 4338 2969 2204
f 4339 3032 3029
f 6917 3032 4339
f 2601 4340 5969
f 4340 4288 4342
f 2727 4126 4341
f 4341 4339 2727
f 4342 5131 1990
f 4340 4342 1990
f 4343 2620 4345
f 1941 2620 4343
f 4344 1799 2421
f 6183 4344 4571
f 3370 4345 3426
f 2620 3426 4345
f 4346 2001 4261
f 2001 4346 2480
f 5896 4347 6719
f 5711 4757 6719
f 2987 5420 4348
f 6883 2418 2987
f 4349 2215 5148
f 2215 4349 5891
f 2104 4350 4250
f 2104 6043 4350
f 4351 4218 2147
f 1804 6789 2147
f 6067 2742 5789
f 2992 4354 2742
f 2030 4353 3037
f 4353 2030 4301
f 5932 4352 4354
f 5789 2742 4354
f 4355 6901 3855
f 4355 6900 6901
f 2481 4356 3240
f 4657 4356 2481
f 4357 5888 2450
f 4357 2450 2717
f 2682 4358 3742
f 4358 2682 4189
f 3832 3007 4359
f 1793 4359 3007
f 4717 1858 4360
f 6875 5829 6266
f 1810 4361 3176
f 3176 4361 5829
f 5233 4362 3393
f 5233 3317 4704
f 36 4849 4363
f 4849 7012 4363
f 4364 6316 4713
f 5569 3582 6316
f 4365 3058 1693
f 4365 1693 4767
f 4366 2478 5082
f 2358 2478 5659
f 5183 2959 4367
f 4096 4367 2959
f 5072 1808 4368
f 5072 4368 909
f 4369 2073 6591
f 6921 4633 5292
f 4370 3855 1801
f 4370 1801 4972
f 4371 2244 3432
f 1646 2244 4371
f 3365 2042 4372
f 3365 6766 5925
f 5042 4373 2798
f 4373 2262 2798
f 3209 4374 808
f 1939 4374 6393
f 4375 6575 3827
f 6428 3827 1758
f 4376 2426 6411
f 4376 4284 2426
f 4377 4647 6913
f 6345 5771 2504
f 2412 4378 2625
f 4580 4378 2412
f 4379 3681 6666
f 6526 2918 5946
f 6859 4380 2387
f 2387 4380 248
f 5683 6312 4381
f 4381 2913 5323
f 4382 3841 5592
f 6366 3503 3841
f 4115 4383 5701
f 4115 1928 5683
f 2927 4384 6356
f 5693 4384 2927
f 3498 6025 4385
f 1782 3498 4385
f 6034 4386 6430
f 6430 4386 1438
f 4387 5220 3110
f 6545 2456 3663
f 3456 3771 4388
f 3771 857 5308
f 4389 56 5897
f 56 4391 3932
f 2 4390 3
f 6914 4852 2
f 4389 5853 56
f 5853 4389 4
f 4392 2847 6580
f 4393 3301 2847
f 4392 4393 2847
f 3958 5994 4392
f 5130 4394 6914
f 4616 6839 2648
f 1952 5174 4395
f 3441 4560 5366
f 2597 2890 4396
f 4396 4224 2597
f 4397 2909 1609
f 4397 1609 1676
f 2438 1682 4398
f 3247 2438 4398
f 4399 4978 2550
f 4399 2550 3204
f 3239 4400 6404
f 3239 4853 4400
f 4401 6375 3145
f 2402 3022 4401
f 4402 2356 4060
f 3736 2356 4402
f 4403 5483 3820
f 4403 5875 2286
f 2270 4404 3772
f 4404 2270 2723
f 6173 4405 3154
f 3154 5875 4403
f 4406 3487 2086
f 5597 2086 2760
f 4407 2578 3985
f 4407 3985 2942
f 2511 1898 4408
f 4408 4987 6887
f 4411 3399 4409
f 3035 4409 6275
f 2511 4410 4989
f 4410 6558 2892
f 3035 4411 4409
f 6154 4411 3035
f 5618 4412 2822
f 4412 6071 2822
f 4413 2369 5599
f 6218 2369 4413
f 139 4414 145
f 6692 145 4414
f 4231 6785 4415
f 4415 2375 2232
f 4416 2403 770
f 4416 770 769
f 4417 4907 3163
f 4417 3163 2756
f 2005 4418 3420
f 4418 2005 6455
f 6784 4419 5326
f 5123 4181 4419
f 4420 4670 6448
f 3641 4420 5593
f 2533 6503 4421
f 4421 2570 4821
f 3852 1969 4422
f 1969 3145 6733
f 4423 5833 5348
f 4423 4670 2194
f 4424 3126 4828
f 4997 3126 4424
f 4425 1987 5467
f 2584 4245 4425
f 3913 6371 4426
f 4426 6371 3716
f 4247 2584 4427
f 5467 1987 4427
f 4428 6020 1923
f 5926 1923 3459
f 4429 2428 5748
f 3314 6693 4429
f 2256 2751 4430
f 2256 4430 3705
f 4431 4433 3605
f 6215 4433 4431
f 2682 1813 4432
f 1813 5790 4432
f 4433 6039 3605
f 4433 2310 6037
f 1652 1143 4434
f 4013 1652 4434
f 2870 136 4435
f 137 2870 4435
f 3557 5463 4436
f 4436 2851 6884
f 4437 4565 2563
f 5778 4437 2563
f 1912 4438 6542
f 4438 1221 6540
f 4439 2099 3819
f 6014 4439 3819
f 4440 2613 5644
f 1912 6542 4443
f 4441 3966 6651
f 6649 4441 6651
f 6820 4441 6649
f 2279 6820 6649
f 4440 4443 2021
f 1912 4443 4440
f 4444 4935 4133
f 4444 4272 4132
f 4445 3245 2497
f 3593 4445 2497
f 4664 4446 4773
f 6064 2346 3018
f 6382 4447 5602
f 6450 4447 6382
f 3642 4448 2000
f 6409 2000 4448
f 4449 6189 3717
f 6189 4449 4621
f 1311 5469 2107
f 2107 4452 1887
f 3934 4451 1773
f 1279 1773 4451
f 2107 4450 4452
f 4450 3084 4805
f 4453 1877 4173
f 4453 5079 2607
f 4013 1135 4454
f 4013 4454 2840
f 2304 5091 4455
f 4455 6190 2304
f 4456 4660 6569
f 4458 6152 4456
f 2514 4029 4457
f 2514 4457 7023
f 4458 4456 2653
f 3044 4458 2653
f 4459 3800 2350
f 6501 2551 3800
f 2714 5186 6817
f 5635 5186 1741
f 4397 6032 4461
f 3848 4461 6032
f 2380 4462 3807
f 4462 5991 3807
f 6518 4463 1832
f 1832 4463 3812
f 2823 4464 6533
f 5515 2823 3342
f 2337 2841 4465
f 4465 2841 3194
f 2290 4466 4646
f 2290 5054 4466
f 4467 3648 3362
f 3362 5829 6875
f 4448 4468 6409
f 1745 6065 5350
f 5461 3351 6600
f 2677 6600 5144
f 2557 2640 4470
f 2640 1962 4470
f 6880 3197 4032
f 1656 3197 4484
f 4797 5628 4472
f 2758 6826 4472
f 4473 4475 2814
f 1553 2294 4473
f 4474 3815 3210
f 3864 4715 6340
f 4473 2294 4475
f 4475 2294 3718
f 2460 4476 6876
f 2460 2462 4476
f 4477 3463 6009
f 2352 6496 4477
f 4855 4478 3660
f 4855 2454 4478
f 2152 4479 3956
f 4479 1994 3956
f 6744 4480 2697
f 6436 2299 4840
f 3831 4481 6654
f 3831 1950 4481
f 4482 6870 2676
f 4482 2676 2786
f 4483 6932 3308
f 2695 6932 4483
f 3197 4471 4484
f 4471 2842 4484
f 4485 2214 2365
f 2365 6546 4485
f 6603 1911 4486
f 4486 3253 6603
f 4681 2017 4487
f 5820 2017 3705
f 2469 4488 2699
f 3925 4488 2469
f 4489 3443 3953
f 4489 3487 3443
f 1747 4490 2261
f 5482 3014 6489
f 4491 1762 2944
f 4491 6273 5804
f 4492 3053 6252
f 5180 3053 4492
f 2882 4493 2161
f 4493 5712 2161
f 4494 3181 4776
f 3181 4494 5546
f 4495 1826 6423
f 1824 1826 5237
f 6874 4293 4496
f 1772 4496 5018
f 3282 4497 2370
f 2370 6242 3896
f 4498 6354 2058
f 3709 4498 6918
f 1938 4564 6285
f 6285 1852 3427
f 2827 3859 4500
f 5360 2827 4500
f 6836 4501 6241
f 6838 6836 3322
f 4502 3594 2749
f 5339 3594 4502
f 2221 4503 2219
f 5989 2221 5142
f 3849 6665 4504
f 6665 3067 4504
f 4505 6460 2732
f 3780 4505 5309
f 4506 2747 3753
f 3753 3792 4506
f 4507 1903 631
f 6515 3292 1903
f 4508 3490 2405
f 3082 4508 2405
f 6495 4509 3179
f 4509 6495 2657
f 6888 2862 4510
f 2862 3872 4510
f 2131 5685 4511
f 4513 4539 2131
f 5502 4512 4570
f 2736 4512 4235
f 4511 4513 2131
f 3732 5338 4511
f 4659 5725 4182
f 5358 4182 5725
f 3768 4515 2647
f 4516 3623 4515
f 3768 4516 4515
f 4516 3768 6869
f 1322 2675 4517
f 4517 2675 3690
f 2144 3644 4518
f 6212 4518 6860
f 6576 4519 154
f 5297 4519 3287
f 3754 2642 4520
f 4520 5364 3754
f 5557 4521 5326
f 4781 2667 6452
f 4522 5235 3070
f 3068 4522 6066
f 6346 4523 5014
f 6346 4761 4523
f 1907 4458 4524
f 5213 1907 4524
f 6338 4525 6291
f 6739 4525 6338
f 1899 3087 4526
f 1899 4526 5571
f 4850 4527 2319
f 4527 5940 2319
f 6402 124 5374
f 124 2215 5374
f 2611 4529 3338
f 1906 4529 5705
f 4530 2008 2567
f 3278 2008 4530
f 4300 4531 2759
f 3998 2759 4531
f 4532 2801 6946
f 2276 2801 4532
f 6606 1817 4533
f 6604 4533 3207
f 6659 4534 3954
f 4221 6405 6659
f 4535 1845 6520
f 3650 5770 4535
f 6008 1707 4536
f 2877 6131 1707
f 4537 1672 1845
f 4537 1845 4535
f 4538 4370 2643
f 4538 2643 6568
f 2838 4152 4539
f 4513 2838 4539
f 4540 1733 2604
f 4540 2604 3857
f 4540 3857 4541
f 6463 3857 6904
f 4542 696 6127
f 3605 5247 4542
f 4941 5382 4543
f 6848 6491 5382
f 2994 3948 4544
f 4544 3948 2997
f 2770 6309 4545
f 2579 5529 5053
f 4310 4546 2647
f 4546 6074 4548
f 4547 4018 6505
f 4545 4547 6505
f 4548 2647 4546
f 2647 4548 6236
f 3455 4549 5523
f 2065 4549 3455
f 2699 4550 4947
f 4488 6006 2699
f 4551 3172 3723
f 6030 4551 2921
f 4552 2921 5481
f 6030 2921 4552
f 3358 5944 4553
f 5733 2315 6492
f 5344 4554 127
f 6043 2104 4556
f 1639 4555 4718
f 1639 5111 4555
f 4554 4556 127
f 2072 4558 4556
f 6529 3235 4557
f 4557 3235 2479
f 127 4556 4558
f 2319 127 4558
f 4559 5139 4561
f 4559 1726 4595
f 1952 5366 4560
f 1952 4560 2323
f 6269 4561 5791
f 4561 1726 4559
f 4562 4218 2709
f 6135 2709 1669
f 2027 2939 4563
f 2027 4563 5047
f 6285 4564 1852
f 5759 1852 4564
f 2563 4565 2566
f 4565 2564 2566
f 4566 3249 3812
f 4568 4566 2455
f 822 4567 3415
f 1839 4567 822
f 3249 4568 1781
f 4568 3249 4566
f 4569 2615 4050
f 4569 3929 2615
f 4512 2736 4570
f 4570 2736 6028
f 6210 4571 2421
f 4571 4344 2421
f 3991 749 4572
f 4572 749 4868
f 4573 2461 2493
f 2865 4573 5010
f 5260 2320 4574
f 5749 2320 6618
f 2336 6911 4575
f 6911 678 4575
f 2915 4578 4576
f 1890 1019 4576
f 4945 4577 3702
f 4577 2866 3702
f 4518 1890 4578
f 4576 4578 1890
f 4700 2899 4579
f 2339 4579 2899
f 3025 4580 2412
f 5077 4580 3025
f 4581 3234 4940
f 6778 5730 1914
f 4582 4274 5906
f 4582 1712 4274
f 5029 4583 3141
f 4583 5238 3141
f 4099 6420 4584
f 2525 4099 4584
f 6662 2455 4585
f 4630 5311 6378
f 4659 4586 3854
f 3854 4586 4588
f 3343 4587 6180
f 6180 4587 699
f 4586 3273 4588
f 4588 3273 2174
f 1668 4589 2920
f 2342 2920 4589
f 5281 4590 2177
f 2985 1560 4590
f 4591 6035 5763
f 4591 2393 6307
f 4592 1851 2861
f 4592 6926 6922
f 4654 4593 6035
f 2137 2721 4656
f 4596 4594 5997
f 4594 5348 5997
f 4656 2898 4595
f 6148 4559 4595
f 3320 4594 4596
f 3320 4596 3619
f 1796 4873 4597
f 1796 5302 3211
f 4598 5986 1722
f 4598 1722 3673
f 2247 4599 6626
f 6968 4601 6459
f 4600 2945 2626
f 4600 1815 2945
f 6459 4601 3513
f 4601 3428 3513
f 693 3602 4602
f 4602 3602 4610
f 2587 2589 4603
f 2587 4603 1562
f 4604 2446 2712
f 5021 4604 2712
f 3326 4149 4605
f 3326 6970 3607
f 4606 1893 2642
f 3754 4606 2642
f 4607 4731 2582
f 4607 2582 2635
f 5621 3102 4608
f 3102 3100 4608
f 4609 3203 3563
f 6477 3203 4863
f 3602 2546 4610
f 4770 4610 5390
f 6141 2378 5709
f 4863 5615 6141
f 4612 2544 2261
f 4612 822 2544
f 1940 4613 3184
f 6694 3184 4613
f 2544 4614 2261
f 3358 2261 4614
f 2971 2471 4615
f 4615 2471 3408
f 2980 5579 4616
f 4427 4618 5579
f 4617 4615 6731
f 2228 2654 4617
f 4618 6839 4616
f 5579 4618 4616
f 4619 2101 6791
f 5497 2101 6774
f 2500 3000 4620
f 3000 141 4620
f 4622 2094 4621
f 2094 6650 6936
f 1860 4622 2972
f 6939 2094 4622
f 2230 3244 4623
f 2230 4623 6314
f 2501 3562 4624
f 6695 5503 3562
f 4629 4625 3288
f 3288 6851 5075
f 2779 2116 4626
f 4626 2116 1927
f 2505 4627 5224
f 4627 2505 6292
f 2084 955 4628
f 4628 5863 2084
f 3286 4625 4629
f 4627 3286 6724
f 5311 4630 6490
f 5240 3401 4630
f 4157 4631 6857
f 4631 3558 2935
f 6745 1603 1606
f 1831 5754 1606
f 2073 4369 4633
f 4633 4369 3671
f 2823 6533 1823
f 1823 5013 6132
f 5485 2844 4635
f 4635 2844 5380
f 4636 2112 4168
f 4353 2112 4636
f 4637 1855 2085
f 1855 4637 2442
f 4638 4168 2112
f 4168 7018 6904
f 4639 5698 4641
f 4639 2247 1922
f 6045 3125 4640
f 4640 3125 4507
f 3077 4641 5698
f 3077 2423 4641
f 4642 5115 2723
f 4642 2723 2270
f 4643 2333 4529
f 6967 6367 6365
f 4644 1863 4183
f 4183 5832 4644
f 2127 5008 4645
f 6232 2622 6167
f 152 4646 1863
f 3654 4646 152
f 4647 2151 6913
f 5410 4647 6290
f 5001 6391 4650
f 3361 6391 5001
f 4649 2874 6514
f 2006 2874 6331
f 2186 4650 4648
f 4650 2186 3706
f 1364 3009 4651
f 4651 3009 2160
f 5017 6302 3019
f 6302 6593 3019
f 4526 3087 4653
f 6315 1768 6712
f 2137 4593 4654
f 4804 2137 6003
f 4655 6221 2660
f 3958 4655 2660
f 2137 4656 4593
f 4656 4595 4593
f 4771 4657 3179
f 2089 4657 2324
f 4147 6465 4658
f 4658 1655 4147
f 4659 3776 4586
f 4659 4182 3776
f 3968 1909 4660
f 5952 1909 4140
f 4661 2813 2002
f 5489 4661 3038
f 1759 3218 4662
f 1759 4662 5367
f 3114 4783 4663
f 3114 4663 4243
f 4664 6238 4446
f 6734 3651 4664
f 6896 4665 5090
f 2379 3907 4665
f 3629 4666 2296
f 4666 3293 6259
f 2302 3638 4667
f 3638 2449 4896
f 4668 1911 4736
f 2494 1911 4668
f 6250 2067 4669
f 4669 2067 2674
f 4670 5600 3112
f 4670 3112 2194
f 4040 1919 4671
f 6267 2636 4671
f 2966 4672 836
f 3978 4672 2966
f 2053 2385 4673
f 2385 6517 4673
f 2172 4674 2989
f 4030 4674 2172
f 2912 4675 2034
f 5330 6088 5278
f 2190 3765 4676
f 4676 6126 5085
f 3498 4677 6025
f 5985 2924 4677
f 1806 4678 2911
f 5805 5807 2911
f 6308 4679 2173
f 132 4679 133
f 2543 5476 4680
f 5734 6672 3387
f 133 4681 4487
f 4679 4681 133
f 3549 4682 2487
f 2487 4682 5612
f 4683 3990 2395
f 3928 4683 2395
f 516 3313 4684
f 4684 518 516
f 4685 3233 5630
f 4685 5295 3233
f 4686 2750 5304
f 4686 5304 2092
f 6609 4687 5323
f 4688 2109 5252
f 6001 5999 6609
f 5252 6609 5999
f 2280 2654 4689
f 4689 2713 2280
f 2357 4690 6480
f 2357 1644 4690
f 4691 3198 4694
f 5539 3658 6831
f 6306 4691 4692
f 6306 4692 4749
f 6583 4693 3447
f 6581 4693 6583
f 1774 4692 4694
f 1774 4694 2961
f 1809 4398 4695
f 3186 1809 5336
f 2430 3976 4696
f 1621 4696 3976
f 4697 2078 5594
f 1983 2078 4697
f 4698 5633 3833
f 1750 2275 4698
f 4699 4010 1785
f 4699 2858 4010
f 4700 1572 2899
f 4277 1572 4700
f 2337 4701 2334
f 2334 4701 775
f 4702 3466 2768
f 6889 2768 4196
f 2826 3671 4703
f 4703 6373 2826
f 4362 4704 3678
f 4704 4362 5233
f 4705 2583 6429
f 5781 2583 4705
f 2809 4706 2358
f 6159 2809 6205
f 4707 3611 1872
f 1872 1725 5514
f 4879 1973 4708
f 5487 2949 6341
f 3107 3226 4709
f 2722 4709 3226
f 2536 4710 5497
f 4710 2536 3128
f 1741 3831 4711
f 1741 4711 3103
f 4712 1966 3861
f 3612 1966 4712
f 3331 4713 6316
f 5112 4713 3331
f 4714 6993 2313
f 2542 4714 5263
f 4715 4474 6340
f 4715 6297 4474
f 2958 6511 4716
f 4716 1795 5769
f 3270 5703 4717
f 4717 1732 1858
f 3070 5235 4718
f 3070 4718 1946
f 3406 1974 4719
f 6642 2129 6640
f 4261 3086 4720
f 4720 3086 4083
f 3404 5744 4721
f 3243 4721 2776
f 2557 4722 5364
f 5398 4724 6217
f 6062 4723 3674
f 4723 6062 4052
f 4724 4722 6217
f 4724 5428 4722
f 4004 4725 6005
f 4725 1968 2551
f 3040 2716 4726
f 2880 5291 2716
f 3040 4727 2716
f 6962 3040 5820
f 1817 4728 4533
f 1817 5886 4728
f 6833 4729 6178
f 4729 6774 6178
f 2817 1980 4730
f 2817 4730 1683
f 3290 6905 4731
f 6407 4731 1928
f 3407 4732 1996
f 2183 4732 3407
f 6188 3275 4733
f 4732 4733 3275
f 2671 6878 4734
f 5987 2671 4736
f 4735 3451 4737
f 2761 3016 4735
f 2671 4734 4736
f 4736 4734 4237
f 5878 2761 4737
f 4735 4737 2761
f 4738 2039 1723
f 1723 4221 6661
f 5392 3417 4739
f 3417 6236 4739
f 2035 4740 6986
f 4311 2145 4740
f 4662 1943 4741
f 1943 6639 4741
f 2313 4742 1736
f 1736 4742 5361
f 6547 3260 93
f 93 5503 6547
f 5217 2877 4744
f 3464 4744 2877
f 4745 1624 3329
f 5719 4747 3329
f 4218 4746 2764
f 3228 2764 5993
f 2066 4745 4747
f 4747 4745 3329
f 1614 6191 4748
f 3869 1614 6858
f 4749 4692 3183
f 2768 4749 6797
f 2999 4750 2548
f 2548 5441 4794
f 4751 2962 1980
f 4457 2962 6175
f 4752 836 1794
f 1794 3318 4752
f 4661 2811 4753
f 4753 2811 6851
f 4754 5020 3368
f 5895 3368 5026
f 4755 3935 2154
f 6954 2154 6720
f 4756 6680 5561
f 4756 4530 3106
f 5877 4757 5521
f 5521 4757 5711
f 5238 4758 1875
f 1875 6173 3154
f 4759 3480 1800
f 4759 1800 4153
f 4405 4760 2805
f 1350 2805 4760
f 3335 3641 4939
f 4939 3641 5593
f 2879 3518 4762
f 2774 2879 4762
f 4763 2046 2835
f 4149 6109 4763
f 4764 5524 2605
f 1679 4764 5419
f 4765 3416 3006
f 4765 1706 3416
f 4766 3497 4866
f 6593 2608 3019
f 3552 4767 2400
f 3552 4365 4767
f 3187 2039 4768
f 4768 2039 4738
f 3678 4769 4362
f 4362 4769 6937
f 5857 728 6440
f 6117 6440 728
f 2324 4771 6785
f 2324 4657 4771
f 3876 2837 4772
f 5347 2837 6427
f 3018 3020 4773
f 6064 3018 4773
f 2989 4898 4774
f 4774 2172 2989
f 4775 2348 6033
f 3351 4775 2242
f 6086 4776 1838
f 4776 3181 6323
f 2074 3582 4777
f 6683 2074 4777
f 3770 1989 4778
f 5365 3770 4778
f 4779 2229 5290
f 4108 6263 4779
f 3475 2491 4780
f 2491 3311 4955
f 5557 4781 4521
f 4521 4781 5368
f 4782 2831 3891
f 4782 4256 2831
f 1740 4783 2689
f 3118 2689 4783
f 3700 2637 4784
f 4784 2637 6394
f 2859 4785 6559
f 6231 2859 6846
f 5263 2739 4786
f 2739 2079 4786
f 4067 4787 4069
f 4069 4787 2357
f 1936 4788 3565
f 1797 5197 1936
f 1846 4789 1752
f 3100 4789 4791
f 4790 6399 377
f 4790 4166 3029
f 4791 1846 6658
f 4791 4789 1846
f 4792 3454 4930
f 4792 3234 6317
f 2610 6103 4793
f 6256 3157 2528
f 4794 5441 3119
f 4794 3119 4091
f 3155 6063 4795
f 3155 4795 2068
f 6163 4796 2534
f 6350 6352 3379
f 2756 5628 4797
f 2756 4797 6776
f 2547 4798 4034
f 3885 4798 2547
f 5507 4799 2253
f 6691 4799 2169
f 6249 6253 6251
f 6247 1981 6012
f 4803 4801 1653
f 4801 3541 1653
f 6249 6251 4802
f 3241 4802 6251
f 5067 4803 5799
f 4803 1653 5799
f 6676 4804 2875
f 2875 4804 4164
f 4452 4805 5843
f 4450 4805 4452
f 4664 4773 4806
f 4806 4773 3569
f 3566 4807 2791
f 2791 4807 3172
f 6542 4808 4443
f 2916 4078 4808
f 6311 4809 2775
f 2775 4809 4205
f 3679 1891 4810
f 2837 4812 1891
f 4101 1880 4811
f 6767 1880 1878
f 4812 2816 4810
f 4812 4810 1891
f 3131 2991 4813
f 6671 2991 5889
f 4814 5841 3619
f 6546 6544 4485
f 3478 4815 2531
f 2531 4815 3482
f 4681 4816 3615
f 5834 3601 3615
f 4817 5141 2071
f 3967 4817 2071
f 4818 3283 5636
f 4818 5270 3283
f 4819 3879 2713
f 5327 3879 4819
f 134 4820 5973
f 6962 4820 134
f 4421 4821 1695
f 1695 4821 5555
f 4822 1679 5419
f 2411 3847 6997
f 2940 4823 4479
f 2940 1684 4823
f 4824 6001 4906
f 3199 2606 4824
f 2550 4825 3204
f 4825 2550 4725
f 4826 1728 2059
f 3265 4826 2059
f 1659 4611 4827
f 6527 1659 4827
f 3538 4828 2720
f 4828 5930 2720
f 2488 4829 5607
f 5418 2488 1472
f 4830 3094 2075
f 4830 4294 3094
f 7016 2956 4831
f 2956 2598 4833
f 4832 1684 4268
f 1684 4832 4823
f 2956 4833 4831
f 4831 4833 6973
f 2024 5530 4834
f 2024 4834 3139
f 4838 4835 1120
f 4835 2121 1128
f 2616 3990 4836
f 4836 5475 2616
f 4837 2520 4649
f 3223 2520 4837
f 4838 6857 2121
f 4835 4838 2121
f 6677 4839 6796
f 5131 6796 4839
f 4840 3218 6436
f 3218 4840 4662
f 4841 6997 3847
f 1900 4841 3847
f 4842 2868 1857
f 3748 4842 6061
f 4843 3116 3697
f 4843 5630 3116
f 4162 4844 3626
f 4162 2029 4844
f 4845 2420 3191
f 4845 3191 6449
f 4846 3490 4508
f 4846 4407 3490
f 4847 4848 2929
f 4847 6808 3665
f 1658 4848 4847
f 1658 6483 4848
f 24 4390 4849
f 24 4849 35
f 4558 3867 4850
f 4867 4850 3867
f 2318 4094 4851
f 6936 2318 6384
f 4390 4852 4849
f 2 4852 4390
f 4853 4851 3676
f 2318 4851 6384
f 3562 6701 6695
f 6697 2976 6699
f 5127 4855 1889
f 4855 3660 1889
f 2605 4856 1917
f 5524 4856 2605
f 4600 2626 4857
f 4857 2626 4921
f 1644 4230 4858
f 2188 4858 4230
f 4858 4859 1697
f 1697 4859 2767
f 4860 3132 6186
f 4860 3542 3132
f 2091 5455 4116
f 5455 2091 3805
f 4862 2292 4865
f 2292 4988 3914
f 4609 4863 3203
f 4863 4609 1790
f 4037 4864 4953
f 1560 4864 4590
f 3679 4865 1891
f 3679 6047 5416
f 6593 4866 2608
f 2608 4866 6244
f 4867 2317 4243
f 4867 3867 2317
f 3536 4868 1645
f 3536 723 4868
f 3047 1561 4869
f 3775 3047 4869
f 4870 5351 2922
f 4870 2922 2114
f 4871 3752 2996
f 4871 2996 6015
f 6911 2336 4872
f 4872 2336 1957
f 5466 4873 6360
f 4873 4509 6360
f 6611 2053 4874
f 4874 6613 5155
f 3579 4875 5888
f 3579 2885 4875
f 4876 7006 6617
f 1910 5927 6617
f 4877 2751 3601
f 6595 2751 4877
f 444 4878 3521
f 3521 4878 3527
f 4879 2241 1973
f 3297 2241 4879
f 1873 4336 4880
f 6171 1873 4880
f 6165 137 4881
f 137 3111 4881
f 5691 4882 3289
f 5149 4882 3161
f 2891 4883 1647
f 4695 6458 7017
f 510 4884 6615
f 4884 510 5456
f 1861 4885 6940
f 6940 4885 4930
f 4886 1917 3546
f 4886 4042 1917
f 4294 4887 5516
f 1818 2521 4887
f 1215 1225 4888
f 4888 1256 1215
f 2982 4889 3810
f 3352 3810 4891
f 4890 1924 4160
f 6198 3842 6197
f 4889 4352 4891
f 4891 3810 4889
f 153 4892 2819
f 4971 5494 143
f 4893 4895 4202
f 5368 2575 4893
f 4667 543 4894
f 4894 543 579
f 4895 4893 2575
f 3000 4895 2575
f 3638 4896 4667
f 4667 4896 543
f 6182 4897 2470
f 2470 4897 4324
f 4774 4898 3131
f 3828 4900 4898
f 4899 4205 3369
f 6046 4899 3369
f 4898 4900 3131
f 4900 2066 3131
f 2922 4901 2114
f 4901 2922 6975
f 2705 5812 4902
f 4901 6975 4902
f 2634 4502 4903
f 4903 5964 5962
f 3873 4904 4195
f 3354 4904 3873
f 2259 4614 4905
f 4905 3415 2259
f 1708 3199 4906
f 3199 4824 4906
f 115 116 4907
f 5784 116 6910
f 4908 6984 2390
f 4908 2390 4073
f 4909 6999 2090
f 4909 2599 3390
f 5784 6910 106
f 106 6910 4915
f 2843 2803 4911
f 6143 3820 4911
f 1825 3530 4912
f 1825 4912 6335
f 4913 1671 4068
f 6093 5810 4913
f 4914 3414 1949
f 3414 4914 5505
f 6910 96 4915
f 4915 96 85
f 3636 1964 4916
f 5959 6686 4916
f 3318 4917 3316
f 3316 4917 5285
f 4918 5770 3650
f 2630 4918 3650
f 4917 2864 4919
f 2864 3514 4919
f 4920 6963 3473
f 2234 4920 2718
f 4281 5658 2090
f 5658 4909 2090
f 2111 4922 2234
f 2234 6963 4920
f 5763 4923 2236
f 2236 4923 6793
f 3042 4924 3309
f 3042 4506 4924
f 4925 1661 6457
f 4580 1661 4925
f 4926 2183 3405
f 2552 4926 5904
f 2504 4927 5065
f 5771 4927 2504
f 2796 4928 4755
f 3595 4928 2796
f 4929 4627 6292
f 2797 4929 2368
f 1915 4930 4885
f 4792 4930 1915
f 3561 4931 142
f 4931 3561 4414
f 4932 3364 2042
f 4932 2042 4260
f 3962 5273 5653
f 5272 3727 5273
f 4934 2569 4295
f 942 4934 4295
f 4132 3503 4935
f 4444 4132 4935
f 2465 3672 4936
f 1734 2465 5717
f 4937 4736 4237
f 5041 4937 4237
f 6181 4938 3680
f 3680 4938 6466
f 4939 4761 3335
f 4761 4939 5593
f 1914 4940 5838
f 1914 4581 4940
f 3337 4941 1688
f 4941 3337 5382
f 6927 3753 4942
f 6927 4942 6296
f 4943 2408 4021
f 4943 4021 5640
f 3095 1804 4944
f 4944 5957 5076
f 3704 4945 3702
f 5986 4945 3704
f 1944 5495 4946
f 1944 4946 3893
f 3657 2699 4947
f 3657 4947 224
f 1860 2972 4948
f 4948 6826 5786
f 4949 1793 6318
f 4949 3251 1793
f 4950 4099 2525
f 2012 4950 2525
f 4951 3133 6376
f 5745 6589 4951
f 6096 4952 2353
f 2353 4952 3734
f 1560 4953 4864
f 4118 4953 1560
f 5673 3598 6735
f 3307 6735 3598
f 2491 4955 4780
f 5101 4780 4955
f 2193 4956 6735
f 3140 4956 2193
f 4957 2453 2295
f 3643 4957 2295
f 4958 2853 1854
f 6721 1854 1855
f 6688 848 4959
f 4959 848 5589
f 1991 4960 4213
f 1991 5147 4960
f 2792 3634 4961
f 3684 2792 4961
f 4148 4962 2366
f 4962 5548 2366
f 1700 6335 4963
f 3998 1700 4963
f 6091 2233 4964
f 4185 2588 4964
f 3075 2878 4965
f 6079 6881 2070
f 4970 4968 3381
f 4949 3381 4968
f 6282 5223 4967
f 4969 4967 5223
f 5493 4949 4968
f 5491 5493 4968
f 4969 5223 2941
f 1830 4969 2941
f 4970 3832 5243
f 4970 3381 5269
f 4971 4892 153
f 2733 4892 4971
f 1951 4972 3178
f 3178 6531 6942
f 2468 4973 3300
f 5777 4975 6592
f 2858 2746 4974
f 4204 6832 5424
f 4975 4973 6592
f 3130 4973 4975
f 1968 4978 4976
f 5244 1968 4976
f 4977 3744 6471
f 1640 4462 4977
f 4976 4978 2416
f 2860 2416 4981
f 4979 1969 2198
f 6459 6626 6968
f 4980 2619 4741
f 2619 6328 6330
f 4978 4981 2416
f 4978 6610 4981
f 6163 4982 6890
f 4982 6220 6890
f 4983 2326 5365
f 4096 2326 4983
f 1827 4984 2982
f 4984 1827 3954
f 4114 4985 5509
f 1898 4987 4408
f 4986 3505 1975
f 2780 3505 6755
f 4987 4985 3889
f 5509 4985 4987
f 6047 4988 4862
f 4988 2292 4862
f 4989 4410 4991
f 2360 4989 4991
f 4990 2799 4009
f 5591 4990 4009
f 2141 4991 4410
f 2360 4991 2141
f 4992 4990 1749
f 4992 1749 3905
f 3878 2010 4993
f 5527 2010 5354
f 1686 5251 4994
f 3090 1686 4994
f 2799 5332 4995
f 5332 3168 4995
f 3293 1663 6258
f 6258 1663 6261
f 2103 4997 3072
f 6108 5433 2103
f 5377 2148 4998
f 2148 5904 6410
f 4093 968 6980
f 4093 6980 987
f 5000 3220 4335
f 5265 6351 5000
f 5001 4650 6536
f 5003 5001 6536
f 2771 5002 5319
f 2771 2905 5002
f 3361 5003 2540
f 5003 3361 5001
f 6254 2082 5004
f 5004 2082 5548
f 3124 5005 1625
f 1625 5007 3806
f 2346 5006 6464
f 2346 2472 5006
f 5005 1821 5007
f 1625 5005 5007
f 4645 5008 4125
f 4125 5008 2248
f 5009 6367 3496
f 6717 5009 6718
f 2493 5010 4573
f 2964 5010 2493
f 5011 2289 3982
f 5011 3982 3488
f 3251 5012 5917
f 5012 3251 4356
f 1823 4634 5013
f 2028 5013 4634
f 1020 6346 5014
f 5014 6004 1020
f 5015 2308 532
f 5015 509 2308
f 1769 5016 5679
f 5016 1769 6004
f 5015 5017 509
f 6302 5017 5015
f 5018 2908 3824
f 6239 2391 2908
f 5019 6092 1916
f 5019 1916 3746
f 3319 1765 5020
f 5020 1765 2291
f 4604 5021 1574
f 5021 4220 1574
f 5022 3299 1904
f 6169 5022 1904
f 4606 2729 5023
f 2729 6867 5023
f 1897 5024 3492
f 3492 5024 3758
f 2442 3230 5025
f 3230 2905 5025
f 1849 5026 3491
f 1849 5895 5026
f 3689 5027 6647
f 5027 3770 3016
f 5028 4048 3540
f 4122 5028 3540
f 1256 4583 5029
f 1256 5029 1225
f 5790 3375 5030
f 3375 4768 5030
f 5031 3531 6698
f 3241 3531 5031
f 1867 5032 2721
f 2721 5032 2898
f 5033 5324 1997
f 1997 4275 6138
f 2996 3752 5034
f 3752 1247 5034
f 4075 3259 5035
f 5600 3259 2021
f 2906 6322 5036
f 5036 4214 2906
f 5037 3993 4112
f 3995 3993 5037
f 5038 6113 2652
f 6909 2388 2098
f 5039 3296 3803
f 5465 4020 3296
f 5040 6909 2651
f 2651 3425 5040
f 125 5858 5041
f 5041 4237 125
f 2793 4373 5042
f 3544 2793 5042
f 2506 5043 4830
f 4296 5043 2506
f 4209 3712 5044
f 5044 3712 4311
f 4089 5045 5866
f 5045 4117 2748
f 5048 2992 5046
f 3718 6987 5156
f 3367 2027 5047
f 3367 5047 3743
f 6987 5048 5156
f 2376 5048 1816
f 2206 5049 3461
f 2969 5049 2206
f 3905 1971 5050
f 2841 5050 5692
f 3781 5051 3509
f 2311 5051 3781
f 2311 5052 5051
f 2311 4766 5052
f 5053 4545 6505
f 2770 4545 5053
f 5054 3849 2664
f 5054 6665 3849
f 4678 5846 5055
f 5055 3160 6790
f 5056 2786 3636
f 5056 4482 2786
f 5057 2397 3292
f 6707 3292 6515
f 5821 5528 5058
f 5058 3569 5822
f 1883 2091 5059
f 1883 5059 5504
f 4038 5062 5060
f 2247 4038 5060
f 6733 3145 5061
f 3145 6985 5061
f 4038 2571 5062
f 5818 5062 5817
f 5063 3950 1631
f 5063 1941 3950
f 3235 6529 2184
f 4668 2184 6529
f 5065 6633 3370
f 5065 3370 2504
f 3648 5066 1811
f 5066 6824 5068
f 2824 5067 4303
f 2824 5069 5067
f 5068 1811 5066
f 1811 5068 3174
f 2509 3188 5069
f 2824 6628 5069
f 5070 3709 1657
f 5331 3709 5070
f 6594 5071 5661
f 5661 6844 3216
f 5072 909 2251
f 5074 2251 959
f 1988 5073 3624
f 5073 5990 3624
f 2821 5072 5074
f 5074 5072 2251
f 5075 3883 1806
f 5075 1806 5373
f 5076 5175 3913
f 5076 3913 5885
f 2942 3985 5077
f 2943 2942 5606
f 6031 2774 5078
f 2774 4762 5078
f 4453 4173 5079
f 4173 6794 6614
f 2255 5080 4685
f 6119 5080 2255
f 5081 4254 6803
f 3840 5081 6803
f 6524 92 5082
f 92 3088 5082
f 2212 5083 5081
f 5634 6777 2212
f 3692 2057 5084
f 5084 6406 3692
f 2190 4676 5085
f 2190 5085 2043
f 5086 2285 2641
f 3701 2285 5086
f 3551 3166 5087
f 5087 3166 2252
f 3261 5510 3645
f 2464 3645 5508
f 6914 5089 3574
f 6207 3574 5089
f 4081 2189 5090
f 2189 6896 5090
f 5951 1083 5091
f 4455 5091 6860
f 1744 3439 5092
f 3439 2185 5092
f 4531 1940 5093
f 1940 3184 5093
f 5094 4204 1998
f 4204 5094 6868
f 5095 2572 6129
f 2572 6868 5094
f 2331 5096 6585
f 5096 5843 3400
f 2398 6493 5097
f 7019 5097 5306
f 3931 6276 5098
f 5621 3931 5098
f 3866 5099 2054
f 3866 6509 5099
f 3533 5100 6208
f 4831 6973 3533
f 6170 3475 5101
f 3546 1743 5101
f 5102 3115 4960
f 5102 3593 3115
f 5103 4975 2466
f 2466 3898 7020
f 5104 5783 2561
f 2561 6036 5104
f 1794 5105 3318
f 6040 3318 5105
f 4916 2439 5106
f 5182 5106 2439
f 4649 2372 5107
f 5933 2372 3164
f 6418 5108 2893
f 2893 5108 6330
f 2998 5109 2015
f 4388 5109 2998
f 5110 3356 1945
f 1945 6074 5110
f 4555 5111 2937
f 2937 5111 4142
f 5954 3859 5112
f 3859 2160 5112
f 5792 6105 5113
f 2059 2633 5113
f 5114 3687 6865
f 4410 6053 5114
f 5115 3402 2668
f 2723 5115 2668
f 5422 2882 5120
f 5422 5114 2882
f 1828 4375 5117
f 6265 1828 5117
f 5227 3500 5118
f 5118 3500 2882
f 5119 2790 6989
f 2266 2790 5119
f 2882 3500 5120
f 5538 5120 3500
f 5121 5411 2601
f 4690 5121 2601
f 5122 2482 3187
f 5122 3187 2785
f 5123 3153 4893
f 5123 4419 6784
f 1602 5124 5318
f 5124 1602 5739
f 5721 2323 5125
f 6122 5127 6653
f 4016 1711 5126
f 6831 5126 1711
f 2323 3380 5127
f 5125 2323 5127
f 5128 4194 3611
f 6532 5128 3611
f 5131 5129 6796
f 6049 1615 5129
f 5130 2097 2648
f 2648 6839 5130
f 4342 3539 5131
f 6049 5129 5131
f 5132 2429 6369
f 5132 2335 5009
f 1221 5133 6540
f 2916 5133 1837
f 5134 5567 5137
f 6095 3892 5258
f 6951 3892 5135
f 5137 3892 5134
f 3135 5136 5192
f 5824 5136 3135
f 5137 5135 3892
f 5137 2926 5135
f 2282 5138 1718
f 5925 6374 1718
f 5793 5139 2083
f 5139 2926 5137
f 3062 5989 5140
f 3062 5140 3741
f 4817 3059 5141
f 3059 2332 5141
f 2221 2245 5142
f 2245 6899 5142
f 989 5143 1667
f 5143 5732 1667
f 2894 4139 5144
f 5144 4139 2677
f 2579 5145 2000
f 2579 3427 5145
f 2873 5146 2320
f 6527 4827 5146
f 1993 5102 5147
f 1993 5147 1885
f 5148 1787 4268
f 1684 5148 4268
f 5149 3289 4882
f 3289 5149 3573
f 1746 1818 5150
f 3575 5150 5152
f 2164 5449 5151
f 5153 5151 5449
f 5152 1818 4296
f 5150 1818 5152
f 2301 5155 5153
f 2301 5153 5449
f 5154 3258 105
f 105 5356 5154
f 5153 5155 3573
f 6613 3573 5155
f 5156 5046 5815
f 5048 5046 5156
f 5157 3529 4800
f 6253 6247 6012
f 5158 5706 2413
f 5158 2413 3215
f 5159 4192 6177
f 2305 5159 2804
f 5160 1724 4031
f 1724 5160 2393
f 3504 2828 5161
f 899 6080 2828
f 5162 5610 2209
f 3388 5162 2209
f 5163 4020 5161
f 6080 5161 2828
f 3506 1081 5164
f 2144 3506 5164
f 1810 5165 4361
f 6918 5165 1810
f 3342 5166 772
f 2823 5166 3342
f 5167 3546 5386
f 3546 5167 4240
f 5553 5550 5168
f 2175 5553 5168
f 4312 5169 2596
f 2596 5169 5442
f 5170 1721 5172
f 2175 5170 6512
f 4307 6837 5171
f 5171 5795 4307
f 2031 5172 2983
f 6512 5170 5172
f 5321 5173 4929
f 5173 2586 4753
f 3275 5721 1892
f 5125 1892 5721
f 5076 2108 5175
f 2108 6135 6058
f 1860 3460 5176
f 5176 3460 6725
f 5177 3737 378
f 5179 5177 378
f 1617 5178 3243
f 5178 4721 3243
f 1690 3248 5179
f 3471 1690 5179
f 5448 2754 5180
f 2754 3627 5180
f 6347 2399 5181
f 2435 5181 5183
f 2439 3452 5182
f 3452 4712 5182
f 2399 2959 5183
f 5181 2399 5183
f 3777 5184 6849
f 5184 2611 2934
f 4271 3834 5185
f 4273 4271 5185
f 5186 4460 3831
f 2714 4460 5186
f 5187 2210 3013
f 3510 2210 5187
f 5188 4264 5869
f 5188 2055 4264
f 5189 4334 888
f 5189 930 4334
f 5190 5188 5869
f 5190 2382 1568
f 5191 2041 5317
f 6675 3257 2041
f 6786 5192 5329
f 3135 5192 6786
f 2437 5193 5306
f 5193 2437 5750
f 5194 4986 1975
f 5194 1975 5338
f 2539 6348 5195
f 2130 2539 5195
f 6604 3207 5196
f 5196 3207 1595
f 5197 6523 4788
f 1936 5197 4788
f 5198 3567 2339
f 1582 3567 5198
f 5697 5199 2900
f 5199 6334 5201
f 5200 5689 3693
f 4119 5200 3693
f 5201 1620 2900
f 5201 2900 5199
f 1895 6930 3281
f 6930 1895 3975
f 3955 2444 5203
f 5201 6334 2444
f 5801 6396 2389
f 6396 6653 2389
f 6961 5205 6770
f 3271 1866 5205
f 6396 3553 6653
f 3553 6122 6653
f 5080 6119 5207
f 2750 3811 5207
f 2080 6729 5208
f 5002 5208 3232
f 3238 5209 5751
f 5209 3238 4250
f 5450 2495 5210
f 2495 3279 5210
f 2737 5211 4817
f 4543 5211 2737
f 1641 5212 3502
f 6879 5212 5214
f 3560 1907 5213
f 2900 3560 5213
f 6879 5214 2223
f 5214 5257 2223
f 5442 5215 2250
f 2250 5992 2694
f 3989 5216 1733
f 1733 5216 5973
f 2408 4453 5217
f 5217 4744 2408
f 5218 4076 1925
f 6071 4076 5218
f 5219 1900 1934
f 5219 3120 1900
f 6545 3663 5220
f 3663 3565 6038
f 3027 4262 5221
f 5221 3080 3027
f 5222 840 1680
f 5225 1680 850
f 2941 5223 3894
f 3894 5223 6282
f 4123 5224 3348
f 5224 6724 3348
f 2337 5222 5225
f 5222 1680 5225
f 4123 3348 5226
f 4123 5226 6470
f 3268 5227 5229
f 5227 5118 5229
f 1807 5228 4306
f 1807 4729 6833
f 2114 2113 5229
f 3268 5229 2113
f 5230 2630 3650
f 5230 1933 2630
f 3429 5231 5941
f 6111 5231 3429
f 4174 5232 2459
f 4174 2860 5232
f 6684 6587 3393
f 2568 2974 6587
f 3691 6574 5234
f 5234 3063 3691
f 3068 5739 5235
f 4522 3068 5235
f 2568 5236 2974
f 5236 92 6524
f 5237 1826 4495
f 5237 4495 6089
f 4077 3101 5238
f 5238 3101 4758
f 5239 5240 3150
f 5239 3150 1930
f 5239 2649 5240
f 5240 2649 5340
f 5881 3462 5241
f 4592 5241 3462
f 6222 4309 6648
f 6222 3683 4309
f 5243 5894 4031
f 5243 4031 5325
f 2350 5244 4242
f 3800 5244 2350
f 3904 6958 5245
f 6145 3904 5245
f 1780 4636 5246
f 1780 5246 2604
f 5247 1918 7009
f 5247 696 4542
f 2694 3711 5248
f 1716 5248 3711
f 2860 5249 5232
f 5249 2860 4981
f 5250 5683 4381
f 4687 5250 4381
f 4994 5251 2102
f 2102 6473 5105
f 5252 5250 4687
f 4687 6609 5252
f 1600 5253 3953
f 3799 5255 1600
f 6797 5254 2670
f 5254 3550 2670
f 5255 3801 5253
f 5255 5253 1600
f 5256 3319 5020
f 5256 2209 3319
f 5257 2454 4855
f 5438 2454 5257
f 6095 5258 2023
f 2023 5258 3944
f 3596 5259 3947
f 4016 5259 3596
f 2986 5260 6519
f 2986 2320 5260
f 4291 6634 5261
f 4291 5261 4326
f 97 5262 2889
f 97 6845 5262
f 6672 5263 3493
f 3493 5263 4714
f 2462 5264 6903
f 1945 6853 5264
f 3325 5265 6481
f 3325 5912 5265
f 2317 5266 6853
f 6853 6903 5264
f 5267 3279 3514
f 5980 3514 2864
f 5268 6412 2106
f 5268 2106 5006
f 5269 3832 4970
f 3832 5269 3007
f 4747 2836 5270
f 3242 5270 2836
f 6244 4866 5271
f 5271 2310 6244
f 3727 5272 5466
f 5272 4597 5466
f 4933 5273 6097
f 5272 5273 4933
f 5274 1649 4631
f 5274 3982 1649
f 5273 3962 5275
f 4175 5275 3962
f 3591 3589 5276
f 5276 3589 2420
f 2468 4121 5277
f 4121 6526 5946
f 5278 2912 5280
f 5278 6088 2912
f 1553 3898 5279
f 1553 5279 2294
f 5177 3248 5280
f 5278 5280 3248
f 5281 2985 4590
f 5281 4118 2985
f 5851 6960 5620
f 6960 6005 5620
f 2403 5283 770
f 6215 5283 2403
f 4566 2249 5284
f 2249 5674 5284
f 5285 6215 2403
f 5285 4919 2508
f 5286 2312 4044
f 5286 4188 2312
f 1767 5287 4786
f 5287 5511 2105
f 2851 5288 2045
f 6363 2851 2849
f 2448 3626 5289
f 2448 5289 3152
f 4779 5290 3750
f 5776 3750 5290
f 5455 4726 5291
f 4726 2716 5291
f 2704 5292 5294
f 2704 6921 5292
f 4825 4004 5293
f 5282 5293 4004
f 2704 5294 4219
f 4219 5294 3764
f 5295 6690 3233
f 2590 5295 3214
f 5296 3449 4538
f 3449 5298 2802
f 3000 2575 5297
f 4519 5297 2575
f 3449 5296 5298
f 5296 1783 5298
f 2032 5299 2030
f 2800 5299 2032
f 3722 5300 4829
f 2305 5300 3722
f 5301 91 3258
f 76 91 5301
f 5302 1796 4597
f 5302 4597 5950
f 5303 4251 6818
f 6818 4784 6394
f 5304 2096 5556
f 5907 4843 2096
f 5303 5305 4251
f 6488 5305 1803
f 5306 3340 7019
f 3340 5306 5193
f 6931 5307 3762
f 1861 6940 6929
f 4388 5308 868
f 3771 5308 4388
f 5309 2732 1730
f 4505 2732 5309
f 2205 5310 6765
f 2205 5790 5310
f 5311 4585 2455
f 5311 6490 4585
f 4872 5312 3137
f 3137 5312 2502
f 3359 5313 3895
f 2254 3895 5313
f 5314 3636 2095
f 2095 3931 5621
f 2298 5315 4090
f 2298 3548 5315
f 2448 3152 5316
f 1793 2448 5316
f 2143 2467 5317
f 5317 2467 3672
f 5972 5318 5178
f 6098 1602 5318
f 3494 5319 2077
f 2771 5319 3494
f 5320 1871 5823
f 5322 6219 1871
f 3802 2586 5321
f 2586 5173 5321
f 4796 5322 5320
f 5320 5322 1871
f 5323 2633 2666
f 6609 5323 2666
f 5198 5324 1611
f 1611 5324 1591
f 2810 5325 4547
f 5243 5325 2810
f 5557 5326 4084
f 3759 4084 5326
f 1702 5327 4819
f 1651 5327 5328
f 1702 2151 5328
f 5328 5327 1702
f 5627 3872 5329
f 5329 5230 5627
f 2784 3843 5330
f 5330 5278 2784
f 5462 1366 5331
f 1366 4498 5331
f 3795 5332 2401
f 2401 5332 2799
f 1631 3950 5333
f 3530 1631 5333
f 6562 2745 6560
f 4153 2745 6562
f 6139 5039 5335
f 6139 5335 3804
f 4695 7017 5336
f 1809 4695 5336
f 5337 3103 5584
f 5337 1741 3103
f 1975 4513 5338
f 5338 4513 4511
f 5339 2133 3594
f 5339 4264 2133
f 3732 4511 5340
f 2649 3732 5340
f 3165 5341 1920
f 1920 5341 268
f 5342 1983 3253
f 5342 3253 2383
f 1836 1618 5343
f 4995 1836 5343
f 5344 1983 5342
f 5344 5942 1983
f 3071 6153 5345
f 5345 3499 3071
f 1905 4583 5346
f 5346 2946 1905
f 3969 4772 5347
f 5347 4772 2837
f 5997 5348 2994
f 2994 5348 3948
f 77 5868 5349
f 78 77 5349
f 1745 5350 2434
f 4666 2434 6525
f 4350 3034 5351
f 5351 5856 4350
f 5352 3200 3403
f 6382 3843 5352
f 2093 3739 5353
f 5353 3726 2093
f 2529 5527 5354
f 2529 5354 3395
f 5355 3545 1039
f 5355 2015 3545
f 3987 5356 105
f 2568 5356 3987
f 5357 3887 2241
f 3297 5357 2241
f 1554 2293 5358
f 1554 5358 5725
f 3357 5359 3793
f 3793 5359 2354
f 5159 5360 4192
f 4192 5360 2018
f 1566 1736 5361
f 1566 5363 5624
f 4273 5185 5362
f 6138 4273 5362
f 5363 1566 5361
f 5361 2456 5363
f 5364 2122 3754
f 5364 5595 2122
f 5365 2248 3770
f 4125 2248 5365
f 4395 5366 1952
f 4395 3953 5366
f 3919 1759 5367
f 3919 5367 5108
f 4781 4519 5368
f 5368 4519 2575
f 5369 3822 3946
f 3946 1764 5670
f 5370 4108 4779
f 4108 5370 6731
f 5371 6899 3376
f 5371 3376 2517
f 5372 3324 2669
f 2036 3324 5372
f 2287 5075 5373
f 3625 2287 5373
f 4528 6402 5374
f 5891 5374 2215
f 1806 3817 5375
f 5375 3817 5809
f 3364 5376 6764
f 5376 3364 3436
f 3262 5377 4998
f 1937 5377 3262
f 2947 5378 6777
f 2267 5378 2947
f 5379 3420 2272
f 3420 5379 2005
f 5378 5380 6777
f 5380 1681 5083
f 3821 2153 5381
f 2153 1770 5381
f 5380 5382 1681
f 5382 3337 1681
f 2040 5019 5383
f 5383 2546 2040
f 136 5167 5384
f 136 5384 6556
f 2446 2415 5385
f 4471 5387 2415
f 5386 3768 2845
f 5384 5386 2845
f 5387 5385 2415
f 5385 6185 2609
f 3317 5388 2478
f 6587 5388 3317
f 3766 5389 1599
f 1599 5389 4873
f 2546 5390 4610
f 5383 5390 2546
f 5391 3222 4161
f 1775 3222 5391
f 4209 5392 3003
f 2661 3003 5392
f 2808 7002 5393
f 4476 2808 5393
f 3294 5394 648
f 2397 5394 3294
f 5395 2311 3781
f 2311 5395 3497
f 2553 3467 5396
f 5396 3467 5672
f 3051 5397 3878
f 3051 6864 5397
f 1668 2681 5398
f 6183 4724 5398
f 4586 1790 5399
f 1790 4609 6908
f 5796 5400 1797
f 1797 5400 5197
f 5401 2447 5403
f 5333 2447 5401
f 6052 3980 5402
f 5592 6919 1935
f 6633 4011 5403
f 5401 5403 4011
f 5404 6631 2155
f 6633 2155 4011
f 4922 2111 5405
f 2111 4948 5405
f 4508 3082 5406
f 6995 4508 5406
f 2027 5407 2939
f 5045 5407 2027
f 5408 4285 2981
f 4283 4285 5408
f 4362 6937 5409
f 3391 4962 5409
f 5410 2151 4647
f 5410 5328 2151
f 4340 5411 2381
f 2601 5411 4340
f 4131 1779 5412
f 4131 5412 7007
f 1820 4473 5413
f 3094 1820 5413
f 5049 5414 3461
f 3461 5414 2719
f 3099 5415 3491
f 3099 5874 5415
f 3679 5416 4865
f 4862 4865 5416
f 6655 3710 5417
f 5417 3710 2629
f 2488 5418 4829
f 1552 4829 5418
f 5419 2411 6997
f 2411 5419 2714
f 5420 3388 2209
f 5420 2987 3388
f 3217 5421 1322
f 2639 5421 3217
f 5422 5120 5116
f 6419 5114 5422
f 5423 153 3276
f 5423 3276 148
f 2746 5631 5424
f 6832 2746 5424
f 3069 5425 6439
f 3960 5425 3069
f 5426 1651 5328
f 1651 6192 2266
f 3385 5427 5301
f 3385 48 5427
f 4571 6210 5428
f 2886 5428 1627
f 5429 2679 4029
f 3078 2679 5429
f 1727 3015 5430
f 6578 3015 2807
f 5430 3015 5431
f 5430 5431 2109
f 3927 6023 5432
f 3927 5432 5427
f 5433 2174 4997
f 5433 4997 2103
f 4424 5798 5434
f 5434 3474 2224
f 1704 4206 5435
f 1704 5435 1623
f 3988 5436 2532
f 5436 2692 2532
f 5437 5651 2674
f 2674 5068 6824
f 3201 1995 5438
f 5438 1995 2454
f 5439 1741 5337
f 5635 1741 5439
f 3195 5440 5441
f 4415 5440 6150
f 4750 3195 5441
f 4750 5441 2548
f 2846 3479 5442
f 5442 2250 2846
f 4144 3961 5443
f 2071 6702 5443
f 2747 5444 6296
f 2747 2211 5444
f 1735 2342 5445
f 5445 2342 3082
f 3609 5446 2603
f 5446 5969 2603
f 3917 2948 5447
f 959 5664 2948
f 5448 5180 3308
f 1660 5448 3308
f 150 2301 5449
f 5449 146 150
f 4782 5450 5210
f 3019 5450 4782
f 6779 5451 6781
f 5451 6783 6781
f 3739 6280 5452
f 4172 5452 2281
f 5453 5381 6783
f 5451 5453 6783
f 5454 3992 5522
f 5454 3120 3992
f 4861 4726 5455
f 5455 4487 4861
f 1715 5456 510
f 5456 1715 572
f 3454 3236 5457
f 3236 6660 5457
f 3798 6806 5458
f 3798 5458 2675
f 4824 2606 5459
f 5459 5655 2110
f 6429 2583 5460
f 5460 3786 1908
f 2677 5461 6600
f 2018 5461 2677
f 3511 3021 5462
f 5462 3021 3366
f 5463 2003 5967
f 2003 5463 3557
f 5464 1616 3215
f 3215 2195 5464
f 5465 3296 5039
f 6176 5465 5039
f 6358 5466 6360
f 3727 5466 6358
f 2584 4425 5467
f 2584 5467 4427
f 3027 5468 1622
f 1622 5468 6687
f 1835 4450 5469
f 5469 4450 2107
f 1799 5470 3941
f 5470 6805 5471
f 3941 5471 4468
f 5471 3941 5470
f 5472 2468 6400
f 7014 1562 1563
f 3789 3312 5473
f 2852 3789 5473
f 2730 5474 149
f 5474 2730 2881
f 5475 4836 2930
f 2930 2818 5475
f 2446 5476 2712
f 2446 5385 5478
f 5071 3717 6814
f 6814 3717 4391
f 5476 5478 2739
f 5476 2446 5478
f 5479 6749 3480
f 3875 2476 5479
f 5480 1951 4010
f 5480 2643 1951
f 2921 2919 5481
f 2919 3516 5481
f 6151 5482 1747
f 1747 5482 4490
f 4403 2286 5483
f 5483 2286 1809
f 6151 1747 5484
f 3403 3200 5484
f 4635 1830 5485
f 2941 6852 1830
f 5486 2524 3912
f 4613 5486 6694
f 1973 5487 6341
f 5487 1973 3887
f 5488 5189 888
f 5488 888 879
f 5935 2813 5489
f 5489 2813 4661
f 2464 5490 2663
f 5490 4328 2663
f 4966 5491 2297
f 2297 5491 6044
f 3600 6206 5492
f 5369 3600 5492
f 5493 5491 4966
f 3984 5493 4966
f 5423 5494 153
f 4971 153 5494
f 5495 6104 3515
f 5495 3515 4946
f 3887 3146 5496
f 6936 5496 3146
f 6573 2536 5497
f 2993 5497 6774
f 5498 5796 2422
f 5700 5498 2422
f 3304 2570 5499
f 3304 6676 4280
f 4234 5500 2951
f 2951 5500 4299
f 3896 6933 5501
f 3745 3896 5501
f 2202 5502 4570
f 5941 2202 3429
f 4624 5503 3048
f 3562 5503 4624
f 5504 4141 3221
f 1883 5504 3221
f 6792 5505 4063
f 4063 5505 4914
f 6846 6844 5506
f 6846 5506 3924
f 2169 5507 2692
f 2169 4799 5507
f 141 5508 5510
f 5510 5508 3645
f 1898 5509 4987
f 1898 4114 5509
f 3411 5088 5510
f 5088 141 5510
f 1767 5511 5287
f 1767 5513 5511
f 4707 5512 6992
f 6992 5512 3958
f 1960 5513 5249
f 5513 1960 5511
f 5514 4707 1872
f 4707 5514 5512
f 4464 2823 5515
f 5515 3516 4464
f 2521 5516 4887
f 2521 3429 5516
f 3897 5517 5519
f 5519 5517 5481
f 5518 4294 5516
f 4294 5518 2507
f 5519 5481 3516
f 5515 5519 3516
f 5520 2061 2507
f 5520 4570 6028
f 3659 5521 4347
f 4154 5521 3659
f 6563 5522 3994
f 3994 5522 6821
f 2765 4067 5523
f 4549 2765 5523
f 1679 2855 5524
f 4764 1679 5524
f 4158 5525 2051
f 5525 2031 6395
f 5526 2269 4054
f 1851 6625 5526
f 4993 5527 4090
f 4993 2010 5527
f 5757 5058 5528
f 3472 5528 2024
f 2770 5053 5529
f 2770 5529 1745
f 1868 3378 5530
f 5530 5528 1868
f 5225 5531 3092
f 3092 5531 7026
f 5532 2496 3756
f 2496 5532 3519
f 3603 5533 2164
f 5535 2427 5533
f 4097 6417 5534
f 838 5534 2410
f 5535 3603 2045
f 5535 5533 3603
f 1627 5536 2581
f 2581 5536 3835
f 4317 5537 3694
f 2728 3694 5537
f 1706 5538 3416
f 1706 5120 5538
f 6306 5539 4691
f 5539 6831 4691
f 2025 3479 5540
f 5540 3479 5586
f 2941 5541 1970
f 5541 5543 1970
f 5542 3322 2855
f 1679 5542 2855
f 1970 5543 3595
f 5543 4928 3595
f 2089 5544 4657
f 5546 5915 5544
f 1847 5545 3623
f 1847 6142 5547
f 3181 5546 2089
f 5546 5544 2089
f 1847 5547 5545
f 6795 5547 4310
f 5004 5548 3767
f 3767 5548 4962
f 6063 3782 5549
f 3782 4357 5549
f 5550 4327 5168
f 5550 5938 4327
f 5551 5552 5554
f 5554 1893 5551
f 5551 3751 5552
f 5552 3751 3863
f 2070 6112 5553
f 2070 5553 2175
f 5552 1972 5554
f 6356 5554 1972
f 5555 6789 3095
f 3095 1695 5555
f 1784 5078 5558
f 5558 2096 1784
f 5557 1934 2667
f 2667 4781 5557
f 5078 5556 5558
f 5558 5556 2096
f 2910 5559 3563
f 6906 5559 2910
f 5560 2798 2979
f 4496 5560 2979
f 5561 2424 5277
f 5561 3773 2424
f 4045 5562 72
f 6521 88 5562
f 5563 3485 6443
f 2192 3485 5563
f 5564 2360 1762
f 1762 4491 5585
f 1103 5565 2068
f 3155 2068 5565
f 5566 5935 4129
f 1630 5935 5566
f 5567 6095 2347
f 4080 5567 2347
f 1913 1891 5568
f 6427 1913 5568
f 5731 5569 4364
f 6316 4364 5569
f 5570 801 1731
f 5570 1731 4505
f 5573 5571 4526
f 5234 5571 3063
f 4596 5572 2869
f 2772 2869 5572
f 3063 5573 5982
f 5571 5573 3063
f 1926 1713 5574
f 1926 7027 3428
f 4550 5575 2588
f 4201 6091 5575
f 5576 1647 4883
f 5576 6482 1647
f 4160 5577 3433
f 1415 3433 5577
f 5578 2817 1683
f 1683 3794 5578
f 2636 5579 4671
f 4427 5579 2636
f 6162 5580 5578
f 6162 5617 5580
f 5581 2205 2983
f 5172 5581 2983
f 5582 2907 5584
f 6678 5871 2907
f 1950 3646 5583
f 3646 2870 5583
f 3103 2014 5584
f 5582 5584 2014
f 1762 5585 5564
f 5960 5564 5585
f 2359 5540 5586
f 2359 5586 1704
f 4015 2406 5587
f 5587 2135 4015
f 5588 3006 5064
f 3006 5588 2944
f 5589 3264 2135
f 5587 5589 2135
f 5590 3170 6740
f 1792 3170 5590
f 3264 5591 4009
f 5589 5591 3264
f 5402 6919 5592
f 5592 2781 5402
f 6246 4420 6448
f 6246 2019 2526
f 2627 5594 6772
f 2901 4241 5594
f 5595 5860 3332
f 2122 5595 3332
f 2300 5596 1867
f 4289 5596 2300
f 2086 5597 4406
f 2367 4406 5597
f 5598 3023 3662
f 2638 5598 3662
f 4056 5599 3098
f 2624 5599 4056
f 4670 5035 5600
f 3259 5600 5035
f 6825 147 5601
f 147 4176 5601
f 3843 6382 5602
f 5602 5330 3843
f 2832 5603 1993
f 2101 5603 6534
f 3226 3107 5604
f 6281 5604 3107
f 3484 1696 5605
f 2158 3484 5605
f 5606 5077 6009
f 5606 2942 5077
f 5607 2960 2371
f 5607 5300 6076
f 6226 2224 5608
f 2482 5608 3575
f 5609 4451 1261
f 1279 4451 5609
f 5610 3809 2209
f 5610 1965 3809
f 3379 5611 1727
f 3015 1727 5611
f 2487 5612 3938
f 3938 5612 2673
f 2038 2556 5613
f 2556 6864 5613
f 3938 5614 2487
f 3267 5614 3938
f 1790 2378 5615
f 6141 5615 2378
f 2207 5616 3851
f 3261 3851 5616
f 6085 5617 4144
f 2623 5580 5617
f 3933 2867 5618
f 5618 2867 4412
f 3961 5619 5443
f 2384 5619 3961
f 2274 5620 6501
f 5851 5620 2274
f 2095 5621 5314
f 5314 7025 1964
f 5622 6579 1696
f 3484 5622 1696
f 5623 4225 2839
f 2839 472 5623
f 3383 5624 5803
f 3383 2011 6829
f 4329 5625 3541
f 3541 5625 6327
f 2219 5626 2221
f 5626 2219 3816
f 3761 5627 4046
f 3761 3872 5627
f 5628 2758 4472
f 3163 2758 5628
f 5629 4510 3761
f 3761 4046 5629
f 4843 2592 5630
f 2592 4685 5630
f 3428 7027 5631
f 3513 3428 6137
f 5632 2961 6129
f 1774 2961 5632
f 3103 5633 2275
f 4698 2275 5633
f 6801 2947 5634
f 3838 1977 5634
f 5635 6817 5186
f 1978 1744 5635
f 4274 2284 5636
f 6643 5636 2284
f 5136 5637 1933
f 5637 2076 1933
f 5638 2203 2621
f 5638 4751 2203
f 1880 6893 5639
f 1880 5639 1878
f 4022 5640 4024
f 5639 4024 5640
f 5641 2897 6889
f 5899 2897 5641
f 5642 102 5998
f 6179 103 102
f 5643 5641 2201
f 5774 2201 3011
f 5644 1912 4440
f 1175 1912 5644
f 2355 4084 5645
f 5645 2303 2355
f 5646 3586 3584
f 3586 5646 3458
f 3731 5647 2348
f 2348 5647 6370
f 3944 5828 5648
f 3056 5648 3058
f 5532 3756 5649
f 2123 5532 5649
f 4026 5650 4139
f 2345 5650 4026
f 5651 1882 4669
f 2440 1882 5651
f 6235 2552 2148
f 2552 5654 4926
f 3727 6358 5653
f 3727 5653 5273
f 5652 5654 2552
f 6437 5654 5652
f 2606 5655 5459
f 3807 5991 2606
f 4790 5656 4166
f 5656 2502 4166
f 4366 5657 2806
f 2806 7012 6207
f 6486 4921 5658
f 4921 3930 5658
f 5659 2478 4366
f 4366 2806 5659
f 1785 4010 5660
f 1785 5660 4682
f 2475 6594 5661
f 2475 5661 2970
f 5662 2779 3127
f 2779 5662 5737
f 3602 5663 690
f 695 5663 3602
f 2948 5664 5447
f 978 5447 5664
f 3949 5665 3237
f 2115 5665 3949
f 5666 3313 2309
f 3313 5666 4684
f 5667 3283 6029
f 3656 5667 1634
f 3024 6564 5668
f 3527 3024 5668
f 3110 5669 4118
f 5669 4953 4118
f 3946 5670 5369
f 5670 3600 5369
f 5671 4005 4589
f 4003 4005 5671
f 3471 5396 5672
f 5672 1690 3471
f 5312 1888 5673
f 1888 3598 5673
f 1930 5674 2364
f 5011 2364 5674
f 5675 4114 1898
f 4114 5675 3882
f 1387 5676 4317
f 3338 6705 1387
f 3791 3674 5677
f 3674 4723 5677
f 6393 5678 1939
f 5678 5492 6206
f 5679 6644 3951
f 5816 5679 3951
f 2484 3334 5680
f 2484 5682 5684
f 6521 5681 88
f 5681 6559 88
f 5680 2012 5682
f 2484 5680 5682
f 4383 5683 5250
f 4383 4115 5683
f 5684 5682 1782
f 4385 6713 1782
f 4095 5685 4246
f 6645 4095 2100
f 2703 5686 3775
f 3775 5686 6799
f 4052 5687 1720
f 6062 5687 4052
f 6467 1754 5688
f 5690 6991 5688
f 5689 1685 3104
f 5200 1685 5689
f 1754 5690 5688
f 4857 5690 1754
f 3603 5691 2045
f 3289 2045 5691
f 1971 5692 5050
f 4054 5692 1971
f 5693 2118 5213
f 5693 2927 6757
f 3964 2072 5694
f 2072 2104 5694
f 1916 5695 1839
f 1839 6949 4567
f 2222 5696 4858
f 2222 1821 6493
f 2288 5199 5697
f 6894 2288 5697
f 5698 4639 1922
f 1595 5698 1922
f 5699 3806 3435
f 5699 3435 4787
f 3543 5313 5700
f 3543 5700 2422
f 5701 4383 3301
f 4393 5701 3301
f 5038 2652 5702
f 2652 3453 5704
f 1732 4717 5703
f 1732 5703 3116
f 5704 128 6827
f 6827 2652 5704
f 4529 2611 5705
f 5705 2611 5184
f 5706 3587 1814
f 5706 1814 2413
f 5707 5444 2211
f 5707 2211 3512
f 4169 5708 6782
f 2125 5708 4169
f 3346 4827 5709
f 5709 5358 3346
f 6680 2567 5710
f 5710 2567 4222
f 6719 4347 5711
f 5711 4347 5521
f 3189 5041 5712
f 5712 2479 3189
f 1569 5713 2013
f 1869 2013 5713
f 5714 3049 3412
f 2612 3049 5714
f 3257 5715 4134
f 1773 5715 3257
f 2894 4137 5716
f 6329 2894 5716
f 5717 2465 4936
f 5717 4936 6017
f 5720 3418 5718
f 3418 2220 5718
f 5719 4318 2181
f 5719 2181 6301
f 5720 5718 1894
f 1894 3118 5720
f 1952 5721 6188
f 6188 5721 3275
f 6107 2338 5722
f 5722 2338 3224
f 5723 4151 5334
f 1660 4151 5723
f 5724 4337 3224
f 2338 5724 3224
f 4514 5725 2789
f 5725 4514 1554
f 218 5726 2235
f 6601 2235 5726
f 5727 1830 2267
f 4083 5727 2267
f 4581 5728 5248
f 3012 5728 5730
f 6520 1845 5729
f 5729 2278 4322
f 5730 5728 4581
f 5730 4581 1914
f 5731 1275 1757
f 5569 5731 1757
f 5732 2048 1667
f 2048 6948 1022
f 2315 5733 4553
f 2555 4553 5733
f 5734 2712 2543
f 2543 6672 5734
f 5735 5732 6336
f 2048 5732 5735
f 5736 3387 4222
f 5734 3387 5736
f 3940 4116 5737
f 4116 6768 5737
f 5738 1552 3534
f 5738 3534 2160
f 5739 2697 5235
f 6744 2697 5739
f 5740 3307 5492
f 3307 5740 6735
f 3409 5741 4876
f 1664 5743 3409
f 1774 2512 5742
f 6379 5742 2512
f 5743 5741 3409
f 5743 2157 5745
f 5744 2776 4721
f 2776 6687 5468
f 3908 5741 5745
f 5741 5743 5745
f 1738 5746 2876
f 5746 1738 4326
f 3620 5747 2204
f 4338 2204 5747
f 2165 5748 4053
f 3099 4053 5748
f 2320 5749 4574
f 5749 1944 4574
f 2437 2988 5750
f 5750 2988 2130
f 5751 2808 1701
f 1701 5694 5751
f 4066 5752 3653
f 5752 4632 3653
f 6169 5753 3804
f 2214 4485 5753
f 3653 4632 5754
f 5754 6745 1606
f 3036 5755 4918
f 5755 3036 5753
f 5754 1831 5756
f 3791 5756 1831
f 3472 5757 5528
f 2344 5757 3472
f 2678 3557 5758
f 3004 2678 5758
f 3192 4227 5759
f 3192 5759 3866
f 3629 2296 5760
f 5760 6309 3629
f 5726 5761 2233
f 2233 6959 4964
f 6974 5762 2654
f 5762 4617 2654
f 2393 4591 5763
f 2393 5763 1724
f 5764 1762 2360
f 5764 2360 2141
f 2376 5765 2992
f 4788 5765 2376
f 1844 5766 3977
f 2515 6605 5766
f 2785 5767 3713
f 2785 3187 5767
f 4663 4783 5940
f 4783 1740 5940
f 2479 5769 2182
f 5769 1795 2182
f 2772 4537 5770
f 5770 4537 4535
f 5771 2264 4377
f 4927 5771 4377
f 2693 5772 3285
f 3242 3285 5772
f 3865 5922 5773
f 3865 5773 2079
f 5643 5774 1866
f 5643 2201 5774
f 150 5775 2301
f 2301 5775 2166
f 5290 3667 5776
f 2231 5776 3667
f 3528 5777 1555
f 5777 7014 1555
f 5778 2134 1748
f 5778 1748 4437
f 5779 6673 3825
f 3825 3498 5779
f 3559 5780 7011
f 5782 3645 7008
f 3616 2583 5781
f 5781 1705 3616
f 5780 2664 5782
f 7008 5780 5782
f 5783 1787 4019
f 4019 3425 5783
f 2628 4907 5784
f 4907 116 5784
f 2373 1633 5785
f 2373 5785 4012
f 5786 3630 2349
f 5786 6826 3630
f 6067 5789 5787
f 6069 5787 3954
f 2878 6881 6079
f 6881 2878 6698
f 5787 5789 4352
f 4354 4352 5789
f 2205 2396 5790
f 2396 3375 5790
f 5791 5567 4080
f 3303 6793 4080
f 5792 2633 4249
f 2633 5792 5113
f 5793 2748 2926
f 5139 5793 2926
f 1730 2732 5794
f 1730 5794 6380
f 3548 4307 5795
f 3051 3548 5795
f 5400 5796 2563
f 5498 2563 5796
f 2004 4398 5797
f 3837 2004 5797
f 3474 5798 3538
f 5434 5798 3474
f 5799 2639 4303
f 2639 5799 5421
f 5800 2409 3715
f 3715 2794 5800
f 1996 5801 4214
f 4214 5801 2816
f 2351 4205 5802
f 4205 4809 5802
f 2589 5803 4387
f 2587 6646 2589
f 5804 6273 2180
f 5802 5804 2180
f 4678 5055 5805
f 2911 4678 5805
f 1938 2558 5806
f 2558 6368 5806
f 3614 6994 5807
f 5805 3614 5807
f 2467 2143 5808
f 3431 2467 5808
f 5807 3612 5809
f 5809 3612 4712
f 1671 4913 5810
f 6342 1671 5810
f 5811 2505 4290
f 2562 5811 4290
f 2383 5812 5342
f 2383 3268 5812
f 3566 5813 2658
f 3566 2791 5813
f 5814 1654 2906
f 1992 1654 5814
f 3117 5815 2742
f 5046 2742 5815
f 5816 3951 2655
f 2655 879 5816
f 2571 5817 5062
f 5817 2571 6553
f 1670 5818 5817
f 1670 3907 5818
f 5819 1613 3349
f 3349 4228 5819
f 4487 2017 5820
f 4861 4487 5820
f 3655 5528 5821
f 5822 3569 3655
f 5822 3655 5821
f 5822 5821 5058
f 5823 3922 2807
f 1871 3922 5823
f 6176 5824 2124
f 5827 5824 3135
f 613 2553 5825
f 5394 5825 2553
f 1982 2781 5826
f 1927 1982 5826
f 5827 4157 2124
f 2124 5824 5827
f 3058 5828 1693
f 5828 3058 5648
f 5829 4361 4360
f 5829 4360 1858
f 2498 5830 1865
f 5830 5832 1865
f 2635 5831 6105
f 2582 5831 2635
f 5832 5830 3438
f 3438 4644 5832
f 4423 2194 5833
f 5835 2194 3757
f 4816 3721 5834
f 3615 4816 5834
f 5833 5835 3948
f 5833 2194 5835
f 2069 4092 5836
f 5836 3598 2069
f 6184 5837 2788
f 5837 5835 2788
f 2792 5838 3634
f 5838 4792 3634
f 371 3682 5839
f 3682 5842 5839
f 5840 2955 3730
f 2955 7030 5381
f 5841 4761 2168
f 5841 2168 3619
f 3682 3212 5842
f 3212 5668 5842
f 5843 5096 2331
f 2331 4452 5843
f 5844 5585 4491
f 4491 5804 5844
f 3447 5845 6755
f 4693 5845 3447
f 2002 3160 5846
f 5846 3160 5055
f 5645 3010 5847
f 6281 3107 5847
f 6169 3804 5848
f 3804 5335 5848
f 5849 2766 4265
f 3577 5849 4265
f 2685 5850 5215
f 3481 5850 2685
f 5851 2612 5714
f 2274 2612 5851
f 3831 5852 2199
f 5852 4886 2199
f 5853 4391 56
f 5853 5477 4391
f 3054 3052 5854
f 5351 3054 5856
f 3201 6946 5855
f 1995 3201 5855
f 5854 2162 5856
f 3054 5854 5856
f 5857 3014 5482
f 5390 3014 5857
f 5858 3052 4870
f 5858 125 3052
f 6073 5859 4190
f 4190 5859 3592
f 5860 3440 2054
f 5860 2581 3440
f 5861 3592 3594
f 4190 3592 5861
f 2565 5862 3916
f 5862 2565 1369
f 5863 4628 3937
f 1618 5863 3937
f 6130 5864 3296
f 6130 1958 5864
f 3487 5865 1954
f 4406 5865 3487
f 5793 5866 2748
f 2748 5866 5045
f 3643 5867 2564
f 5867 3272 2564
f 5868 73 74
f 5868 74 5349
f 5869 5962 2382
f 5869 2382 5190
f 1791 5870 3909
f 1791 2999 5870
f 2849 2433 5871
f 2433 2907 5871
f 3690 3613 5872
f 5458 6348 3613
f 6363 2849 5873
f 2849 5871 5873
f 2688 5874 4050
f 2688 5415 5874
f 3154 4405 5875
f 2805 5875 4405
f 4559 5876 5139
f 5876 4559 6148
f 5877 4297 466
f 5877 466 4757
f 5878 4737 6287
f 5878 2925 3689
f 6543 1717 5879
f 1717 2282 5880
f 1717 5880 5879
f 5879 5880 6982
f 5881 3813 2839
f 6809 5881 2213
f 2802 3265 5882
f 3265 2059 5882
f 5883 1962 2640
f 6472 5883 2640
f 1842 5884 4698
f 6836 1842 3324
f 4211 5076 5885
f 4211 5885 3353
f 3766 5886 2375
f 3766 1599 5886
f 4088 5887 1963
f 4088 5885 5887
f 1756 2641 5888
f 2641 3579 5888
f 1712 5889 6643
f 4224 5889 1712
f 3679 5890 6047
f 2389 5890 3679
f 4528 5374 5891
f 5891 4349 4528
f 5892 3158 3878
f 4196 3158 5892
f 2429 5893 3154
f 3141 5893 2429
f 5894 6305 5160
f 4031 5894 5160
f 5895 4754 3368
f 5895 2458 4754
f 377 5896 3205
f 5896 377 6597
f 5897 44 37
f 5897 37 52
f 3271 3617 5898
f 5899 3271 5898
f 3271 5899 3570
f 5899 5641 3570
f 3057 4159 5900
f 5900 2829 3057
f 5901 4208 2218
f 5901 2218 4270
f 5848 5902 2932
f 5902 6972 2932
f 1756 5888 5903
f 3518 1756 5903
f 5904 4926 3405
f 3572 5904 3405
f 1428 5905 2438
f 2438 5905 1682
f 2853 5906 3656
f 5908 5906 2853
f 5304 5907 2096
f 5907 5304 2255
f 2749 5908 2853
f 3594 5908 2749
f 3065 3620 5909
f 3065 6900 5831
f 2771 3494 5910
f 4198 5910 3494
f 4560 3441 5911
f 3441 2223 5911
f 5910 4198 5912
f 5912 4198 6351
f 5913 5819 4228
f 1709 5913 4228
f 4050 2615 5914
f 2458 5914 2615
f 4212 5915 5546
f 5915 4212 5917
f 2165 5916 3673
f 4053 5916 2165
f 4212 2328 5917
f 5917 2328 4282
f 5918 5920 4337
f 5724 5918 4337
f 5919 6754 5262
f 4065 5919 5262
f 1856 5920 5408
f 4337 5920 1856
f 5746 5921 3695
f 5921 6780 3695
f 6455 5922 2609
f 2609 5922 3865
f 3499 2238 5923
f 5923 2238 4025
f 5924 5029 1309
f 6717 1309 5009
f 5138 3365 5925
f 1718 5138 5925
f 3109 4428 5926
f 4428 1923 5926
f 5927 3409 4876
f 5927 4876 6617
f 5928 6283 3733
f 5930 5928 3733
f 4320 4210 5929
f 5929 4210 6867
f 5930 3733 3939
f 5930 3939 2720
f 4404 4060 5931
f 4404 5931 3772
f 5932 2473 4891
f 2992 2473 5932
f 1675 5107 5933
f 5107 2372 5933
f 5934 4892 151
f 7022 151 143
f 5935 3149 2813
f 1630 3149 5935
f 2441 5936 3442
f 3208 5936 2441
f 5939 5937 2659
f 2020 2804 5937
f 4325 2541 5938
f 2541 5122 5938
f 2020 5937 5939
f 6488 2020 5939
f 5940 1740 5768
f 5942 5940 5768
f 5941 5502 2202
f 5941 4167 5502
f 5942 5768 3556
f 5942 3556 2078
f 5872 5943 2917
f 2917 5945 5005
f 3344 2315 5944
f 4553 5944 2315
f 2917 5943 5945
f 5943 3122 5945
f 5946 5561 5277
f 4121 5946 5277
f 5947 2213 3635
f 3638 5947 3635
f 5534 5948 809
f 5534 838 5948
f 6809 2213 5949
f 5947 5949 2213
f 5272 5950 4597
f 5950 5272 4933
f 3829 2717 5951
f 2717 6216 5951
f 6569 4660 5952
f 4660 1909 5952
f 3763 2036 5953
f 5953 2036 5372
f 3731 4500 5954
f 5647 3731 5954
f 3970 5953 5955
f 3970 5955 3306
f 5956 3990 4683
f 5956 4836 3990
f 1804 2147 5957
f 1804 5957 4944
f 4062 5958 2895
f 4062 3379 5958
f 1964 5959 4916
f 1964 4107 5959
f 2082 5960 3274
f 3274 5960 5844
f 3874 5961 2835
f 4763 2835 5961
f 5869 2634 5962
f 2634 4903 5962
f 5963 1954 2223
f 3487 1954 5963
f 5962 5964 3468
f 5964 3470 3468
f 2612 2274 5965
f 2274 6501 5965
f 5966 1807 3334
f 5966 3334 2484
f 6240 1978 5967
f 1978 5635 5967
f 4339 4166 5968
f 2727 4339 5968
f 4340 1990 5969
f 2603 5969 1990
f 5202 3975 5970
f 3975 2683 5970
f 4279 5971 2631
f 6423 5971 4279
f 3245 5972 1617
f 3485 6098 3245
f 5973 4820 2604
f 2604 1733 5973
f 5123 6522 4181
f 5976 4181 6522
f 5977 5975 1438
f 1438 5975 3806
f 4179 5976 4176
f 4176 5976 6522
f 4386 1625 5977
f 4386 5977 1438
f 5978 4181 5976
f 4181 5978 4419
f 3577 5979 1613
f 1613 5979 3130
f 3897 5267 5980
f 3514 5980 5267
f 5981 4257 5984
f 4257 5981 5562
f 5573 3643 5982
f 5982 3643 2564
f 5983 4733 4732
f 4733 5983 5174
f 5984 4257 3105
f 5988 5984 3105
f 2760 5985 5597
f 2760 4008 5985
f 3979 5986 4598
f 3979 2559 5986
f 6204 2627 2671
f 5594 2627 6204
f 5984 5988 49
f 5988 3924 49
f 5989 3919 4503
f 4503 2221 5989
f 3703 5990 5073
f 1737 6031 3703
f 5991 1829 5655
f 2606 5991 5655
f 5850 5992 5215
f 5215 5992 2250
f 4746 5993 2764
f 5993 4746 1694
f 1725 4393 5994
f 5994 4393 4392
f 5995 1664 1910
f 5995 1910 5486
f 5996 2794 5995
f 5996 5800 2794
f 4596 5997 1848
f 1848 5997 2994
f 5998 115 6000
f 5998 107 115
f 2895 4688 5999
f 5252 5999 4688
f 5998 6000 3628
f 6000 2859 3628
f 4824 2049 6001
f 2049 5999 6001
f 6002 3112 4888
f 4888 1247 6002
f 6003 2137 4654
f 6003 4654 4591
f 995 6004 986
f 986 6004 1769
f 6005 2551 5620
f 4725 2551 6005
f 6006 5575 4550
f 2699 6006 4550
f 2457 1843 6007
f 2457 6007 6620
f 6010 2062 6008
f 6008 5129 1615
f 6009 3025 2352
f 4477 6009 2352
f 6010 6008 1615
f 4138 6010 1615
f 6554 6011 3610
f 1669 3255 6011
f 5157 6012 1981
f 6253 6012 5157
f 3171 6013 3419
f 3419 6013 5184
f 2417 4439 6014
f 6206 2417 6014
f 2191 6015 6788
f 3171 6015 6013
f 4160 3670 6016
f 4160 6016 5577
f 6017 4936 6934
f 3519 6017 2695
f 3764 5294 6018
f 3764 6018 4676
f 2591 5061 6019
f 6297 2591 6019
f 6020 4941 2896
f 2896 1923 6020
f 5356 3393 6021
f 3393 5409 6021
f 4229 2560 6022
f 4017 6022 6211
f 3927 45 6023
f 45 44 6023
f 3934 6945 6024
f 6024 3113 6790
f 2924 6025 4677
f 6025 2924 2085
f 6026 4489 2593
f 2593 3801 6026
f 1716 6027 4122
f 1716 4048 6027
f 2061 6028 1553
f 5520 6028 2061
f 1634 6029 2085
f 5667 6029 1634
f 3172 6030 6473
f 3172 4551 6030
f 6031 1784 5990
f 3703 6031 5990
f 4397 1676 6032
f 6295 6032 1676
f 6641 6033 1737
f 2242 4775 6033
f 4034 6034 7024
f 2063 6034 6430
f 4923 6035 3675
f 4593 3675 6035
f 3915 2472 6036
f 2472 2346 6036
f 6037 2310 2126
f 6039 2126 5247
f 5220 6038 5669
f 5220 3663 6038
f 4433 6037 6039
f 6037 2126 6039
f 2260 1876 6040
f 4917 6040 6042
f 3923 3181 6041
f 3923 6041 1633
f 1876 793 6042
f 1876 6042 6040
f 6043 4556 4554
f 5344 6043 4554
f 4970 3830 6044
f 6044 4968 4970
f 4640 4177 6045
f 4177 3410 6045
f 1798 4899 6046
f 5548 1798 6046
f 3028 5127 6047
f 6047 5890 3028
f 6048 3260 6547
f 5301 3260 6048
f 6513 6049 3539
f 3539 6049 5131
f 5260 4574 6050
f 4574 1944 6050
f 3828 6051 2064
f 2176 6051 3828
f 6052 3244 6056
f 3244 6052 3981
f 6053 3687 5114
f 4061 3687 6053
f 1935 6919 6054
f 3980 6052 6054
f 3747 6055 1953
f 6055 4869 1953
f 3136 6056 2499
f 3136 6054 6056
f 3366 6057 2216
f 2216 6057 4208
f 5175 2108 6058
f 5175 6058 6371
f 6371 6059 3610
f 6059 6554 3610
f 1863 4646 6060
f 6060 3559 1863
f 6061 1857 6711
f 1857 6061 4842
f 1925 2257 6062
f 6062 2257 5687
f 2452 6270 6063
f 5207 2452 6063
f 4446 6036 6064
f 4446 6064 4773
f 6065 6409 4468
f 4468 5471 6065
f 6066 2056 3068
f 3404 2056 6066
f 6067 3117 2742
f 6069 2814 3117
f 5654 6068 3799
f 6068 3801 3799
f 6069 6067 5787
f 6069 3117 6067
f 2519 2899 6070
f 6070 4925 6457
f 6071 6516 4076
f 4412 2167 6071
f 4650 3706 6072
f 6072 3706 5918
f 2377 2890 6073
f 6073 2890 5859
f 6074 3167 5110
f 4546 3167 6074
f 4912 6075 2950
f 6075 5401 2950
f 2960 6076 3685
f 6076 2960 5607
f 4967 6834 6077
f 4967 6077 2175
f 3256 6078 2330
f 393 2330 6078
f 4965 6079 6077
f 4965 2878 6079
f 6830 5163 5161
f 6830 2516 5163
f 4652 4766 6081
f 4766 4866 6081
f 6082 6003 2602
f 3626 6082 2602
f 2117 6083 5752
f 5475 6083 2117
f 6084 5221 1626
f 3482 6084 1626
f 6085 2623 5617
f 5141 2623 6085
f 4280 6086 1694
f 6086 1838 1694
f 3860 6087 5296
f 3860 3744 6087
f 6088 438 4675
f 6088 4675 2912
f 6089 1819 5237
f 6089 6655 1819
f 3815 6090 5614
f 6090 3815 6019
f 6091 2588 5575
f 6091 4964 2588
f 6092 5695 1916
f 6092 6094 5695
f 4292 5630 6093
f 6816 4292 6093
f 2861 6094 4079
f 6092 4079 6094
f 5567 5134 6095
f 5134 3892 6095
f 2861 6096 6094
f 2861 5526 6096
f 2902 6097 5273
f 4029 6097 2902
f 5972 6098 5318
f 3245 6098 5972
f 2018 6099 5461
f 5360 6099 2018
f 6355 6102 6100
f 5525 6100 2268
f 6101 4303 2639
f 1800 4303 6101
f 6102 3894 2268
f 6102 2268 6100
f 6256 6103 3157
f 3157 6103 4784
f 4130 2480 6104
f 6104 2480 4346
f 6105 4355 3295
f 4355 6105 5831
f 4130 6108 2103
f 4130 6104 6108
f 2535 6107 5722
f 6943 1677 6941
f 6108 6104 6106
f 6106 5433 6108
f 6109 2046 4763
f 1675 2046 6109
f 2430 6110 3877
f 2430 6230 6110
f 1746 6111 1818
f 3538 6111 1746
f 5553 6112 3495
f 6112 5157 3495
f 2098 4141 6113
f 6113 6909 2098
f 2016 6114 2035
f 6114 6116 3118
f 697 2784 6117
f 6117 728 697
f 2016 4908 6116
f 6114 2016 6116
f 3248 6115 6117
f 6440 6117 6115
f 4150 6118 2480
f 4150 4802 6118
f 2750 6119 2255
f 6119 2750 5207
f 6120 1779 4131
f 6120 6468 1779
f 5781 4705 6121
f 4705 2763 6121
f 5125 6122 1892
f 6122 5125 5127
f 6123 3965 1577
f 6123 1577 6097
f 4896 6124 547
f 547 6124 584
f 3031 6125 4263
f 3031 4057 6125
f 2706 6126 6896
f 5085 6126 2706
f 6127 696 4154
f 6127 4154 3659
f 4055 6134 6128
f 4055 6128 3723
f 3596 3947 6129
f 5095 6129 3947
f 3097 6130 2516
f 6130 3097 4266
f 4536 6131 6614
f 1707 6131 4536
f 4055 4266 6134
f 3097 6134 4266
f 2726 6133 4082
f 4082 6133 6209
f 3097 6132 6134
f 6128 6134 6132
f 4562 6135 2108
f 4562 2709 6135
f 3177 2714 6136
f 5419 6136 2714
f 3428 5631 6137
f 5631 2746 6137
f 1997 6138 5033
f 6138 1665 5033
f 2076 5637 6139
f 6139 3804 2076
f 3724 5718 6140
f 6168 3724 6140
f 6477 6761 4611
f 4827 4611 6761
f 5044 6142 3111
f 3422 6142 5044
f 2803 6143 4911
f 2803 4403 6143
f 6144 2492 4152
f 6146 6788 2492
f 3902 2740 6145
f 6145 5245 3902
f 6146 2492 6144
f 6144 2278 6146
f 5099 2700 6147
f 6147 2700 2740
f 2898 6148 4595
f 2898 6432 6148
f 6149 2740 3902
f 6147 2740 6149
f 4002 6150 3195
f 3195 6150 5440
f 3200 5857 6151
f 5484 3200 6151
f 2461 6152 1907
f 6154 3035 6152
f 6155 6153 3671
f 3671 6153 1789
f 2461 4573 6154
f 2461 6154 6152
f 6155 3671 2826
f 6373 6155 2826
f 6846 2859 6156
f 2970 3216 6156
f 6157 3132 3542
f 1585 6157 3542
f 6158 3714 6160
f 5187 6158 1833
f 4938 4706 6159
f 2809 6159 4706
f 2344 1833 6160
f 6160 1833 6158
f 2496 6161 3756
f 3756 6161 1882
f 3794 2384 6162
f 5578 3794 6162
f 5507 2253 6163
f 2253 4982 6163
f 5690 6164 2084
f 5690 6486 6164
f 6165 4135 5583
f 4135 6165 3475
f 3037 1780 6166
f 3037 6166 6700
f 2127 6167 2624
f 2127 4645 6167
f 1740 6168 5768
f 6168 1740 3724
f 6169 2214 5753
f 6169 1904 2214
f 6170 1743 2872
f 5101 1743 6170
f 3151 4007 6171
f 4191 3151 6171
f 4109 6172 2702
f 6172 4109 6470
f 1875 4758 6173
f 4758 3918 6173
f 6174 4035 2321
f 2866 4035 6174
f 6175 2962 4751
f 4751 5638 6175
f 2523 5824 6176
f 6176 5039 2523
f 6177 6893 2804
f 2804 5159 6177
f 6833 6178 3005
f 3005 6178 3699
f 5642 6179 102
f 3143 6179 5642
f 6180 1956 2831
f 6180 699 1956
f 4425 2646 6181
f 4938 6181 2646
f 2321 4897 6182
f 6174 2321 6182
f 2681 6183 5398
f 2920 6183 2681
f 6184 2997 5837
f 2997 6184 2191
f 5385 5387 6185
f 3420 6185 5387
f 4860 6186 5025
f 6186 2442 5025
f 6187 6907 3661
f 6187 3661 3164
f 4733 5174 6188
f 6188 5174 1952
f 3148 6189 6936
f 3297 6189 3148
f 3824 2908 6190
f 4455 3824 6190
f 5970 2683 6191
f 4748 6191 2683
f 6192 5426 6288
f 6192 1651 5426
f 7003 6193 955
f 955 6193 3936
f 5535 3590 6194
f 6194 3590 5978
f 6193 2087 6195
f 2798 6195 2087
f 1024 2583 6196
f 2583 3616 6196
f 6197 2953 1924
f 6197 1924 6198
f 4890 6841 6198
f 1924 4890 6198
f 6199 3560 1620
f 2493 6199 1620
f 2170 6200 2574
f 2170 2963 6225
f 2537 6201 4541
f 4877 6201 2537
f 6202 5095 2963
f 6202 2963 2170
f 2562 6203 5811
f 6203 6608 5811
f 5987 6204 2671
f 4697 6204 5987
f 6466 6159 6207
f 5089 1788 6207
f 6206 1939 5678
f 6014 1939 6206
f 6159 6205 6207
f 2806 6207 6205
f 6511 6208 2351
f 3369 2351 6208
f 152 2271 6209
f 2271 4082 6209
f 6210 5536 1627
f 6210 1627 5428
f 6022 2560 6211
f 2560 6368 6211
f 3345 2144 6212
f 6212 2144 4518
f 6213 1984 4623
f 6349 1984 6214
f 6453 6214 6213
f 6214 1984 6213
f 2508 4433 6215
f 5285 2508 6215
f 6216 4013 2840
f 6216 2840 5951
f 2557 6217 4722
f 4470 6217 2557
f 3986 6218 1931
f 4413 1931 6218
f 6221 6582 6219
f 4106 6221 6219
f 6220 4106 4105
f 6223 4106 6220
f 4106 6223 6221
f 2825 2660 6221
f 5242 6224 6222
f 5242 6222 6648
f 2825 6221 6223
f 6220 2825 6223
f 6224 3932 6222
f 56 3932 6224
f 6200 6225 3744
f 2170 6225 6200
f 6226 5608 2482
f 6357 2482 5122
f 4702 6227 3466
f 6227 4749 3466
f 2449 2451 6228
f 2449 6228 4896
f 67 6229 5242
f 67 5897 6229
f 4259 2829 6230
f 2430 4259 6230
f 6231 3924 4785
f 2859 6231 4785
f 4645 6232 6167
f 6990 4645 4125
f 6233 5302 5950
f 2038 5302 6233
f 6234 135 6236
f 4435 135 6234
f 6235 5652 2552
f 2077 5652 6235
f 2647 6236 2527
f 135 2527 6236
f 6237 1776 2513
f 6983 6981 6237
f 6238 3651 5783
f 4664 3651 6238
f 5018 6239 2908
f 5018 2979 6239
f 1978 6240 3983
f 2680 3983 6240
f 5884 6241 3959
f 6241 4128 3959
f 4497 6242 2370
f 4150 6242 4497
f 4069 2404 6243
f 2218 6243 2404
f 2495 6244 3279
f 3279 6244 2310
f 1805 6245 3770
f 1805 5406 6245
f 5593 4420 6246
f 5593 6246 2526
f 6253 6249 6247
f 3282 2370 6247
f 6248 4234 2283
f 3631 6248 2283
f 6249 3282 6247
f 6249 4802 3282
f 6250 4492 6252
f 2067 6250 3511
f 2483 6251 6253
f 6251 2483 3241
f 6252 2258 3511
f 6252 3511 6250
f 6253 5157 4800
f 2483 6253 4800
f 4425 4245 6254
f 4245 2708 6254
f 3839 3836 6255
f 6255 5842 3839
f 6256 1770 4793
f 4793 6103 6256
f 6257 2359 3535
f 1623 6509 3535
f 4996 6259 6258
f 6258 6261 4996
f 6259 6264 2296
f 4666 6259 2296
f 2938 2625 6260
f 2938 6260 6262
f 6261 2156 3984
f 6261 3984 4996
f 2978 3808 6262
f 6262 3808 2938
f 6263 4319 2229
f 6263 2229 4779
f 3984 6264 4996
f 4996 6264 6259
f 3049 6265 3412
f 3412 6265 4318
f 1858 2327 6266
f 6266 5829 1858
f 1919 6267 4671
f 3884 6267 1919
f 1783 6268 1708
f 6268 3199 1708
f 4595 1726 6269
f 1726 4561 6269
f 3518 6270 2452
f 3518 5903 6270
f 6271 5588 4557
f 2180 6271 4557
f 6272 648 3925
f 1903 648 6272
f 2944 6271 6273
f 2944 6273 4491
f 6274 4034 7024
f 6274 2547 4034
f 4409 2043 6275
f 6275 2043 3968
f 5452 6276 2281
f 2281 6276 3931
f 6277 3030 1638
f 1638 2139 6279
f 6278 6280 3465
f 4070 6278 3465
f 1638 6279 6277
f 6277 6279 4164
f 5452 6280 6276
f 6278 6276 6280
f 6281 5847 3010
f 6363 6281 3010
f 6282 2268 3894
f 6282 4967 2268
f 6283 2172 3735
f 6283 3735 3733
f 4145 1921 6284
f 2050 6284 1921
f 4499 1938 6285
f 4499 6285 3427
f 4872 6286 2701
f 2701 6286 4092
f 6287 5554 6356
f 2925 5878 6287
f 6288 5426 3755
f 3755 5410 6290
f 3252 4191 6289
f 4191 6171 6289
f 3669 6288 6290
f 6288 3755 6290
f 2856 6291 2513
f 6291 6237 2513
f 4929 6292 2368
f 6292 2948 2368
f 1685 6293 2856
f 6338 6291 2856
f 6427 6294 5347
f 3501 6083 6294
f 6295 3862 6032
f 5855 3862 6295
f 2044 3640 6296
f 6298 2044 6296
f 4112 2374 6297
f 2374 2591 6297
f 6298 6294 2818
f 2818 2044 6298
f 6299 4187 5966
f 2181 4187 6301
f 4782 5210 6300
f 5210 3897 6300
f 6301 6299 2484
f 6301 4187 6299
f 6302 5015 4652
f 6081 6302 4652
f 6303 3464 2877
f 3966 3464 6303
f 2322 6304 3398
f 7029 2322 7031
f 3152 6305 4359
f 5289 6305 3152
f 2923 5539 6306
f 6306 6227 2923
f 5289 6307 6305
f 6305 6307 5160
f 4681 6308 4816
f 6308 4681 4679
f 6309 1976 4545
f 5760 1976 6309
f 6310 2795 4934
f 929 6310 4934
f 3769 3274 6311
f 3769 6311 5548
f 6312 2913 4381
f 6312 4607 2913
f 6313 3345 6212
f 2840 3345 6313
f 6349 3081 6314
f 3081 3637 6314
f 3087 4720 6315
f 4653 3087 6315
f 2888 3331 6316
f 2888 6316 2074
f 6317 3236 3454
f 4792 6317 3454
f 6318 5269 3381
f 3381 4949 6318
f 4018 6319 6422
f 4547 6319 4018
f 3785 2302 6320
f 6045 6320 2302
f 1662 6321 5551
f 5023 6321 1662
f 2183 3407 6322
f 3407 1996 6322
f 5993 1838 6323
f 6323 1838 4776
f 4344 6324 1799
f 6324 5470 1799
f 6325 2686 3508
f 4246 2686 6325
f 6326 7007 2471
f 2395 7007 6326
f 2100 6327 5625
f 6325 6327 2100
f 4980 6328 2619
f 6328 4980 6573
f 6329 4022 2060
f 6329 2060 2894
f 3696 6330 2538
f 6330 6328 2538
f 3911 6331 6333
f 6331 2874 6333
f 3302 1904 6332
f 3302 6332 3507
f 6333 2874 4649
f 2520 6333 4649
f 5203 2444 6334
f 6334 1941 5203
f 6335 2868 3686
f 4963 6335 3686
f 6336 1755 5735
f 6336 4838 1755
f 1778 3266 6337
f 1778 6337 1861
f 6293 6338 2856
f 6739 6338 6293
f 5359 3357 6339
f 6339 3357 1449
f 1591 6340 3210
f 6340 4474 3210
f 1973 6341 4708
f 3280 4708 6341
f 6342 2857 2095
f 3233 2857 6342
f 6343 2949 3239
f 4920 2949 6343
f 5640 6344 1878
f 6767 1878 6344
f 3751 6345 3863
f 6345 2504 3863
f 1040 3335 6346
f 6346 3335 4761
f 3138 6347 5181
f 3138 4275 6347
f 3613 6348 5872
f 6348 2539 5872
f 6349 7000 3081
f 3039 6349 6214
f 2692 2534 6350
f 6350 2534 6352
f 1937 3220 6351
f 5000 6351 3220
f 2534 4796 6352
f 6352 4796 3920
f 6353 3792 2696
f 4163 6353 2696
f 6354 3622 2662
f 6354 5901 6760
f 6355 6100 2752
f 4161 6355 2752
f 2925 6287 6356
f 2925 6356 4384
f 3745 6226 6357
f 6226 2482 6357
f 5653 6358 6362
f 6358 6360 6362
f 2892 2598 6359
f 2892 6359 6053
f 6360 4509 2657
f 6360 2657 6362
f 2623 6361 3336
f 6361 5898 3336
f 5653 6362 2306
f 2306 6362 2657
f 6363 3010 5288
f 6363 5288 2851
f 3416 6364 2494
f 2494 6364 4486
f 2333 4643 6365
f 6365 5676 2333
f 6366 4382 4014
f 4382 6366 3841
f 6369 2843 6367
f 6367 2843 6365
f 2560 3396 6368
f 6368 3396 4365
f 6369 6367 2335
f 2335 5132 6369
f 6370 2285 3701
f 1737 6370 3701
f 6371 2409 5800
f 6371 3610 2409
f 5925 2852 6372
f 2852 5473 6372
f 2157 6373 4028
f 6373 4703 4028
f 6374 2984 1718
f 6372 2984 6374
f 6375 3022 6985
f 3022 6375 4401
f 1710 6376 3955
f 4951 6376 1710
f 6377 2698 1942
f 2172 6669 6377
f 2455 4566 6378
f 2455 6378 5311
f 6379 4064 5742
f 5094 4064 6379
f 5794 3456 6380
f 6380 3456 2998
f 3079 6381 2166
f 4874 2166 6381
f 3403 6382 5352
f 3403 6450 6382
f 6383 1655 1226
f 6385 6383 3558
f 6384 4853 3239
f 6384 4851 4853
f 6385 1655 6383
f 6385 3476 1655
f 2162 6386 1691
f 125 6386 2162
f 2995 4429 6387
f 6387 3870 2995
f 126 2710 6388
f 2710 2665 6388
f 6389 3142 2827
f 6389 5159 3142
f 128 6390 2710
f 2665 2710 6390
f 6391 4258 4648
f 6391 4648 4650
f 4569 6392 3929
f 6392 5420 3929
f 4374 3209 6393
f 6393 3209 2052
f 6394 5303 6818
f 6394 3685 5303
f 2051 6395 3996
f 5525 6395 2051
f 5801 5204 6396
f 5204 3553 6396
f 3996 6395 6397
f 6397 3208 3996
f 6398 4276 3478
f 1617 6398 3478
f 4790 3029 6399
f 3032 6399 3029
f 7014 6400 1562
f 6400 2587 1562
f 5078 6401 2092
f 4686 2092 6401
f 6402 3378 6763
f 3378 6402 5530
f 3909 2600 6403
f 6403 2600 5818
f 6404 6708 2718
f 2718 4920 6404
f 6659 6405 4534
f 6405 5413 4534
f 3728 2231 6406
f 6406 2231 3667
f 4194 3290 6407
f 6407 3290 4731
f 3728 6408 2231
f 1722 6408 3728
f 6409 1745 5529
f 6409 6065 1745
f 2148 6410 4998
f 4335 4998 6410
f 3468 3470 6411
f 3470 1579 6411
f 4086 6412 5268
f 6412 4086 6885
f 4261 4720 6413
f 4261 6413 2884
f 2292 6414 6416
f 2292 3914 6668
f 3895 6415 3359
f 3893 6415 3895
f 1891 4865 6416
f 2292 6416 4865
f 2410 6417 4373
f 2410 5534 6417
f 3816 6418 2893
f 2219 6418 3816
f 6419 5422 5116
f 5116 4410 6419
f 3699 2617 6420
f 2617 6748 6420
f 6421 3314 4429
f 5756 3314 6421
f 4017 6211 6422
f 6319 4017 6422
f 6423 3668 5971
f 6423 3666 3668
f 2130 6424 5750
f 6424 2130 4246
f 3013 6425 3666
f 3666 6425 3668
f 6426 3900 2097
f 2980 3900 6426
f 3501 6427 5568
f 6294 6427 3501
f 6428 4375 3827
f 4375 6428 5117
f 1908 6429 5460
f 1908 3997 6429
f 2063 6430 3363
f 3363 6430 1438
f 3139 6431 6434
f 3139 2940 6431
f 1867 6432 5032
f 5032 6432 2898
f 6433 3402 5490
f 6435 6576 3402
f 3246 2344 6434
f 6434 6431 6902
f 6435 3402 6433
f 6433 3000 6435
f 6436 4480 2299
f 4480 6436 5111
f 5319 3144 6437
f 6437 3144 6068
f 6438 3064 2901
f 2901 2078 6438
f 5425 3229 6439
f 3229 4002 6892
f 4770 5390 6440
f 4770 6440 6115
f 3017 6892 6441
f 6018 3017 6441
f 5393 7002 6442
f 7002 1691 6442
f 6443 4445 3128
f 6639 3128 2536
f 2507 6444 1820
f 2507 2061 6444
f 6447 4677 6445
f 6445 4197 2367
f 142 6446 4202
f 4931 6446 142
f 2367 5597 6447
f 2367 6447 6445
f 6448 4423 2019
f 6246 6448 2019
f 3083 6449 3085
f 3083 1787 6449
f 4097 809 6450
f 4097 6450 3403
f 3050 6451 6046
f 6451 3050 2501
f 3439 6452 3041
f 2667 3041 6452
f 2716 6453 2880
f 2880 6453 6213
f 6454 2903 6308
f 6454 3721 2903
f 1719 6455 2005
f 1719 3424 6455
f 3136 6454 6456
f 6454 2173 6456
f 6457 2519 6070
f 1897 2519 6457
f 6458 1682 4883
f 6458 4883 2891
f 3382 4979 6459
f 6810 6459 4979
f 4505 2140 6460
f 3771 6460 2140
f 1961 2485 6461
f 3620 6461 2485
f 5675 6462 3882
f 6462 2360 3882
f 4541 3857 6463
f 4541 6463 2537
f 3018 6464 3020
f 3020 6464 3655
f 6465 4147 2445
f 6465 2445 1269
f 6466 6207 1788
f 3583 6466 1788
f 6467 3277 1754
f 4995 3277 6467
f 3436 6468 2616
f 6468 3436 3364
f 4300 6469 4531
f 2291 6469 4300
f 6470 3795 2401
f 6470 4109 3795
f 4977 6471 1640
f 4016 1640 6471
f 6472 1893 5554
f 2642 1893 6472
f 2102 5251 6473
f 5251 3172 6473
f 4066 5376 6474
f 4066 6474 2117
f 5413 2814 6475
f 6475 2814 6069
f 3406 6476 5693
f 3406 4719 6476
f 6477 3323 3203
f 3323 6477 6612
f 6677 6478 3609
f 3170 6480 6478
f 1543 1619 6479
f 6479 1619 6482
f 6480 5446 3609
f 6480 3609 6478
f 6481 5265 2006
f 6483 6481 2006
f 1619 3652 6482
f 6394 6482 3652
f 6483 1786 3483
f 6483 3483 6481
f 1698 6484 4216
f 6484 1387 4216
f 4039 6485 2865
f 6376 6485 4039
f 6486 5658 4281
f 6486 4281 6164
f 6487 2499 3989
f 3136 2499 6487
f 5305 6488 4251
f 4251 6488 4442
f 6489 4612 4490
f 5482 6489 4490
f 3401 6490 4630
f 3401 5625 6490
f 5382 6491 4543
f 4543 6491 5211
f 6195 2262 6492
f 2262 4155 6492
f 2398 5696 6493
f 5696 2222 6493
f 6494 1575 2978
f 2352 1575 6496
f 3179 3240 6495
f 3240 2156 6495
f 6494 1567 6496
f 6496 1575 6494
f 1609 2909 6497
f 3914 1609 6497
f 6498 6889 2897
f 6498 2897 3935
f 3091 6499 3654
f 6499 2486 3654
f 6775 6504 2489
f 1961 2489 6502
f 6501 3800 4459
f 6501 4459 5965
f 6500 6502 2489
f 6500 4239 6502
f 2570 6503 3298
f 6503 2570 4421
f 4239 6500 6504
f 2489 6504 6500
f 6505 4018 1850
f 5053 6505 1850
f 4282 6506 1793
f 2328 6506 4282
f 3779 2802 6507
f 6507 6847 3779
f 3315 1946 6508
f 6508 1946 2457
f 6257 3535 6509
f 6257 6509 6590
f 6510 3937 4170
f 4170 3633 6510
f 6511 1795 4716
f 6511 2351 1795
f 2031 5525 6512
f 2031 6512 5172
f 6256 2528 6513
f 2528 4138 6513
f 4335 1992 6514
f 1992 5814 6514
f 3125 6515 4507
f 4507 6515 1903
f 2167 6392 6516
f 2167 6516 6071
f 2680 6240 6517
f 2385 2680 6517
f 3084 4147 6518
f 3084 6518 1832
f 3797 6630 6535
f 3797 3999 6630
f 3505 6520 4322
f 6520 5729 4322
f 3143 6521 4045
f 4045 6521 5562
f 4893 5974 6522
f 6522 5974 5601
f 6523 3272 3252
f 6523 3252 5765
f 2974 5236 6524
f 2974 6524 5388
f 5350 6525 2434
f 5350 3291 6525
f 6526 4379 2918
f 6526 2265 4379
f 2871 6527 2873
f 2873 6527 5146
f 6528 3898 1553
f 7020 3898 6528
f 5588 5064 6529
f 5064 4668 6529
f 1986 3708 6530
f 6530 3708 5464
f 4972 6531 3178
f 6531 4972 3618
f 1561 5128 6532
f 4869 1561 6532
f 1823 6533 4634
f 2919 4634 6533
f 6791 6534 2832
f 6534 5603 2832
f 6535 4742 2313
f 2313 6993 6535
f 5626 6536 6538
f 4650 6538 6536
f 3254 4027 6537
f 6539 3254 6537
f 5626 6538 1677
f 6538 6941 1677
f 6539 6537 4742
f 6535 6539 4742
f 4438 6540 6542
f 6540 5133 2916
f 3422 4311 6541
f 6541 2252 3422
f 6540 2916 6542
f 6542 2916 4808
f 3408 1717 6543
f 4108 3408 6543
f 4596 6544 3619
f 6544 4814 3619
f 4387 6545 5220
f 5363 6545 4387
f 4814 6546 4523
f 6544 6546 4814
f 6048 6547 4743
f 6547 5503 4743
f 6548 4265 2377
f 6548 6550 4044
f 3512 6549 2208
f 6549 3042 2208
f 6550 2377 6073
f 6550 6548 2377
f 1924 6551 3670
f 2467 3670 6551
f 6157 1586 6552
f 1586 1580 6552
f 6553 3995 2196
f 2196 5817 6553
f 1669 6011 6554
f 6554 6135 1669
f 1580 6555 6552
f 1581 6555 1580
f 136 6556 3952
f 3952 6556 2527
f 3395 6557 4599
f 3395 5354 6557
f 4410 2511 6558
f 2511 4408 6558
f 5681 98 6559
f 2859 6559 98
f 6562 6560 2132
f 2132 6560 3885
f 6241 6561 3008
f 3994 3008 6561
f 4151 6562 5334
f 5334 6562 2132
f 5454 6563 3121
f 3121 6563 6561
f 2309 3137 6564
f 3024 2309 6564
f 2164 6565 3604
f 4882 3604 6565
f 1869 5190 6566
f 1869 6566 2013
f 4367 6567 3213
f 4367 6925 6567
f 2643 3788 6568
f 3788 6202 6568
f 4456 6569 2653
f 3044 2653 6569
f 6791 6570 2801
f 2801 6570 6572
f 4120 6571 6741
f 1960 6571 4120
f 6572 1885 2171
f 6572 6570 1885
f 6573 2993 6575
f 6573 5497 2993
f 2884 6574 3522
f 3522 6574 2134
f 3827 6575 1674
f 6575 2993 1674
f 6576 3287 4519
f 6435 3287 6576
f 4983 6577 4248
f 4248 6577 1989
f 2847 5431 6578
f 6578 5431 3015
f 6579 3605 2425
f 4431 3605 6579
f 6582 2807 6219
f 6582 6578 2807
f 3921 4693 6581
f 1930 3921 6581
f 6221 6580 6582
f 6580 6578 6582
f 3446 6583 1761
f 6581 6583 3446
f 2576 4314 6584
f 6584 4314 4313
f 2829 6585 3057
f 6585 2829 3890
f 810 2337 6586
f 2337 795 6586
f 5233 6587 3317
f 6587 5233 3393
f 3255 2243 6588
f 2243 2764 6588
f 3133 6589 6591
f 6589 3133 4951
f 2400 6257 6590
f 2400 6590 3552
f 2325 3133 6591
f 6591 2073 2325
f 6592 2468 5472
f 6592 4973 2468
f 6081 6593 6302
f 4866 6593 6081
f 3526 6594 3525
f 6596 3526 4622
f 2800 6595 4238
f 4877 6663 6595
f 6594 6596 4449
f 6594 3526 6596
f 377 3880 6597
f 6835 6597 3880
f 4137 5144 6598
f 4137 6598 6882
f 1633 6041 6599
f 1633 6599 5785
f 4469 6598 6600
f 6600 3351 4469
f 2034 6601 2912
f 2034 375 6601
f 3213 4081 6602
f 6602 4081 5090
f 1932 6603 3253
f 1932 1911 6603
f 3119 2577 6604
f 6606 4533 6604
f 3977 5766 6605
f 3977 6605 4525
f 5440 6606 2577
f 2577 6606 6604
f 3547 3284 6607
f 6605 6607 3284
f 6608 5074 2614
f 6608 2614 5811
f 6001 6609 1728
f 6609 2666 1728
f 4981 6610 2731
f 2731 6610 1659
f 2723 6611 3736
f 4874 3736 6611
f 6612 6610 4399
f 6612 4399 3323
f 2053 4673 6613
f 2053 6613 4874
f 5079 4173 6614
f 6131 5079 6614
f 235 6615 3974
f 4884 3974 6615
f 6616 4536 6614
f 4536 6616 6008
f 6617 5063 2524
f 5486 6617 2524
f 2293 5749 6618
f 6618 3346 2293
f 6619 2349 3630
f 6619 2628 2349
f 6620 4089 5866
f 4089 6620 6007
f 5583 6621 1950
f 6621 4481 1950
f 3760 3122 6622
f 5943 6622 3122
f 4563 2939 6623
f 6007 6623 2939
f 6624 4038 2247
f 2247 6626 6624
f 5526 6625 2269
f 2269 6629 2841
f 6459 6810 6626
f 6624 6626 6810
f 3194 2841 6627
f 2841 6629 6627
f 6628 2509 5069
f 4124 2509 6628
f 6625 6627 6629
f 6629 2269 6625
f 3999 6519 6630
f 6630 6519 2707
f 3578 6631 2713
f 2431 6631 3578
f 6632 5714 1624
f 6632 1624 4745
f 5065 5404 6633
f 6633 5404 2155
f 6634 2300 1867
f 6634 1867 2533
f 3697 6635 3043
f 5703 6635 3697
f 6315 6636 2163
f 2947 2163 6636
f 4200 6637 6898
f 6637 4200 6635
f 4992 6638 4990
f 4992 6203 6638
f 6639 6443 3128
f 6639 5563 6443
f 2237 4719 6640
f 6640 4719 1974
f 6033 6641 2242
f 1988 2242 6641
f 6640 1974 6642
f 1974 3044 6642
f 6643 1636 3720
f 2991 1636 6643
f 2658 6644 6332
f 3951 6644 2658
f 5685 4095 6645
f 6645 4511 5685
f 5803 2589 6646
f 5803 6646 3383
f 3016 6647 5027
f 2761 6647 3016
f 75 6648 82
f 73 6648 75
f 2279 6649 3060
f 6649 6651 3060
f 6650 4094 2318
f 6650 3586 6754
f 3060 6651 2573
f 6651 2062 2573
f 1748 6652 4437
f 6652 5982 4437
f 6653 5206 2389
f 3028 5206 6653
f 6654 5633 4711
f 6654 4711 3831
f 4806 3569 6655
f 6655 3569 5058
f 3425 6656 5040
f 3425 4019 6656
f 3692 3093 6657
f 5880 6657 6982
f 6278 4070 6658
f 2626 6658 4070
f 6659 3662 3023
f 3023 4221 6659
f 4122 6855 6660
f 6660 2394 4836
f 4738 6661 3664
f 1723 6661 4738
f 3188 6662 5069
f 3188 4568 6662
f 4238 6595 6663
f 6663 1753 4238
f 6664 3648 4467
f 5066 3648 6664
f 2486 6665 2128
f 5054 2128 6665
f 6666 5713 2918
f 2918 4379 6666
f 6667 943 5679
f 944 943 6667
f 2292 6668 6414
f 6668 1604 6414
f 6377 6669 2698
f 2698 6669 4813
f 6670 2412 2938
f 3025 2412 6670
f 6671 4813 2991
f 4813 6671 2698
f 6672 2543 4680
f 4680 5263 6672
f 6673 2656 5865
f 5779 2656 6673
f 6674 4255 5926
f 2009 4255 6674
f 2041 5191 6675
f 6675 5191 2465
f 6676 3304 5499
f 6676 5499 4804
f 6478 6677 3517
f 3517 6677 6796
f 5582 6678 2907
f 5582 2722 6678
f 6679 3707 5070
f 3707 6679 2674
f 3106 6680 4756
f 3106 2567 6680
f 6681 1657 3174
f 3174 6679 6681
f 5286 6682 4188
f 4264 4188 6682
f 6683 2883 2888
f 6370 2883 6683
f 2568 6587 6684
f 2568 6684 5356
f 6685 3881 2691
f 6685 2691 1765
f 6686 3625 5375
f 5959 3625 6686
f 5744 1738 6687
f 2776 5744 6687
f 3734 6688 4959
f 4952 6688 3734
f 6689 3279 2310
f 6689 2310 4433
f 2590 6690 5295
f 2590 4172 6690
f 3826 2638 6691
f 6691 4189 3826
f 3850 7022 6692
f 6692 3423 3850
f 6693 2428 4429
f 2428 6693 4723
f 5486 3912 6694
f 6694 3912 3530
f 6701 2976 6695
f 2976 6426 6695
f 6696 3489 3581
f 5737 6768 6696
f 6697 2980 2976
f 4671 2980 6697
f 1637 6698 2878
f 5031 6698 1637
f 6699 2976 6701
f 6697 6699 4854
f 6166 3705 6700
f 3705 4430 6700
f 4854 6699 6701
f 4854 6701 2178
f 6702 4144 5443
f 6085 4144 6702
f 6865 4061 6703
f 2956 6703 4061
f 6704 2452 3811
f 4762 6704 3811
f 2333 5676 6705
f 1387 6705 5676
f 1628 6706 3777
f 1628 5193 6706
f 4894 5057 6707
f 6707 5057 3292
f 3676 6708 6404
f 4914 6708 3676
f 6709 3621 1735
f 3926 6709 1735
f 2703 6710 5686
f 3564 6710 2703
f 2713 2743 6711
f 2743 6304 6711
f 4653 6712 6710
f 4653 6315 6712
f 3285 5684 6713
f 1782 6713 5684
f 2931 6714 3496
f 6714 2931 6965
f 6715 4699 1785
f 3430 4699 6715
f 6716 2941 3894
f 2941 6716 5541
f 5034 5924 6717
f 6717 5924 1309
f 6714 6718 3496
f 6718 5009 3496
f 3205 6719 6953
f 4757 6953 6719
f 6722 6720 2332
f 6720 2154 2332
f 4958 1854 6721
f 4958 6721 3250
f 1864 3858 6722
f 3858 6720 6722
f 6723 3758 2622
f 5198 3758 6723
f 6724 4629 6726
f 6724 3286 4629
f 6725 3457 5176
f 6725 2026 3457
f 6771 6726 4629
f 6728 6724 6726
f 4222 1901 6727
f 1901 3493 6727
f 6726 6771 6730
f 6771 4107 6730
f 3232 5208 6729
f 3232 6729 3801
f 6726 6730 6728
f 6172 6728 6730
f 4617 6731 2228
f 2228 6731 5370
f 4832 6734 6732
f 1994 6732 2187
f 1969 6733 4422
f 4422 6733 2591
f 2187 6734 4664
f 6732 6734 2187
f 5673 6735 4954
f 4954 6735 4956
f 5843 6736 3400
f 3249 3400 6736
f 5805 6737 2123
f 6737 5532 2123
f 3463 6738 5606
f 1929 6738 3463
f 6739 4119 2081
f 6739 2081 3977
f 5590 6740 1877
f 1877 6740 4173
f 6741 1629 2986
f 6741 6571 1629
f 2392 6742 510
f 1715 510 6742
f 6743 3303 3173
f 5325 6743 3173
f 6744 2192 2299
f 4480 6744 2299
f 4632 6745 5754
f 5568 6745 4632
f 2688 4050 6746
f 6746 1849 2688
f 3497 2197 6747
f 6747 2197 1874
f 5438 6748 3202
f 2617 3202 6748
f 2476 6749 5479
f 2476 3190 6749
f 6597 6750 3355
f 6127 3355 6750
f 2022 6751 5040
f 6390 6751 2022
f 3360 6093 6752
f 3360 6752 4467
f 1635 6753 4758
f 1635 1285 6753
f 6650 6754 6756
f 5919 6758 6754
f 6755 4986 3447
f 4986 6755 3505
f 6650 6756 4094
f 6756 6754 6758
f 5697 2118 6757
f 6757 2118 5693
f 4094 6758 4851
f 4094 6756 6758
f 6759 3223 3421
f 6808 3223 6759
f 3622 6354 6760
f 6329 3622 6760
f 4827 6761 6141
f 4863 6141 6761
f 2576 6762 2210
f 6996 2576 6584
f 2106 3591 6763
f 6402 6763 6947
f 3364 6764 4372
f 6766 3365 4372
f 6765 3134 5936
f 6765 5310 3134
f 4372 6764 6766
f 6764 2852 6766
f 1880 6767 4811
f 4811 6767 3464
f 6768 2880 3489
f 6696 6768 3489
f 2423 6769 4641
f 6769 2423 4145
f 5774 6770 1866
f 1866 6770 5205
f 6773 4107 6771
f 6771 4629 6773
f 6772 5594 4241
f 6772 4241 2711
f 6773 2007 4107
f 4629 2007 6773
f 6774 4619 6178
f 6774 2101 4619
f 2673 6504 6775
f 4579 2673 6775
f 2970 6776 4797
f 6776 2970 6156
f 6777 5083 2212
f 6777 5380 5083
f 3066 5730 6778
f 4206 3066 6778
f 6779 2381 5411
f 5121 6779 5411
f 6780 3095 4944
f 3095 6780 1695
f 6779 6781 2381
f 2381 6781 4288
f 6782 2065 2258
f 4169 6782 2258
f 6783 4286 6781
f 6783 1770 4286
f 5123 6784 3153
f 3153 6784 4521
f 2375 6785 3766
f 4415 6785 2375
f 2862 6786 3872
f 6786 5329 3872
f 6787 4280 3632
f 6787 3632 6789
f 6788 6015 3171
f 2492 6788 3171
f 3632 4351 6789
f 6789 4351 2147
f 6790 3113 1734
f 6790 1734 4156
f 3699 6791 2276
f 2276 6791 2801
f 5919 2316 6792
f 2316 3414 6792
f 4923 5791 6793
f 6793 5791 4080
f 3537 6616 6794
f 3517 3537 6794
f 5545 6795 3623
f 5545 5547 6795
f 3517 6796 3537
f 5129 3537 6796
f 3183 6797 4749
f 6797 3183 5254
f 6798 3453 5662
f 3453 6798 6800
f 3775 6799 3047
f 6799 1977 3047
f 6802 128 6800
f 6800 6798 4272
f 6801 5634 1977
f 6801 1977 6799
f 6802 6800 4272
f 6802 4272 4444
f 6803 4254 2735
f 6803 2735 5128
f 3888 3884 6804
f 6804 3884 1919
f 6805 5470 3078
f 6805 3078 1632
f 6806 4104 1822
f 2545 4104 6806
f 6807 1039 2763
f 1039 6807 4000
f 6808 2929 3223
f 4847 2929 6808
f 3813 6809 230
f 6809 3813 5881
f 4979 2198 6810
f 6810 2198 6624
f 4943 6811 2408
f 2854 6811 4943
f 3773 6812 2011
f 6812 3327 2011
f 6811 6813 3180
f 3180 6813 4453
f 5477 6814 4391
f 5506 6814 5477
f 3234 6815 6317
f 4581 6815 3234
f 6816 2327 1858
f 6093 2327 6816
f 6817 1744 3847
f 1744 6817 5635
f 3157 6818 2279
f 6818 4442 2279
f 6819 2174 4030
f 2174 6819 4997
f 4442 4441 6820
f 2279 4442 6820
f 2361 2722 6821
f 2361 6821 5522
f 2973 6822 5827
f 6822 2973 5274
f 4893 4323 6823
f 4203 6823 4323
f 5437 6824 3861
f 5437 2674 6824
f 2730 6825 2881
f 2881 6825 5601
f 6826 2972 3525
f 4948 2972 6826
f 5702 6827 126
f 5702 2652 6827
f 2421 6828 3642
f 3642 6828 4448
f 6829 1566 5624
f 6829 5624 3383
f 6080 6830 5161
f 2244 6830 6080
f 4691 6831 3198
f 6831 1711 3198
f 4974 6832 6202
f 6832 4974 2746
f 6833 3005 5228
f 1807 6833 5228
f 4965 6077 6834
f 3075 4965 6834
f 6835 6750 6597
f 6750 6835 649
f 6836 5884 1842
f 6836 6241 5884
f 6837 3211 2038
f 3211 6837 2050
f 4822 4501 6838
f 6838 4501 6836
f 3583 4394 6839
f 5130 6839 4394
f 6840 2772 5755
f 6840 2869 2772
f 6841 3793 2354
f 6841 2354 2741
f 5459 6842 3988
f 6842 5436 3988
f 3956 3055 6843
f 3055 2629 6843
f 5661 5071 6844
f 6814 6844 5071
f 3956 6843 6845
f 6845 6843 4065
f 3216 6844 6846
f 3216 6846 6156
f 6001 3580 6847
f 3580 4826 6847
f 6848 3450 6491
f 6850 2595 3450
f 2934 2343 6849
f 2934 6849 5184
f 6848 6850 3450
f 6850 6848 2844
f 4625 4753 6851
f 4625 6851 3288
f 6852 6850 5485
f 1830 6852 5485
f 3356 6853 1945
f 4243 6853 3356
f 6857 6854 2121
f 6857 2033 6854
f 6660 6855 2394
f 6855 1985 2394
f 2458 6856 3856
f 2458 2615 6856
f 6857 2935 2033
f 6857 4631 2935
f 6858 4748 5850
f 6858 1614 4748
f 5947 6859 5949
f 6859 6809 5949
f 1083 6212 6860
f 5091 1083 6860
f 3305 6861 2477
f 6703 2477 6861
f 2239 6862 4059
f 2239 1789 6862
f 3945 1763 6863
f 1763 5114 6865
f 1948 4196 6864
f 1948 6864 2556
f 6861 6863 6865
f 1763 6865 6863
f 4087 6147 6866
f 3332 4087 6866
f 5023 6867 3639
f 6867 6290 3639
f 2572 5095 6868
f 6202 6868 5095
f 5386 138 6869
f 4955 6869 138
f 4482 3861 6870
f 6870 3861 6824
f 3071 5923 6871
f 6871 5923 5425
f 6872 4578 2915
f 4293 6872 2915
f 4213 6873 2418
f 6873 3045 2418
f 6874 1772 3225
f 6874 4496 1772
f 4467 3362 6875
f 4467 6875 3360
f 3853 2460 6876
f 6876 5393 3853
f 3735 1812 6877
f 1709 6877 1812
f 6772 2711 6878
f 2711 1691 6878
f 6879 3502 5212
f 1954 3502 6879
f 3197 6880 4471
f 6880 5387 4471
f 5788 2070 6881
f 6881 6698 5788
f 6598 2240 6882
f 6882 2240 6637
f 4348 6883 2987
f 6883 4348 2167
f 5758 3557 6884
f 4436 6884 3557
f 2037 6885 4086
f 126 6886 2037
f 2037 6886 6885
f 6885 6886 2420
f 2598 6887 3886
f 3886 6887 4040
f 3488 6888 2364
f 6888 3488 5274
f 4702 2768 6889
f 6889 6498 4702
f 6890 6220 4105
f 6890 4105 6163
f 6262 6891 2978
f 5443 2978 6891
f 3017 6439 6892
f 6439 3229 6892
f 5937 6893 4101
f 4101 6893 1880
f 6894 2120 2288
f 2120 6894 1972
f 6897 3743 6895
f 3741 6895 3743
f 6126 2379 6896
f 6896 2379 4665
f 5371 6897 6899
f 6897 5371 4244
f 4200 6898 1988
f 3351 1988 6898
f 5140 6899 6895
f 6899 6897 6895
f 6900 3065 5909
f 6900 5909 2146
f 3855 6901 2146
f 6901 6900 2146
f 3246 6902 3510
f 3246 6434 6902
f 5266 3964 6903
f 6853 5266 6903
f 3844 6904 2812
f 6463 6904 3844
f 4731 6905 2582
f 6905 2009 2582
f 6906 3273 5399
f 3273 6906 2910
f 6907 2816 1601
f 3661 6907 1601
f 1790 6908 5399
f 5399 6908 6906
f 6909 6113 5038
f 5038 2651 6909
f 6910 107 4910
f 6910 4910 96
f 3486 6911 3313
f 494 6911 3486
f 5130 6914 6912
f 3123 2777 6912
f 6913 3372 4927
f 4377 6913 4927
f 3123 6914 48
f 6912 6914 3123
f 3710 6089 6915
f 2629 3710 6915
f 6916 3631 2126
f 6916 724 3631
f 2425 2977 6917
f 6917 2977 3032
f 6918 2058 5165
f 4498 2058 6918
f 6919 3980 6054
f 5402 3980 6919
f 6625 1851 6924
f 1851 4592 6922
f 4633 6921 2073
f 2073 6923 2325
f 6920 6922 4225
f 1851 6922 6920
f 6923 2073 6921
f 6923 6921 2704
f 6920 4225 6924
f 6920 6924 1851
f 4140 6567 6925
f 5952 4140 6925
f 4225 6922 6926
f 6926 3462 4225
f 3540 6927 3640
f 6927 6296 3640
f 3321 4048 6928
f 3321 6928 6927
f 6929 5307 6931
f 3394 5307 6929
f 3309 6930 5202
f 3975 5202 6930
f 6931 1778 1861
f 1861 6929 6931
f 6932 2432 1660
f 6932 1660 3308
f 5434 2224 6933
f 3072 5434 6933
f 6017 6934 2695
f 6934 6932 2695
f 3785 6935 3778
f 6935 3785 6320
f 4621 2094 6936
f 4621 6936 6189
f 6937 3391 5409
f 3963 3391 6937
f 6938 3413 2726
f 6938 2726 2725
f 1860 6939 4622
f 6939 1860 5176
f 6940 2971 2227
f 6929 6940 2227
f 6107 6943 6941
f 6941 2338 6107
f 3178 6942 4043
f 4043 6942 6502
f 6107 2535 6943
f 2535 2221 6943
f 6944 5599 2624
f 2624 4103 6944
f 6024 6945 3113
f 6945 6675 3113
f 5855 6946 4102
f 6946 2801 4102
f 6947 3591 5276
f 6763 3591 6947
f 5735 1610 6948
f 6948 2048 5735
f 5695 2353 6949
f 1839 5695 6949
f 3599 6201 6950
f 6950 3601 3599
f 3892 6951 1703
f 3869 1703 6951
f 2595 3328 6952
f 3328 2796 6952
f 6955 6953 2975
f 6953 4757 2975
f 6954 4755 2154
f 6952 4755 6954
f 5761 3205 6955
f 3205 6953 6955
f 6956 2152 3458
f 3458 2026 6956
f 6957 6174 6182
f 2866 6174 6957
f 6958 3266 5245
f 6958 4961 3266
f 2233 5761 6959
f 5761 6955 6959
f 5851 5282 6960
f 4004 6960 5282
f 3011 3965 6961
f 6961 3965 6123
f 6962 134 4727
f 3040 6962 4727
f 4922 5786 6963
f 6963 2234 4922
f 4190 6964 6073
f 3185 6964 4190
f 6965 4643 1906
f 1906 6714 6965
f 6966 1557 1556
f 6966 1556 1565
f 4643 6967 6365
f 6967 4643 6965
f 4599 6968 6626
f 6557 6968 4599
f 6025 6969 4385
f 4385 6969 6713
f 3326 4605 6970
f 6970 4605 3309
f 2631 3414 6971
f 6971 2629 2631
f 6972 1689 4055
f 5902 1689 6972
f 3533 6973 5100
f 6973 2954 5100
f 6974 2654 2280
f 2713 6974 2280
f 2922 2705 6975
f 2705 4902 6975
f 2225 6976 5214
f 4584 6976 2225
f 6977 3034 2705
f 2922 6977 2705
f 2200 5135 6978
f 4119 2200 6978
f 4946 6979 3893
f 3893 6979 6415
f 4999 1003 6980
f 4098 4999 6980
f 6237 6981 1776
f 6981 3607 1776
f 3093 6982 6657
f 6982 3093 6406
f 2981 3606 6983
f 3606 6981 6983
f 6984 2145 1896
f 6984 1896 2390
f 3022 2490 6985
f 6985 2490 3549
f 2145 6986 4740
f 6984 6986 2145
f 1816 5048 6987
f 6987 1650 1816
f 3352 6988 3810
f 3352 6171 6988
f 5327 6989 3762
f 6931 3762 6989
f 6990 6347 6232
f 6990 6232 4645
f 6991 5690 2084
f 6991 2084 5863
f 2142 6992 4007
f 2142 4707 6992
f 4714 2542 6993
f 2542 3999 6993
f 6994 5649 2440
f 6994 2440 1966
f 2753 6995 5406
f 5599 6995 2753
f 3796 6762 6996
f 6996 6762 2576
f 5419 6997 4822
f 6997 4501 4822
f 2125 4169 6998
f 3627 2125 6998
f 2304 6999 3390
f 4909 3390 6999
f 3039 134 7000
f 3039 7000 6349
f 2969 2206 7001
f 2204 2969 7001
f 2808 3532 7002
f 3532 1691 7002
f 7003 2391 6193
f 7003 6164 2391
f 7004 3955 3906
f 7004 3906 5063
f 1886 7005 5776
f 1886 2138 7005
f 7006 4876 2159
f 7006 2159 7004
f 5412 1714 7007
f 1714 4260 7007
f 5780 7008 7011
f 7010 2663 1751
f 7009 5877 696
f 5247 7009 696
f 7011 7008 7010
f 3645 7010 7008
f 1751 7011 7010
f 7011 1751 4328
f 4363 7012 5657
f 5657 7012 2806
f 4440 7013 2613
f 7013 3784 2613
f 7014 6592 5472
f 7014 5472 6400
f 4199 7015 1641
f 7015 2525 1641
f 2958 6703 7016
f 6511 2958 7016
f 7017 2891 3700
f 7017 6458 2891
f 4168 4638 7018
f 4638 6133 7018
f 2728 2398 7019
f 5097 7019 2398
f 7020 5103 2466
f 7020 4235 5103
f 7021 3030 2672
f 4776 3030 7021
f 3850 5934 7022
f 5934 151 7022
f 7023 6175 4223
f 2514 7023 4223
f 7024 6034 2063
f 6782 7024 2063
f 5621 4608 7025
f 5621 7025 5314
f 7026 2821 6608
f 7026 5072 2821
f 1998 7027 5574
f 1926 5574 7027
f 7028 1834 4317
f 1834 7028 7030
f 6304 7029 6711
f 7029 6304 2322
f 1834 7030 5840
f 7030 2955 5840
f 7029 7031 3748
f 3748 7031 4035

 