# File exported by ZBrush version 2026
# www.zbrush.com
#Vertex Count 2074
#Face Count 4152
#Auto scale x=1.000000 y=1.000000 z=1.000000
#Auto offset x=0.000000 y=0.000000 z=0.000000
v -0.63720607 -3.85680675 0.11031814
v 0.64339041 -3.85913205 0.10580252
v 0.00000014 -4.09771871 -0.01471931
v -0.74241662 -3.53617358 -0.55120509
v 0.74272817 -3.53607535 -0.55022674
v 0.00000014 -3.70209264 -0.78488206
v -0.73344898 -3.9941914 -0.16915194
v 0.73267561 -3.99425339 -0.16667459
v -0.36032161 -4.09591007 -0.26002997
v 0.35989713 -4.09645795 -0.26454132
v -0.66927486 -3.24570822 -0.32837152
v 0.6713708 -3.24774766 -0.32897806
v -0.65549081 -3.49728369 0.05703092
v 0.66215014 -3.49967098 0.05137778
v -0.68252712 -3.91653704 -0.04140009
v 0.68107414 -3.91625285 -0.03945566
v 0.00000014 -4.10576057 -0.25274482
v -0.79951554 -3.67149734 -0.334434
v 0.79915303 -3.67738032 -0.33816617
v 0.02713589 -4.07991075 -0.41930684
v -0.5370059 -3.91144418 -0.61429405
v 0.53737539 -3.91155529 -0.61388659
v 0.00000014 -3.5384159 -0.729864
v 0.00000014 -3.59241294 0.23914857
v 0.00000014 -3.24698233 -0.5644555
v 0.28592574 -3.60904932 -0.79927718
v -0.2854979 -3.60176825 -0.79937791
v 0.00000014 -3.54942154 -0.78291952
v 0.22090891 -3.97368669 -0.68638855
v -0.22558455 -3.97528243 -0.68519014
v 0.35828432 -3.58505249 -0.85091352
v -0.36153596 -3.58709406 -0.85072225
v 0.33514329 -3.71525049 -0.78636008
v -0.333956 -3.71575069 -0.78613293
v 0.65140718 -3.69660544 -0.67107272
v -0.65084409 -3.69712925 -0.67160189
v 0.86145818 -3.73427438 -0.31799486
v -0.86182409 -3.7344172 -0.31706967
v 0.81444472 -3.85540413 -0.05251186
v -0.81560808 -3.85579824 -0.05462139
v 0.75379294 -3.57276749 -0.02843373
v -0.75432395 -3.57362723 -0.02876867
v 0.00929043 -4.15513801 -0.2995308
v 0.64418542 -3.36985492 -0.02949996
v -0.64495855 -3.37113523 -0.02942659
v 0.47018811 -3.33051323 -0.73198288
v -0.47644203 -3.33066368 -0.72858095
v 0.00000014 -3.84834671 0.21035121
v 0.00000014 -3.89065027 0.12112889
v 0.69040978 -3.88391399 -0.64030647
v -0.69417244 -3.88074851 -0.6377083
v 0.65655463 -3.31070303 0.05379663
v -0.65814977 -3.31042385 0.05070751
v 0.57438069 -3.54614043 -0.72962993
v -0.57450127 -3.546247 -0.72952014
v 0.23782616 -3.857589 0.07671746
v -0.24162048 -3.86353421 0.06976264
v 0.00000014 -3.20537996 -0.64746058
v 0.01536756 -3.65501833 0.28524148
v 0.01675204 -3.47963428 -0.72016066
v 0.17766588 -4.06094026 -0.00600361
v -0.19095885 -4.05132293 0.00013053
v 0.84692078 -3.88222932 -0.22951769
v -0.84576761 -3.88395857 -0.22919544
v 0.43610492 -3.81615185 -0.7332912
v -0.4396092 -3.81375598 -0.73419219
v 0.57147771 -3.6827774 -0.79756498
v -0.56897479 -3.68486809 -0.79840081
v 0.00000014 -3.92337703 -0.64636421
v 0.57186746 -3.42329859 -0.64839392
v -0.57150548 -3.42252159 -0.64812469
v 0.66854989 -3.98875021 -0.04071134
v -0.66807729 -3.98897481 -0.04072988
v 0.51398086 -3.21018552 -0.54281723
v -0.51271283 -3.20907497 -0.54246014
v 0.387259 -4.03911781 -0.20044408
v -0.38712659 -4.03974866 -0.20920901
v 0.59604233 -3.40704298 -0.59139847
v -0.5957539 -3.40711736 -0.59197908
v 0.45241397 -3.69178295 -0.83299505
v -0.45460987 -3.69245243 -0.83242243
v 0.28595885 -4.10489034 -0.19470658
v -0.28412854 -4.10498619 -0.19434054
v 0.29999381 -3.15604758 -0.65020817
v -0.29986295 -3.15652251 -0.65122127
v 0.2898277 -4.00640201 -0.0683014
v -0.28562614 -4.00044822 -0.06099578
v 0.5688138 -3.40427684 0.20281831
v -0.56851601 -3.40453505 0.20277942
v 0.00000014 -4.08424711 -0.10412812
v 0.28425145 -3.22408318 -0.59423154
v -0.28357997 -3.22438359 -0.59488368
v 0.36743897 -4.0347166 -0.41633868
v -0.38206285 -4.03022909 -0.42245727
v 0.5965951 -3.55094385 0.10708762
v -0.59746742 -3.55013132 0.10658938
v 0.4664824 -3.91405248 0.13077242
v -0.46076825 -3.91449475 0.13223074
v 0.49576684 -4.03144264 -0.50307709
v -0.49400535 -4.03220892 -0.50214934
v 0.80692255 -3.51759886 -0.059745
v -0.80910641 -3.52427721 -0.05861732
v 0.1247728 -4.17013406 -0.1719108
v -0.12394536 -4.16967582 -0.17547597
v 0.80599796 -3.78260159 -0.11268903
v -0.80636072 -3.78355097 -0.11421323
v 0.67570287 -3.96993804 -0.24744546
v -0.67683267 -3.96938157 -0.24730445
v 0.00000014 -3.96998405 -0.67271471
v 0.1084926 -3.77370977 -0.79976874
v -0.1009323 -3.77682471 -0.79659396
v 0.4991922 -3.66924691 -0.77388083
v -0.50137007 -3.66865968 -0.77340138
v 0.47477302 -3.96376419 -0.68873763
v -0.47515693 -3.96377039 -0.68837755
v 0.43095389 -3.24078631 -0.65934866
v -0.40550586 -3.23106074 -0.66211444
v 0.00000014 -4.092772 -0.52737826
v 0.74856674 -3.51763391 -0.34440079
v -0.74962019 -3.51765251 -0.3411974
v 0.78230726 -3.79159593 -0.34654593
v -0.78186386 -3.79054498 -0.34838828
v 0.42922711 -3.54197263 -0.84072119
v -0.42944344 -3.54162001 -0.84070456
v 0.26106458 -3.80091166 0.18095493
v -0.2584972 -3.79475998 0.1848648
v 0.00000014 -3.99187159 -0.58200836
v 0.00000014 -3.72693777 0.2113271
v 0.32209402 -4.10285139 -0.329117
v -0.3258323 -4.10216045 -0.32649105
v 0.29905387 -3.39785313 -0.80697643
v -0.29911297 -3.39613843 -0.8063265
v 0.66815334 -3.35334301 -0.2802293
v -0.66587686 -3.35213446 -0.28648212
v 0.86458075 -3.78398084 -0.35569578
v -0.86368602 -3.78076314 -0.35620906
v 0.70523142 -3.70049262 -0.68048912
v -0.70588958 -3.70083904 -0.67958235
v 0.51403629 -3.77369308 0.10346576
v -0.51262974 -3.77620101 0.10299889
v 0.37961781 -3.52447629 0.25419163
v -0.37994718 -3.52444052 0.2540631
v 0.522354 -3.26808333 -0.4796105
v -0.52160972 -3.26704096 -0.47720781
v 0.56272852 -3.98953938 -0.06868325
v -0.56392818 -3.98922014 -0.06886158
v 0.15208461 -3.85677838 -0.71509563
v -0.15322791 -3.85822081 -0.71392792
v 0.6642912 -3.34745788 0.11291041
v -0.66440945 -3.34700417 0.11155918
v 0.29191449 -4.09447193 -0.14133818
v -0.29235145 -4.0939331 -0.13963009
v 0.38852471 -3.95080995 -0.61874431
v -0.39238217 -3.95012545 -0.61893308
v 0.38354757 -3.99677538 -0.03403754
v -0.37919336 -3.99675536 -0.033882
v 0.26303556 -3.28735423 -0.67800879
v -0.26535186 -3.285604 -0.67642837
v 0.63601362 -3.98368954 -0.28035864
v -0.63433814 -3.98248982 -0.28358632
v 0.20284245 -3.47811603 -0.77362591
v -0.20121322 -3.47695517 -0.77314466
v 0.74645328 -3.96227574 -0.09152918
v -0.74525052 -3.9629755 -0.09080704
v 0.00000014 -3.37916302 -0.7405892
v 0.65069764 -3.80350804 -0.62204253
v -0.65085452 -3.80370283 -0.62139213
v 0.59067517 -3.51528477 -0.7707827
v -0.59200257 -3.51357555 -0.76907485
v 0.00000014 -4.12628793 -0.07241154
v 0.22802931 -3.48804545 -0.83235454
v -0.22580844 -3.48971724 -0.83252948
v 0.17246754 -3.5723617 0.22130686
v -0.17310206 -3.57227873 0.22122764
v 0.16817373 -3.69427609 -0.77829903
v -0.16735932 -3.69068574 -0.77860236
v 0.81972515 -3.54929089 -0.33899986
v -0.81812924 -3.5468595 -0.34088283
v 0.10358259 -3.79018139 -0.73784321
v -0.09839533 -3.79721021 -0.73362773
v 0.71643084 -3.79398846 -0.6312322
v -0.72135627 -3.79406237 -0.62398117
v 0.35003119 -3.6885333 0.19491018
v -0.3587237 -3.6881802 0.19222271
v 0.38491216 -4.01901722 -0.10339368
v -0.3867492 -4.01984643 -0.10724778
v 0.66282099 -3.59070181 0.12701489
v -0.66086179 -3.59086442 0.12830358
v 0.71818584 -3.39300942 0.00805261
v -0.71793502 -3.39082527 0.00652522
v 0.82874393 -3.76331567 -0.22527998
v -0.82886278 -3.76260948 -0.22597254
v 0.10269532 -4.12520933 -0.51761245
v -0.09937708 -4.12828874 -0.50911343
v 0.79126536 -3.5544784 -0.19252444
v -0.79113274 -3.55424118 -0.19182187
v 0.39805793 -3.24298095 -0.56921088
v -0.39725741 -3.24298167 -0.56983315
v 0.73779392 -3.99009466 -0.27122366
v -0.73701477 -3.98999095 -0.27328744
v 0.00000014 -3.71606946 -0.73156142
v 0.8778193 -3.67521023 -0.21985399
v -0.87809097 -3.67728924 -0.2188097
v 0.39658433 -3.83641076 0.09195219
v -0.3970974 -3.83658671 0.09198714
v 0.08063671 -4.09900236 -0.04044305
v -0.07351665 -4.10671901 -0.04912189
v 0.62788081 -3.51457595 -0.65205127
v -0.62479889 -3.51232242 -0.65521818
v 0.54696542 -3.95192313 -0.5287016
v -0.54871773 -3.95265507 -0.52443087
v 0.60692691 -3.278373 -0.28064823
v -0.604712 -3.27783584 -0.28449472
v 0.73893111 -3.71205067 0.0034951
v -0.73983842 -3.71172356 0.00285954
v 0.06791211 -4.14043426 -0.4465515
v -0.06941958 -4.14055347 -0.44718658
v 0.72237569 -3.37089753 -0.36216357
v -0.72230696 -3.37177729 -0.36430111
v 0.15008634 -4.11415386 -0.46361595
v -0.14957302 -4.1145811 -0.46322482
v 0.18521498 -3.14496707 -0.61773091
v -0.18408015 -3.14587426 -0.61779558
v 0.56557142 -3.97749805 -0.58571732
v -0.56472158 -3.97787809 -0.58584946
v 0.00000014 -3.27615189 -0.62316072
v 0.74049741 -3.36279416 -0.11308258
v -0.74085801 -3.36287975 -0.11519306
v 0.59716171 -4.01618146 -0.41513475
v -0.59802001 -4.01671743 -0.41002216
v 0.69508159 -3.28545475 -0.08000948
v -0.69540661 -3.28507185 -0.08000006
v 0.42703095 -3.50750947 -0.78287804
v -0.42526337 -3.50588417 -0.7827872
v 0.72074669 -3.81793856 0.08763267
v -0.71898675 -3.81908464 0.08799483
v 0.59371036 -3.39763045 -0.69094759
v -0.59355568 -3.39762306 -0.6911146
v 0.20974843 -3.94334006 0.0648793
v -0.20821964 -3.94395065 0.06433138
v 0.28231188 -3.84254479 -0.78764444
v -0.27910807 -3.84406399 -0.78665077
v 0.08174301 -3.60691499 0.31406244
v -0.08198916 -3.60659575 0.31434759
v 0.14195738 -4.08371591 -0.2059427
v -0.14231458 -4.0837059 -0.20586201
v 0.45992574 -3.56558847 0.14976272
v -0.45898655 -3.56603217 0.14963524
v 0.0082129 -3.1575551 -0.59191972
v 0.71886217 -3.93429684 -0.29541167
v -0.71569705 -3.93340873 -0.30443093
v 0.37063029 -3.22741246 -0.67366933
v -0.35959795 -3.22831916 -0.67822635
v 0.54273527 -3.92509341 0.02639002
v -0.54334276 -3.92447614 0.02664192
v 0.67302852 -3.24640083 -0.21998946
v -0.67167162 -3.24521446 -0.22527967
v 0.53212869 -3.97711753 0.05595099
v -0.53124338 -3.9775846 0.05563568
v 0.80941194 -3.60476517 -0.00690921
v -0.80939608 -3.60753178 -0.00617521
v 0.48883515 -3.43213009 0.13334845
v -0.48834669 -3.43223762 0.13345177
v 0.44402605 -3.61599588 -0.84386545
v -0.44314599 -3.6167314 -0.843984
v 0.59694659 -3.34610915 0.1421121
v -0.59611308 -3.3469305 0.14197941
v 0.30453074 -3.69500756 -0.84292566
v -0.30461642 -3.69654965 -0.84258437
v 0.35444462 -3.97152686 -0.70722991
v -0.3531579 -3.96760606 -0.7101503
v 0.05480468 -3.7705698 0.19346576
v -0.05231275 -3.7701416 0.19396047
v 0.68333703 -3.8622899 -0.50779277
v -0.68342959 -3.86097121 -0.50951296
v 0.22971683 -3.65484046 0.20256748
v -0.22921398 -3.65606212 0.20230676
v 0.66877824 -3.55122017 -0.6068331
v -0.66814136 -3.55113554 -0.60823065
v 0.5458371 -3.7796452 0.14911803
v -0.54322153 -3.78269052 0.1491132
v 0.68984192 -3.71948766 0.10248556
v -0.69090545 -3.72205686 0.10188207
v 0.00000014 -3.73327899 0.26244047
v 0.42515727 -3.42354369 0.17867431
v -0.41751387 -3.4280436 0.18076232
v 0.74882346 -3.88256979 -0.47942164
v -0.75126087 -3.8822565 -0.47514358
v 0.16602405 -3.54303526 0.24147522
v -0.17049005 -3.54225754 0.24100391
v 0.26508817 -3.92608332 -0.00543786
v -0.26568329 -3.92535543 -0.00481215
v 0.26160186 -4.03953743 -0.03192262
v -0.25927135 -4.04445886 -0.038003
v 0.12269419 -3.62720847 -0.82752227
v -0.12286555 -3.61835622 -0.82726246
v 0.16150406 -3.2545948 -0.64143592
v -0.1644091 -3.25596189 -0.64334321
v 0.46994647 -4.0259242 0.00381752
v -0.47004562 -4.02559852 0.00449196
v 0.04233321 -3.20358157 -0.55353516
v 0.11335113 -4.14640474 -0.09228791
v -0.1153578 -4.15090847 -0.0997731
v 0.7010023 -3.95681762 -0.17121011
v -0.70034223 -3.95682025 -0.1683426
v 0.39153087 -3.85042643 0.14067588
v -0.3950423 -3.84512591 0.14178367
v 0.06474042 -4.08850383 -0.33372584
v -0.06953239 -4.08848047 -0.33280503
v 0.00000014 -3.76943612 -0.7730236
v 0.32174789 -3.43364286 -0.76806902
v -0.32084378 -3.4345088 -0.76849478
v 0.35400328 -4.04670524 -0.2647686
v -0.34860387 -4.04760932 -0.26997745
v 0.27636572 -4.10428237 -0.41358771
v -0.27447214 -4.10485267 -0.41375041
v 0.70802933 -3.93546629 -0.10465364
v -0.70644193 -3.93631839 -0.10400342
v 0.62520259 -3.64324951 -0.70364296
v -0.62465053 -3.64316868 -0.70410305
v 0.79584622 -3.87025237 -0.17928078
v -0.79667657 -3.86980485 -0.17926089
v 0.00000014 -3.17328691 -0.63509947
v 0.28963932 -3.94948315 -0.62853723
v -0.28716811 -3.9520297 -0.62554413
v 0.41439735 -3.34194374 -0.76376634
v -0.41790357 -3.33988571 -0.76124578
v 0.83966261 -3.65804934 -0.04485813
v -0.84075224 -3.65969634 -0.0466293
v 0.60273969 -3.22841835 -0.43973001
v -0.60101312 -3.22685742 -0.43965587
v 0.83689415 -3.61668133 -0.34999403
v -0.83807361 -3.61569976 -0.34600007
v 0.69765263 -3.38341546 -0.14182871
v -0.69704258 -3.38244342 -0.14126309
v 0.84064459 -3.57434916 -0.10135066
v -0.84115159 -3.57516646 -0.10223238
v 0.6335991 -3.31672358 -0.2414954
v -0.63408786 -3.3172717 -0.24094028
v 0.55186802 -3.53572988 -0.80131489
v -0.55245316 -3.53395819 -0.80052501
v 0.36041358 -3.16645693 -0.60702228
v -0.35930085 -3.16654658 -0.60706234
v 0.79486209 -3.70306801 0.02056528
v -0.79282361 -3.70137143 0.02247865
v 0.35877379 -3.95471954 0.09966646
v -0.35236713 -3.95361542 0.09993142
v 0.43779712 -3.17905616 -0.61703968
v -0.43756318 -3.1792581 -0.61736142
v 0.24877928 -3.53140759 0.22661797
v -0.25036472 -3.53053045 0.2261886
v 0.56598109 -3.69992351 -0.74193042
v -0.56430113 -3.70039081 -0.74274075
v 0.1633246 -4.03445386 -0.09348185
v -0.17184573 -4.03709745 -0.09767976
v 0.08686996 -3.58462524 0.21911327
v -0.08558366 -3.5846703 0.21904137
v 0.64411515 -3.62756204 0.07889819
v -0.64558219 -3.6260302 0.07799905
v 0.09590227 -3.56336569 0.30417302
v -0.09422815 -3.56305527 0.30358904
v 0.77798122 -3.57866859 -0.32842138
v -0.77873015 -3.57952833 -0.32708284
v 0.72961247 -3.32322025 -0.06208063
v -0.72978085 -3.32312178 -0.06353771
v 0.50512671 -3.99535703 -0.59826159
v -0.50438892 -3.99546861 -0.59836655
v 0.83444523 -3.75533485 -0.00438598
v -0.83411729 -3.75867748 -0.00283791
v 0.76665723 -3.83604669 -0.55568116
v -0.76527428 -3.83392834 -0.55900579
v 0.15026478 -3.87043643 -0.76539295
v -0.15060137 -3.87061548 -0.76502639
v 0.24206653 -4.06367826 -0.38731929
v -0.24369196 -4.0632739 -0.39002069
v 0.59071797 -3.89355611 -0.70778942
v -0.59201186 -3.89316391 -0.70726656
v 0.14729647 -4.13630485 -0.31196829
v -0.14653669 -4.13692951 -0.31264415
v 0.65465158 -3.72012853 -0.73646521
v -0.6551814 -3.71864891 -0.73642534
v 0.47011512 -3.46271204 0.24107025
v -0.46937739 -3.46342396 0.24132408
v 0.45857372 -3.3673129 -0.69896298
v -0.4579142 -3.36753392 -0.69978267
v 0.16087698 -3.85589838 0.10254635
v -0.16171237 -3.85855341 0.09941207
v 0.57401478 -3.47786903 0.17246052
v -0.57113766 -3.48018741 0.17376567
v 0.32947105 -3.79909873 0.11109725
v -0.33399751 -3.80082154 0.10972994
v 0.57627117 -3.97387647 -0.04289738
v -0.57646524 -3.97384119 -0.04289984
v 0.06254503 -3.32293176 -0.72683888
v -0.06218701 -3.32233929 -0.72668993
v 0.53318846 -3.45844173 -0.78387451
v -0.53345531 -3.45738148 -0.78318262
v 0.2125515 -3.85913372 0.15064664
v -0.21535094 -3.86497831 0.14428006
v 0.73708128 -3.34692692 -0.18631415
v -0.73712092 -3.3469634 -0.18466942
v 0.11191187 -3.92606425 0.12453685
v -0.11140891 -3.92470049 0.12604937
v 0.14319266 -3.40157389 -0.78772628
v -0.14446044 -3.39948701 -0.78755372
v 0.37114819 -3.48547434 0.25416576
v -0.36964643 -3.48655891 0.25455704
v 0.28475102 -4.07263994 -0.52407604
v -0.27810847 -4.0746665 -0.52251023
v 0.66078656 -3.4364562 0.10500864
v -0.66150337 -3.4358499 0.1042479
v 0.82127565 -3.9208424 -0.18988363
v -0.82140314 -3.92031025 -0.18679685
v 0.5832169 -3.69664239 0.15689151
v -0.58351963 -3.6988337 0.15634344
v 0.73069453 -4.00038147 -0.20288515
v -0.73012566 -4.00079965 -0.20628549
v 0.6726126 -3.40457773 -0.56450825
v -0.67210096 -3.4043529 -0.56540274
v 0.82109701 -3.74647736 -0.11929292
v -0.82220256 -3.74501586 -0.1210991
v 0.16480407 -3.70361852 -0.82871633
v -0.16279476 -3.70988369 -0.82721179
v 0.24639159 -3.24886918 -0.70994675
v -0.24553285 -3.2509036 -0.71140426
v 0.82347756 -3.65232706 -0.1904027
v -0.82395947 -3.65391039 -0.18870012
v 0.29166781 -3.4956851 -0.78759008
v -0.29297876 -3.49512481 -0.7874723
v 0.63771975 -3.58857011 -0.75376886
v -0.63730484 -3.58721971 -0.75399547
v 0.54071456 -3.40616822 0.1069358
v -0.54169142 -3.4064536 0.10660602
v 0.19928525 -3.53110861 -0.78414118
v -0.20137026 -3.52997088 -0.78445309
v 0.5533781 -3.87082052 0.05458515
v -0.58086758 -3.86106014 0.05102213
v 0.34216025 -3.77795481 -0.76358729
v -0.34282594 -3.77759981 -0.76367574
v 0.76197648 -3.89265203 -0.01559645
v -0.76183044 -3.89257621 -0.01538091
v 0.41726014 -3.71382713 -0.78083664
v -0.41443178 -3.71258902 -0.78161072
v 0.50588202 -4.0386343 -0.03419114
v -0.50573205 -4.03870201 -0.03438887
v 0.38727769 -3.88609957 0.06164252
v -0.37892958 -3.88945603 0.05752673
v 0.13411471 -3.19534897 -0.57543009
v -0.14630053 -3.1948452 -0.57770109
v 0.64664506 -3.70520329 0.07030849
v -0.64968311 -3.70762133 0.06828543
v 0.57060766 -3.97410941 -0.40780943
v -0.57245731 -3.97467446 -0.40138995
v 0.74954044 -3.63059687 -0.59403592
v -0.74898028 -3.6291573 -0.59480381
v 0.65408772 -3.36187982 -0.36275187
v -0.65477544 -3.36307549 -0.36327844
v 0.59553885 -3.85505938 -0.62793976
v -0.59443622 -3.85661149 -0.62684804
v 0.70778435 -3.43907713 -0.05067884
v -0.70774912 -3.43889713 -0.05089614
v 0.64875841 -3.34011149 -0.15239216
v -0.64866638 -3.34042716 -0.15107196
v 0.38472309 -3.41325235 -0.75542289
v -0.38207823 -3.41484832 -0.75660944
v 0.62853187 -3.93091607 -0.60603243
v -0.62676745 -3.9322679 -0.60557007
v 0.14539316 -3.661134 0.27296
v -0.14449006 -3.66274356 0.27268818
v 0.88334113 -3.74583721 -0.18422254
v -0.88325786 -3.74663066 -0.18492274
v 0.00000014 -3.64363169 -0.7386235
v 0.00000014 -3.86887192 -0.68154293
v 0.232932 -4.05275917 -0.14359276
v -0.23038116 -4.05366659 -0.14573112
v 0.6855303 -3.80968904 -0.66382658
v -0.6837188 -3.80911755 -0.66703391
v 0.23923113 -4.09461689 -0.11311083
v -0.22855781 -4.0956583 -0.11267402
v 0.72959649 -3.80094575 -0.46563014
v -0.72815489 -3.79749369 -0.47160023
v 0.51656299 -3.3869028 0.20526316
v -0.5165655 -3.38689851 0.20526203
v 0.17968556 -3.99918246 -0.56587839
v -0.18489235 -3.99773502 -0.56813532
v 0.00000014 -4.15420246 -0.19156548
v 0.27853885 -4.02300787 -0.51496613
v -0.27463853 -4.02497768 -0.51249307
v 0.00000014 -4.06046676 -0.57626617
v 0.44618737 -3.31708359 -0.65632158
v -0.44865277 -3.31489348 -0.65210539
v 0.15041433 -3.76862144 0.23243279
v -0.15002273 -3.7695868 0.23209957
v 0.43899267 -3.17036819 -0.5660445
v -0.43978533 -3.17063951 -0.56559622
v 0.76927214 -3.51800489 -0.135086
v -0.7682684 -3.51613736 -0.13422702
v 0.0182886 -4.02627944 0.06976632
v 0.61743211 -3.3300867 -0.40150493
v -0.61713188 -3.33075451 -0.40393233
v 0.67782521 -3.53556418 -0.68682736
v -0.67649036 -3.53293085 -0.68737947
v 0.03969441 -4.03334426 -0.01716044
v -0.04089147 -4.03324079 -0.01751952
v 0.52057451 -3.66022467 -0.82167881
v -0.52338337 -3.66103458 -0.82078892
v 0.68193799 -3.86790561 0.06868967
v -0.68192374 -3.8679068 0.06871777
v 0.62733048 -3.34352421 0.00173546
v -0.6276279 -3.34435224 0.0010944
v 0.23778383 -3.32885909 -0.70685893
v -0.24348364 -3.32681465 -0.7062745
v 0.00000014 -3.92148089 -0.70827192
v 0.40534356 -3.52884888 0.16728487
v -0.40426626 -3.52957534 0.16749928
v 0.00000014 -4.00283098 0.02488642
v 0.47964358 -3.88305592 -0.7412464
v -0.48539185 -3.88389682 -0.73946493
v 0.00000014 -3.59071373 0.2943404
v 0.14857743 -3.22055196 -0.58889991
v -0.14784568 -3.22130537 -0.58976334
v 0.54950428 -3.99639487 -0.5570535
v -0.54841649 -3.996629 -0.55718541
v 0.65598106 -3.96799564 -0.1154537
v -0.65217989 -3.96869683 -0.11296258
v 0.36296993 -3.86750054 0.13506589
v -0.35463708 -3.86839532 0.13511084
v 0.48903167 -3.44311857 -0.73588603
v -0.49039277 -3.44425964 -0.73577004
v 0.4423387 -3.53781294 0.21495528
v -0.43995949 -3.53755807 0.21648699
v 0.6392492 -3.97354269 0.00980446
v -0.63905745 -3.97342777 0.01002541
v 0.39067092 -3.58993291 0.20564055
v -0.38942641 -3.59031081 0.20583196
v 0.6866731 -3.82869005 0.01651958
v -0.68302822 -3.83241105 0.01765904
v 0.44350075 -3.72129106 0.16677796
v -0.44499051 -3.72271204 0.16651421
v 0.66445905 -3.77439904 0.04089063
v -0.66407823 -3.77859449 0.03986641
v 0.41509094 -3.93555045 0.03894269
v -0.42171746 -3.93338322 0.04094877
v 0.52085077 -3.25744533 -0.60210162
v -0.52433019 -3.25496029 -0.59338754
v 0.56293141 -3.80932402 -0.75902897
v -0.56441223 -3.80850911 -0.758816
v 0.62278074 -3.28534269 -0.47105038
v -0.62255686 -3.2858603 -0.47242093
v 0.23216994 -4.03169345 -0.65017378
v -0.23020206 -4.02696752 -0.65417969
v 0.71527779 -3.33415699 -0.29474189
v -0.71263825 -3.33256363 -0.30210572
v 0.5881899 -3.76306009 0.14204332
v -0.58653926 -3.76594734 0.14210914
v 0.27408653 -4.11042308 -0.35991275
v -0.26388058 -4.11239481 -0.36106053
v 0.83494281 -3.86642718 -0.1014883
v -0.83485865 -3.86715602 -0.10272997
v 0.52963155 -3.8431518 -0.68753659
v -0.52869397 -3.84349918 -0.68762403
v 0.88029015 -3.85291624 -0.18932887
v -0.88177311 -3.85037875 -0.1923013
v -0.08151486 -4.05845308 -0.46389767
v 0.50782555 -3.3049891 -0.57995492
v -0.50799578 -3.30434894 -0.57876157
v 0.51759553 -3.80174732 -0.72115898
v -0.52000814 -3.79878234 -0.72185349
v 0.81932854 -3.88614463 -0.31881645
v -0.81955546 -3.88774395 -0.31485161
v 0.13588094 -4.02491569 0.01821585
v -0.13351586 -4.02722168 0.01734223
v 0.73369073 -3.7682352 -0.01375784
v -0.73554605 -3.76938653 -0.01603984
v 0.42346477 -4.00179719 0.04346231
v -0.42265877 -4.00143289 0.04382632
v 0.46114355 -3.79073357 -0.79896771
v -0.46153155 -3.78765487 -0.80024325
v 0.47785046 -3.99100685 -0.47956317
v -0.47769761 -3.99085784 -0.47990602
v 0.40911811 -3.5637052 -0.79432344
v -0.41075801 -3.56621933 -0.79448872
v 0.71854138 -3.27661061 -0.18458774
v -0.71862351 -3.27676677 -0.18400979
v 0.27233287 -4.06103467 -0.35012081
v -0.25163695 -4.0646286 -0.36007943
v 0.09730636 -4.16759109 -0.29593968
v -0.09801524 -4.16741371 -0.29613253
v 0.3279778 -3.33992052 -0.71755433
v -0.32820048 -3.33956027 -0.71731025
v 0.78840214 -3.92209959 -0.33337104
v -0.78771233 -3.92100524 -0.33725476
v 0.00000014 -3.34663605 -0.6733917
v 0.48958331 -3.57884812 -0.78051531
v -0.48989898 -3.57635259 -0.78012102
v 0.20930744 -3.9412198 -0.01615937
v -0.20131312 -3.92051863 0.0097992
v 0.64495551 -3.33633112 -0.05805954
v -0.64498418 -3.33610224 -0.05872833
v 0.64959526 -3.45659112 -0.54767465
v -0.64910411 -3.45588493 -0.54791742
v 0.41197714 -4.06856775 -0.44748047
v -0.40956363 -4.069561 -0.44586816
v 0.36949923 -3.41446971 -0.81208056
v -0.37012943 -3.41490793 -0.81219548
v 0.87000268 -3.82609796 -0.32394895
v -0.87000674 -3.82772636 -0.32219794
v 0.61737573 -3.64735865 -0.77591425
v -0.615565 -3.64678454 -0.77727723
v 0.3959715 -3.99909281 -0.63531816
v -0.38157078 -4.00378036 -0.63188403
v 0.13798333 -4.06457185 -0.45792725
v 0.52968597 -3.95570087 -0.53578567
v -0.53238827 -3.95460009 -0.53641486
v 0.16471386 -4.03955602 -0.6255446
v -0.16407494 -4.03931522 -0.62594503
v 0.43640798 -3.47539639 -0.82435619
v -0.43832913 -3.47548914 -0.82401531
v 0.84740573 -3.71690797 -0.05132449
v -0.84495216 -3.71505689 -0.04697618
v 0.17139348 -3.64463448 0.22079539
v -0.17453661 -3.64512252 0.22009795
v 0.87870395 -3.74161791 -0.13449218
v -0.87828135 -3.74156379 -0.13326963
v 0.09517946 -3.15594887 -0.61091393
v -0.09848825 -3.15553402 -0.61161559
v 0.56735777 -3.37073493 0.0940578
v -0.56335121 -3.3729918 0.09913252
v 0.6338548 -3.88015317 -0.56356084
v -0.63439154 -3.87999939 -0.56326639
v 0.82415056 -3.50468587 -0.19862155
v -0.82349515 -3.50293445 -0.20249883
v 0.47404682 -3.92227268 -0.7273873
v -0.46888831 -3.9201765 -0.72891855
v 0.17830577 -3.20588064 -0.68173515
v -0.17738127 -3.21041226 -0.68346333
v 0.2819826 -3.87573456 -0.70885837
v -0.27970683 -3.8743546 -0.70970493
v 0.69772523 -3.30636215 -0.03832974
v -0.69856715 -3.30539488 -0.03982386
v 0.68413335 -3.31284499 -0.35734689
v -0.67595022 -3.30980396 -0.37540209
v 0.71322053 -3.69703483 -0.56361824
v -0.71174931 -3.69900465 -0.56674325
v 0.39615738 -4.05046558 -0.0440367
v -0.39991128 -4.05008125 -0.0437479
v 0.03199704 -4.09715986 -0.15402947
v 0.46590516 -3.39265942 -0.77937084
v -0.46443018 -3.39188599 -0.779495
v 0.1697677 -4.06683301 -0.14740464
v -0.16028761 -4.06890058 -0.14894869
v 0.32708984 -4.05814886 -0.0546641
v -0.32356774 -4.06096172 -0.06078027
v 0.06051922 -4.05622577 0.02669776
v -0.05924725 -4.0545187 0.02915693
v 0.89841449 -3.80444049 -0.1807308
v -0.89836484 -3.80336284 -0.18140903
v 0.65788584 -3.45766019 -0.65932244
v -0.65918517 -3.4591515 -0.65877741
v 0.13379702 -3.77315115 0.17736901
v -0.13137768 -3.77397728 0.17750674
v 0.03233047 -3.47761988 -0.77546435
v -0.03952379 -3.47399377 -0.77710467
v 0.11114023 -4.07848262 -0.59303468
v -0.10845352 -4.08244371 -0.59148269
v 0.57116437 -3.20953989 -0.42663464
v -0.5725426 -3.20987463 -0.42531421
v 0.07238171 -4.03081989 -0.61442464
v -0.08137261 -4.02970457 -0.61647903
v 0.55058258 -3.28350496 -0.41189515
v -0.55115354 -3.28403854 -0.41181314
v 0.76791054 -3.90659046 -0.18609163
v -0.76777893 -3.90641188 -0.18552696
v 0.5673803 -3.26825428 -0.36847931
v -0.5665043 -3.26825594 -0.36989209
v 0.75265109 -3.8913269 -0.31714376
v -0.75287234 -3.88971376 -0.31965145
v 0.53259486 -3.25097942 -0.4103055
v -0.53199785 -3.25039768 -0.41116938
v 0.64848965 -3.58335113 -0.66278463
v -0.64929872 -3.58362793 -0.66167128
v 0.80616408 -3.7939279 0.02874591
v -0.79873532 -3.79664206 0.03433617
v 0.81794768 -3.80265307 -0.20953296
v -0.81708812 -3.8057723 -0.20999413
v 0.76777863 -3.42096424 -0.30085128
v -0.76754105 -3.4211955 -0.30229663
v 0.13279552 -4.08325862 -0.37546822
v -0.13138656 -4.08379983 -0.3741267
v 0.06897954 -3.83916997 0.15201525
v -0.07013333 -3.83850479 0.15231093
v 0.13179089 -3.50082993 -0.81760466
v -0.12952417 -3.49822425 -0.81686145
v 0.05673985 -3.91013622 0.09449366
v -0.05671488 -3.9109776 0.09383232
v 0.82225835 -3.66435456 -0.24114759
v -0.8227635 -3.66502261 -0.23890014
v 0.78372764 -3.75218415 -0.51396608
v -0.7808566 -3.7564888 -0.52054143
v 0.74123048 -3.65233993 0.00470105
v -0.74229937 -3.64851784 0.00326707
v 0.63587141 -3.2953968 -0.16778425
v -0.63633614 -3.29492473 -0.168288
v 0.79332166 -3.6520276 -0.06595271
v -0.79470509 -3.64945173 -0.06975426
v 0.77356731 -3.87570905 -0.11458423
v -0.77301299 -3.87415862 -0.11168187
v 0.50109422 -3.49995374 0.14740127
v -0.49667799 -3.5008521 0.14879639
v 0.5107823 -3.61463141 0.17950074
v -0.50940179 -3.61560034 0.17945382
v 0.7410494 -3.87055301 -0.55354923
v -0.73249638 -3.87499713 -0.56286937
v 0.28846252 -3.53538847 0.19802077
v -0.28857299 -3.53504037 0.19788566
v 0.66668748 -3.89984273 -0.64637142
v -0.66668605 -3.89984941 -0.64636451
v 0.78970503 -3.74781465 -0.36421665
v -0.78989422 -3.74756789 -0.36363074
v 0.00000014 -4.04925012 -0.50155186
v 0.10248737 -4.02297687 -0.52400279
v -0.09815046 -4.02673959 -0.51924389
v 0.68829083 -4.01377296 -0.26670506
v -0.69086366 -4.01480054 -0.2580505
v 0.76197868 -3.78184866 0.07626702
v -0.76243031 -3.78276038 0.07588806
v 0.18725101 -4.07674312 -0.54733836
v -0.18565635 -4.07784652 -0.54551124
v 0.61120396 -3.94083619 -0.01604202
v -0.61073857 -3.94169211 -0.01652568
v 0.74334847 -3.59852957 0.06644976
v -0.74041909 -3.602247 0.06932987
v 0.23853765 -3.7213304 -0.78015697
v -0.2363362 -3.72043967 -0.78008675
v -0.13695944 -4.06557655 -0.45546788
v 0.21438153 -3.17115688 -0.67758274
v -0.21441571 -3.17035365 -0.67725974
v 0.0285509 -3.53344821 -0.78544849
v -0.03641663 -3.53743052 -0.78860235
v 0.35473483 -3.94250869 0.02046288
v -0.36158254 -3.9502356 0.01808973
v 0.7725557 -3.71320629 -0.03098072
v -0.77417784 -3.71372818 -0.03279025
v 0.70085984 -3.63168025 -0.5825116
v -0.70078301 -3.63120794 -0.58244609
v 0.23406235 -3.64253687 -0.84506583
v -0.2403475 -3.64687824 -0.84517318
v 0.72569799 -3.77273321 -0.50135946
v -0.72420632 -3.7697699 -0.50854522
v 0.15341559 -3.90882182 -0.73879784
v -0.15094827 -3.91625762 -0.73283034
v 0.70012617 -3.47195124 -0.58745223
v -0.70015823 -3.47179222 -0.58719718
v 0.43708926 -3.22484993 -0.52701312
v -0.44299238 -3.22594404 -0.52288031
v 0.54432815 -3.36576771 0.18278774
v -0.5428074 -3.36714434 0.18451307
v 0.38203442 -3.81158304 -0.80034357
v -0.38133874 -3.81111216 -0.80064308
v 0.2360326 -3.30297565 -0.74928724
v -0.23705314 -3.29856634 -0.74667143
v 0.60845488 -3.22723293 -0.38146877
v -0.60816413 -3.22742605 -0.38074243
v 0.27610838 -3.81616854 0.10896322
v -0.27762576 -3.81704473 0.10819572
v 0.7700836 -3.68637275 -0.55630809
v -0.77015513 -3.68581557 -0.55602204
v 0.00000014 -4.10039711 -0.32895833
v 0.17724309 -4.11244964 -0.075446
v -0.17278902 -4.11460399 -0.07181629
v 0.10318659 -3.17040967 -0.64640528
v -0.10837565 -3.16918754 -0.64682513
v 0.25578957 -3.97215604 0.05843236
v -0.25233259 -3.96955823 0.05929676
v 0.79653298 -3.83878493 -0.47428661
v -0.79659664 -3.83767318 -0.47604081
v 0.09643477 -4.17425727 -0.1813265
v -0.09522909 -4.17495155 -0.18244741
v 0.26092129 -3.65740704 -0.79468852
v -0.26476541 -3.66403365 -0.79398596
v 0.6240859 -3.22549319 -0.33536359
v -0.62640285 -3.22642231 -0.32777756
v 0.35664644 -3.21536016 -0.57341533
v -0.35737714 -3.21585512 -0.57337069
v 0.51504379 -3.72900748 -0.75428104
v -0.51065331 -3.73132777 -0.75478321
v 0.7617852 -3.835639 -0.05492944
v -0.76178461 -3.83532738 -0.05465814
v -0.03266167 -4.09712123 -0.15352159
v -0.04474657 -3.20393848 -0.55370724
v 0.47433266 -3.9825809 -0.63632118
v -0.47112307 -3.98358774 -0.63609278
v 0.61255365 -3.78800201 -0.74363476
v -0.61164599 -3.78577065 -0.74518394
v 0.37184613 -3.17869424 -0.63892066
v -0.3678013 -3.17868614 -0.64043355
v 0.48495563 -4.00582218 -0.06697557
v -0.48119598 -4.0061202 -0.06664472
v 0.18610541 -3.19505262 -0.58284497
v -0.19294251 -3.19535064 -0.58380442
v 0.39048978 -4.06019163 -0.07560384
v -0.3920623 -4.06112575 -0.07729417
v 0.48732951 -3.58832407 -0.83314377
v -0.48807048 -3.59040546 -0.83303713
v 0.72733241 -3.865134 0.03709027
v -0.72804707 -3.86486744 0.03664763
v 0.50244689 -3.3902111 0.14200604
v -0.49617755 -3.39229798 0.14624059
v 0.80397784 -3.47634434 -0.12168117
v -0.80418139 -3.47714924 -0.11963998
v 0.31744879 -3.79095792 0.17117089
v -0.31579902 -3.78557491 0.1735599
v 0.35686311 -3.99412369 -0.67763918
v -0.35459554 -3.99420595 -0.6787756
v 0.05145559 -4.15577411 -0.18060864
v -0.05166472 -4.15608644 -0.18178232
v 0.27937465 -3.90085673 -0.7524743
v -0.27877387 -3.90329289 -0.75072592
v 0.55279457 -3.90232491 0.1007421
v -0.54297775 -3.90483999 0.10254006
v 0.16172158 -3.41905212 -0.7449662
v -0.15731805 -3.41580534 -0.74292129
v 0.38922306 -3.97861576 0.06624307
v -0.38425138 -3.97897219 0.06633937
v 0.5974648 -3.91396236 -0.5541858
v -0.59590089 -3.9184432 -0.54763817
v 0.6998884 -3.42001438 0.05328369
v -0.70103347 -3.41901159 0.05113132
v 0.42253428 -3.87252783 0.07027494
v -0.4203476 -3.87235498 0.07026206
v 0.62678867 -3.75729703 -0.67911469
v -0.62689435 -3.76028871 -0.67777216
v 0.19907286 -3.69628977 0.25177684
v -0.20114058 -3.69581723 0.25123682
v 0.58832079 -3.64889073 0.10692613
v -0.58834296 -3.64108395 0.1077073
v 0.66908907 -3.41772174 0.0004973
v -0.67048096 -3.41641354 -0.00307866
v 0.01003698 -4.13851165 -0.40170782
v 0.62639683 -3.3813374 -0.62325906
v -0.62696331 -3.38208556 -0.62329393
v 0.47472357 -3.2514081 -0.52021366
v -0.47594991 -3.25236415 -0.52022635
v 0.60734456 -3.81886315 0.13637343
v -0.60514783 -3.81813073 0.13716328
v 0.22881287 -3.62607669 0.26698443
v -0.22983895 -3.62423634 0.26748779
v 0.86335426 -3.76531624 -0.05505186
v -0.8628754 -3.7641015 -0.05472478
v 0.26172009 -3.7686274 0.13876883
v -0.2638365 -3.77413606 0.13516512
v 0.28051862 -4.05195283 -0.17735637
v -0.27790069 -4.05217266 -0.17649951
v 0.31908637 -3.63154077 0.17003618
v -0.32273098 -3.6356759 0.16707481
v 0.77689439 -3.96465325 -0.16972942
v -0.77639675 -3.96575045 -0.17238661
v 0.80310231 -3.64753627 -0.46086442
v -0.80322945 -3.64769625 -0.46060538
v 0.83288723 -3.73655557 -0.39619359
v -0.83284503 -3.73570895 -0.39612802
v 0.46976828 -3.95016574 -0.59446966
v -0.46921607 -3.95021414 -0.59458607
v 0.68880611 -3.33534312 0.06603973
v -0.68871903 -3.3348999 0.06550435
v 0.54245632 -3.2125535 -0.48487904
v -0.54357641 -3.21304488 -0.48287624
v 0.26607608 -3.14723658 -0.61669951
v -0.26825591 -3.14694547 -0.61655336
v 0.57565981 -3.92970681 -0.68732947
v -0.57447242 -3.92966127 -0.6884197
v 0.55339032 -3.81809425 0.0738466
v -0.55165135 -3.81762862 0.07432145
v 0.64850306 -3.93341493 0.04347146
v -0.64988893 -3.93296766 0.04316334
v 0.66833579 -3.82649898 -0.56813681
v -0.667589 -3.82798457 -0.56750935
v 0.67206001 -4.00216007 -0.08474801
v -0.67422342 -4.0017414 -0.08654069
v 0.37594023 -3.92619872 0.12900535
v -0.36742276 -3.93024683 0.12435727
v 0.0764288 -4.07100248 -0.43276867
v 0.13842402 -4.0310707 -0.08054455
v -0.14291903 -4.02766656 -0.07796889
v 0.13015848 -4.09009933 -0.28906402
v -0.13067725 -4.09018707 -0.28921306
v 0.35185101 -3.26616287 -0.64469093
v -0.34591466 -3.26591801 -0.6459431
v 0.0309102 -3.65405035 -0.79404574
v -0.03388625 -3.65556693 -0.79528617
v 0.32174298 -4.01876258 -0.08474572
v -0.32389256 -4.01602125 -0.07830309
v 0.85730761 -3.59104061 -0.1987033
v -0.85820555 -3.59334039 -0.20100079
v 0.39133817 -4.01109743 -0.06976079
v -0.39259699 -4.01162958 -0.07346365
v 0.00000014 -4.02174091 -0.54464632
v 0.55833667 -3.59828591 -0.75212866
v -0.55827289 -3.59781718 -0.75212431
v 0.24782815 -4.04500961 -0.62925463
v -0.24950088 -4.04354429 -0.63317817
v 0.8820275 -3.83895111 -0.13403713
v -0.87926429 -3.84239792 -0.13405276
v 0.11805099 -3.74949932 -0.75558501
v -0.10784813 -3.74880313 -0.75336599
v 0.78791433 -3.93384623 -0.11126834
v -0.78419673 -3.93558383 -0.10679756
v 0.00000014 -3.27868557 -0.6906901
v 0.15238516 -3.34157705 -0.75973993
v -0.15384066 -3.34184265 -0.76070421
v 0.07645228 -3.87274217 0.18483273
v -0.07664535 -3.87070512 0.18630152
v 0.48937174 -3.89637255 0.05852971
v -0.49175497 -3.89448642 0.05929864
v 0.79318177 -3.87376856 -0.22977939
v -0.78985005 -3.87863206 -0.22703994
v 0.22954085 -3.5869193 0.2892259
v -0.22726371 -3.58679723 0.28989836
v 0.03807867 -3.87663364 -0.73534601
v -0.04022043 -3.87280488 -0.73773044
v 0.18231004 -3.55983257 0.29519993
v -0.1830865 -3.55973172 0.29506069
v 0.06229521 -4.17109727 -0.29293695
v -0.06370986 -4.172019 -0.2919887
v -0.45245736 -3.86136341 -0.70008415
v 0.45359286 -3.86375808 -0.69728356
v 0.09215632 -4.1545372 -0.39166915
v -0.09286111 -4.15575981 -0.38446313
v 0.52588111 -3.35121774 -0.71197444
v -0.52656638 -3.35139966 -0.71151661
v 0.39520585 -3.73603344 -0.82943069
v -0.39572835 -3.73627018 -0.82925921
v 0.53576755 -3.39816236 -0.74536347
v -0.53527516 -3.39810299 -0.74563211
v 0.23250505 -3.74289202 -0.82701021
v -0.23193472 -3.74616336 -0.82579672
v 0.05584392 -3.45292568 -0.72381824
v -0.05859081 -3.45460295 -0.72548204
v 0.60151243 -3.29753494 -0.31803605
v -0.6007688 -3.29722905 -0.32001018
v 0.87610578 -3.67377424 -0.15890358
v -0.87645465 -3.67715096 -0.15759147
v 0.64904487 -3.87519073 -0.68033158
v -0.6558333 -3.87426257 -0.67626416
v 0.56608498 -3.67349791 0.11303769
v -0.5658881 -3.68009495 0.11189744
v 0.65898847 -3.91057515 -0.46311709
v -0.66320014 -3.90753865 -0.46202337
v 0.3945645 -4.08759594 -0.1917943
v -0.3963404 -4.08770895 -0.1945663
v 0.27725553 -3.55566287 -0.84856277
v -0.27743238 -3.55683636 -0.84881573
v 0.14727541 -4.13998699 -0.20948001
v -0.14829704 -4.13990688 -0.21252507
v 0.69381487 -3.87834143 -0.01172839
v -0.69118017 -3.88085174 -0.01117892
v 0.18958884 -4.07704973 -0.02815095
v -0.19143246 -4.07695055 -0.0293328
v 0.57225108 -3.31112027 -0.47444531
v -0.57075566 -3.30958366 -0.47517046
v 0.05143934 -4.13639402 -0.11263854
v -0.05081509 -4.14143848 -0.12607997
v 0.81362503 -3.92533183 -0.25383314
v -0.81855011 -3.92053818 -0.24781888
v 0.7730844 -3.45727229 -0.35714319
v -0.77273559 -3.45647358 -0.35687241
v 0.29837226 -3.46188354 -0.83114802
v -0.30008339 -3.46131467 -0.83106088
v 0.40653717 -4.05227232 -0.51348179
v -0.40491497 -4.0525012 -0.51432162
v 0.72798878 -3.30477023 -0.08844731
v -0.72807192 -3.30535531 -0.08935397
v 0.4051004 -3.91357827 -0.65716296
v -0.40012472 -3.91416645 -0.65817695
v 0.37082576 -4.0319457 0.00086342
v -0.37163433 -4.03253936 -0.00055488
v 0.82589083 -3.58979082 -0.04402813
v -0.82566791 -3.59016037 -0.04336141
v 0.67416113 -3.94629406 -0.50426876
v -0.67003989 -3.94615221 -0.51209533
v 0.75578725 -3.53802061 0.04037302
v -0.75274556 -3.53929805 0.04442969
v 0.66594082 -3.92068767 -0.57097154
v -0.66745042 -3.91841173 -0.57358408
v 0.38069656 -3.32282114 -0.69478482
v -0.37516558 -3.32442784 -0.69765472
v 0.74459761 -3.45910072 -0.17928986
v -0.74470883 -3.45909524 -0.1805987
v 0.4401412 -3.87629342 0.14750267
v -0.44146511 -3.87839579 0.14737427
v 0.7995029 -3.58617806 -0.14215147
v -0.7992801 -3.58536386 -0.14270372
v 0.13449646 -4.08954477 -0.58165025
v -0.12018935 -4.09956455 -0.57184737
v 0.39628371 -3.99047827 -0.54023176
v -0.39410504 -3.99143314 -0.5391156
v 0.0666935 -3.67210316 0.27915811
v -0.06451772 -3.67101168 0.27966243
v 0.25024312 -4.1113286 -0.39922809
v -0.25025263 -4.11170673 -0.39935928
v 0.06225388 -3.24603414 -0.57494604
v -0.06305269 -3.24523019 -0.57475221
v 0.34311279 -3.65397238 -0.79752439
v -0.34080511 -3.65418338 -0.79755133
v 0.22416931 -3.80676698 0.12646362
v -0.22538222 -3.8067007 0.12608142
v 0.26807612 -3.99003481 0.04203124
v -0.27181255 -3.98768544 0.0447678
v 0.18267473 -4.0268197 -0.52962666
v -0.18844182 -4.02301788 -0.53497016
v 0.05988295 -4.16001844 -0.38704508
v -0.05967099 -4.16036224 -0.38647532
v 0.56635993 -3.95948767 -0.47603294
v 0.63736754 -3.24727726 -0.39374721
v -0.6341778 -3.247617 -0.40097156
v 0.59122455 -3.99949622 -0.49501031
v -0.58968454 -4.00295829 -0.48483842
v 0.71042764 -3.91404938 0.02126712
v -0.71091884 -3.91362524 0.02117682
v 0.29365328 -3.19959974 -0.57875096
v -0.29120743 -3.19870638 -0.57894784
v 0.78073561 -3.77187156 -0.06626015
v -0.78282052 -3.77219867 -0.06909034
v 0.12744152 -3.55508685 -0.77219426
v -0.12778723 -3.55077385 -0.77157467
v 0.72495394 -3.428375 -0.23668958
v -0.72444999 -3.42751193 -0.2366503
v 0.0342655 -3.72290134 -0.73653584
v -0.03394652 -3.71738815 -0.73698735
v 0.62706911 -3.67285156 0.14203569
v -0.6250022 -3.65503811 0.1443253
v 0.67238068 -3.64207387 -0.64080101
v -0.67169088 -3.64311099 -0.6421712
v 0.03549253 -3.78104066 -0.72237855
v -0.0352693 -3.7772746 -0.72296923
v 0.65882098 -3.56240987 0.06712913
v -0.65878343 -3.56262397 0.06728469
v 0.04300462 -3.86767292 -0.68492007
v -0.04717369 -3.86424064 -0.6875174
v 0.26948779 -3.54660892 0.27690929
v -0.26974907 -3.54688763 0.27660203
v 0.05693497 -3.90947055 -0.65972995
v -0.05912734 -3.90666604 -0.66188424
v 0.08931343 -4.08964824 -0.21866987
v -0.0891904 -4.08977174 -0.21692888
v 0.7805565 -3.52167749 -0.00089652
v -0.78185778 -3.52360034 -0.00156503
v 0.63933211 -3.95602798 -0.06197103
v -0.64094334 -3.95567393 -0.06305031
v 0.43357062 -3.40453338 -0.73781579
v -0.43189147 -3.40528202 -0.73888051
v 0.69868588 -3.9616456 -0.20511612
v -0.69979804 -3.96096205 -0.20341602
v 0.57486742 -4.02452516 -0.034317
v -0.57776951 -4.02415943 -0.03574375
v 0.58234864 -3.26745271 -0.3284471
v -0.58180022 -3.26752209 -0.32941219
v 0.80473828 -3.64019227 -0.09747384
v -0.80407291 -3.63389968 -0.10022634
v 0.09126849 -3.25691437 -0.61952716
v -0.10099954 -3.2551949 -0.62164324
v 0.65346533 -3.36373353 -0.08703987
v -0.6531282 -3.36364102 -0.08737001
v 0.55543124 -3.85562992 -0.734196
v -0.55360275 -3.85640835 -0.73445737
v -0.76350605 -3.95422339 -0.32085973
v 0.76649224 -3.95256686 -0.31823378
v 0.72402882 -3.78327465 0.09854223
v -0.7235741 -3.78455138 0.09851811
v 0.00000014 -4.06519699 -0.05796784
v 0.1640409 -3.55418705 -0.83402162
v -0.16530898 -3.55138444 -0.83386004
v 0.77676898 -3.86088776 -0.31224146
v -0.77722114 -3.86277318 -0.30824789
v 0.49189034 -3.9354248 0.09550516
v -0.48786106 -3.94156885 0.09185417
v 0.54382866 -3.44820141 0.20588199
v -0.5397787 -3.44529748 0.20956718
v 0.01254077 -3.62986636 0.23576277
v 0.52130663 -3.50077414 0.19399501
v -0.52187246 -3.5024321 0.19317337
v 0.07027416 -3.63075566 0.22616884
v -0.07514414 -3.63276958 0.22629232
v 0.03271072 -3.79197955 -0.77129334
v -0.02938938 -3.78932428 -0.77069306
v 0.81433695 -3.7989304 -0.1585251
v -0.81486409 -3.79837942 -0.16038346
v 0.5584315 -3.7509377 -0.72893303
v -0.55706459 -3.74888944 -0.73034298
v 0.49747863 -3.33995842 -0.64140451
v -0.49882155 -3.34186482 -0.64236033
v 0.38572171 -3.65552544 -0.84720432
v -0.38731908 -3.65716958 -0.84693145
v 0.52496558 -3.40848898 -0.68714016
v -0.52512943 -3.40863561 -0.68713438
v 0.36127534 -3.35822463 -0.78508931
v -0.36243668 -3.35718154 -0.78428882
v 0.30103284 -3.49558234 0.21419762
v -0.30048164 -3.4956386 0.21459122
v 0.32221505 -3.59509229 0.23989576
v -0.32898455 -3.59415435 0.23673862
v 0.3543668 -3.47011637 0.19938337
v -0.35718464 -3.46829986 0.19877825
v 0.26114282 -3.82800221 -0.73836565
v -0.2595435 -3.82776022 -0.73831117
v 0.09485095 -4.1697812 -0.22867615
v -0.09220516 -4.17039585 -0.2351959
v 0.24406014 -3.93678832 -0.65217876
v -0.24786531 -3.93505692 -0.65439224
v 0.49507895 -3.24323439 -0.6185376
v -0.49379575 -3.24297857 -0.62022
v 0.66818797 -3.65406727 -0.73035299
v -0.66780167 -3.65262723 -0.73073852
v 0.16424819 -3.35040664 -0.70937156
v -0.16223207 -3.34999489 -0.70933258
v 0.30875399 -4.05504035 -0.33750173
v -0.31682446 -4.05352449 -0.3276678
v 0.00000014 -3.30302739 -0.64714288
v 0.0449703 -3.363132 -0.68624848
v -0.05655158 -3.36800813 -0.69175362
v 0.4934054 -3.19422388 -0.52697497
v -0.48864486 -3.19216346 -0.5309475
v 0.5439201 -3.95838117 -0.63985836
v -0.54290938 -3.95874667 -0.6400634
v 0.57602655 -3.394701 0.07491815
v -0.57828962 -3.39294719 0.07167389
v 0.31218212 -3.97310543 -0.02215167
v -0.29471811 -3.96814966 -0.02512901
v 0.57215541 -3.26625657 -0.53429538
v -0.57726299 -3.26736331 -0.52790486
v 0.01913796 -3.91150021 0.16538301
v 0.32147315 -3.50938725 0.26668447
v -0.31726717 -3.51165056 0.26751935
v 0.10182441 -4.0218606 -0.0370978
v -0.10245621 -4.02196502 -0.03774115
v 0.06874072 -3.78803396 0.23808154
v -0.06948154 -3.78825974 0.23781792
v 0.11641574 -4.05990982 -0.11631606
v -0.11827572 -4.05877924 -0.11619114
v 0.2494301 -3.89933848 0.10518754
v -0.2537488 -3.8966012 0.10795071
v -0.04275616 -4.03705883 -0.52024114
v 0.62885135 -3.31794142 0.09352132
v -0.63006705 -3.3174777 0.09333902
v 0.87171983 -3.69003152 -0.26698124
v -0.87149125 -3.68994474 -0.26810678
v 0.60630613 -3.84436059 -0.71480327
v -0.60750073 -3.84560799 -0.71383106
v 0.46742802 -3.95253801 0.02098225
v -0.47101655 -3.95220041 0.02076891
v 0.2448007 -3.60474133 0.21308083
v -0.24588552 -3.60391807 0.21289818
v 0.68716794 -3.36702966 -0.22385823
v -0.6852228 -3.3649075 -0.22811801
v 0.70126992 -3.63945198 -0.68726158
v -0.70264136 -3.64068913 -0.68543613
v 0.42991527 -3.44480013 0.24130055
v -0.43010902 -3.44451856 0.24112124
v 0.17306509 -4.12759256 -0.14286251
v -0.17293597 -4.12733507 -0.13876479
v 0.03341208 -3.42262673 -0.75999373
v -0.04237832 -3.42273592 -0.76323556
v 0.30495166 -3.23282408 -0.69542062
v -0.30167886 -3.23389482 -0.69618785
v 0.49123892 -3.50676393 -0.76373207
v -0.49014562 -3.50613164 -0.76400864
v 0.5715304 -3.61345028 -0.80292826
v -0.57241004 -3.61021828 -0.80220198
v 0.18672591 -4.06713056 -0.58672964
v -0.18172109 -4.06903553 -0.58436083
v 0.35823768 -3.52758622 -0.84465473
v -0.35716328 -3.52776718 -0.84478503
v 0.33441171 -4.09095048 -0.42056614
v -0.33210873 -4.09141635 -0.42171934
v 0.00000014 -3.45887494 -0.76595115
v 0.21123327 -4.06329965 -0.42702016
v -0.20587474 -4.06460046 -0.42661213
v 0.00000014 -3.5776987 0.24479176
v 0.3254396 -3.89224553 0.12131054
v -0.32114338 -3.89910745 0.11827584
v 0.41809016 -3.89803528 -0.74338543
v -0.42050486 -3.89360833 -0.74603831
v 0.8580535 -3.61585307 -0.27352803
v -0.85828071 -3.6163249 -0.27275589
v 0.57011795 -3.75984549 0.09419462
v -0.56912338 -3.7593348 0.0946828
v 0.64666694 -3.38295364 0.13351097
v -0.64645457 -3.38318824 0.13372783
v 0.62687963 -3.80814933 0.05147562
v -0.62259399 -3.80570673 0.05421992
v 0.29495096 -4.01561021 -0.0004264
v -0.29564589 -4.01494693 0.00052302
v 0.60793459 -3.81772685 -0.66153746
v -0.60711413 -3.81930208 -0.66062247
v 0.69776547 -3.25799799 -0.26690593
v -0.69854664 -3.25897073 -0.26492613
v 0.37513223 -3.88057971 -0.70103609
v -0.36929559 -3.88118314 -0.701285
v 0.28549951 -3.73092126 0.20370592
v -0.28245672 -3.73570919 0.20294065
v 0.61347389 -3.71172475 -0.70631355
v -0.61145091 -3.70963549 -0.70868516
v 0.23866543 -4.10257864 -0.46107333
v -0.23845903 -4.10298109 -0.46068021
v 0.45871701 -3.68674492 0.12368762
v -0.46085137 -3.67915582 0.12519981
v 0.68173575 -3.7669723 -0.69219839
v -0.68040585 -3.76281666 -0.69583362
v 0.35606795 -3.66313314 0.14659927
v -0.35566067 -3.66941523 0.1445502
v 0.67637389 -3.58624124 -0.7101615
v -0.67603272 -3.58750939 -0.71098035
v 0.31468012 -3.93454551 -0.726516
v -0.31759238 -3.93125295 -0.72916162
v 0.50001931 -3.51849031 -0.81952506
v -0.50239855 -3.5200963 -0.81911116
v 0.29742413 -3.17893004 -0.67069816
v -0.2957966 -3.1774652 -0.67028474
v 0.55409312 -3.46863269 0.12395769
v -0.55357462 -3.46838593 0.12424343
v 0.22918556 -3.15247249 -0.66459721
v -0.22652733 -3.15178275 -0.66223776
v 0.51664841 -3.83166956 0.15148191
v -0.51574844 -3.83901262 0.1508699
v 0.72904372 -3.34155488 -0.24639499
v -0.72986817 -3.34185957 -0.24434904
v 0.53363436 -3.87493991 0.13541759
v -0.52511107 -3.87419509 0.13910219
v 0.69201809 -3.7378745 -0.5967611
v -0.69028657 -3.73889565 -0.59934353
v 0.09355575 -3.54687929 0.247285
v -0.094758 -3.54660606 0.24694998
v 0.03249374 -3.72735214 -0.78761041
v -0.02957547 -3.72216844 -0.78717321
v 0.3575966 -3.50056004 0.17690788
v -0.35848164 -3.49997401 0.17643101
v 0.89296579 -3.81419611 -0.13585589
v -0.89130413 -3.8154037 -0.13089278
v 0.21376109 -4.00189399 0.03222569
v -0.21345394 -4.00670003 0.02858978
v 0.49330094 -3.74056172 -0.81142938
v -0.49453017 -3.74189543 -0.8106696
v 0.22756566 -4.0254054 0.01187048
v -0.22988513 -4.03167343 0.00227233
v 0.00000014 -4.14412069 -0.13435657
v 0.77564615 -3.41151571 -0.19086501
v -0.77557337 -3.41171097 -0.18807193
v 0.59159869 -3.35090732 0.05602343
v -0.59323185 -3.35015988 0.05281075
v 0.73249572 -3.6993854 0.07683718
v -0.73490029 -3.70125651 0.07491079
v 0.26453065 -4.05812788 -0.3998405
v -0.26651975 -4.05769109 -0.40117964
v 0.6259914 -3.42635464 0.14326871
v -0.62390738 -3.42613363 0.14530448
v 0.4183098 -3.61777734 0.18856447
v -0.41897127 -3.6165378 0.188573
v 0.42512467 -4.04509401 -0.03153635
v -0.4274559 -4.04502439 -0.03171382
v 0.00000014 -3.83278894 0.16205008
v -0.56495463 -3.96242308 -0.46663257
v 0.10495109 -3.99709701 -0.65230709
v -0.08920762 -3.98786568 -0.66100984
v 0.10299439 -4.07333612 -0.01558597
v -0.09585093 -4.07900524 -0.01925725
v 0.68388742 -3.31411862 0.00065279
v -0.68414008 -3.3141725 0.00102233
v 0.83672601 -3.54660058 -0.27091518
v -0.83678036 -3.54919195 -0.27583187
v 0.15726065 -3.71563744 0.20004008
v -0.15900504 -3.71659755 0.19911278
v 0.82722675 -3.71122098 -0.14018102
v -0.82782542 -3.70641756 -0.14614473
v 0.09209644 -3.66539669 0.22677965
v -0.09430049 -3.66478109 0.22685638
v 0.44099021 -3.619102 -0.79279667
v -0.44083261 -3.62052559 -0.79279595
v 0.64523392 -3.89816379 0.00390332
v -0.64341443 -3.89572048 0.00646926
v 0.79627406 -3.57722425 -0.25926688
v -0.7964195 -3.57752728 -0.25891363
v 0.13484837 -3.48923063 -0.76198792
v -0.13347765 -3.48830962 -0.76173603
v 0.70804011 -3.95336628 -0.02204941
v -0.70785653 -3.953125 -0.02148726
v 0.70123058 -3.42829394 -0.34931439
v -0.70058721 -3.42760109 -0.34995374
v 0.03631619 -3.64558577 -0.74352741
v -0.04271353 -3.64374923 -0.74567073
v 0.11520568 -3.72453236 0.25793787
v -0.11602108 -3.72537612 0.25752785
v 0.63370132 -3.44056344 0.05776787
v -0.63476884 -3.43919038 0.05574057
v 0.52208542 -3.87840604 -0.65292227
v -0.52242624 -3.87947559 -0.6516745
v 0.75778669 -3.91490006 -0.25130584
v -0.75859028 -3.91434693 -0.25022283
v 0.48469141 -3.84718036 0.07719088
v -0.48545682 -3.84783434 0.07662358
v 0.56096369 -3.95477294 -0.50789284
v -0.59214252 -3.94297146 -0.49205344
v 0.18818774 -4.12048721 -0.17010568
v -0.18894912 -4.1212821 -0.17749925
v 0.71491414 -3.95117783 -0.23984257
v -0.71713489 -3.94961404 -0.23992428
v 0.14329262 -4.11897611 -0.05270067
v -0.13734008 -4.12089586 -0.05447384
v 0.05028189 -4.08084344 -0.10709909
v -0.05062738 -4.08199739 -0.11025428
v 0.7427017 -3.71886682 -0.61250269
v -0.74602645 -3.71411013 -0.60666185
v 0.71494489 -3.59072685 -0.6515643
v -0.71354055 -3.58928823 -0.65355932
v 0.709378 -3.59230923 -0.53902965
v -0.71014529 -3.59258818 -0.53709232
v 0.75913053 -3.50133466 -0.27562418
v -0.75960958 -3.50198626 -0.27496036
v 0.70462274 -3.52798223 -0.63583999
v -0.70725578 -3.53042411 -0.63189601
v 0.00000014 -3.95958066 -0.61535275
v 0.24712964 -3.79412508 -0.80853712
v -0.24516853 -3.79381322 -0.80839604
v 0.26545393 -3.97836494 -0.68937945
v -0.27891415 -3.98789644 -0.68510538
v 0.47778075 -3.18855047 -0.58304208
v -0.47816631 -3.18853211 -0.58206796
v 0.30656498 -4.01698923 -0.64866375
v -0.31553542 -4.01332712 -0.65179723
v 0.72160261 -3.82930898 -0.62189817
v -0.72624534 -3.8292396 -0.6154986
v 0.81868016 -3.73941135 -0.28568428
v -0.81801337 -3.73957276 -0.28848758
v 0.00000014 -3.87236905 -0.73385268
v 0.83035671 -3.82017374 -0.02547912
v -0.82960015 -3.81742119 -0.02152916
v 0.35439926 -3.82906603 -0.7366544
v -0.35475093 -3.82931804 -0.73645603
v 0.84499955 -3.88589119 -0.18175071
v -0.84566587 -3.88574338 -0.18624235
v 0.74216115 -3.37658882 -0.07973182
v -0.74196445 -3.37769293 -0.07598674
v 0.88101631 -3.79506826 -0.30833897
v -0.88085103 -3.79544448 -0.30970463
v 0.39194667 -4.03316879 -0.16466546
v -0.39264082 -4.03318929 -0.16626061
v 0.86401951 -3.80897116 -0.35651174
v -0.86291378 -3.80817985 -0.35877338
v 0.47860133 -3.98114299 -0.01622098
v -0.48069363 -3.98090791 -0.01630022
v 0.60151809 -3.45610213 0.09122143
v -0.60366565 -3.45426535 0.08913771
v 0.81547379 -3.70443558 -0.10018713
v -0.81626164 -3.7039566 -0.10237544
v 0.14646525 -3.28910064 -0.72672528
v -0.14504768 -3.28714776 -0.72566098
v -0.02574959 -3.17864561 -0.63898974
v 0.02057587 -3.18111825 -0.6391648
v 0.69625443 -3.40414094 -0.07564178
v -0.69644284 -3.40413236 -0.07594674
v 0.00000014 -3.24884462 -0.6662864
v 0.06859061 -3.22422528 -0.66238039
v -0.05714439 -3.22870039 -0.66242849
v 0.67817676 -3.35167288 -0.45841825
v -0.67819213 -3.35119724 -0.45747888
v 0.41457727 -4.00793552 -0.06313178
v -0.4149203 -4.00811147 -0.06369195
v 0.10696771 -3.9011259 0.08114385
v -0.10792543 -3.90098667 0.08088523
v 0.31828719 -3.84906125 0.14309085
v -0.32215979 -3.85093498 0.1419208
v 0.36073857 -3.49689912 -0.7877587
v -0.35950958 -3.50091218 -0.78877341
v 0.77989524 -3.7025063 -0.39553147
v -0.76817005 -3.69839334 -0.42597895
v 0.67854774 -3.49198889 0.10460807
v -0.66774863 -3.48814773 0.11308679
v 0.00000014 -3.66124606 0.23148225
v 0.00000014 -3.60600304 0.29647496
v 0.10142335 -4.08196115 -0.1697833
v -0.10210135 -4.08141613 -0.16803184
v 0.56962764 -3.74345493 -0.78466332
v -0.56957072 -3.74326634 -0.78469687
v 0.7326377 -3.58436203 0.00229752
v -0.73359167 -3.58530902 0.00168874
v 0.14102913 -3.97915196 -0.59933191
v -0.12773813 -3.9831624 -0.59405416
v 0.77520322 -3.54976487 -0.09358605
v -0.77387833 -3.54672145 -0.09357159
v -0.00266565 -4.11096334 -0.48614722
v 0.60957104 -3.37725281 -0.51659637
v -0.60951191 -3.37658524 -0.51547384
v 0.07782971 -4.11484098 -0.53866618
v -0.07589177 -4.11734056 -0.53277248
v 0.64041829 -3.32071828 -0.09219215
v -0.64042675 -3.32044506 -0.0923998
v 0.09174127 -4.16895198 -0.15523064
v -0.09200733 -4.16905355 -0.15529516
v 0.68335211 -3.26009059 -0.16209299
v -0.68247503 -3.25842523 -0.16572883
v 0.07330762 -4.1669178 -0.18508923
v -0.07294718 -4.16699314 -0.1871031
v 0.16164739 -3.96909904 -0.01995232
v -0.15863645 -3.97894191 -0.0284161
v 0.72306048 -3.29224205 -0.20990712
v -0.72304987 -3.29271602 -0.21156457
v 0.72308099 -3.2914052 -0.16111594
v -0.72318649 -3.29165506 -0.16135881
v 0.39155885 -3.90248751 0.13831576
v -0.39420262 -3.90589857 0.13785299
v 0.69194823 -3.26862072 -0.14219664
v -0.6919341 -3.26851272 -0.14238818
v 0.55609548 -3.3458929 -0.5702781
v -0.55888176 -3.3510499 -0.57377004
v 0.14795807 -3.28705382 -0.66472965
v -0.14503756 -3.2864995 -0.66426515
v 0.45984417 -3.28798842 -0.60756009
v -0.4583517 -3.28725075 -0.60818165
v 0.40050292 -3.70064997 0.17698764
v -0.40146523 -3.70218205 0.17645305
v 0.42471495 -3.28814172 -0.71484971
v -0.42436674 -3.29039502 -0.71709883
v 0.11110319 -3.82068395 0.21287071
v -0.11118271 -3.8208847 0.21265429
v 0.37147793 -3.29038739 -0.73520815
v -0.37018236 -3.28888034 -0.734124
v 0.58849233 -3.99769449 0.01027153
v -0.58782672 -3.99777913 0.01056658
v 0.43397191 -3.45665264 0.1510894
v -0.44486907 -3.45037102 0.14767895
v 0.22895851 -3.93562173 -0.01438603
v -0.23421788 -3.92991542 -0.0093522
v 0.71759343 -3.99494671 -0.13386029
v -0.71908247 -3.99493312 -0.13688845
v 0.52672594 -4.0102725 -0.54300218
v -0.52568662 -4.01074361 -0.54248571
v 0.80506241 -3.84452009 -0.24282512
v -0.80567979 -3.8434751 -0.24204526
v 0.61909878 -3.9738028 -0.53025639
v -0.6184374 -3.97517108 -0.52789205
v 0.04364917 -4.03074741 -0.52956563
v 0.86578506 -3.72764825 -0.09065859
v -0.86547321 -3.72845912 -0.08899069
v 0.70487195 -4.00871372 -0.25247073
v -0.70495337 -4.00872373 -0.25272935
v 0.60351491 -3.53988218 -0.70015502
v -0.6041392 -3.54236292 -0.70054656
v 0.30074504 -3.29682302 -0.74863857
v -0.30438935 -3.29784584 -0.74912393
v 0.58293336 -3.66557383 -0.73719078
v -0.58278733 -3.65944981 -0.73763144
v 0.17135059 -3.89723348 -0.68593323
v -0.16882579 -3.89624071 -0.68661892
v 0.79163128 -3.95450854 -0.21377158
v -0.79228377 -3.953974 -0.21082757
v -0.02916487 -4.07789135 -0.42672261
v 0.28757035 -3.38790917 -0.74731147
v -0.28738504 -3.38865184 -0.74763709
v 0.14414428 -4.15721416 -0.13757295
v -0.14275996 -4.15835571 -0.13555137
v 0.68491429 -3.47164988 -0.47271066
v -0.68539249 -3.47167444 -0.47134473
v 0.10669659 -3.73193287 -0.81019139
v -0.09952679 -3.72995042 -0.80866038
v 0.3153783 -3.98573422 -0.58021879
v -0.31805208 -3.98454213 -0.58188951
v -0.01833419 -4.02400016 0.07185329
v -0.02073478 -3.91015362 0.16616673
v 0.74632746 -3.90955233 -0.1206361
v -0.74826622 -3.9078629 -0.12099332
v 0.11068083 -3.55203223 -0.81976151
v -0.10645443 -3.55321836 -0.81800633
v 0.515464 -3.96518302 -0.52816003
v -0.51481282 -3.96571254 -0.52736043
v 0.02694843 -4.07082223 0.02077325
v -0.0252483 -4.06924057 0.02316442
v 0.41837135 -4.01937151 -0.58914274
v -0.40908449 -4.02204704 -0.58753699
v 0.04285629 -4.06879282 -0.57023072
v -0.04369649 -4.06941413 -0.56979227
v 0.00000014 -4.10434436 -0.19796128
v 0.4773314 -3.55342245 0.19822867
v -0.4708324 -3.55328011 0.1999491
v 0.51227456 -3.24897503 -0.46422427
v -0.51062619 -3.24873828 -0.46637156
v 0.35688233 -3.86720824 -0.77158731
v -0.35349562 -3.87104749 -0.76959675
v 0.17849214 -3.61585331 -0.83944672
v -0.17790624 -3.61983108 -0.8393231
v 0.42586401 -3.84168529 -0.778584
v -0.43069148 -3.83898353 -0.77955079
v 0.57656252 -3.61484623 0.16678494
v -0.5779587 -3.60250639 0.16719366
v 0.87477296 -3.74896645 -0.2663978
v -0.87505757 -3.7498722 -0.26493713
v 0.22833079 -4.07322311 -0.06874416
v -0.22970825 -4.07420826 -0.0711404
v 0.77086395 -3.8130691 -0.55254328
v -0.77111625 -3.81311941 -0.55256879
v 0.64510572 -3.88937068 0.07590659
v -0.64463484 -3.8912239 0.07487137
v 0.4743644 -3.20450019 -0.61024379
v -0.47363811 -3.20396471 -0.61061263
v 0.00000014 -3.40856266 -0.69877547
v 0.88687455 -3.80134439 -0.24846823
v -0.88682317 -3.80136179 -0.24941362
v -0.01793333 -3.4767344 -0.72051721
v 0.14353245 -4.12776756 -0.40415549
v -0.14418183 -4.12694168 -0.40893489
v 0.89407897 -3.79091382 -0.14219065
v -0.89386594 -3.78833007 -0.14228545
v 0.79196298 -3.83201861 -0.104244
v -0.79196399 -3.83185792 -0.10412614
v 0.09280008 -4.14175224 -0.43953651
v -0.09513071 -4.14144325 -0.43921557
v 0.27829214 -4.05081081 -0.57569342
v -0.27731388 -4.05216836 -0.57260417
v 0.59326779 -3.32624816 -0.6015495
v -0.59290981 -3.32543826 -0.60093057
v 0.78809583 -3.62979388 0.0255462
v -0.78813856 -3.62996959 0.0255349
v 0.62448638 -3.49124789 -0.72996789
v -0.62456148 -3.491014 -0.72969251
v 0.27886089 -3.87098479 0.06215085
v -0.28039833 -3.8732078 0.06005556
v 0.80403208 -3.6305263 -0.29697373
v -0.80388391 -3.63020706 -0.29726234
v 0.31533086 -3.84427619 0.08915071
v -0.33110752 -3.85390615 0.08316586
v 0.61027866 -3.72252917 -0.76867377
v -0.61101961 -3.7202897 -0.76880985
v -0.02214909 -3.65210914 0.28626966
v 0.6492083 -3.39359951 -0.44481879
v -0.64975374 -3.39447617 -0.44491457
v 0.53872156 -3.48132753 -0.72840476
v -0.53794002 -3.4811418 -0.72882694
v 0.71157455 -3.33367776 -0.00364394
v -0.71182906 -3.33369731 -0.00466122
v 0.63622009 -3.94577121 -0.39986637
v -0.65764206 -3.94039988 -0.38000634
v 0.37732508 -3.61081385 -0.79989385
v -0.37493285 -3.61090898 -0.79996287
v 0.24419683 -3.98684001 -0.05492275
v -0.24134931 -3.98818302 -0.0557817
v 0.68584221 -3.53707575 -0.55292367
v -0.68592304 -3.53704667 -0.5527246
v 0.21925297 -4.03040552 -0.09572078
v -0.22155048 -4.02895975 -0.09419158
v 0.40061929 -3.50758028 0.25401684
v -0.4003908 -3.50741291 0.25411954
v 0.53681391 -3.96458721 -0.00828043
v -0.53679049 -3.96484255 -0.00862487
v 0.11782492 -3.83326363 -0.77842271
v -0.11392238 -3.83287429 -0.77767312
v 0.62959522 -3.37191367 0.00086103
v -0.63030964 -3.37153053 -0.00052923
v 0.5896126 -3.89166832 -0.59595024
v -0.58961474 -3.89219141 -0.59552604
v 0.65877622 -3.76637864 -0.63844305
v -0.65818834 -3.76773405 -0.63842696
v 0.63889139 -3.75402736 0.12477847
v -0.63716858 -3.75536155 0.12529893
v 0.7203682 -3.830482 -0.00905641
v -0.7193377 -3.82995677 -0.00789215
v 0.25757196 -3.6587696 0.24547883
v -0.25788191 -3.65708208 0.24596118
v 0.37140101 -3.98243498 -0.01222769
v -0.3787727 -3.97832942 -0.00630657
v 0.3740516 -3.47766304 -0.83334797
v -0.37336283 -3.47629737 -0.83300024
v 0.56736034 -3.22711587 -0.48591506
v -0.56782192 -3.2269833 -0.48472118
v 0.8323208 -3.71649837 -0.20494513
v -0.83215481 -3.71868062 -0.20719382
v 0.7127068 -3.8384273 -0.47521671
v -0.71204119 -3.83850741 -0.47664862
v 0.83229935 -3.75198984 -0.17851199
v -0.83206582 -3.7521758 -0.17889305
v 0.21668687 -3.82124662 0.17968827
v -0.22106067 -3.82113337 0.17846652
v 0.16155698 -4.05552291 -0.61241424
v -0.1762454 -4.05662345 -0.6106764
v 0.28953057 -3.26416587 -0.65562969
v -0.29088634 -3.26364779 -0.65484905
v 0.47491607 -3.94785022 -0.71110409
v -0.47136971 -3.94588756 -0.71331036
v 0.73708933 -3.75112295 0.08942291
v -0.74632448 -3.75348091 0.08450391
v 0.16801337 -4.12897348 -0.20017382
v -0.16833806 -4.12912464 -0.2013237
v 0.19673693 -3.44362092 -0.8144043
v -0.19979162 -3.44631815 -0.81595802
v 0.16615587 -4.13314628 -0.27100923
v -0.16645866 -4.1333208 -0.27304875
v 0.32216 -3.62443471 -0.85141915
v -0.32248917 -3.62447071 -0.85147821
v 0.07029938 -4.12947702 -0.49772366
v -0.07284538 -4.13070726 -0.49470022
v 0.2030567 -4.09879064 -0.10292621
v -0.20534537 -4.09392595 -0.08908818
v 0.3605307 -3.79331278 0.16051824
v -0.3567315 -3.80375695 0.15830902
v 0.7501263 -3.58784008 -0.5719667
v -0.74972641 -3.58811569 -0.57318133
v 0.27243316 -3.93964934 0.08313822
v -0.27397215 -3.94186854 0.08266542
v -0.01252016 -4.14031696 -0.39895737
v 0.11784768 -4.16866684 -0.13937871
v -0.1185157 -4.16869306 -0.14095647
v 0.80068534 -3.90303874 -0.08248852
v -0.79859972 -3.90570783 -0.08216226
v 0.82212483 -3.6600418 -0.14775462
v -0.82085943 -3.65637922 -0.14590224
v 0.86470127 -3.81304025 -0.07172002
v -0.85791236 -3.81226396 -0.05910984
v 0.00000014 -3.63538312 -0.78990322
v 0.86482483 -3.68580818 -0.09460671
v -0.8646574 -3.6875801 -0.09360127
v 0.47677946 -3.4538455 -0.80544614
v -0.47718179 -3.45405077 -0.80540102
v 0.77477699 -3.45136785 -0.05459967
v -0.77214175 -3.44657564 -0.05396351
v -0.00957838 -4.15515947 -0.29820364
v 0.47460967 -3.26971697 -0.66567021
v -0.48706439 -3.27721953 -0.66347771
v 0.03347355 -4.15705823 -0.22096847
v -0.03237385 -4.15796709 -0.22747896
v 0.54179829 -3.93116402 -0.58102667
v -0.542306 -3.93100714 -0.58087384
v 0.78768247 -3.95244193 -0.26243805
v -0.78837627 -3.9517374 -0.26327899
v 0.05475939 -3.58851766 -0.74798589
v -0.05333798 -3.59066629 -0.74769771
v 0.58975493 -3.50055432 -0.6938337
v -0.58897203 -3.50105071 -0.69507747
v 0.03352767 -3.53622078 -0.73501098
v -0.03787796 -3.54091644 -0.7371338
v 0.44688043 -3.46140956 -0.76154607
v -0.44970297 -3.46031856 -0.7602182
v 0.47211945 -3.76365947 -0.75330513
v -0.47258648 -3.76359605 -0.7531479
v 0.35202267 -3.56414127 0.17868343
v -0.35291963 -3.56380367 0.17853635
v 0.06007097 -4.00178432 0.01005922
v -0.06041149 -4.00156259 0.01012169
v 0.00000014 -3.76613068 -0.72130626
v 0.50791442 -3.80792284 -0.77951687
v -0.50975275 -3.80686831 -0.77938795
v 0.07585257 -4.04833221 -0.05772499
v -0.08238647 -4.0479331 -0.06159701
v 0.05531042 -3.31581306 -0.6637398
v -0.05740137 -3.31582355 -0.6641404
v 0.34161859 -3.5606215 -0.79869115
v -0.33984297 -3.55989694 -0.7986316
v 0.75169265 -3.85550689 -0.56325221
v -0.75106346 -3.85969638 -0.56033784
v 0.08738315 -3.96050071 -0.68635803
v -0.08214204 -3.94466233 -0.69896805
v 0.71695959 -3.85376906 -0.62276715
v -0.72252249 -3.85541486 -0.61360085
v 0.05051339 -3.92150211 -0.71154058
v -0.05090865 -3.91564273 -0.71520692
v 0.68846547 -3.85443043 -0.65709418
v -0.69089686 -3.85421848 -0.65449774
v 0.84504169 -3.56491875 -0.14642539
v -0.8431679 -3.56082963 -0.14352014
v -0.07647017 -4.07232856 -0.4281567
v 0.59338951 -3.56054735 -0.78264093
v -0.59286338 -3.55849528 -0.78264784
v 0.30798196 -3.90774726 -0.68282711
v -0.3073734 -3.9068315 -0.68386805
v 0.12618716 -3.44703698 -0.80056899
v -0.12694908 -3.44586348 -0.80075162
v 0.13469412 -3.61469554 -0.77788835
v -0.1356374 -3.60591316 -0.77761894
v 0.72022712 -3.45557928 -0.51617467
v -0.720079 -3.45531129 -0.51623916
v 0.80233997 -3.71703457 -0.07303466
v -0.80124425 -3.71760511 -0.07179228
v 0.85648119 -3.84689426 -0.31505727
v -0.85735791 -3.84697485 -0.31212112
v 0.41132953 -3.27345562 -0.62543368
v -0.40905416 -3.2726078 -0.6258279
v 0.89367944 -3.83022451 -0.18273939
v -0.89296335 -3.83203458 -0.18370056
v 0.42509087 -3.40028166 -0.79601997
v -0.42457848 -3.40021991 -0.79610991
v 0.06898221 -4.11857605 -0.07010485
v -0.06495335 -4.12693691 -0.08702483
v 0.41084149 -3.97735571 -0.68312358
v -0.41354066 -3.97699427 -0.68276089
v 0.60409963 -3.6024034 -0.7192341
v -0.60498988 -3.60083341 -0.7180649
v 0.24016113 -3.76765346 -0.76485115
v -0.23757511 -3.76532959 -0.76551103
v 0.26255327 -4.03926086 -0.11765403
v -0.2507618 -4.03807926 -0.11379042
v 0.57361549 -3.33992195 -0.64991462
v -0.57321637 -3.339226 -0.64956563
v 0.39901766 -4.07972049 -0.14643679
v -0.39921104 -4.07946062 -0.14680263
v 0.28956723 -3.72322034 0.14786306
v -0.28332459 -3.73924064 0.14403736
v 0.75299495 -3.93060898 -0.04480687
v -0.74842691 -3.93198037 -0.04062617
v 0.57669782 -3.29535865 -0.38283106
v -0.57733219 -3.29463481 -0.37933188
v 0.18051165 -3.63596415 -0.78639274
v -0.18512037 -3.6360476 -0.7870568
v 0.23787565 -3.22078299 -0.69492125
v -0.24103152 -3.22200512 -0.69501978
v 0.1200233 -3.67539072 -0.77024596
v -0.12907485 -3.66351842 -0.77410143
v 0.14401443 -3.22870111 -0.68375736
v -0.14167238 -3.22833013 -0.6833381
v -0.06040206 -4.01457834 -0.55425995
v 0.69649106 -3.35539007 0.06082959
v -0.69670569 -3.35602426 0.06079259
v 0.26185673 -3.44791555 -0.77067494
v -0.2592208 -3.44401025 -0.76906627
v 0.67561769 -3.36688399 0.10135664
v -0.67554223 -3.36711764 0.10141312
v 0.53632193 -3.55453491 -0.75642174
v -0.53728038 -3.55447602 -0.75582885
v 0.59623849 -3.38451552 0.17822106
v -0.59551948 -3.38420057 0.17886123
v 0.62588739 -3.90009713 -0.68218028
v -0.63681691 -3.89813256 -0.67535191
v 0.57671111 -3.99148869 -0.54017543
v -0.57143318 -3.99213147 -0.54520756
v 0.1662565 -3.7547059 -0.76284253
v -0.16378919 -3.75186991 -0.76317918
v 0.00000014 -4.03850746 -0.01692708
v 0.7007932 -3.50920915 0.01149071
v -0.70369559 -3.51098799 0.00856888
v 0.03673489 -4.06192255 -0.05956868
v -0.0349747 -4.06449794 -0.06369075
v 0.72384423 -3.97134399 -0.35115292
v -0.72656536 -3.97022652 -0.34952634
v 0.0281185 -3.26667237 -0.60883653
v -0.03054333 -3.26498103 -0.60721427
v 0.47310671 -3.93257141 -0.619093
v -0.47134441 -3.93319773 -0.61921584
v 0.11407082 -4.16118717 -0.23237384
v -0.11129339 -4.16305208 -0.23086294
v 0.65245252 -3.82739067 -0.68952769
v -0.65295296 -3.82628536 -0.69000798
v 0.03665826 -4.10953235 -0.51092231
v 0.11664658 -3.67532658 -0.82255083
v -0.12026724 -3.67656064 -0.82335996
v 0.72068887 -3.8971064 -0.05825922
v -0.7193681 -3.89732503 -0.05670786
v 0.39719173 -3.30001616 -0.66507172
v -0.39961487 -3.29790568 -0.66193789
v 0.73377341 -3.93845248 -0.18976695
v -0.73560869 -3.93703413 -0.18964511
v 0.4399099 -3.95654201 0.08787564
v -0.44181308 -3.95488643 0.08938727
v 0.16062329 -3.6217072 0.2251479
v -0.1598415 -3.62251639 0.22539869
v 0.54050737 -3.69924449 0.11505361
v -0.53604573 -3.70058465 0.11560721
v 0.08609406 -4.09492683 -0.57075303
v -0.08428474 -4.09235143 -0.57354897
v 0.61536473 -3.73933386 0.08122925
v -0.615915 -3.7392807 0.08109899
v 0.39439573 -3.1699388 -0.59230434
v -0.39861494 -3.16932797 -0.59069383
v 0.80790686 -3.48190522 -0.26367032
v -0.80905503 -3.4854834 -0.26734072
v 0.38926756 -3.22069692 -0.55845332
v -0.38791266 -3.22004652 -0.55951958
v 0.16149382 -4.0942831 -0.51652056
v -0.15840877 -4.09731149 -0.51028674
v 0.54395169 -3.70340156 0.16373609
v -0.54030913 -3.7109704 0.16281603
v 0.33782392 -3.89648556 0.04374848
v -0.33789813 -3.8986864 0.04138757
v 0.64691299 -3.35424447 -0.541628
v -0.64715439 -3.35477495 -0.54188722
v 0.58990669 -3.56171178 0.16501724
v -0.59559297 -3.54419946 0.16281704
v 0.59392279 -3.92983388 -0.66948843
v -0.58866196 -3.93305468 -0.6659848
v 0.77777069 -3.75699114 0.0625214
v -0.78131026 -3.76040458 0.05991582
v 0.10779335 -3.93320369 -0.64621985
v -0.121908 -3.9301052 -0.65017032
v 0.55023491 -3.37806558 -0.62509381
v -0.54914242 -3.37674999 -0.62492829
v 0.00000014 -3.3238728 -0.71865218
v 0.81315356 -3.80600571 -0.24829459
v -0.81435668 -3.80254125 -0.24669405
v 0.62444275 -3.28746199 -0.23586003
v -0.62540781 -3.28715562 -0.23307767
v 0.73279762 -3.74397611 -0.50684732
v -0.73040044 -3.74168157 -0.51332521
v 0.00000014 -3.78331804 0.24372062
v 0.5195707 -3.98960328 -0.04292438
v -0.51851356 -3.98932147 -0.04188132
v 0.4725404 -3.41459775 0.22411921
v -0.48017892 -3.40950274 0.22111861
v 0.70960938 -3.41713595 -0.28805977
v -0.70989847 -3.41791558 -0.28891986
v 0.00000014 -4.00175952 -0.64382606
v 0.7508769 -3.77078414 -0.57965451
v -0.7529546 -3.7680161 -0.5764113
v 0.7799409 -3.59015464 -0.06715039
v -0.77886134 -3.58923482 -0.06520088
v 0.32298719 -3.66220259 0.21456781
v -0.3270528 -3.66122293 0.21289317
v 0.2760992 -3.55721759 -0.79667699
v -0.27551993 -3.55849909 -0.79685413
v 0.61305427 -3.46262693 -0.62897414
v -0.61237096 -3.4611566 -0.62850517
v 0.59002816 -3.46891093 -0.74926483
v -0.5895943 -3.46876883 -0.74955511
v 0.24796541 -4.11330843 -0.38254469
v -0.24840508 -4.11331605 -0.3834272
v 0.63976776 -3.30536651 -0.14524066
v -0.63957172 -3.30472588 -0.14737767
v 0.59062969 -3.95312929 0.05469272
v -0.59211832 -3.95252537 0.05452688
v 0.12957455 -4.10129642 -0.56001156
v -0.13235797 -4.1036086 -0.54909521
v 0.82179546 -3.70476174 -0.2680602
v -0.82188326 -3.70463204 -0.26807591
v 0.04239418 -3.28056573 -0.63496089
v -0.04622981 -3.27888846 -0.63469451
v 0.28733149 -3.90129447 0.10644024
v -0.29162803 -3.89975619 0.10885836
v 0.18948695 -3.22093057 -0.5945419
v -0.18966712 -3.22078228 -0.59456813
v 0.68805807 -3.77603387 -0.5870676
v -0.68822664 -3.77644801 -0.58654296
v 0.03359402 -3.37039446 -0.74090874
v -0.03940318 -3.3702178 -0.74279075
v 0.39771208 -4.00649976 -0.49546259
v -0.39493554 -4.00676775 -0.49692446
v 0.77449089 -3.51853656 -0.22484213
v -0.77487462 -3.51936006 -0.22433404
v 0.23903848 -4.04703426 -0.47127896
v -0.23375304 -4.04904079 -0.46859303
v 0.55511319 -3.9165287 -0.7092483
v -0.557962 -3.9140551 -0.70983332
v 0.67483156 -3.68737912 -0.63675683
v -0.67440456 -3.68916225 -0.6372565
v 0.45937573 -3.40907692 0.16495563
v -0.4695512 -3.40528368 0.16066232
v 0.85707575 -3.67492818 -0.31977924
v -0.85646724 -3.67451596 -0.3214775
v 0.8857119 -3.78761577 -0.10861795
v -0.88357973 -3.78947424 -0.101715
v 0.84126412 -3.86677026 -0.29720524
v -0.84123235 -3.86687707 -0.29703697
v 0.85008448 -3.63277578 -0.07902577
v -0.8491494 -3.63169288 -0.07658486
v 0.78612738 -3.86346936 -0.43754559
v -0.78543955 -3.86414551 -0.43802881
v 0.823731 -3.6951487 -0.41854724
v -0.82224547 -3.69674468 -0.4226455
v 0.15576581 -3.15735864 -0.65032047
v -0.16716262 -3.1564126 -0.65305525
v 0.1399292 -4.144948 -0.09450659
v -0.13619494 -4.14481973 -0.0922003
v 0.29880064 -3.15069508 -0.60948395
v -0.29601475 -3.15085268 -0.60966789
v 0.80654639 -3.84704303 -0.16419042
v -0.80621558 -3.84711074 -0.16284379
v 0.71475106 -3.66057062 0.02815721
v -0.71413487 -3.66386961 0.02856923
v 0.70506024 -3.70463585 0.03303385
v -0.70195478 -3.70567846 0.03500836
v 0.25341117 -3.19755244 -0.58466535
v -0.25101772 -3.1972053 -0.58442837
v 0.7367568 -3.46425819 -0.09959049
v -0.73715883 -3.4648807 -0.09987187
v -0.02538861 -3.63635683 0.23313574
v 0.70157402 -3.27592897 -0.28449508
v -0.70156085 -3.27756381 -0.2857173
v 0.33237293 -4.04375457 -0.02788548
v -0.32040879 -4.04699277 -0.03597851
v 0.1821772 -3.93717813 -0.71797275
v -0.18956613 -3.93799924 -0.71793252
v 0.30188536 -3.34427547 -0.77945989
v -0.30214965 -3.34334445 -0.77891826
v 0.45954793 -3.68668937 -0.78088915
v -0.45547398 -3.6873846 -0.78163623
v 0.00780671 -4.06709671 -0.46128484
v 0.40955209 -3.67086386 -0.79112356
v -0.40374711 -3.66911816 -0.79191422
v 0.75758928 -3.98351001 -0.21675697
v -0.75792205 -3.9827907 -0.22150538
v 0.24027495 -4.06519985 -0.37493133
v -0.24068594 -4.06527042 -0.37581989
v 0.11249253 -3.64022135 0.29157275
v -0.11131785 -3.63856792 0.29306024
v 0.78120768 -3.84108352 -0.32545879
v -0.78073871 -3.84099435 -0.32629516
v 0.31968903 -3.7671926 -0.82172989
v -0.32066634 -3.76696658 -0.82174432
v 0.64304637 -3.49242758 -0.60405767
v -0.64300108 -3.49229288 -0.60400658
v 0.64288508 -3.34082961 -0.03587926
v -0.64249134 -3.34170746 -0.03379205
v 0.10675671 -4.10308742 -0.56485152
v -0.02264928 -3.15667724 -0.59714263
v 0.76508957 -3.83625364 0.03026527
v -0.77047705 -3.83315873 0.0285621
v 0.41145455 -3.68379354 0.12866446
v -0.41105428 -3.67988395 0.12976181
v 0.77394813 -3.85219073 0.00254147
v -0.77655994 -3.85127401 0.00060462
v 0.4816814 -3.60424184 0.13802242
v -0.49294433 -3.61315321 0.13497518
v 0.64707732 -3.23249316 -0.28829228
v -0.64814555 -3.23306155 -0.28625515
v 0.63311529 -3.53373909 -0.74198103
v -0.63335388 -3.53215837 -0.74101007
v 0.4543043 -3.48208665 0.24338355
v -0.44978761 -3.48490691 0.24416708
v 0.63626331 -3.85745 0.03377778
v -0.63139033 -3.86190676 0.03346977
v 0.16524554 -3.89080858 0.13524372
v -0.16360217 -3.88616681 0.14060552
v 0.07547294 -4.09166717 -0.2683441
v -0.07425418 -4.09171199 -0.27074447
v 0.29815834 -4.00326013 -0.67287367
v -0.29802149 -4.00382328 -0.67261266
v 0.73880559 -3.38465166 -0.05041971
v -0.73821783 -3.38439846 -0.04930577
v 0.66576945 -3.97143316 -0.25421726
v -0.66286385 -3.97321343 -0.25028252
v 0.53400993 -3.63824749 -0.76453983
v -0.53764122 -3.6351571 -0.76308399
v 0.68283879 -3.96711874 -0.23742507
v -0.67936319 -3.96894145 -0.23327758
v 0.39277523 -3.71483612 0.12155745
v -0.39364925 -3.71626353 0.12105724
v 0.7128514 -4.00662279 -0.24146767
v -0.70883148 -4.0088334 -0.23751196
v 0.09507099 -4.15710592 -0.12062513
v -0.09287214 -4.15875673 -0.12561184
v 0.61573445 -3.45864605 0.14685073
v -0.61619967 -3.46057868 0.14654852
v 0.06248214 -4.01805687 0.06399435
v -0.06413642 -4.01400518 0.06694888
v 0.47945511 -4.00064992 0.04012123
v -0.47903728 -4.00063991 0.04016955
v 0.61002737 -3.49451661 0.09338004
v -0.60712868 -3.49591803 0.09567727
v 0.29926782 -3.56326723 0.2699857
v -0.30359584 -3.5632627 0.26855012
v 0.7393828 -3.52362656 -0.0345794
v -0.738339 -3.52160358 -0.03429804
v 0.31852409 -3.54442048 0.26958927
v -0.31875303 -3.54418802 0.26964479
v 0.54951876 -3.50713348 0.12906028
v -0.55117964 -3.50168895 0.12803171
v 0.55715417 -3.80336332 -0.70312267
v -0.55770295 -3.80340313 -0.70295935
v 0.40547511 -3.94331979 0.11279802
v -0.39470797 -3.94781088 0.10865967
v 0.64282429 -3.84038281 0.11841896
v -0.63836646 -3.83930635 0.12067414
v 0.26482179 -4.05997467 -0.21463164
v -0.26363107 -4.06003999 -0.21466484
v 0.5273742 -3.85616326 0.14618907
v -0.52913636 -3.85628199 0.14581583
v 0.52866482 -4.01614189 0.00825628
v -0.52996325 -4.01598882 0.00805493
v 0.73001259 -3.88845992 -0.51600158
v -0.7184298 -3.89510631 -0.52458334
v 0.41945591 -3.54597473 0.16299222
v -0.41722622 -3.54541969 0.16360312
v 0.84555572 -3.87653708 -0.14509294
v -0.84556794 -3.8767755 -0.14565995
v 0.70742297 -3.39342165 -0.45250988
v -0.70735907 -3.39333629 -0.45250502
v 0.2615835 -3.85345482 0.14565314
v -0.26677453 -3.8513565 0.14615964
v 0.81882166 -3.91503882 -0.14920309
v -0.81657153 -3.91776132 -0.14900989
v 0.64908051 -3.53531718 0.13409763
v -0.64667701 -3.53089237 0.13494868
v 0.71575731 -3.76020121 -0.6473928
v -0.72164863 -3.76048278 -0.63808459
v 0.01766501 -3.58820366 -0.73721259
v -0.01465646 -3.58834171 -0.73760533
v 0.72657221 -3.65558338 -0.64714127
v -0.7263484 -3.65403676 -0.64733207
v 0.86835974 -3.63812041 -0.14567676
v -0.86857456 -3.63873171 -0.14598675
v 0.18839651 -3.58254432 -0.78809762
v -0.18660633 -3.57725501 -0.78730928
v 0.52959638 -3.58230853 -0.81918442
v -0.53116607 -3.5837531 -0.81877082
v 0.58660519 -3.76685571 -0.70667082
v -0.58652079 -3.76786041 -0.70624423
v 0.35449647 -3.23554921 -0.58857339
v -0.35434919 -3.23521637 -0.58820176
v 0.12416512 -3.60308861 0.30970194
v -0.12505152 -3.60312652 0.3092077
v 0.52864277 -3.56376671 0.18468235
v -0.52536219 -3.56420826 0.18541975
v 0.53224682 -3.32130098 -0.67469489
v -0.53090149 -3.3203423 -0.67506146
v 0.76109713 -3.70179677 0.0547367
v -0.76105433 -3.70306873 0.05511841
v 0.6413533 -3.78569126 -0.72320908
v -0.64038467 -3.78271818 -0.72529137
v 0.46417757 -3.89020395 0.14573204
v -0.46407246 -3.89169263 0.14472247
v 0.18395228 -3.96525716 0.05083914
v -0.18358002 -3.96436357 0.05194247
v 0.24262867 -3.55899047 0.21024382
v -0.24456599 -3.55836582 0.20980836
v 0.03446558 -3.59503841 -0.79383206
v -0.03832238 -3.59361195 -0.79542881
v 0.49110713 -3.62260389 -0.78055745
v -0.49378064 -3.62418246 -0.77978974
v 0.65632778 -4.00220489 -0.36746478
v -0.65674179 -4.00167036 -0.36922872
v 0.70499855 -3.39136529 -0.19342026
v -0.70257663 -3.38751578 -0.18977119
v 0.15201468 -3.77407503 -0.80795794
v -0.1531808 -3.77618837 -0.80705565
v 0.23706792 -3.40749597 -0.80576181
v -0.23901738 -3.40712356 -0.80600202
v 0.6812306 -3.90284776 -0.61763358
v -0.67959564 -3.90332269 -0.61995083
v 0.24457617 -3.36594867 -0.78718954
v -0.24535454 -3.36343574 -0.78594833
v 0.14698617 -3.81607365 -0.73745435
v -0.14731235 -3.81583976 -0.73738992
v 0.8248232 -3.70890736 -0.01537279
v -0.82403278 -3.70694327 -0.01462361
v 0.75742441 -3.81420922 0.06360045
v -0.76245033 -3.807657 0.06528195
v 0.15685844 -3.81941938 -0.79128372
v -0.15788407 -3.81990885 -0.79091149
v 0.18788005 -4.11418151 -0.13190113
v -0.18896086 -4.11264705 -0.12378705
v 0.25138405 -3.16699838 -0.67359334
v -0.24982479 -3.16622424 -0.67326003
v 0.20945307 -4.11084032 -0.1488574
v -0.21152922 -4.11155319 -0.15320988
v 0.35404086 -3.91687655 -0.73817449
v -0.36420318 -3.91722083 -0.73711121
v 0.83080387 -3.79375457 -0.43055948
v -0.82414317 -3.79247212 -0.44341185
v 0.77423995 -3.63821244 -0.03658258
v -0.77439111 -3.63855862 -0.03676931
v 0.32399323 -3.99637246 0.03219639
v -0.32778927 -3.99353265 0.03749106
v 0.85425585 -3.79185056 -0.03706632
v -0.85117048 -3.79126882 -0.03158371
v 0.77370286 -3.41630506 -0.2524144
v -0.77184599 -3.41293191 -0.25261777
v 0.42278242 -3.77810454 -0.75577765
v -0.4218477 -3.77551174 -0.75703591
v 0.26375302 -4.00824356 -0.54925781
v -0.26730412 -4.0080142 -0.54920703
v 0.20072034 -3.84838342 0.09505172
v -0.20201087 -3.84822607 0.09487504
v 0.156763 -4.04861068 -0.49550098
v -0.15973936 -4.04713678 -0.49867433
v 0.4615004 -3.24463915 -0.64651012
v -0.45364958 -3.24484133 -0.65186172
v 0.09013996 -4.04515934 -0.48882052
v -0.10258416 -4.04188013 -0.49557706
v 0.71187776 -3.92198729 -0.4850462
v -0.70447832 -3.92113995 -0.5010724
v 0.50736445 -3.78925895 0.15114486
v -0.50598305 -3.78898096 0.15130415
# The following MRGB block contains ZBrush Vertex Color (Polypaint) and masking output as 4 hexadecimal values per vertex. The vertex color format is MMRRGGBB with up to 64 entries per MRGB line.
#MRGB ffffffffffffffffffffffffffffffffffffffffffffffffffffffffffffffffffffffffffffffffffffffffffffffffffffffffffffffffffffffffffffffffffffffffffffffffffffffffffffffffffffffffffffffffffffffffffffffffffffffffffffffffffffffffffffffffffffffffffffffffffffffffffffffffffffffffffffffffffffffffffffffffffffffffffffffffffffffffffffffffffffffffffffffffffffffffffffffffffffffffffffffffffffffffffffffffffffffffffffffffffffffffffffffffffffffffffffffffffffffffffffffffffffffffffffffffffffffffffffffffffffffffffffffffffffffffffffffff
#MRGB ffffffffffffffffffffffffffffffffffffffffffffffffffffffffffffffffffffffffffffffffffffffffffffffffffffffffffffffffffffffffffffffffffffffffffffffffffffffffffffffffffffffffffffffffffffffffffffffffffffffffffffffffffffffffffffffffffffffffffffffffffffffffffffffffffffffffffffffffffffffffffffffffffffffffffffffffffffffffffffffffffffffffffffffffffffffffffffffffffffffffffffffffffffffffffffffffffffffffffffffffffffffffffffffffffffffffffffffffffffffffffffffffffffffffffffffffffffffffffffffffffffffffffffffffffffffffffffffff
#MRGB ffffffffffffffffffffffffffffffffffffffffffffffffffffffffffffffffffffffffffffffffffffffffffffffffffffffffffffffffffffffffffffffffffffffffffffffffffffffffffffffffffffffffffffffffffffffffffffffffffffffffffffffffffffffffffffffffffffffffffffffffffffffffffffffffffffffffffffffffffffffffffffffffffffffffffffffffffffffffffffffffffffffffffffffffffffffffffffffffffffffffffffffffffffffffffffffffffffffffffffffffffffffffffffffffffffffffffffffffffffffffffffffffffffffffffffffffffffffffffffffffffffffffffffffffffffffffffffffff
#MRGB ffffffffffffffffffffffffffffffffffffffffffffffffffffffffffffffffffffffffffffffffffffffffffffffffffffffffffffffffffffffffffffffffffffffffffffffffffffffffffffffffffffffffffffffffffffffffffffffffffffffffffffffffffffffffffffffffffffffffffffffffffffffffffffffffffffffffffffffffffffffffffffffffffffffffffffffffffffffffffffffffffffffffffffffffffffffffffffffffffffffffffffffffffffffffffffffffffffffffffffffffffffffffffffffffffffffffffffffffffffffffffffffffffffffffffffffffffffffffffffffffffffffffffffffffffffffffffffffff
#MRGB ffffffffffffffffffffffffffffffffffffffffffffffffffffffffffffffffffffffffffffffffffffffffffffffffffffffffffffffffffffffffffffffffffffffffffffffffffffffffffffffffffffffffffffffffffffffffffffffffffffffffffffffffffffffffffffffffffffffffffffffffffffffffffffffffffffffffffffffffffffffffffffffffffffffffffffffffffffffffffffffffffffffffffffffffffffffffffffffffffffffffffffffffffffffffffffffffffffffffffffffffffffffffffffffffffffffffffffffffffffffffffffffffffffffffffffffffffffffffffffffffffffffffffffffffffffffffffffffff
#MRGB ffffffffffffffffffffffffffffffffffffffffffffffffffffffffffffffffffffffffffffffffffffffffffffffffffffffffffffffffffffffffffffffffffffffffffffffffffffffffffffffffffffffffffffffffffffffffffffffffffffffffffffffffffffffffffffffffffffffffffffffffffffffffffffffffffffffffffffffffffffffffffffffffffffffffffffffffffffffffffffffffffffffffffffffffffffffffffffffffffffffffffffffffffffffffffffffffffffffffffffffffffffffffffffffffffffffffffffffffffffffffffffffffffffffffffffffffffffffffffffffffffffffffffffffffffffffffffffffff
#MRGB ffffffffffffffffffffffffffffffffffffffffffffffffffffffffffffffffffffffffffffffffffffffffffffffffffffffffffffffffffffffffffffffffffffffffffffffffffffffffffffffffffffffffffffffffffffffffffffffffffffffffffffffffffffffffffffffffffffffffffffffffffffffffffffffffffffffffffffffffffffffffffffffffffffffffffffffffffffffffffffffffffffffffffffffffffffffffffffffffffffffffffffffffffffffffffffffffffffffffffffffffffffffffffffffffffffffffffffffffffffffffffffffffffffffffffffffffffffffffffffffffffffffffffffffffffffffffffffffff
#MRGB ffffffffffffffffffffffffffffffffffffffffffffffffffffffffffffffffffffffffffffffffffffffffffffffffffffffffffffffffffffffffffffffffffffffffffffffffffffffffffffffffffffffffffffffffffffffffffffffffffffffffffffffffffffffffffffffffffffffffffffffffffffffffffffffffffffffffffffffffffffffffffffffffffffffffffffffffffffffffffffffffffffffffffffffffffffffffffffffffffffffffffffffffffffffffffffffffffffffffffffffffffffffffffffffffffffffffffffffffffffffffffffffffffffffffffffffffffffffffffffffffffffffffffffffffffffffffffffffff
#MRGB ffffffffffffffffffffffffffffffffffffffffffffffffffffffffffffffffffffffffffffffffffffffffffffffffffffffffffffffffffffffffffffffffffffffffffffffffffffffffffffffffffffffffffffffffffffffffffffffffffffffffffffffffffffffffffffffffffffffffffffffffffffffffffffffffffffffffffffffffffffffffffffffffffffffffffffffffffffffffffffffffffffffffffffffffffffffffffffffffffffffffffffffffffffffffffffffffffffffffffffffffffffffffffffffffffffffffffffffffffffffffffffffffffffffffffffffffffffffffffffffffffffffffffffffffffffffffffffffff
#MRGB ffffffffffffffffffffffffffffffffffffffffffffffffffffffffffffffffffffffffffffffffffffffffffffffffffffffffffffffffffffffffffffffffffffffffffffffffffffffffffffffffffffffffffffffffffffffffffffffffffffffffffffffffffffffffffffffffffffffffffffffffffffffffffffffffffffffffffffffffffffffffffffffffffffffffffffffffffffffffffffffffffffffffffffffffffffffffffffffffffffffffffffffffffffffffffffffffffffffffffffffffffffffffffffffffffffffffffffffffffffffffffffffffffffffffffffffffffffffffffffffffffffffffffffffffffffffffffffffff
#MRGB ffffffffffffffffffffffffffffffffffffffffffffffffffffffffffffffffffffffffffffffffffffffffffffffffffffffffffffffffffffffffffffffffffffffffffffffffffffffffffffffffffffffffffffffffffffffffffffffffffffffffffffffffffffffffffffffffffffffffffffffffffffffffffffffffffffffffffffffffffffffffffffffffffffffffffffffffffffffffffffffffffffffffffffffffffffffffffffffffffffffffffffffffffffffffffffffffffffffffffffffffffffffffffffffffffffffffffffffffffffffffffffffffffffffffffffffffffffffffffffffffffffffffffffffffffffffffffffffff
#MRGB ffffffffffffffffffffffffffffffffffffffffffffffffffffffffffffffffffffffffffffffffffffffffffffffffffffffffffffffffffffffffffffffffffffffffffffffffffffffffffffffffffffffffffffffffffffffffffffffffffffffffffffffffffffffffffffffffffffffffffffffffffffffffffffffffffffffffffffffffffffffffffffffffffffffffffffffffffffffffffffffffffffffffffffffffffffffffffffffffffffffffffffffffffffffffffffffffffffffffffffffffffffffffffffffffffffffffffffffffffffffffffffffffffffffffffffffffffffffffffffffffffffffffffffffffffffffffffffffff
#MRGB ffffffffffffffffffffffffffffffffffffffffffffffffffffffffffffffffffffffffffffffffffffffffffffffffffffffffffffffffffffffffffffffffffffffffffffffffffffffffffffffffffffffffffffffffffffffffffffffffffffffffffffffffffffffffffffffffffffffffffffffffffffffffffffffffffffffffffffffffffffffffffffffffffffffffffffffffffffffffffffffffffffffffffffffffffffffffffffffffffffffffffffffffffffffffffffffffffffffffffffffffffffffffffffffffffffffffffffffffffffffffffffffffffffffffffffffffffffffffffffffffffffffffffffffffffffffffffffffff
#MRGB ffffffffffffffffffffffffffffffffffffffffffffffffffffffffffffffffffffffffffffffffffffffffffffffffffffffffffffffffffffffffffffffffffffffffffffffffffffffffffffffffffffffffffffffffffffffffffffffffffffffffffffffffffffffffffffffffffffffffffffffffffffffffffffffffffffffffffffffffffffffffffffffffffffffffffffffffffffffffffffffffffffffffffffffffffffffffffffffffffffffffffffffffffffffffffffffffffffffffffffffffffffffffffffffffffffffffffffffffffffffffffffffffffffffffffffffffffffffffffffffffffffffffffffffffffffffffffffffff
#MRGB ffffffffffffffffffffffffffffffffffffffffffffffffffffffffffffffffffffffffffffffffffffffffffffffffffffffffffffffffffffffffffffffffffffffffffffffffffffffffffffffffffffffffffffffffffffffffffffffffffffffffffffffffffffffffffffffffffffffffffffffffffffffffffffffffffffffffffffffffffffffffffffffffffffffffffffffffffffffffffffffffffffffffffffffffffffffffffffffffffffffffffffffffffffffffffffffffffffffffffffffffffffffffffffffffffffffffffffffffffffffffffffffffffffffffffffffffffffffffffffffffffffffffffffffffffffffffffffffff
#MRGB ffffffffffffffffffffffffffffffffffffffffffffffffffffffffffffffffffffffffffffffffffffffffffffffffffffffffffffffffffffffffffffffffffffffffffffffffffffffffffffffffffffffffffffffffffffffffffffffffffffffffffffffffffffffffffffffffffffffffffffffffffffffffffffffffffffffffffffffffffffffffffffffffffffffffffffffffffffffffffffffffffffffffffffffffffffffffffffffffffffffffffffffffffffffffffffffffffffffffffffffffffffffffffffffffffffffffffffffffffffffffffffffffffffffffffffffffffffffffffffffffffffffffffffffffffffffffffffffff
#MRGB ffffffffffffffffffffffffffffffffffffffffffffffffffffffffffffffffffffffffffffffffffffffffffffffffffffffffffffffffffffffffffffffffffffffffffffffffffffffffffffffffffffffffffffffffffffffffffffffffffffffffffffffffffffffffffffffffffffffffffffffffffffffffffffffffffffffffffffffffffffffffffffffffffffffffffffffffffffffffffffffffffffffffffffffffffffffffffffffffffffffffffffffffffffffffffffffffffffffffffffffffffffffffffffffffffffffffffffffffffffffffffffffffffffffffffffffffffffffffffffffffffffffffffffffffffffffffffffffff
#MRGB ffffffffffffffffffffffffffffffffffffffffffffffffffffffffffffffffffffffffffffffffffffffffffffffffffffffffffffffffffffffffffffffffffffffffffffffffffffffffffffffffffffffffffffffffffffffffffffffffffffffffffffffffffffffffffffffffffffffffffffffffffffffffffffffffffffffffffffffffffffffffffffffffffffffffffffffffffffffffffffffffffffffffffffffffffffffffffffffffffffffffffffffffffffffffffffffffffffffffffffffffffffffffffffffffffffffffffffffffffffffffffffffffffffffffffffffffffffffffffffffffffffffffffffffffffffffffffffffff
#MRGB ffffffffffffffffffffffffffffffffffffffffffffffffffffffffffffffffffffffffffffffffffffffffffffffffffffffffffffffffffffffffffffffffffffffffffffffffffffffffffffffffffffffffffffffffffffffffffffffffffffffffffffffffffffffffffffffffffffffffffffffffffffffffffffffffffffffffffffffffffffffffffffffffffffffffffffffffffffffffffffffffffffffffffffffffffffffffffffffffffffffffffffffffffffffffffffffffffffffffffffffffffffffffffffffffffffffffffffffffffffffffffffffffffffffffffffffffffffffffffffffffffffffffffffffffffffffffffffffff
#MRGB ffffffffffffffffffffffffffffffffffffffffffffffffffffffffffffffffffffffffffffffffffffffffffffffffffffffffffffffffffffffffffffffffffffffffffffffffffffffffffffffffffffffffffffffffffffffffffffffffffffffffffffffffffffffffffffffffffffffffffffffffffffffffffffffffffffffffffffffffffffffffffffffffffffffffffffffffffffffffffffffffffffffffffffffffffffffffffffffffffffffffffffffffffffffffffffffffffffffffffffffffffffffffffffffffffffffffffffffffffffffffffffffffffffffffffffffffffffffffffffffffffffffffffffffffffffffffffffffff
#MRGB ffffffffffffffffffffffffffffffffffffffffffffffffffffffffffffffffffffffffffffffffffffffffffffffffffffffffffffffffffffffffffffffffffffffffffffffffffffffffffffffffffffffffffffffffffffffffffffffffffffffffffffffffffffffffffffffffffffffffffffffffffffffffffffffffffffffffffffffffffffffffffffffffffffffffffffffffffffffffffffffffffffffffffffffffffffffffffffffffffffffffffffffffffffffffffffffffffffffffffffffffffffffffffffffffffffffffffffffffffffffffffffffffffffffffffffffffffffffffffffffffffffffffffffffffffffffffffffffff
#MRGB ffffffffffffffffffffffffffffffffffffffffffffffffffffffffffffffffffffffffffffffffffffffffffffffffffffffffffffffffffffffffffffffffffffffffffffffffffffffffffffffffffffffffffffffffffffffffffffffffffffffffffffffffffffffffffffffffffffffffffffffffffffffffffffffffffffffffffffffffffffffffffffffffffffffffffffffffffffffffffffffffffffffffffffffffffffffffffffffffffffffffffffffffffffffffffffffffffffffffffffffffffffffffffffffffffffffffffffffffffffffffffffffffffffffffffffffffffffffffffffffffffffffffffffffffffffffffffffffff
#MRGB ffffffffffffffffffffffffffffffffffffffffffffffffffffffffffffffffffffffffffffffffffffffffffffffffffffffffffffffffffffffffffffffffffffffffffffffffffffffffffffffffffffffffffffffffffffffffffffffffffffffffffffffffffffffffffffffffffffffffffffffffffffffffffffffffffffffffffffffffffffffffffffffffffffffffffffffffffffffffffffffffffffffffffffffffffffffffffffffffffffffffffffffffffffffffffffffffffffffffffffffffffffffffffffffffffffffffffffffffffffffffffffffffffffffffffffffffffffffffffffffffffffffffffffffffffffffffffffffff
#MRGB ffffffffffffffffffffffffffffffffffffffffffffffffffffffffffffffffffffffffffffffffffffffffffffffffffffffffffffffffffffffffffffffffffffffffffffffffffffffffffffffffffffffffffffffffffffffffffffffffffffffffffffffffffffffffffffffffffffffffffffffffffffffffffffffffffffffffffffffffffffffffffffffffffffffffffffffffffffffffffffffffffffffffffffffffffffffffffffffffffffffffffffffffffffffffffffffffffffffffffffffffffffffffffffffffffffffffffffffffffffffffffffffffffffffffffffffffffffffffffffffffffffffffffffffffffffffffffffffff
#MRGB ffffffffffffffffffffffffffffffffffffffffffffffffffffffffffffffffffffffffffffffffffffffffffffffffffffffffffffffffffffffffffffffffffffffffffffffffffffffffffffffffffffffffffffffffffffffffffffffffffffffffffffffffffffffffffffffffffffffffffffffffffffffffffffffffffffffffffffffffffffffffffffffffffffffffffffffffffffffffffffffffffffffffffffffffffffffffffffffffffffffffffffffffffffffffffffffffffffffffffffffffffffffffffffffffffffffffffffffffffffffffffffffffffffffffffffffffffffffffffffffffffffffffffffffffffffffffffffffff
#MRGB ffffffffffffffffffffffffffffffffffffffffffffffffffffffffffffffffffffffffffffffffffffffffffffffffffffffffffffffffffffffffffffffffffffffffffffffffffffffffffffffffffffffffffffffffffffffffffffffffffffffffffffffffffffffffffffffffffffffffffffffffffffffffffffffffffffffffffffffffffffffffffffffffffffffffffffffffffffffffffffffffffffffffffffffffffffffffffffffffffffffffffffffffffffffffffffffffffffffffffffffffffffffffffffffffffffffffffffffffffffffffffffffffffffffffffffffffffffffffffffffffffffffffffffffffffffffffffffffff
#MRGB ffffffffffffffffffffffffffffffffffffffffffffffffffffffffffffffffffffffffffffffffffffffffffffffffffffffffffffffffffffffffffffffffffffffffffffffffffffffffffffffffffffffffffffffffffffffffffffffffffffffffffffffffffffffffffffffffffffffffffffffffffffffffffffffffffffffffffffffffffffffffffffffffffffffffffffffffffffffffffffffffffffffffffffffffffffffffffffffffffffffffffffffffffffffffffffffffffffffffffffffffffffffffffffffffffffffffffffffffffffffffffffffffffffffffffffffffffffffffffffffffffffffffffffffffffffffffffffffff
#MRGB ffffffffffffffffffffffffffffffffffffffffffffffffffffffffffffffffffffffffffffffffffffffffffffffffffffffffffffffffffffffffffffffffffffffffffffffffffffffffffffffffffffffffffffffffffffffffffffffffffffffffffffffffffffffffffffffffffffffffffffffffffffffffffffffffffffffffffffffffffffffffffffffffffffffffffffffffffffffffffffffffffffffffffffffffffffffffffffffffffffffffffffffffffffffffffffffffffffffffffffffffffffffffffffffffffffffffffffffffffffffffffffffffffffffffffffffffffffffffffffffffffffffffffffffffffffffffffffffff
#MRGB ffffffffffffffffffffffffffffffffffffffffffffffffffffffffffffffffffffffffffffffffffffffffffffffffffffffffffffffffffffffffffffffffffffffffffffffffffffffffffffffffffffffffffffffffffffffffffffffffffffffffffffffffffffffffffffffffffffffffffffffffffffffffffffffffffffffffffffffffffffffffffffffffffffffffffffffffffffffffffffffffffffffffffffffffffffffffffffffffffffffffffffffffffffffffffffffffffffffffffffffffffffffffffffffffffffffffffffffffffffffffffffffffffffffffffffffffffffffffffffffffffffffffffffffffffffffffffffffff
#MRGB ffffffffffffffffffffffffffffffffffffffffffffffffffffffffffffffffffffffffffffffffffffffffffffffffffffffffffffffffffffffffffffffffffffffffffffffffffffffffffffffffffffffffffffffffffffffffffffffffffffffffffffffffffffffffffffffffffffffffffffffffffffffffffffffffffffffffffffffffffffffffffffffffffffffffffffffffffffffffffffffffffffffffffffffffffffffffffffffffffffffffffffffffffffffffffffffffffffffffffffffffffffffffffffffffffffffffffffffffffffffffffffffffffffffffffffffffffffffffffffffffffffffffffffffffffffffffffffffff
#MRGB ffffffffffffffffffffffffffffffffffffffffffffffffffffffffffffffffffffffffffffffffffffffffffffffffffffffffffffffffffffffffffffffffffffffffffffffffffffffffffffffffffffffffffffffffffffffffffffffffffffffffffffffffffffffffffffffffffffffffffffffffffffffffffffffffffffffffffffffffffffffffffffffffffffffffffffffffffffffffffffffffffffffffffffffffffffffffffffffffffffffffffffffffffffffffffffffffffffffffffffffffffffffffffffffffffffffffffffffffffffffffffffffffffffffffffffffffffffffffffffffffffffffffffffffffffffffffffffffff
#MRGB ffffffffffffffffffffffffffffffffffffffffffffffffffffffffffffffffffffffffffffffffffffffffffffffffffffffffffffffffffffffffffffffffffffffffffffffffffffffffffffffffffffffffffffffffffffffffffffffffffffffffffffffffffffffffffffffffffffffffffffffffffffffffffffffffffffffffffffffffffffffffffffffffffffffffffffffffffffffffffffffffffffffffffffffffffffffffffffffffffffffffffffffffffffffffffffffffffffffffffffffffffffffffffffffffffffffffffffffffffffffffffffffffffffffffffffffffffffffffffffffffffffffffffffffffffffffffffffffff
#MRGB ffffffffffffffffffffffffffffffffffffffffffffffffffffffffffffffffffffffffffffffffffffffffffffffffffffffffffffffffffffffffffffffffffffffffffffffffffffffffffffffffffffffffffffffffffffffffffffffffffffffffffffffff
# End of MRGB block 
g Group16093
f 2074 307 539
f 306 2073 538
f 1031 188 283
f 1030 282 187
f 806 1019 508
f 1018 805 507
f 347 824 2054
f 1008 347 2054
f 346 1007 2053
f 823 346 2053
f 190 1930 1621
f 1929 189 1620
f 1265 62 1307
f 61 1264 1306
f 966 1978 1676
f 1977 965 1675
f 1204 1508 1000
f 1507 1203 999
f 549 1779 1364
f 1778 548 1363
f 767 699 861
f 698 766 860
f 1262 29 668
f 1883 669 30
f 1182 1490 1486
f 1485 1489 1181
f 296 2018 890
f 2017 295 889
f 140 1206 205
f 359 96 836
f 358 835 95
f 1205 139 204
f 1293 1734 838
f 14 837 1733
f 1777 1128 741
f 1776 740 1127
f 788 1751 707
f 1750 787 706
f 314 1966 246
f 313 245 1965
f 1287 1803 1317
f 1286 1316 1802
f 768 309 1926
f 308 768 17
f 719 122 481
f 718 480 121
f 251 1539 948
f 250 947 1538
f 1838 580 94
f 579 1837 93
f 974 1742 154
f 973 153 1741
f 120 1461 1287
f 1460 119 1286
f 937 1635 1282
f 179 1034 1038
f 938 1283 1636
f 1035 180 1039
f 1355 761 1714
f 1354 1713 760
f 1772 1203 220
f 1016 1438 1737
f 1204 1773 221
f 1738 1439 1017
f 909 2031 404
f 1646 1381 546
f 910 405 2032
f 547 1382 1647
f 1282 1635 1024
f 458 1294 22
f 1636 1283 1025
f 459 21 1295
f 1050 528 384
f 112 1276 1886
f 529 1051 385
f 113 1887 1277
f 1609 1981 1975
f 591 287 569
f 1982 1610 1976
f 288 592 570
f 39 1609 558
f 809 1340 1620
f 1610 40 559
f 1341 810 1621
f 460 1387 1953
f 1331 1791 191
f 461 1954 1388
f 1792 1332 192
f 924 816 1401
f 815 923 1400
f 509 52 1266
f 212 256 1915
f 510 1267 53
f 213 1916 257
f 1697 2005 544
f 396 340 1215
f 1698 545 2006
f 397 1216 341
f 1565 1810 1200
f 1100 1199 1809
f 855 277 1702
f 276 854 1701
f 943 1745 1662
f 1123 1782 466
f 1746 944 1663
f 467 1783 1124
f 1248 627 1143
f 285 1428 1235
f 628 1249 1144
f 286 1236 1429
f 1373 744 643
f 831 1201 1997
f 745 1374 644
f 832 1998 1202
f 56 596 2063
f 660 1005 690
f 57 2064 597
f 661 691 1006
f 253 1421 117
f 1420 252 116
f 1099 1103 407
f 1102 1098 1132
f 512 298 158
f 511 157 297
f 492 125 833
f 402 571 2013
f 126 493 834
f 403 2014 572
f 941 623 470
f 698 860 135
f 624 942 471
f 861 699 136
f 112 1886 785
f 1038 147 2033
f 113 786 1887
f 1039 2034 148
f 1815 933 237
f 1602 5 332
f 238 934 1816
f 333 4 1603
f 1320 1109 1386
f 1108 1320 1385
f 520 1001 1060
f 301 448 625
f 1002 521 1061
f 449 790 626
f 16 317 1048
f 829 913 542
f 15 1049 318
f 914 830 543
f 448 222 625
f 70 1813 78
f 449 626 223
f 71 79 1814
f 145 524 1054
f 823 1756 1961
f 525 146 1055
f 1757 824 1962
f 1770 754 494
f 1056 212 1915
f 755 1771 495
f 213 1057 782
f 422 935 2025
f 1568 967 604
f 423 2026 936
f 1569 605 968
f 82 949 1699
f 10 1588 1592
f 950 83 152
f 1589 9 1593
f 625 222 1861
f 1354 908 1713
f 223 626 1862
f 908 1355 1714
f 1367 1402 1643
f 1695 86 891
f 1403 1368 1644
f 892 87 1696
f 1548 1157 406
f 410 981 827
f 1158 1549 407
f 982 411 828
f 1138 1379 1308
f 1139 1309 1380
f 197 1416 842
f 384 985 1050
f 1417 198 843
f 385 1051 986
f 313 76 10
f 378 129 10
f 77 314 9
f 130 1593 9
f 95 1949 1036
f 514 1235 1428
f 96 1037 1950
f 515 1429 1236
f 2 1227 819
f 2073 306 1223
f 1228 1500 820
f 307 2074 1224
f 579 93 602
f 159 107 1538
f 94 580 603
f 108 160 1539
f 623 1851 1509
f 187 1250 731
f 1442 1510 1852
f 1251 188 732
f 1743 953 103
f 1243 957 293
f 954 1744 104
f 62 294 958
f 540 214 573
f 1058 991 1611
f 541 574 215
f 1059 1612 992
f 1931 159 723
f 524 1432 878
f 160 1932 724
f 305 879 1433
f 1463 1085 111
f 1233 1462 110
f 1084 1552 919
f 1262 1882 29
f 1553 1085 920
f 1883 1263 669
f 1165 1722 1534
f 1201 35 319
f 1535 1723 1166
f 320 36 1202
f 1689 114 791
f 2047 270 1213
f 115 1690 792
f 2048 1214 271
f 1129 1517 544
f 754 1121 494
f 545 1518 1130
f 755 495 1122
f 1581 665 994
f 664 1580 993
f 1314 19 1525
f 1572 1825 1331
f 1315 1526 18
f 1826 1573 1332
f 250 1538 107
f 672 706 321
f 251 108 1539
f 322 1469 673
f 1092 268 1594
f 1241 505 1381
f 269 1093 1595
f 1382 506 1242
f 1829 1604 880
f 571 1239 2013
f 881 1605 1830
f 2014 1240 572
f 882 20 308
f 1455 1666 309
f 1642 715 1152
f 1641 1151 714
f 1116 10 129
f 93 1173 602
f 314 130 9
f 94 603 1174
f 617 604 1685
f 46 1420 2067
f 618 1686 605
f 1421 47 2068
f 334 2023 987
f 1819 1394 1410
f 2024 335 988
f 1395 1820 1411
f 1493 470 1504
f 963 569 63
f 471 1494 1505
f 64 570 964
f 1985 1207 137
f 1155 1211 1312
f 138 1208 1986
f 1156 1313 1212
f 872 1298 139
f 540 450 1871
f 873 140 1299
f 451 541 1872
f 1290 833 468
f 289 360 921
f 469 834 1291
f 1232 922 361
f 1412 143 565
f 939 1705 499
f 960 566 144
f 1706 940 500
f 86 1566 891
f 76 1699 949
f 1567 87 892
f 1345 950 1700
f 442 438 2059
f 1294 973 1741
f 443 2060 439
f 974 1295 1742
f 266 1724 149
f 1266 52 864
f 267 150 1725
f 53 1537 865
f 1365 797 1258
f 797 444 1258
f 798 1259 445
f 798 1366 1259
f 1108 1385 484
f 612 882 688
f 1386 1109 485
f 1888 1666 1455
f 797 1365 155
f 1149 254 1550
f 1366 798 156
f 255 1150 1551
f 297 1582 91
f 887 1681 1999
f 1583 298 92
f 1682 888 2000
f 229 723 159
f 452 1013 1016
f 724 230 160
f 1261 453 1017
f 428 161 434
f 1456 464 589
f 162 429 435
f 465 1457 590
f 163 72 1432
f 874 1018 1499
f 73 164 1433
f 1019 875 1500
f 395 1836 405
f 404 1835 394
f 1201 831 35
f 1574 1897 480
f 1202 36 832
f 1575 481 1898
f 505 1167 67
f 380 1112 137
f 68 1168 506
f 138 1113 381
f 1942 1688 207
f 1687 302 206
f 967 1171 951
f 662 692 1470
f 1172 968 952
f 693 739 1471
f 356 173 1758
f 1231 1178 519
f 174 357 1759
f 1178 1232 361
f 1993 779 26
f 33 1693 438
f 1708 27 780
f 34 439 1694
f 5 177 332
f 1493 202 470
f 178 4 333
f 203 1494 471
f 779 175 733
f 1711 1028 904
f 176 780 734
f 1029 1712 905
f 476 181 1329
f 287 775 1857
f 477 1330 182
f 776 288 1858
f 1919 141 530
f 2003 1780 1080
f 142 1920 531
f 2004 1081 1492
f 852 474 185
f 1344 185 1699
f 853 186 475
f 186 1345 1700
f 88 1254 1187
f 530 1080 1919
f 1255 89 1188
f 1920 1081 531
f 1716 189 1536
f 1720 410 827
f 190 1717 1537
f 411 1721 828
f 1576 684 1086
f 1022 742 1677
f 1577 1087 685
f 743 1023 1678
f 1389 216 839
f 43 923 1625
f 1389 1606 217
f 924 1622 1626
f 426 195 1280
f 1026 1316 1839
f 427 1281 196
f 1027 1840 1317
f 91 887 1999
f 1020 783 342
f 888 92 2000
f 784 1021 343
f 723 1016 2021
f 63 412 963
f 230 724 2022
f 1339 964 413
f 1632 1674 1289
f 1673 1631 1288
f 893 1183 1268
f 1246 631 1768
f 1184 894 1269
f 632 1247 2058
f 204 390 1937
f 291 1523 1776
f 205 1938 391
f 292 1777 1524
f 1687 206 3
f 402 1945 571
f 1688 3 207
f 403 572 1946
f 70 1633 1813
f 54 898 1691
f 71 1814 1634
f 55 1692 899
f 1556 1627 825
f 862 995 1472
f 1557 826 1628
f 863 1473 996
f 1153 462 338
f 499 133 939
f 1154 339 463
f 134 500 940
f 742 2051 1677
f 1036 14 1383
f 2052 743 1678
f 13 1037 1384
f 1389 1596 216
f 1823 1772 220
f 1597 1389 217
f 1773 1824 221
f 1246 2057 1225
f 641 1014 12
f 2058 401 1226
f 642 11 1015
f 193 220 1513
f 1743 378 953
f 221 194 1514
f 954 379 1744
f 348 795 342
f 1121 1325 494
f 343 796 349
f 1326 1122 495
f 1515 1476 408
f 1472 99 1434
f 1477 1516 409
f 580 1435 100
f 1115 1120 1651
f 1119 1114 1650
f 1225 1404 400
f 1915 256 1195
f 1405 1226 401
f 257 1916 11
f 229 1016 723
f 452 1016 229
f 453 230 1017
f 2022 1017 230
f 1536 189 1929
f 1404 971 400
f 190 1537 1930
f 972 1405 401
f 233 581 594
f 1371 464 311
f 582 234 595
f 1372 312 465
f 507 1907 2037
f 1250 2007 731
f 2038 1908 508
f 732 2008 1251
f 1521 237 658
f 1675 418 1977
f 238 1522 659
f 1978 419 1676
f 1829 239 773
f 398 1923 2013
f 240 1830 774
f 1924 399 2014
f 2039 1321 241
f 372 919 1552
f 1322 2040 242
f 1553 920 373
f 997 59 284
f 1231 519 360
f 1531 998 284
f 1178 361 519
f 308 17 1925
f 1308 1379 647
f 768 1926 17
f 1309 789 1380
f 247 708 945
f 1428 708 514
f 709 248 946
f 709 1429 515
f 626 772 1862
f 625 1861 771
f 1073 274 676
f 915 1867 1436
f 275 1074 677
f 1437 322 916
f 116 252 795
f 736 635 771
f 253 117 796
f 772 636 737
f 729 254 1278
f 540 1189 1764
f 730 1279 255
f 541 1765 1190
f 256 1398 583
f 702 1398 256
f 1399 257 584
f 703 257 1399
f 1284 532 72
f 1969 1054 1426
f 533 1285 73
f 1055 1970 1427
f 260 2035 328
f 827 981 1046
f 2036 261 329
f 982 828 1047
f 1219 432 1350
f 1292 1125 1554
f 433 1220 1351
f 1126 1293 1555
f 123 264 31
f 1995 1215 340
f 265 124 32
f 1996 341 1216
f 266 149 1143
f 627 266 1143
f 150 267 1144
f 628 1144 267
f 268 1092 931
f 1899 758 241
f 1093 269 932
f 759 1900 242
f 29 1213 1323
f 1689 791 610
f 1214 30 1324
f 1690 611 792
f 273 272 1260
f 356 1758 1082
f 128 272 273
f 1759 357 1083
f 166 876 1833
f 1193 1294 458
f 167 1834 877
f 1194 459 1295
f 1270 276 850
f 128 1274 272
f 277 1271 851
f 1275 128 273
f 1544 119 1460
f 1445 680 208
f 120 1545 1461
f 1446 209 681
f 554 1223 844
f 844 1068 1560
f 281 845 1224
f 1069 845 1561
f 282 1560 1068
f 1586 2007 1250
f 283 1069 1561
f 2008 1587 1251
f 1579 912 1423
f 911 1578 1422
f 1102 406 1157
f 627 807 756
f 1103 1158 407
f 808 628 267
f 712 775 287
f 1782 2029 466
f 1655 288 776
f 2030 1783 467
f 1231 173 356
f 1098 1102 1235
f 1232 357 174
f 1103 1099 1236
f 291 1776 1127
f 1134 1402 883
f 1128 1777 292
f 1403 1649 884
f 293 957 1495
f 1495 652 293
f 958 294 1496
f 653 1496 294
f 1071 171 951
f 746 1594 268
f 172 1072 952
f 1595 747 269
f 1114 1414 1650
f 1739 1060 1001
f 1115 1651 1415
f 1061 1740 1002
f 1258 444 299
f 975 2053 1880
f 445 1259 300
f 2054 976 1881
f 448 301 1001
f 790 521 1002
f 1687 1941 302
f 1458 2041 769
f 207 303 1942
f 2042 1459 770
f 1052 304 1754
f 304 1052 416
f 305 1053 1755
f 1053 305 7
f 1600 306 1418
f 239 1829 1140
f 1419 307 1601
f 1141 1830 240
f 1841 1176 93
f 93 1252 315
f 1842 94 1177
f 1253 94 1174
f 1463 1234 1085
f 1233 110 1084
f 1718 161 428
f 1114 1119 821
f 1719 429 162
f 1120 1115 822
f 313 885 245
f 585 1116 556
f 886 314 246
f 1117 586 557
f 129 378 556
f 1116 129 556
f 379 130 557
f 1117 557 130
f 317 524 1048
f 304 317 1754
f 525 318 1049
f 1755 318 305
f 208 680 278
f 680 1032 744
f 209 279 681
f 681 745 1033
f 706 1511 1867
f 105 420 1086
f 707 1868 1512
f 106 1087 421
f 1362 636 772
f 635 1361 771
f 1451 1786 1108
f 1336 1197 65
f 1452 1109 1787
f 66 1198 1337
f 1685 1096 326
f 1424 1447 1163
f 1686 327 1097
f 1448 1425 1164
f 977 260 328
f 336 977 1855
f 261 978 329
f 978 337 1856
f 762 12 1014
f 1129 544 74
f 763 1015 11
f 545 1130 75
f 1145 202 1493
f 37 1859 1849
f 203 1146 1494
f 38 1850 1860
f 1554 837 1292
f 1394 1819 462
f 1555 1293 838
f 1820 1395 463
f 336 1855 1991
f 1268 631 893
f 1856 337 1992
f 632 1269 894
f 702 338 462
f 939 212 1056
f 1794 463 339
f 940 1057 213
f 396 168 340
f 1211 1917 501
f 169 397 341
f 502 1918 1212
f 1865 342 795
f 1020 342 1865
f 343 1866 85
f 1021 1866 343
f 1784 368 344
f 1441 619 848
f 345 369 1785
f 620 1442 849
f 97 1961 1756
f 989 306 1408
f 1962 98 1757
f 307 990 1409
f 116 795 348
f 74 544 1325
f 796 117 349
f 1326 545 75
f 289 350 173
f 350 289 921
f 351 290 174
f 290 351 1041
f 352 112 785
f 1691 898 1449
f 353 786 113
f 899 1692 1450
f 596 1542 354
f 1695 1546 86
f 1543 1431 355
f 1547 1696 87
f 1178 1231 356
f 24 356 1079
f 1232 24 357
f 357 24 1877
f 450 358 1871
f 1869 1036 700
f 451 1872 359
f 1037 1870 701
f 921 360 2001
f 360 519 243
f 361 922 2002
f 519 361 244
f 119 1544 362
f 1839 1316 1280
f 120 363 1545
f 1317 1840 1281
f 1266 864 1536
f 1410 971 1406
f 53 1267 1537
f 1411 1407 972
f 1123 466 224
f 210 522 1728
f 467 1124 225
f 614 1729 523
f 682 2037 1907
f 1334 39 902
f 2038 683 1908
f 40 1335 903
f 1329 181 370
f 2049 1497 698
f 371 182 1330
f 699 1498 2050
f 2039 241 372
f 1882 817 29
f 2040 373 242
f 818 1883 30
f 1176 612 688
f 585 885 1116
f 735 1177 689
f 886 586 1117
f 1782 1726 716
f 1064 517 1646
f 1727 1783 717
f 518 1065 1647
f 927 1507 378
f 1507 999 378
f 1508 928 379
f 1508 379 1000
f 380 1529 608
f 1381 793 546
f 1530 381 609
f 794 1382 547
f 1800 382 88
f 88 1919 1077
f 1801 89 383
f 383 89 1078
f 528 1094 384
f 565 842 1416
f 1095 529 385
f 566 1417 843
f 1260 272 690
f 49 694 516
f 273 1260 691
f 695 49 516
f 1983 388 1780
f 88 388 1254
f 389 1984 1781
f 389 89 1255
f 204 1527 390
f 660 850 1005
f 205 391 1528
f 851 661 1006
f 155 1348 797
f 524 145 1048
f 1349 156 798
f 146 525 1049
f 394 1790 908
f 1835 1790 394
f 1790 395 908
f 395 1790 1836
f 396 933 1815
f 648 326 46
f 934 397 1816
f 649 47 327
f 1578 125 1422
f 1369 125 1979
f 126 1579 1423
f 126 1370 1980
f 227 400 971
f 1246 227 809
f 401 228 972
f 228 1247 810
f 911 1131 498
f 1422 48 911
f 1467 912 1466
f 48 1423 912
f 404 2027 1590
f 692 171 1071
f 2028 405 1591
f 172 693 1072
f 406 141 1548
f 921 2001 917
f 1549 142 407
f 922 918 2002
f 1173 1203 602
f 1434 99 969
f 1204 1174 603
f 100 1435 970
f 1943 388 1983
f 1983 731 1375
f 389 1944 1984
f 1984 1376 732
f 1432 856 163
f 199 1891 416
f 164 857 1433
f 1892 200 417
f 1030 1560 282
f 1491 2003 1774
f 2004 415 1775
f 283 1561 1031
f 8 416 1891
f 304 416 8
f 417 7 857
f 1053 7 417
f 658 840 418
f 1778 1517 548
f 419 841 659
f 549 1518 1779
f 420 1576 1086
f 1058 1611 1352
f 1577 421 1087
f 1612 1059 1353
f 889 295 1748
f 1487 1071 951
f 296 890 1749
f 1488 952 1072
f 252 1163 1217
f 1163 252 1424
f 1164 253 1218
f 1425 253 1164
f 426 696 1572
f 1272 1576 420
f 697 427 1573
f 1273 421 1577
f 434 1811 428
f 233 1371 581
f 435 429 1812
f 1372 234 582
f 1667 1917 430
f 380 608 1112
f 431 1918 1668
f 1113 609 381
f 807 432 262
f 262 432 1219
f 433 263 1220
f 628 808 263
f 1993 1707 779
f 1673 1288 1711
f 1708 1994 27
f 1289 1674 1712
f 1278 254 1921
f 1298 872 913
f 1279 1922 255
f 873 1299 914
f 147 1104 2033
f 1104 147 637
f 148 2034 1105
f 148 1105 638
f 440 1609 39
f 163 1284 72
f 441 40 1610
f 73 1285 164
f 442 33 438
f 1889 1003 33
f 34 443 439
f 1004 1890 34
f 72 1426 1054
f 524 878 1054
f 1427 73 1055
f 525 1055 879
f 1527 829 446
f 446 829 542
f 830 1528 447
f 830 447 543
f 448 1001 520
f 1020 91 1999
f 790 449 521
f 1021 2000 92
f 1189 1185 1764
f 945 1957 835
f 1190 1765 1186
f 709 946 836
f 1013 452 159
f 159 452 229
f 453 160 230
f 453 1261 160
f 1989 1312 454
f 766 1859 860
f 455 1313 1990
f 1860 767 861
f 456 133 499
f 1390 600 1532
f 457 500 134
f 1391 1533 601
f 458 876 166
f 274 947 676
f 459 167 877
f 948 275 677
f 1875 1358 334
f 462 1153 334
f 1359 1876 335
f 1154 463 335
f 334 1358 1062
f 44 1062 1358
f 1359 335 1063
f 1063 45 1359
f 1371 233 464
f 1637 528 1050
f 234 1372 465
f 529 1638 1051
f 287 1971 712
f 591 2071 287
f 713 1972 288
f 288 2072 592
f 468 846 1895
f 997 243 59
f 847 469 1896
f 244 998 1531
f 470 656 1504
f 470 623 1509
f 471 1505 657
f 624 471 1510
f 1029 905 1035
f 1028 1034 904
f 1039 148 1043
f 147 1038 1042
f 852 650 474
f 1138 474 650
f 651 853 475
f 1696 1139 651
f 476 1207 181
f 1147 2009 1745
f 1208 477 182
f 2010 1148 1746
f 151 478 2045
f 1598 769 2041
f 479 152 2046
f 770 1599 2042
f 643 1795 718
f 1558 1229 35
f 644 719 1796
f 1559 36 1230
f 482 88 756
f 807 482 756
f 89 483 757
f 808 757 483
f 324 484 2061
f 862 1464 995
f 485 325 2062
f 1465 863 996
f 924 1626 816
f 1625 923 815
f 2061 2065 487
f 1841 612 1176
f 2062 488 2066
f 735 1842 1177
f 1479 118 1393
f 118 1478 1392
f 384 1090 490
f 985 384 490
f 385 491 1091
f 385 986 1753
f 1136 1797 48
f 1290 997 284
f 1797 1137 48
f 998 1291 284
f 494 348 1766
f 1770 494 1766
f 349 495 1767
f 1771 1767 495
f 334 987 1875
f 991 195 426
f 335 1876 988
f 992 427 196
f 3 1475 207
f 1474 3 206
f 1390 1532 499
f 1412 959 143
f 1391 500 1533
f 960 1413 566
f 1602 1318 5
f 658 418 752
f 4 1319 1603
f 419 659 753
f 516 694 1643
f 1138 1308 1648
f 695 516 1644
f 1309 1139 1649
f 80 264 505
f 123 803 264
f 506 265 81
f 804 124 265
f 507 2037 2
f 2 819 1499
f 236 1500 1
f 1228 1 1500
f 509 1554 1125
f 1903 1062 44
f 510 1126 1555
f 599 45 1063
f 511 1456 589
f 1114 821 1456
f 1457 512 590
f 1115 1457 822
f 751 1661 1657
f 1660 750 1656
f 1209 1973 1909
f 1973 708 247
f 1974 1210 1910
f 709 1974 248
f 516 503 1732
f 516 1732 504
f 1064 633 517
f 2047 633 270
f 1065 518 634
f 634 2048 271
f 243 1378 59
f 1378 244 1531
f 1873 1831 91
f 297 91 1831
f 800 92 1832
f 298 1832 92
f 522 366 224
f 969 366 1434
f 523 225 367
f 1435 367 970
f 317 304 524
f 524 304 1432
f 318 525 305
f 305 525 879
f 1600 526 306
f 306 526 1408
f 527 307 1409
f 1601 307 527
f 54 1534 1722
f 1094 1534 1633
f 55 1723 1535
f 1095 1634 1535
f 530 141 534
f 710 538 1774
f 142 531 535
f 539 711 1775
f 1969 1426 258
f 819 1821 1499
f 1427 1970 259
f 1500 1822 820
f 1809 534 1100
f 710 1256 538
f 535 1810 1101
f 1257 711 539
f 955 1921 536
f 787 955 1562
f 956 537 1922
f 788 1563 956
f 811 1418 183
f 1256 183 1418
f 184 1419 812
f 184 1257 1419
f 1921 540 536
f 536 540 573
f 1190 537 541
f 541 1563 574
f 1348 1566 1149
f 740 1566 1127
f 1349 1150 1567
f 87 1567 741
f 544 2005 1623
f 544 1110 1501
f 1624 2006 545
f 1502 1111 545
f 633 1064 1843
f 1147 1745 943
f 1844 1065 634
f 1746 1148 944
f 641 548 1014
f 1570 330 1129
f 1015 549 642
f 331 1571 1130
f 29 1323 550
f 668 29 615
f 1324 30 551
f 30 669 616
f 686 218 1225
f 641 1363 548
f 687 1226 219
f 1364 642 549
f 280 554 414
f 554 280 1223
f 415 555 281
f 281 555 845
f 378 1817 556
f 1893 556 1817
f 1818 379 557
f 586 1818 557
f 902 39 558
f 1981 1338 1975
f 903 559 40
f 1976 1339 413
f 1959 560 1193
f 65 1197 926
f 1960 1194 561
f 66 925 1198
f 63 1679 562
f 562 1975 1338
f 1680 64 563
f 903 1339 1976
f 2070 2066 735
f 735 2066 1842
f 1788 1412 565
f 1090 565 1416
f 566 1413 1789
f 1091 1417 566
f 567 65 926
f 1886 1639 785
f 568 925 66
f 1887 786 1640
f 63 1853 1679
f 1857 775 1679
f 1680 1854 64
f 776 1858 1680
f 1264 654 206
f 1264 206 1306
f 655 1265 207
f 1265 1307 207
f 1562 573 787
f 1022 420 105
f 574 1563 788
f 1023 106 421
f 258 1947 1969
f 975 1258 299
f 1948 259 1970
f 1259 976 300
f 1381 1646 1241
f 1899 931 758
f 1647 1382 1242
f 932 1900 759
f 1472 579 99
f 1472 1837 579
f 580 1473 1435
f 1473 580 1838
f 1371 1652 581
f 26 779 1003
f 1372 582 1653
f 27 1004 780
f 256 583 1195
f 552 1878 1404
f 257 1196 584
f 1405 1879 553
f 885 585 1893
f 1893 585 556
f 886 1894 586
f 586 1894 1818
f 1596 1513 216
f 43 1011 923
f 1514 1597 217
f 1012 1622 924
f 511 589 157
f 985 1752 887
f 590 512 158
f 986 888 1753
f 1067 2071 591
f 199 1629 1891
f 592 2072 1066
f 1630 200 1892
f 822 938 1120
f 1119 937 821
f 594 1276 2019
f 898 1933 1449
f 595 2020 1277
f 899 1450 1934
f 596 1430 1542
f 596 56 1430
f 1431 597 355
f 57 597 1431
f 509 1903 44
f 1903 509 1266
f 1904 510 1555
f 510 1904 1267
f 78 1813 600
f 1901 1544 600
f 79 601 1814
f 1902 601 1545
f 602 969 99
f 602 99 579
f 100 970 603
f 580 100 603
f 131 604 967
f 1096 1447 1424
f 605 132 968
f 1097 1425 1448
f 606 775 1346
f 1683 606 1504
f 1347 776 607
f 1505 607 1684
f 608 1667 430
f 1995 340 1167
f 609 431 1668
f 1168 341 1996
f 1327 1515 900
f 1580 1169 993
f 1516 1328 901
f 1581 994 1170
f 2065 2069 612
f 2065 612 1841
f 613 210 1627
f 210 613 522
f 211 614 1628
f 614 211 1729
f 29 550 615
f 1580 900 1169
f 551 30 616
f 901 1581 1170
f 604 617 1568
f 123 1215 803
f 618 605 1569
f 1216 124 804
f 1519 344 2035
f 2035 344 368
f 345 1520 2036
f 345 2036 369
f 276 1270 621
f 1151 1758 173
f 277 622 1271
f 1152 174 1759
f 1616 623 941
f 1616 619 1441
f 1617 942 624
f 620 1617 1442
f 249 625 771
f 301 625 249
f 626 1906 1356
f 790 1906 626
f 807 627 432
f 1125 627 1248
f 628 263 433
f 1126 1249 628
f 458 629 876
f 458 22 1556
f 459 877 630
f 459 1557 21
f 631 1664 893
f 809 631 1246
f 1665 632 894
f 632 810 1247
f 1584 114 1689
f 1584 1843 870
f 115 1585 1690
f 871 1844 1585
f 1709 635 736
f 760 1713 424
f 636 1710 737
f 1714 761 425
f 637 1451 1669
f 973 324 153
f 638 1670 1452
f 974 154 325
f 639 971 231
f 1394 639 231
f 972 640 232
f 1395 232 640
f 218 641 552
f 552 641 1878
f 642 219 553
f 1879 642 553
f 744 1032 643
f 643 1845 1229
f 745 644 1033
f 1846 644 1230
f 185 645 801
f 478 801 652
f 896 802 646
f 479 653 802
f 1379 1480 647
f 1480 1380 789
f 648 933 396
f 396 1618 648
f 397 934 649
f 397 649 1619
f 852 245 650
f 1044 1480 1379
f 246 853 651
f 1480 1045 1380
f 801 645 652
f 652 1258 975
f 646 802 653
f 1259 653 976
f 911 498 1945
f 1474 1475 3
f 1466 912 1946
f 498 1475 1474
f 1683 1504 656
f 1851 1237 1509
f 657 1505 1684
f 1238 1852 1510
f 1521 658 501
f 1318 658 752
f 659 1522 502
f 753 659 1319
f 660 690 272
f 1274 1270 272
f 661 273 691
f 1275 273 1271
f 662 1470 738
f 165 1161 1175
f 693 663 739
f 1162 165 1175
f 668 615 664
f 1478 1762 1392
f 616 669 665
f 1763 1479 1393
f 330 866 666
f 1483 666 866
f 867 331 667
f 679 867 667
f 1804 668 669
f 1478 668 1762
f 669 668 489
f 669 1479 1763
f 959 670 143
f 674 1705 939
f 144 671 960
f 675 940 1706
f 915 672 321
f 1304 1052 1754
f 916 322 673
f 1053 1305 1755
f 670 678 1483
f 1483 678 666
f 671 1484 679
f 679 1484 867
f 947 250 676
f 1304 1754 1296
f 251 948 677
f 1297 1755 1305
f 670 674 678
f 678 674 666
f 671 679 675
f 675 679 667
f 1445 1691 680
f 319 1032 680
f 1446 681 1692
f 320 681 1033
f 1784 682 368
f 1851 1613 1237
f 683 1785 369
f 1852 1238 1614
f 1331 121 1791
f 1897 915 1436
f 1332 1792 122
f 1074 1437 916
f 1768 631 1268
f 1675 965 177
f 632 1769 1269
f 966 1676 178
f 688 882 308
f 308 1925 885
f 1666 689 309
f 309 886 1926
f 2063 690 1005
f 596 1367 386
f 2064 1006 691
f 597 387 1368
f 1161 404 1671
f 404 1590 1671
f 405 1162 1672
f 405 1672 1591
f 694 49 690
f 690 386 694
f 695 691 49
f 387 691 695
f 426 1280 696
f 1525 19 1825
f 1281 427 697
f 18 1526 1826
f 1985 1310 1805
f 1497 181 1805
f 1311 1986 1806
f 1806 182 1498
f 700 2051 742
f 14 1733 1383
f 2052 701 743
f 13 1384 1734
f 702 1793 338
f 1793 702 256
f 1794 703 463
f 703 1794 257
f 1383 41 2051
f 1953 1387 1807
f 1384 2052 42
f 1954 1808 1388
f 1754 317 1468
f 317 1750 1468
f 1469 318 1755
f 1469 1751 318
f 262 1219 708
f 945 708 1957
f 1220 263 709
f 709 836 1958
f 1481 1256 710
f 1080 1481 2003
f 1257 1482 711
f 1081 2004 1482
f 1654 1329 370
f 1726 50 716
f 1330 1655 371
f 944 717 51
f 350 2015 173
f 1151 173 2015
f 351 174 2016
f 1152 2016 174
f 2029 50 712
f 983 2029 712
f 713 2030 984
f 51 2030 713
f 643 718 1373
f 1825 19 1331
f 1374 719 644
f 18 1826 1332
f 882 1888 20
f 722 564 1142
f 1385 721 484
f 1440 720 2069
f 1386 485 722
f 897 722 1142
f 1939 199 416
f 1052 1939 416
f 417 200 1940
f 1936 417 1940
f 725 2037 682
f 1963 235 1068
f 2038 1785 683
f 1069 236 1964
f 1515 408 1772
f 900 1515 1169
f 1516 1773 409
f 901 1170 1516
f 729 1550 254
f 1048 145 392
f 730 255 1551
f 1049 393 146
f 731 2007 1519
f 1375 731 981
f 2008 732 1520
f 732 1376 982
f 1693 2033 1104
f 1034 179 904
f 1694 1105 2034
f 1035 905 180
f 564 2070 735
f 1666 735 689
f 1163 736 2043
f 868 84 1221
f 737 1164 2044
f 869 1222 85
f 1175 662 738
f 28 2017 1615
f 663 28 739
f 2018 28 1615
f 740 542 1566
f 446 542 740
f 543 741 1567
f 543 447 741
f 573 214 742
f 214 700 742
f 743 215 574
f 701 215 743
f 680 744 278
f 1544 1314 362
f 279 745 681
f 1545 363 1315
f 746 268 422
f 295 1487 422
f 747 423 269
f 1488 296 1749
f 748 876 480
f 748 480 718
f 877 749 481
f 749 719 481
f 372 817 750
f 750 1660 372
f 373 751 818
f 373 1661 751
f 1318 752 5
f 177 5 1675
f 753 1319 4
f 4 178 1676
f 754 1483 866
f 565 143 842
f 1484 755 1122
f 566 843 144
f 266 756 88
f 627 756 266
f 757 267 1725
f 808 267 757
f 931 577 758
f 517 1489 1646
f 578 932 759
f 1647 1490 518
f 2031 909 760
f 1096 131 1884
f 910 2032 761
f 132 1097 1885
f 330 666 762
f 674 762 666
f 667 331 763
f 675 667 763
f 1527 446 1523
f 1005 56 2063
f 1528 1524 447
f 1006 2064 57
f 454 766 1989
f 1985 137 1310
f 455 1990 767
f 138 1986 1311
f 1455 309 768
f 20 768 308
f 1863 1458 769
f 1306 957 61
f 1459 1864 770
f 958 1307 62
f 249 771 1357
f 1357 771 58
f 626 1356 772
f 772 1356 58
f 773 239 1239
f 1243 293 1007
f 240 774 1240
f 1008 294 1244
f 775 1497 1346
f 370 775 1654
f 776 371 1655
f 1498 776 1347
f 1106 103 777
f 1941 1607 302
f 1744 778 104
f 1608 1942 303
f 779 733 33
f 1003 779 33
f 780 34 734
f 780 1004 34
f 12 762 781
f 674 781 762
f 763 11 782
f 1057 763 782
f 783 1020 1999
f 197 754 1770
f 1021 784 2000
f 198 1771 755
f 567 785 1639
f 352 785 1088
f 568 1640 786
f 353 1089 786
f 1022 105 787
f 787 1511 706
f 106 1023 788
f 788 707 1512
f 90 647 789
f 1480 789 647
f 301 790 25
f 790 301 249
f 610 791 1476
f 1123 224 366
f 1477 792 611
f 225 1124 367
f 380 793 1529
f 2009 1207 1745
f 794 381 1530
f 2010 1746 1208
f 1865 795 84
f 795 252 1217
f 343 85 796
f 1218 253 796
f 145 797 1798
f 797 145 1054
f 798 146 1799
f 146 798 445
f 799 448 520
f 448 799 222
f 449 800 1832
f 800 449 223
f 1699 801 478
f 185 801 1699
f 186 1700 802
f 152 479 802
f 264 803 505
f 505 1995 1167
f 506 804 265
f 1168 1996 506
f 1911 440 39
f 1911 39 1334
f 1335 40 1912
f 441 1912 40
f 285 1847 262
f 1847 285 1800
f 1848 286 1429
f 286 1848 1801
f 809 101 336
f 1664 631 809
f 102 810 337
f 1665 810 632
f 1369 811 125
f 183 1199 811
f 812 1370 126
f 1200 184 812
f 270 1584 1689
f 550 1927 1327
f 1585 271 814
f 1928 901 1328
f 1625 815 1245
f 1687 3 170
f 816 1626 1245
f 170 3 1688
f 817 372 241
f 241 758 1485
f 242 373 818
f 759 242 1486
f 1821 819 258
f 258 1756 1947
f 820 1822 259
f 1757 259 1948
f 821 161 1718
f 821 937 1282
f 1719 162 822
f 938 822 1283
f 823 575 1756
f 823 2053 975
f 1757 576 824
f 2054 824 976
f 825 1627 210
f 1300 210 1728
f 826 211 1628
f 1261 1301 160
f 189 827 1046
f 1716 827 189
f 828 190 1047
f 828 1717 190
f 204 829 1527
f 204 139 1298
f 205 1528 830
f 140 205 1299
f 1997 1193 831
f 1558 166 1833
f 832 1194 1998
f 167 1559 1834
f 917 1895 846
f 1100 534 141
f 918 847 1896
f 142 535 1101
f 835 358 450
f 1764 945 835
f 836 451 359
f 1765 836 946
f 837 460 1953
f 837 44 1358
f 838 1954 461
f 45 838 1359
f 839 1011 43
f 1012 1606 1622
f 658 237 840
f 1697 237 2005
f 841 238 659
f 2006 238 1698
f 842 1483 754
f 842 754 197
f 843 755 1484
f 843 198 755
f 844 1967 1963
f 844 1963 1068
f 845 1964 1968
f 1964 845 1069
f 846 468 833
f 1100 1564 1199
f 469 847 834
f 1565 1101 1810
f 619 368 848
f 848 368 2055
f 369 620 849
f 369 849 2056
f 390 764 850
f 1701 854 1209
f 391 851 765
f 1210 855 1702
f 1344 852 185
f 313 1965 76
f 853 1345 186
f 314 77 1966
f 714 514 1641
f 1641 1973 1209
f 1974 855 1210
f 515 715 1642
f 906 856 1981
f 1453 963 412
f 857 907 1982
f 413 964 1454
f 766 454 858
f 858 1602 332
f 859 455 767
f 1603 859 333
f 1859 37 860
f 860 37 135
f 1860 861 38
f 38 861 136
f 1627 862 1472
f 1294 1741 22
f 863 1628 1473
f 1295 21 1742
f 52 149 864
f 1720 827 1716
f 1144 865 150
f 828 1721 1717
f 866 330 1570
f 1121 74 1325
f 867 1571 331
f 1326 75 1122
f 222 868 1221
f 1873 868 222
f 869 223 1222
f 1874 223 869
f 114 870 1123
f 1584 870 114
f 1124 871 115
f 1585 115 871
f 436 913 872
f 1921 1189 540
f 437 873 914
f 1190 1922 537
f 532 1018 874
f 1821 258 1426
f 1019 533 875
f 1822 1427 259
f 876 1574 480
f 876 629 274
f 481 1575 877
f 630 877 275
f 878 72 1054
f 878 1432 72
f 1055 73 879
f 73 1433 879
f 97 880 1961
f 880 773 346
f 881 98 1962
f 1605 881 347
f 2069 1888 882
f 612 2069 882
f 1402 354 883
f 1695 1138 354
f 597 884 355
f 1139 1696 355
f 1893 688 885
f 688 308 885
f 689 1894 886
f 689 886 309
f 887 91 1582
f 887 1582 985
f 888 1583 92
f 888 986 1583
f 1615 2017 889
f 6 1233 310
f 2018 1615 890
f 1234 6 310
f 185 1695 891
f 185 895 645
f 475 186 892
f 896 186 802
f 1183 893 202
f 202 941 470
f 894 1184 203
f 942 203 471
f 895 185 891
f 1566 895 891
f 186 896 892
f 892 896 156
f 897 1715 722
f 1385 1440 721
f 594 1933 898
f 1165 594 1722
f 899 1934 595
f 1166 1723 595
f 615 550 900
f 550 1327 900
f 551 1581 901
f 1928 551 901
f 902 1683 656
f 562 902 1975
f 903 563 1339
f 1238 657 1684
f 1730 904 2033
f 175 904 1730
f 905 1731 2034
f 905 176 1731
f 906 163 856
f 1703 163 906
f 907 857 164
f 164 1704 907
f 1714 1362 908
f 1361 1713 908
f 404 394 909
f 908 1354 394
f 405 910 395
f 1355 908 395
f 1945 402 911
f 398 911 1923
f 403 1946 912
f 912 399 1924
f 913 254 1149
f 254 913 436
f 255 914 1150
f 255 437 914
f 676 1296 1073
f 250 1296 676
f 1074 1297 677
f 677 1297 251
f 1040 917 1951
f 1951 917 846
f 1041 1952 918
f 918 1952 847
f 919 372 1660
f 919 1333 1084
f 373 920 1661
f 1085 1333 920
f 1040 1955 1132
f 1098 1040 1132
f 1956 1041 1133
f 1099 1133 1041
f 1011 587 923
f 923 1106 777
f 588 1012 924
f 1107 924 1401
f 925 1295 974
f 568 561 925
f 926 973 1294
f 567 926 560
f 1011 927 587
f 927 378 587
f 928 1012 588
f 379 928 588
f 929 46 1623
f 237 933 929
f 930 934 238
f 47 2006 1624
f 1092 80 931
f 931 1241 577
f 81 1093 932
f 578 1242 932
f 46 933 648
f 933 46 929
f 934 47 649
f 934 930 47
f 422 268 935
f 268 931 1899
f 269 423 936
f 932 269 1900
f 937 60 1635
f 1119 1503 937
f 1506 938 1636
f 1503 1120 938
f 133 338 939
f 212 939 338
f 134 940 339
f 213 339 940
f 1664 1991 893
f 1991 202 893
f 1992 1665 894
f 203 1992 894
f 376 1147 943
f 376 1726 870
f 944 1148 377
f 1727 377 871
f 1913 1760 139
f 139 1185 872
f 1761 1914 140
f 1186 140 873
f 947 274 629
f 947 629 825
f 630 948 826
f 630 275 948
f 76 949 10
f 10 949 82
f 950 9 83
f 77 9 950
f 951 1171 31
f 951 1594 746
f 1172 952 32
f 1595 952 747
f 1458 1588 1159
f 1588 10 82
f 1589 1459 1160
f 9 1589 83
f 1750 955 787
f 1278 16 729
f 788 956 1751
f 956 730 15
f 1306 769 957
f 1495 957 769
f 770 1307 958
f 958 1599 770
f 959 1390 499
f 959 499 670
f 960 500 1391
f 960 671 500
f 1396 961 815
f 1245 815 961
f 962 1397 816
f 816 1245 962
f 1067 591 963
f 963 591 569
f 570 592 964
f 592 1066 1630
f 965 1768 1268
f 965 218 686
f 1769 966 1269
f 219 966 687
f 171 967 951
f 1590 2027 967
f 172 952 968
f 1591 968 2028
f 1203 969 602
f 1476 969 408
f 603 970 1204
f 1477 409 970
f 639 364 971
f 364 227 971
f 972 365 640
f 228 365 972
f 1197 1669 973
f 926 1197 973
f 1670 1198 974
f 1198 925 974
f 575 975 299
f 575 823 975
f 576 300 976
f 824 576 976
f 101 977 336
f 189 1046 1620
f 978 102 337
f 1047 190 1621
f 979 2071 1067
f 224 466 1438
f 2072 980 1066
f 1439 467 225
f 1046 981 260
f 731 1519 981
f 982 1047 261
f 732 982 1520
f 466 983 979
f 983 466 2029
f 980 984 467
f 2030 467 984
f 464 985 589
f 589 985 1582
f 465 590 986
f 986 590 1583
f 1839 987 1026
f 987 195 496
f 988 1840 1027
f 988 497 196
f 2011 880 97
f 97 819 1227
f 1409 2012 98
f 1228 820 98
f 1387 991 1058
f 991 496 195
f 1388 1059 992
f 992 196 497
f 1905 1823 193
f 193 1823 220
f 994 1763 1393
f 1824 194 221
f 995 1464 487
f 1837 1841 93
f 1465 996 488
f 1838 94 1842
f 997 1290 468
f 1895 997 468
f 469 1291 998
f 1896 469 998
f 999 1203 315
f 1252 999 315
f 316 1204 1000
f 375 316 1000
f 25 1739 1001
f 301 25 1001
f 25 1002 1740
f 1002 25 790
f 581 1652 1540
f 1276 1540 1889
f 582 1541 1653
f 1541 1277 1890
f 1523 1005 764
f 764 1005 850
f 1524 765 1006
f 765 851 1006
f 1239 1007 773
f 773 1007 346
f 774 1008 1240
f 1008 774 347
f 484 2069 1009
f 2061 484 1009
f 722 485 1010
f 485 2062 1010
f 839 216 1011
f 216 927 1011
f 1012 217 1606
f 1514 217 1012
f 1013 159 1300
f 1013 1300 1728
f 762 1014 330
f 1014 548 330
f 331 549 1015
f 331 1015 763
f 1016 1728 1438
f 1013 1728 1016
f 1439 1729 1017
f 1261 1017 1729
f 1018 532 1284
f 440 1911 1018
f 1019 1285 533
f 1912 441 1019
f 91 1020 1873
f 1873 1020 1865
f 92 1874 1021
f 1021 1874 869
f 787 573 1022
f 1022 573 742
f 788 1023 574
f 1023 743 574
f 1282 1024 434
f 1993 1673 1707
f 1283 435 1025
f 1674 1994 1708
f 1026 987 2023
f 456 1802 133
f 988 1027 2024
f 457 134 1803
f 1288 472 201
f 1987 472 1288
f 472 1029 201
f 1988 1289 472
f 1030 414 554
f 1774 414 1491
f 415 1031 1561
f 2004 1492 415
f 319 35 1032
f 1032 1845 643
f 1033 36 320
f 1033 644 1846
f 1645 473 1034
f 1028 1645 1034
f 1645 1035 473
f 201 1029 1035
f 1869 358 1036
f 95 1036 358
f 1870 1037 359
f 1037 96 359
f 1034 473 1038
f 1038 473 69
f 473 1035 1039
f 473 1039 1043
f 1040 921 917
f 350 921 1040
f 922 1041 918
f 290 1041 922
f 1038 69 1042
f 1108 1786 1320
f 473 1043 69
f 1787 1109 1320
f 1379 245 1044
f 885 1044 245
f 1380 1045 246
f 1045 886 246
f 101 1046 977
f 977 1046 260
f 261 1047 978
f 1047 102 978
f 729 1048 392
f 1048 729 16
f 730 393 1049
f 15 730 1049
f 464 1637 1050
f 1050 985 464
f 1638 465 1051
f 1051 465 986
f 1304 1935 1052
f 1052 1935 1939
f 1305 1053 1936
f 1936 1053 417
f 444 1054 1969
f 797 1054 444
f 1055 445 1970
f 146 445 1055
f 939 1056 674
f 674 1056 781
f 940 675 1057
f 1057 675 763
f 1677 704 1058
f 2051 41 1807
f 705 1353 1059
f 42 2052 1808
f 1060 297 520
f 1827 297 1060
f 298 1828 1061
f 1061 521 298
f 1394 462 1062
f 334 1062 462
f 1063 335 463
f 463 1395 1063
f 1646 546 1064
f 793 1147 546
f 1065 547 1647
f 547 1148 794
f 1630 1066 200
f 2022 1738 1017
f 199 1067 1629
f 2021 1016 1737
f 235 725 1068
f 1250 1068 1586
f 726 236 1069
f 283 1587 1069
f 1736 1309 1649
f 1735 1648 1308
f 1071 1487 295
f 2017 1470 295
f 1488 1072 296
f 1471 2018 296
f 1897 1791 121
f 480 1897 121
f 1898 122 1792
f 122 1898 481
f 1075 258 819
f 97 1075 819
f 820 259 1076
f 98 820 1076
f 1077 1919 1080
f 88 1077 388
f 1920 1078 1081
f 89 389 1078
f 1079 356 1082
f 357 1877 1083
f 388 1080 1780
f 1077 1080 388
f 1081 389 1781
f 1081 1078 389
f 1079 1082 1377
f 1082 1274 1377
f 1083 1877 1377
f 1083 1377 1275
f 1333 310 1084
f 310 1233 1084
f 1085 310 1333
f 1234 310 1085
f 1867 1086 684
f 1867 105 1086
f 1868 685 1087
f 1868 1087 106
f 785 567 1088
f 1997 1959 1193
f 1089 568 786
f 1960 1998 1194
f 384 1094 1090
f 1788 565 1090
f 1095 385 1091
f 1789 1091 566
f 264 80 1092
f 1092 31 264
f 265 1093 81
f 265 32 1093
f 1094 1633 70
f 1094 1788 1090
f 1095 71 1634
f 1095 1091 1789
f 131 1096 604
f 1096 1685 604
f 1097 132 605
f 1686 1097 605
f 350 1098 714
f 1098 350 1040
f 1099 351 715
f 351 1099 1041
f 1100 846 1564
f 1951 846 1100
f 847 1101 1565
f 1952 1101 847
f 1102 285 1235
f 285 1102 1157
f 286 1103 1236
f 1103 286 1158
f 1336 1104 637
f 438 1693 1104
f 1105 1337 638
f 1694 439 1105
f 923 587 1106
f 1743 587 378
f 588 924 1107
f 379 588 1744
f 324 1108 484
f 1669 324 973
f 1109 325 485
f 1670 974 325
f 1110 2067 1501
f 1623 46 2067
f 2068 1111 1502
f 2068 47 1624
f 608 430 1112
f 1112 1211 1155
f 1113 431 609
f 1156 1212 1113
f 1114 1456 511
f 1114 511 1414
f 1457 1115 512
f 512 1115 1415
f 1116 313 10
f 885 313 1116
f 314 1117 130
f 1117 314 886
f 1415 1651 1828
f 1650 1414 1827
f 1119 593 1503
f 593 1119 1118
f 593 1120 1503
f 1120 593 1118
f 866 74 1121
f 754 866 1121
f 75 867 1122
f 1484 1122 867
f 791 1123 366
f 114 1123 791
f 1124 792 367
f 1124 115 792
f 627 1125 432
f 1350 432 1125
f 628 433 1126
f 433 1351 1126
f 1127 1566 86
f 1542 86 1546
f 87 741 1128
f 87 1543 1547
f 330 548 1129
f 548 1517 1129
f 549 331 1130
f 549 1130 1518
f 911 48 1131
f 48 912 1467
f 406 1132 141
f 1102 1132 406
f 1133 407 142
f 1099 407 1133
f 1402 1134 1643
f 503 1648 1735
f 1403 1644 1135
f 504 1736 1649
f 1422 1136 48
f 833 1290 492
f 1137 1423 48
f 1291 834 493
f 354 1138 883
f 1648 883 1138
f 355 884 1139
f 884 1649 1139
f 239 1140 398
f 125 398 1979
f 1141 240 399
f 1579 126 1980
f 1142 564 720
f 897 1142 720
f 52 1143 149
f 509 1143 52
f 1144 53 865
f 1249 53 1144
f 1145 1183 202
f 858 332 1849
f 203 1184 1146
f 333 859 1850
f 546 1147 1064
f 1064 1147 376
f 1065 1148 547
f 377 1148 1065
f 542 1149 1566
f 542 913 1149
f 1150 543 1567
f 914 543 1150
f 1151 276 621
f 854 276 1151
f 1152 622 277
f 855 1152 277
f 338 133 1153
f 1802 1153 133
f 339 1154 134
f 1154 1803 134
f 1112 1155 137
f 1989 1310 137
f 138 1156 1113
f 1990 138 1311
f 1157 382 1800
f 285 1157 1800
f 383 1158 1801
f 286 1801 1158
f 1588 82 1302
f 82 151 2045
f 1589 1303 83
f 83 2046 152
f 662 1161 1671
f 662 1175 1161
f 1162 663 1672
f 1175 663 1162
f 424 1163 1447
f 1709 736 1163
f 1164 425 1448
f 1710 1164 737
f 1165 233 594
f 1637 464 233
f 234 1166 595
f 465 1638 234
f 1167 1667 608
f 67 1167 608
f 609 1668 1168
f 609 1168 68
f 993 1169 727
f 1169 1515 727
f 1170 1824 728
f 1516 1170 728
f 31 1171 123
f 1568 617 123
f 124 1172 32
f 618 1569 124
f 1173 315 1203
f 93 315 1173
f 316 1174 1204
f 1253 1174 316
f 1175 738 28
f 663 1175 28
f 1176 688 374
f 1252 374 999
f 1177 375 689
f 375 1253 316
f 1232 1178 24
f 1178 356 24
f 526 1179 1408
f 1369 1979 1829
f 527 1409 1180
f 1980 1370 1830
f 1181 517 633
f 1489 517 1181
f 518 1182 634
f 518 1490 1182
f 1849 332 1183
f 177 1183 332
f 1184 333 1850
f 1269 333 1184
f 945 1764 1185
f 1185 139 1760
f 1765 946 1186
f 1186 1761 140
f 149 88 1187
f 864 149 1720
f 1725 150 1188
f 150 1717 1721
f 1921 872 1189
f 872 1185 1189
f 437 1190 873
f 1186 873 1190
f 1880 1191 293
f 1007 293 1191
f 1192 1881 294
f 1192 294 1008
f 1193 166 1558
f 1193 458 166
f 1194 1559 167
f 1194 167 459
f 1915 1195 12
f 641 12 1878
f 257 11 1196
f 1879 11 642
f 1197 637 1669
f 1336 637 1197
f 638 1198 1670
f 1337 1198 638
f 1199 833 125
f 125 811 1199
f 834 1200 126
f 1200 812 126
f 352 1997 1201
f 1449 1201 319
f 1202 1998 353
f 320 1202 1450
f 1772 408 1203
f 408 969 1203
f 1204 409 1773
f 970 409 1204
f 1205 1913 139
f 1973 247 1909
f 1914 1206 140
f 248 1974 1910
f 2009 380 1207
f 1207 380 137
f 1208 381 2010
f 381 1208 138
f 1937 390 1209
f 1209 390 1701
f 1938 1210 391
f 1210 1702 391
f 1112 430 1211
f 430 1917 1211
f 1113 1212 431
f 1212 1918 431
f 29 817 1213
f 817 2047 1213
f 818 30 1214
f 1486 1214 2048
f 617 1215 123
f 1215 1618 396
f 1216 618 124
f 1216 397 1619
f 1221 84 1217
f 795 1217 84
f 1218 796 85
f 85 1222 2044
f 708 1219 1957
f 95 1219 1949
f 1220 709 1958
f 1220 96 1950
f 1221 2043 736
f 1861 736 771
f 1222 737 2044
f 1862 772 737
f 1223 306 989
f 1967 844 1223
f 307 1224 990
f 845 1968 1224
f 1225 218 552
f 1225 552 1404
f 219 1226 553
f 553 1226 1405
f 1227 2011 97
f 1967 1223 2011
f 1224 1228 2012
f 2012 1228 98
f 1795 643 1229
f 748 1833 876
f 644 1796 1230
f 1834 749 877
f 1231 289 173
f 289 1231 360
f 290 1232 174
f 1232 290 922
f 1233 889 1748
f 1615 889 1233
f 1749 890 1234
f 890 6 1234
f 1098 1235 714
f 514 714 1235
f 1099 715 1236
f 515 1236 715
f 902 656 1237
f 1613 902 1237
f 1238 1684 903
f 903 1614 1238
f 1007 1239 1243
f 1239 571 61
f 1240 1008 1244
f 572 1240 62
f 80 505 1241
f 80 1241 931
f 506 81 1242
f 932 1242 81
f 1243 61 957
f 1243 1239 61
f 1240 1244 62
f 62 1244 294
f 962 1245 170
f 1245 961 170
f 227 1246 400
f 1246 1225 400
f 1247 228 401
f 2058 1247 401
f 1248 509 1125
f 509 1248 1143
f 510 1249 1126
f 1249 510 53
f 1250 282 1068
f 187 282 1250
f 283 1251 1587
f 283 188 1251
f 1176 374 1252
f 1252 93 1176
f 1177 1253 375
f 94 1253 1177
f 410 1187 1254
f 410 1375 981
f 1188 411 1255
f 1376 411 982
f 1256 1481 534
f 183 1256 534
f 1482 1257 535
f 1257 184 535
f 895 1258 645
f 645 1258 652
f 1259 646 653
f 1366 646 1259
f 691 1260 49
f 1260 690 49
f 1301 1261 211
f 211 1261 1729
f 1804 1262 668
f 1660 1656 109
f 1263 1804 669
f 1657 1661 109
f 1264 571 654
f 571 1264 61
f 572 1265 655
f 572 62 1265
f 639 1266 1536
f 1903 1266 639
f 1267 640 365
f 1904 640 1267
f 177 965 1268
f 177 1268 1183
f 966 178 1269
f 1269 178 333
f 272 1270 660
f 1270 850 660
f 1271 273 661
f 851 1271 661
f 991 426 1611
f 1611 426 1572
f 427 1273 1573
f 427 992 1612
f 1274 621 1270
f 1082 1758 1274
f 622 1275 1271
f 1759 1083 1275
f 581 1540 1276
f 594 581 1276
f 582 595 1277
f 582 1277 1541
f 955 1278 1921
f 1278 955 16
f 956 1922 1279
f 956 1279 730
f 1525 696 1280
f 119 362 1280
f 1526 1281 697
f 120 1281 363
f 161 1282 434
f 821 1282 161
f 1283 162 435
f 162 1283 822
f 1018 1703 440
f 440 1703 1609
f 1019 441 1704
f 441 1610 1704
f 1460 1286 1532
f 456 1286 1802
f 1461 1533 1287
f 457 1803 1287
f 1711 1288 1028
f 1288 201 1028
f 1289 1712 1029
f 472 1289 1029
f 1290 1136 492
f 1136 1290 284
f 1291 493 1137
f 1291 1137 284
f 14 1292 837
f 1292 1350 1125
f 1293 13 1734
f 1293 1126 1351
f 560 926 1294
f 1193 560 1294
f 561 1295 925
f 1194 1295 561
f 1073 1296 915
f 1296 672 915
f 1297 1074 916
f 916 673 1297
f 1298 913 829
f 204 1298 829
f 1299 830 914
f 205 830 1299
f 825 210 1300
f 1300 947 825
f 1301 211 826
f 826 948 1301
f 1302 1159 1588
f 2041 2045 1598
f 1160 1303 1589
f 2046 2042 1599
f 250 107 1304
f 250 1304 1296
f 251 1305 108
f 1297 1305 251
f 1306 1863 769
f 1306 206 302
f 1307 770 1864
f 207 1307 303
f 1308 647 90
f 1070 1308 90
f 1309 90 789
f 1736 90 1309
f 1310 766 698
f 1989 766 1310
f 767 1311 699
f 767 1990 1311
f 1211 501 1312
f 1312 1318 1602
f 1313 502 1212
f 1603 1319 1313
f 1314 744 19
f 278 744 1314
f 1315 18 745
f 279 1315 745
f 1316 119 1280
f 119 1316 1286
f 1317 1281 120
f 1317 120 1287
f 1318 501 658
f 501 1318 1312
f 502 1319 659
f 1319 502 1313
f 69 1787 1320
f 1786 69 1320
f 935 1321 2039
f 935 268 1899
f 936 2040 1322
f 1900 269 936
f 1213 270 1323
f 270 813 1927
f 271 1214 1324
f 271 1928 814
f 1325 348 494
f 1501 2067 348
f 349 1326 495
f 349 2068 1502
f 1927 813 1327
f 813 610 1327
f 814 1928 1328
f 814 1328 611
f 1654 1658 1329
f 1662 476 1329
f 1330 1659 1655
f 477 1663 1330
f 718 121 1331
f 19 718 1331
f 1332 122 719
f 1374 1332 719
f 1333 919 1660
f 920 1333 513
f 682 1907 1334
f 682 2055 368
f 1908 683 1335
f 683 369 2056
f 438 1104 1336
f 2059 438 1336
f 439 1337 1105
f 439 2060 1337
f 63 1338 412
f 562 1338 63
f 1339 64 964
f 563 64 1339
f 227 364 1340
f 1340 809 227
f 1341 365 228
f 810 1341 228
f 606 1346 1342
f 135 37 1342
f 1347 607 1343
f 136 1343 38
f 1344 76 852
f 76 1344 1699
f 77 1345 853
f 1345 77 950
f 1346 135 1342
f 1497 2049 1346
f 1343 136 1347
f 1347 2050 1498
f 1348 1798 797
f 1149 1550 1348
f 1799 1349 798
f 1551 1150 1349
f 1350 1292 14
f 1949 14 1036
f 1351 13 1293
f 13 1950 1037
f 420 1352 1272
f 1022 1677 420
f 1353 421 1273
f 1023 421 1678
f 1354 760 909
f 1354 909 394
f 761 1355 910
f 1355 395 910
f 323 58 1356
f 323 1356 1906
f 249 1357 323
f 58 323 1357
f 837 1358 460
f 460 1358 1875
f 838 461 1359
f 461 1876 1359
f 58 1362 772
f 771 1361 58
f 1361 1360 58
f 908 1360 1361
f 1360 1362 58
f 1362 1360 908
f 218 1363 641
f 965 1977 218
f 219 642 1364
f 1978 966 219
f 1365 895 155
f 895 1365 1258
f 896 1366 156
f 1366 896 646
f 694 386 1367
f 1643 694 1367
f 387 695 1368
f 1368 695 1644
f 1369 1179 526
f 526 811 1369
f 1370 527 1180
f 812 527 1370
f 311 428 1371
f 1652 1371 428
f 312 1372 429
f 1372 1653 429
f 19 1373 718
f 744 1373 19
f 1374 18 1332
f 745 18 1374
f 1943 1983 1375
f 1943 1375 410
f 1984 1944 1376
f 1944 411 1376
f 1275 1377 128
f 1377 1274 128
f 519 1378 243
f 519 244 1378
f 245 1379 650
f 650 1379 1138
f 1380 246 651
f 1380 651 1139
f 793 1381 1529
f 505 67 1381
f 794 1530 1382
f 1382 68 506
f 1036 1383 700
f 700 1383 2051
f 1037 701 1384
f 1384 701 2052
f 1385 127 897
f 1385 1320 127
f 1320 1386 127
f 1715 1386 722
f 1387 496 991
f 460 1875 1387
f 1388 992 497
f 1876 461 1388
f 1747 1596 1389
f 1393 118 1389
f 1412 1390 959
f 78 600 1390
f 1413 960 1391
f 79 1391 601
f 1747 1392 1596
f 1762 193 1392
f 1393 1389 1597
f 994 1393 194
f 598 1394 1062
f 1394 598 639
f 1395 599 1063
f 599 1395 640
f 103 1396 777
f 815 1400 1396
f 1397 104 778
f 1401 816 1397
f 1410 231 971
f 1394 231 1410
f 232 1411 972
f 1395 1411 232
f 923 777 1400
f 1396 1400 777
f 1107 1401 778
f 1397 778 1401
f 1402 1367 596
f 1402 596 354
f 597 1368 1403
f 597 1403 884
f 971 1404 1406
f 1195 583 1404
f 1405 972 1407
f 584 1196 1405
f 1410 1406 583
f 1406 1404 583
f 584 1405 1407
f 584 1407 1411
f 1408 1179 880
f 2011 1408 880
f 1180 1409 881
f 1409 98 881
f 1410 583 1398
f 702 1410 1398
f 584 1411 1399
f 1820 1399 1411
f 78 1412 1788
f 1412 78 1390
f 1789 1413 79
f 1413 1391 79
f 297 1827 1414
f 297 1414 511
f 1828 298 1415
f 298 512 1415
f 1090 1416 490
f 1416 197 1681
f 491 1417 1091
f 1417 1682 198
f 538 1418 306
f 1418 538 1256
f 1419 539 307
f 1257 539 1419
f 46 326 1420
f 252 1420 1424
f 327 47 1421
f 1421 253 1425
f 492 1136 1422
f 1422 125 492
f 1137 493 1423
f 126 1423 493
f 326 1424 1420
f 326 1096 1424
f 327 1421 1425
f 1097 327 1425
f 1426 532 1821
f 532 1426 72
f 1822 533 1427
f 533 73 1427
f 285 262 1428
f 1428 262 708
f 1848 1429 263
f 263 1429 709
f 291 1542 1430
f 56 291 1430
f 292 1431 1543
f 292 57 1431
f 8 856 1432
f 304 8 1432
f 1433 857 7
f 305 1433 7
f 366 522 1434
f 613 1434 522
f 367 1435 523
f 1473 523 1435
f 1897 1436 1791
f 684 1436 1867
f 1898 1792 1437
f 1437 685 1868
f 466 979 1438
f 1438 979 1737
f 1738 980 1439
f 980 467 1439
f 1385 897 1440
f 897 720 1440
f 623 1441 1851
f 623 1616 1441
f 1442 624 1510
f 1617 624 1442
f 1443 723 199
f 107 723 1443
f 200 724 1444
f 1932 1444 724
f 54 1691 1445
f 1534 54 1633
f 1446 1692 55
f 1535 1634 55
f 1447 760 424
f 760 1884 2031
f 761 1448 425
f 1885 761 2032
f 1933 352 1449
f 1449 352 1201
f 1450 353 1934
f 1202 353 1450
f 637 147 1451
f 147 1042 1451
f 148 638 1452
f 148 1452 1043
f 856 1453 412
f 8 1891 856
f 413 1454 857
f 417 857 1892
f 20 1455 768
f 1888 1455 20
f 464 1456 311
f 1456 821 1718
f 1457 465 312
f 822 1457 1719
f 103 953 1458
f 103 1607 1396
f 954 104 1459
f 1397 1608 104
f 600 1460 1532
f 600 1544 1460
f 601 1533 1461
f 601 1461 1545
f 1462 422 2025
f 295 422 1748
f 423 1463 111
f 1488 1749 423
f 862 153 1464
f 324 1464 153
f 154 863 1465
f 325 154 1465
f 1131 1466 498
f 498 1466 1475
f 48 1467 1131
f 1131 1467 1466
f 672 1468 706
f 1750 706 1468
f 322 707 1469
f 707 1751 1469
f 1470 1071 295
f 692 1071 1470
f 1072 1471 296
f 693 1471 1072
f 613 1472 1434
f 613 1627 1472
f 1473 614 523
f 614 1473 1628
f 1945 498 1474
f 654 1474 206
f 1466 655 1475
f 1475 655 207
f 791 366 1476
f 1476 366 969
f 792 1477 367
f 970 367 1477
f 489 1478 118
f 668 1478 489
f 1479 489 118
f 669 489 1479
f 17 1045 1480
f 1044 17 1480
f 530 534 1481
f 1481 1080 530
f 531 1482 535
f 1081 1482 531
f 143 1483 842
f 1483 143 670
f 144 843 1484
f 1484 671 144
f 817 1485 2047
f 1485 817 241
f 1486 818 1214
f 1486 242 818
f 1487 746 422
f 1487 951 746
f 747 1488 423
f 747 952 1488
f 1489 758 577
f 758 1489 1485
f 1490 578 759
f 759 1486 1490
f 414 1030 1491
f 1780 1030 187
f 1031 415 1492
f 1031 1781 188
f 1493 1342 37
f 37 1145 1493
f 38 1343 1494
f 1146 38 1494
f 1495 769 1598
f 652 1495 478
f 958 1496 1599
f 1496 653 479
f 181 1497 370
f 775 370 1497
f 1498 182 371
f 1498 371 776
f 1499 507 2
f 1499 1018 507
f 236 508 1500
f 508 1019 1500
f 544 1501 1325
f 1325 1501 348
f 545 1326 1502
f 349 1502 1326
f 1503 938 1506
f 1503 60 937
f 1342 1504 606
f 1342 1493 1504
f 1505 1343 607
f 1505 1494 1343
f 60 1506 23
f 1503 1506 60
f 220 1203 1507
f 1513 220 1507
f 1204 221 1508
f 221 1514 1508
f 470 1509 656
f 656 1509 1237
f 471 657 1510
f 1510 657 1238
f 1511 105 1867
f 787 105 1511
f 1512 1868 106
f 106 788 1512
f 216 1513 927
f 1513 1507 927
f 1514 1012 928
f 1508 1514 928
f 1515 610 1476
f 1327 610 1515
f 611 1516 1477
f 1328 1516 611
f 1778 840 1517
f 237 1697 840
f 841 1779 1518
f 1698 238 841
f 981 1519 260
f 1519 2035 260
f 1520 982 261
f 1520 261 2036
f 1815 237 1521
f 168 1917 1667
f 238 1816 1522
f 1918 169 1668
f 291 56 1523
f 1523 56 1005
f 292 1524 57
f 1524 1006 57
f 1280 362 1525
f 362 1314 1525
f 363 1281 1526
f 1315 363 1526
f 1527 1523 764
f 1527 764 390
f 1528 765 1524
f 1528 391 765
f 608 1529 67
f 67 1529 1381
f 68 1530 609
f 1530 68 1382
f 59 1531 284
f 1378 1531 59
f 1532 456 499
f 1532 1286 456
f 457 1533 500
f 1533 457 1287
f 1534 528 1165
f 528 1534 1094
f 1535 1166 529
f 1095 1535 529
f 639 1536 364
f 364 1536 1340
f 1267 365 1537
f 365 1341 1537
f 947 1300 1538
f 1300 159 1538
f 1539 160 1301
f 1301 948 1539
f 1540 1003 1889
f 26 1003 1540
f 1541 1890 1004
f 1541 1004 27
f 1542 291 1127
f 1542 1127 86
f 1543 1128 292
f 1128 1543 87
f 1901 278 1544
f 1544 278 1314
f 1902 1545 279
f 1545 1315 279
f 354 1542 1546
f 1695 354 1546
f 1543 355 1547
f 1696 1547 355
f 1157 1919 382
f 88 382 1919
f 383 1920 1158
f 383 1078 1920
f 1348 1550 1798
f 392 1550 729
f 1551 1349 1799
f 393 730 1551
f 1552 1084 110
f 2025 935 2039
f 111 1085 1553
f 936 2026 2040
f 509 44 1554
f 1554 44 837
f 1904 1555 45
f 1555 838 45
f 629 1556 825
f 629 458 1556
f 1557 630 826
f 459 630 1557
f 35 831 1558
f 831 1193 1558
f 36 1559 832
f 1194 832 1559
f 1030 554 1560
f 844 1560 554
f 415 1561 555
f 1561 845 555
f 1562 955 536
f 536 573 1562
f 1563 537 956
f 541 537 1563
f 833 1199 1564
f 846 833 1564
f 1565 1200 834
f 847 1565 834
f 1566 1348 155
f 1566 155 895
f 1349 1567 156
f 156 1567 892
f 967 1568 1171
f 1568 123 1171
f 1172 1569 968
f 1569 1172 124
f 866 1570 74
f 1570 1129 74
f 75 1571 867
f 75 1130 1571
f 1572 1331 191
f 1576 191 684
f 1332 1573 192
f 192 1577 685
f 876 274 1574
f 274 1073 1574
f 275 877 1575
f 275 1575 1074
f 1576 1572 191
f 1272 1572 1576
f 1573 1577 192
f 1573 1273 1577
f 1578 911 398
f 125 1578 398
f 1579 399 912
f 1579 1980 399
f 615 900 1580
f 664 615 1580
f 616 665 1581
f 551 616 1581
f 1582 157 589
f 157 1582 297
f 158 1583 590
f 158 298 1583
f 633 1584 270
f 633 1843 1584
f 634 271 1585
f 1844 634 1585
f 1586 1068 725
f 1586 1784 2007
f 1069 1587 726
f 2008 1785 1587
f 953 1588 1458
f 953 1592 1588
f 1589 954 1459
f 1593 954 1589
f 692 1590 171
f 1590 967 171
f 693 172 1591
f 968 1591 172
f 378 1592 953
f 378 10 1592
f 1593 379 954
f 130 379 1593
f 951 31 1594
f 31 1092 1594
f 32 952 1595
f 32 1595 1093
f 1596 193 1513
f 1392 193 1596
f 194 1393 1597
f 194 1597 1514
f 1598 478 1495
f 478 1598 2045
f 1599 479 2046
f 479 1599 1496
f 1600 811 526
f 1418 811 1600
f 812 1601 527
f 812 1419 1601
f 1312 1602 454
f 1602 858 454
f 1603 1313 455
f 1603 455 859
f 880 1604 773
f 1604 1829 773
f 1605 347 774
f 1830 1605 774
f 1606 839 43
f 1389 839 1606
f 1863 1607 1458
f 103 1458 1607
f 303 1459 1608
f 104 1608 1459
f 1703 906 1609
f 1609 906 1981
f 1610 1982 907
f 1610 907 1704
f 1352 1611 1272
f 1611 1572 1272
f 1353 1273 1612
f 427 1612 1273
f 1613 1334 902
f 682 1334 2055
f 1614 903 1335
f 1335 683 2056
f 1615 1233 6
f 890 1615 6
f 328 619 1616
f 977 328 1855
f 620 329 1617
f 329 978 1856
f 1618 1215 617
f 1685 1618 617
f 1619 1686 618
f 1619 618 1216
f 1620 1046 101
f 101 809 1620
f 1047 1621 102
f 810 102 1621
f 1606 43 1622
f 1622 43 486
f 1110 1623 2067
f 544 1623 1110
f 2068 1624 1111
f 1624 545 1111
f 43 1625 486
f 486 1625 1245
f 1626 1622 486
f 1626 486 1245
f 22 862 1627
f 1556 22 1627
f 21 1628 863
f 1557 1628 21
f 1067 963 1629
f 1453 1629 963
f 592 1630 964
f 964 1630 1454
f 1987 1988 472
f 60 23 1635
f 23 1988 1987
f 1506 1636 23
f 54 1445 1633
f 1633 1445 208
f 1634 1446 55
f 1634 209 1446
f 1635 1631 1024
f 1635 23 1987
f 1636 1025 1632
f 23 1636 1988
f 528 1637 1165
f 1637 233 1165
f 529 1166 1638
f 234 1638 1166
f 1639 65 567
f 2059 1336 65
f 1640 568 66
f 1337 2060 66
f 854 1151 1641
f 854 1641 1209
f 1974 1642 855
f 855 1642 1152
f 1134 503 1643
f 516 1643 503
f 1135 1644 504
f 1644 516 504
f 1028 201 1645
f 201 1035 1645
f 577 1241 1646
f 1646 1489 577
f 1647 1242 578
f 1490 1647 578
f 1134 1648 503
f 1134 883 1648
f 1135 504 1649
f 1403 1135 1649
f 1119 1650 1118
f 226 1118 1650
f 1120 1118 1651
f 1651 1118 226
f 1540 1652 26
f 428 1811 1652
f 1653 1541 27
f 429 1653 1812
f 712 1654 775
f 50 1654 712
f 1655 713 288
f 1659 713 1655
f 1656 1262 109
f 1262 1656 1882
f 751 1657 1263
f 1657 109 1263
f 1662 1329 1658
f 50 1658 1654
f 1330 1663 1659
f 1659 51 713
f 1333 1660 513
f 513 1660 109
f 920 513 1661
f 1661 513 109
f 50 1662 1658
f 943 1662 50
f 1663 51 1659
f 1663 944 51
f 336 1664 809
f 336 1991 1664
f 1665 337 810
f 337 1665 1992
f 1888 564 1666
f 564 735 1666
f 340 168 1667
f 340 1667 1167
f 1668 169 341
f 1668 341 1168
f 1669 1451 1108
f 1669 1108 324
f 1670 1109 1452
f 1109 1670 325
f 662 1671 692
f 692 1671 1590
f 663 693 1672
f 693 1591 1672
f 1993 1024 1673
f 1024 1631 1673
f 1025 1994 1674
f 1632 1025 1674
f 5 752 1675
f 752 418 1675
f 1676 753 4
f 1676 419 753
f 1677 1352 420
f 1677 1058 1352
f 1353 1678 421
f 705 1678 1353
f 606 562 1679
f 775 606 1679
f 1684 607 1680
f 607 776 1680
f 887 1752 1681
f 1681 490 1416
f 1753 888 1682
f 491 1682 1417
f 1683 902 562
f 606 1683 562
f 903 1684 563
f 1684 1680 563
f 1685 648 1618
f 648 1685 326
f 1619 649 1686
f 1686 649 327
f 170 961 1687
f 1396 1687 961
f 962 170 1688
f 962 1688 1397
f 1689 610 813
f 270 1689 813
f 1690 814 611
f 1585 814 1690
f 1691 1449 319
f 680 1691 319
f 1692 320 1450
f 681 320 1692
f 1693 1730 2033
f 1693 33 733
f 1694 734 34
f 1731 1694 2034
f 185 474 1695
f 1138 1695 474
f 475 892 1696
f 1696 651 475
f 840 1697 1517
f 1517 1697 544
f 1518 1698 841
f 545 1698 1518
f 82 1699 151
f 478 151 1699
f 950 152 1700
f 802 1700 152
f 390 850 1701
f 276 1701 850
f 1702 851 391
f 1702 277 851
f 1018 1284 1703
f 1284 163 1703
f 1019 1704 1285
f 1285 1704 164
f 1705 674 670
f 499 1705 670
f 1706 671 675
f 671 1706 500
f 779 1707 175
f 904 175 1711
f 1708 780 176
f 905 1712 176
f 424 635 1709
f 424 1709 1163
f 425 1710 636
f 425 1164 1710
f 1707 1673 1711
f 1707 1711 175
f 1712 1708 176
f 1712 1674 1708
f 1713 1361 635
f 1713 635 424
f 1362 1714 636
f 1714 425 636
f 127 1386 1715
f 127 1715 897
f 1536 864 1716
f 864 1720 1716
f 865 1537 1717
f 150 865 1717
f 1718 311 1456
f 311 1718 428
f 312 1719 1457
f 1719 312 429
f 410 1720 1187
f 149 1187 1720
f 1188 1721 411
f 1188 150 1721
f 54 1722 898
f 1722 594 898
f 55 899 1723
f 1723 899 595
f 149 1724 88
f 266 88 1724
f 1725 1188 89
f 757 1725 89
f 943 1726 376
f 1726 943 50
f 1727 944 377
f 944 1727 717
f 1728 522 224
f 224 1438 1728
f 1439 225 1729
f 523 1729 225
f 733 175 1730
f 733 1730 1693
f 1731 734 1694
f 176 734 1731
f 503 1070 1732
f 504 1732 1070
f 1383 1733 41
f 1733 837 1953
f 1734 1384 42
f 838 1734 1954
f 503 1735 1070
f 1070 1735 1308
f 504 1070 1736
f 1736 1070 90
f 979 1067 1737
f 1737 1067 199
f 1066 980 1738
f 1066 1738 200
f 25 1740 1739
f 1827 1060 1739
f 226 1739 1740
f 1828 1740 1061
f 1741 153 862
f 22 1741 862
f 154 1742 863
f 21 863 1742
f 587 1743 1106
f 1106 1743 103
f 588 1107 1744
f 1744 1107 778
f 1745 476 1662
f 1745 1207 476
f 1663 477 1746
f 1208 1746 477
f 118 1747 1389
f 118 1392 1747
f 1462 1748 422
f 1462 1233 1748
f 423 1749 1463
f 1234 1463 1749
f 317 16 1750
f 955 1750 16
f 1751 15 318
f 1751 956 15
f 1752 490 1681
f 985 490 1752
f 491 1753 1682
f 385 1753 491
f 1296 1754 672
f 1754 1468 672
f 1297 673 1755
f 673 1469 1755
f 1075 97 1756
f 1756 258 1075
f 1076 259 1757
f 98 1076 1757
f 621 1758 1151
f 1758 621 1274
f 622 1152 1759
f 1759 1275 622
f 1185 1760 945
f 1913 945 1760
f 1186 946 1761
f 946 1914 1761
f 668 664 1762
f 664 1823 1905
f 665 1763 994
f 665 669 1763
f 1764 835 450
f 540 1764 450
f 836 1765 451
f 541 451 1765
f 348 342 1766
f 783 1766 342
f 343 349 1767
f 784 343 1767
f 1246 1768 2057
f 965 686 1768
f 632 2058 1769
f 687 966 1769
f 1999 1770 783
f 783 1770 1766
f 2000 784 1771
f 1771 784 1767
f 1823 727 1772
f 727 1515 1772
f 728 1824 1773
f 1516 728 1773
f 1774 538 2073
f 280 414 1774
f 539 1775 2074
f 415 281 1775
f 1523 446 1776
f 1776 446 740
f 447 1524 1777
f 447 1777 741
f 840 1778 418
f 418 1778 1363
f 1779 841 419
f 1364 1779 419
f 1780 1491 1030
f 1780 2003 1491
f 1492 1781 1031
f 1081 1781 1492
f 870 1782 1123
f 870 1726 1782
f 1783 871 1124
f 1783 1727 871
f 1586 725 1784
f 725 682 1784
f 726 1587 1785
f 2038 726 1785
f 1042 69 1786
f 1042 1786 1451
f 1043 1452 1787
f 1043 1787 69
f 1788 1094 70
f 1788 70 78
f 1095 1789 71
f 1789 79 71
f 1790 165 1836
f 1790 1835 165
f 684 1791 1436
f 191 1791 684
f 1792 685 1437
f 192 685 1792
f 338 1793 212
f 212 1793 256
f 339 213 1794
f 1794 213 257
f 748 718 1795
f 1795 1833 748
f 749 1796 719
f 1796 749 1834
f 284 1137 1797
f 284 1797 1136
f 145 1798 392
f 1798 1550 392
f 146 393 1799
f 1551 1799 393
f 482 1800 88
f 807 1800 482
f 1801 483 89
f 1848 483 1801
f 1802 1026 1153
f 1026 1802 1316
f 1803 1154 1027
f 1803 1027 1317
f 1263 109 1804
f 109 1262 1804
f 1310 698 1805
f 1497 1805 698
f 699 1311 1806
f 1806 1498 699
f 1807 1058 704
f 1807 1387 1058
f 1808 1059 1388
f 1059 1808 705
f 534 1809 183
f 1199 183 1809
f 1810 535 184
f 184 1200 1810
f 1652 1811 26
f 1811 1993 26
f 1812 1653 27
f 1994 1812 27
f 1633 208 1813
f 208 278 1901
f 1814 209 1634
f 209 1902 279
f 168 396 1815
f 168 1815 1521
f 169 1816 397
f 1522 1816 169
f 374 1817 999
f 999 1817 378
f 1894 1000 1818
f 1818 1000 379
f 462 1819 702
f 702 1819 1410
f 463 703 1820
f 1820 703 1399
f 874 1821 532
f 1821 874 1499
f 1822 875 533
f 1500 875 1822
f 993 727 1823
f 664 993 1823
f 1170 994 1824
f 994 194 1824
f 1525 1825 696
f 696 1825 1572
f 697 1826 1526
f 1826 697 1573
f 1739 226 1827
f 226 1650 1827
f 1828 226 1740
f 1651 226 1828
f 1829 1179 1369
f 1829 880 1179
f 1370 1180 1830
f 881 1830 1180
f 799 520 1831
f 520 297 1831
f 449 1832 521
f 521 1832 298
f 1229 1833 1795
f 1558 1833 1229
f 1834 1230 1796
f 1230 1834 1559
f 165 1835 1161
f 1835 404 1161
f 1836 165 1162
f 1162 405 1836
f 995 1841 1837
f 1472 995 1837
f 488 996 1838
f 1473 1838 996
f 195 1839 1280
f 987 1839 195
f 1840 196 1281
f 988 196 1840
f 995 487 1841
f 487 2065 1841
f 488 1838 1842
f 2066 488 1842
f 1843 376 870
f 1064 376 1843
f 871 377 1844
f 377 1065 1844
f 1845 35 1229
f 1032 35 1845
f 1846 1230 36
f 36 1033 1846
f 1847 807 262
f 807 1847 1800
f 808 1848 263
f 1848 808 483
f 1849 1145 37
f 1849 1183 1145
f 1146 1850 38
f 1184 1850 1146
f 848 2055 1851
f 1441 848 1851
f 1852 2056 849
f 1442 1852 849
f 1853 63 569
f 569 287 1857
f 64 1854 570
f 1858 288 570
f 1991 1855 1616
f 1855 328 1616
f 1856 1992 1617
f 329 1856 1617
f 1857 1679 1853
f 569 1857 1853
f 1680 1858 1854
f 1858 570 1854
f 766 858 1859
f 1859 858 1849
f 859 767 1860
f 1850 859 1860
f 222 1221 1861
f 1861 1221 736
f 223 1862 1222
f 1222 1862 737
f 1863 302 1607
f 302 1863 1306
f 303 1864 1459
f 1864 303 1307
f 84 868 1865
f 1873 1865 868
f 869 85 1866
f 1021 869 1866
f 706 1867 321
f 915 321 1867
f 707 322 1868
f 1437 1868 322
f 1871 1869 700
f 1871 358 1869
f 1870 215 701
f 359 1872 1870
f 214 540 1871
f 1871 700 214
f 215 1872 541
f 1870 1872 215
f 1873 799 1831
f 799 1873 222
f 800 1874 92
f 1874 800 223
f 1387 1875 496
f 1875 987 496
f 988 1876 497
f 1876 1388 497
f 24 1079 1877
f 1877 1079 1377
f 1404 1878 1195
f 12 1195 1878
f 1879 1405 1196
f 1196 11 1879
f 1880 293 652
f 975 1880 652
f 294 1881 653
f 976 653 1881
f 1656 750 1882
f 750 817 1882
f 1883 751 1263
f 818 751 1883
f 1884 760 1447
f 1447 1096 1884
f 761 1885 1448
f 1448 1885 1097
f 442 1639 1886
f 1889 33 442
f 1887 1640 443
f 34 1890 443
f 720 564 1888
f 2069 720 1888
f 1889 442 1886
f 1276 1889 1886
f 1887 443 1890
f 1277 1887 1890
f 1891 1629 1453
f 1891 1453 856
f 857 1454 1892
f 1454 1630 1892
f 1893 374 688
f 374 1893 1817
f 375 1894 689
f 1894 375 1000
f 1895 243 997
f 360 243 2001
f 244 1896 998
f 361 2002 244
f 1897 1073 915
f 1574 1073 1897
f 1074 1898 1437
f 1074 1575 1898
f 935 1899 1321
f 1321 1899 241
f 936 1322 1900
f 1900 1322 242
f 1813 208 1901
f 1813 1901 600
f 1814 1902 209
f 1814 601 1902
f 1903 598 1062
f 598 1903 639
f 599 1904 45
f 1904 599 640
f 1762 1905 193
f 1762 664 1905
f 1906 249 323
f 790 249 1906
f 507 805 1907
f 1018 1911 805
f 1908 806 508
f 1912 1019 806
f 247 1205 1909
f 1937 1205 204
f 1206 248 1910
f 1206 1938 205
f 1907 1911 1334
f 805 1911 1907
f 1908 1335 1912
f 1908 1912 806
f 247 945 1913
f 247 1913 1205
f 946 248 1914
f 1914 248 1206
f 12 781 1915
f 1056 1915 781
f 782 11 1916
f 213 782 1916
f 1917 168 1521
f 1917 1521 501
f 1918 1522 169
f 502 1522 1918
f 1157 1548 1919
f 1919 1548 141
f 1549 1920 142
f 1158 1920 1549
f 872 1921 436
f 436 1921 254
f 1922 437 255
f 1922 1190 437
f 402 2013 1923
f 402 1923 911
f 1924 2014 403
f 1924 403 912
f 1925 1044 885
f 1925 17 1044
f 1045 1926 886
f 1926 1045 17
f 1323 270 1927
f 1323 1927 550
f 271 1324 1928
f 1324 551 1928
f 1929 1340 1536
f 1620 1340 1929
f 1930 1537 1341
f 1341 1621 1930
f 107 159 1931
f 107 1931 723
f 108 1932 160
f 1932 108 1444
f 1933 112 352
f 594 2019 1933
f 1934 353 113
f 2020 595 1934
f 107 1935 1304
f 1935 107 1443
f 1305 1936 108
f 108 1936 1940
f 1909 1937 1209
f 1909 1205 1937
f 1910 1210 1938
f 1206 1910 1938
f 1939 1443 199
f 1935 1443 1939
f 108 1940 1444
f 1940 200 1444
f 1396 1941 1687
f 1396 1607 1941
f 1942 1397 1688
f 1608 1397 1942
f 388 1943 1254
f 410 1254 1943
f 389 1255 1944
f 1255 411 1944
f 1945 1474 654
f 571 1945 654
f 1466 1946 655
f 1946 572 655
f 1947 575 299
f 1756 575 1947
f 576 1948 300
f 1757 1948 576
f 14 1949 1350
f 1350 1949 1219
f 13 1351 1950
f 1351 1220 1950
f 141 1951 1100
f 1132 1955 141
f 1952 142 1101
f 1133 142 1956
f 1953 1807 41
f 1733 1953 41
f 1808 1954 42
f 1734 42 1954
f 1040 1951 1955
f 141 1955 1951
f 1956 1952 1041
f 1956 142 1952
f 1957 95 835
f 1957 1219 95
f 96 1958 836
f 1220 1958 96
f 1088 567 1959
f 567 560 1959
f 568 1089 1960
f 1960 561 568
f 880 346 1961
f 1961 346 823
f 881 1962 347
f 347 1962 824
f 1963 1227 2
f 1963 2 2037
f 1968 1964 1
f 1964 236 1
f 852 1965 245
f 76 1965 852
f 853 246 1966
f 1966 77 853
f 1963 1967 1227
f 1967 2011 1227
f 1968 1 1228
f 1224 1968 1228
f 299 1969 1947
f 444 1969 299
f 1970 300 1948
f 445 300 1970
f 983 712 1971
f 983 2071 979
f 713 984 1972
f 2072 984 980
f 1973 514 708
f 514 1973 1641
f 1974 709 515
f 515 1642 1974
f 558 1975 902
f 558 1609 1975
f 1976 559 903
f 1976 1610 559
f 418 1363 1977
f 218 1977 1363
f 1364 419 1978
f 1364 1978 219
f 1979 398 1140
f 1829 1979 1140
f 1980 1830 1141
f 399 1980 1141
f 1981 856 412
f 1981 412 1338
f 857 1982 413
f 1976 413 1982
f 1983 187 731
f 1780 187 1983
f 188 1984 732
f 1781 1984 188
f 1207 1985 181
f 181 1985 1805
f 182 1986 1208
f 1986 182 1806
f 1635 1987 1631
f 1987 1288 1631
f 1636 1632 1988
f 1632 1289 1988
f 1155 1312 1989
f 137 1155 1989
f 1990 1313 1156
f 1990 1156 138
f 202 1991 941
f 1991 1616 941
f 1992 203 942
f 1617 1992 942
f 434 1993 1811
f 434 1024 1993
f 1812 1994 435
f 1025 435 1994
f 803 1995 505
f 803 1215 1995
f 1996 804 506
f 1996 1216 804
f 1088 1959 1997
f 1997 352 1088
f 1998 1960 1089
f 1998 1089 353
f 1770 1999 197
f 1681 197 1999
f 1771 198 2000
f 1682 2000 198
f 917 2001 1895
f 1895 2001 243
f 2002 918 1896
f 2002 1896 244
f 2003 710 1774
f 710 2003 1481
f 711 2004 1775
f 2004 711 1482
f 929 1623 2005
f 237 929 2005
f 47 930 2006
f 930 238 2006
f 1784 344 2007
f 2007 344 1519
f 2008 345 1785
f 2008 1520 345
f 380 2009 793
f 1147 793 2009
f 794 2010 381
f 794 1148 2010
f 2011 1223 989
f 1408 2011 989
f 1224 2012 990
f 990 2012 1409
f 239 2013 1239
f 2013 239 398
f 2014 240 1240
f 399 240 2014
f 2015 714 1151
f 350 714 2015
f 715 2016 1152
f 351 2016 715
f 738 1470 2017
f 28 738 2017
f 1471 739 2018
f 739 28 2018
f 112 2019 1276
f 1933 2019 112
f 113 1277 2020
f 2020 1934 113
f 2021 1737 199
f 2021 199 723
f 200 1738 2022
f 200 2022 724
f 1026 2023 1153
f 2023 334 1153
f 1027 1154 2024
f 2024 1154 335
f 110 2025 2039
f 1462 2025 110
f 2026 111 1553
f 423 111 2026
f 2027 131 967
f 131 2031 1884
f 968 132 2028
f 2032 132 1885
f 716 50 2029
f 1782 716 2029
f 717 1783 2030
f 51 717 2030
f 2031 131 2027
f 2027 404 2031
f 132 2032 2028
f 405 2028 2032
f 179 1038 2033
f 179 2033 904
f 180 2034 1039
f 180 905 2034
f 2035 368 619
f 328 2035 619
f 369 2036 620
f 2036 329 620
f 235 2037 725
f 1963 2037 235
f 726 2038 236
f 2038 508 236
f 1552 2039 372
f 110 2039 1552
f 2040 1553 373
f 2026 1553 2040
f 1159 2041 1458
f 1302 2041 1159
f 1459 2042 1160
f 1160 2042 1303
f 1221 1217 2043
f 1163 2043 1217
f 85 2044 1218
f 1164 1218 2044
f 1302 82 2045
f 1302 2045 2041
f 2046 1303 2042
f 83 1303 2046
f 2047 1181 633
f 1485 1181 2047
f 1182 2048 634
f 1486 2048 1182
f 1346 2049 135
f 2049 698 135
f 699 2050 136
f 1347 136 2050
f 2051 704 1677
f 2051 1807 704
f 705 2052 1678
f 1808 2052 705
f 2053 1191 1880
f 2053 1007 1191
f 1008 2054 1192
f 1192 2054 1881
f 2055 1613 1851
f 2055 1334 1613
f 1614 2056 1852
f 1614 1335 2056
f 686 1225 2057
f 1768 686 2057
f 2058 1226 687
f 2058 687 1769
f 1639 442 2059
f 1639 2059 65
f 443 1640 2060
f 2060 1640 66
f 1464 2061 487
f 1464 324 2061
f 2062 1465 488
f 325 1465 2062
f 386 690 2063
f 596 386 2063
f 387 2064 691
f 597 2064 387
f 1009 2069 2065
f 1009 2065 2061
f 2070 1010 2066
f 1010 2062 2066
f 2067 1420 116
f 348 2067 116
f 117 1421 2068
f 117 2068 349
f 721 1440 2069
f 484 721 2069
f 722 2070 564
f 722 1010 2070
f 983 1971 2071
f 2071 1971 287
f 1972 984 2072
f 288 1972 2072
f 2073 1223 280
f 1774 2073 280
f 281 1224 2074
f 2074 1775 281

 