# File exported by ZBrush version 2026
# www.zbrush.com
#Vertex Count 12018
#Face Count 24286
#Auto scale x=1.000000 y=1.000000 z=1.000000
#Auto offset x=0.000000 y=0.000000 z=0.000000
v -0.02957231 -3.77927398 0.26061147
v 0.02883244 -3.80700039 0.26328378
v -0.06235856 -3.77688646 0.25549608
v -0.02794885 -3.77885484 0.25906068
v -0.01869554 -3.7792015 0.25787383
v -0.00496536 -3.78152084 0.25462859
v 0.00756401 -3.78094005 0.25345557
v 0.01958324 -3.77828574 0.25544709
v -0.06188481 -3.78687834 0.2554669
v -0.04936375 -3.78731012 0.25626677
v -0.03938115 -3.78658771 0.2572205
v -0.02865916 -3.78828477 0.25697943
v -0.01772156 -3.7878015 0.25483888
v -0.0058407 -3.78898239 0.252792
v 0.00731391 -3.78672504 0.25280478
v 0.01863573 -3.78740215 0.25535392
v -0.05130738 -3.7991147 0.25409978
v -0.03952435 -3.79979848 0.25318896
v -0.0279772 -3.80020785 0.25342974
v -0.01707286 -3.79865145 0.25269049
v -0.00708864 -3.79758977 0.2535305
v 0.00498255 -3.79804754 0.25435766
v 0.01834595 -3.79977369 0.25718003
v 0.06126692 -3.80910992 0.25251999
v -0.0732448 -3.79985976 0.25895482
v -0.02780783 -3.81080007 0.25289297
v -0.01838868 -3.80974316 0.25446873
v -0.00662465 -3.80919408 0.25543212
v 0.03492707 -3.81064605 0.25521516
v -0.01744999 -3.82246112 0.25471454
v -0.00619536 -3.82265281 0.25617435
v 0.0064053 -3.82133626 0.25710856
v 0.01842641 -3.82110118 0.25747054
v 0.02955844 -3.81992912 0.25790607
v 0.0403903 -3.81933689 0.25771158
v 0.04895015 -3.8193531 0.25695091
v 0.05969008 -3.81880807 0.256509
v -0.00717938 -3.8332262 0.25304275
v 0.00706765 -3.83335495 0.25348642
v 0.01937199 -3.83287477 0.25420284
v 0.02906332 -3.83110332 0.25538581
v 0.03809664 -3.83053159 0.25540259
v 0.04891817 -3.83108043 0.25474962
v 0.07024515 -3.82049679 0.2600609
v -0.01767822 -3.84048843 0.25427651
v 0.02859069 -3.84198093 0.25438883
v 0.03734 -3.84192037 0.25451242
v 0.01927357 -3.84230494 0.2555269
v -0.04668754 -3.79912853 0.2507317
v -0.00723425 -3.7985897 0.25194951
v -0.04838292 -3.80857443 0.24918624
v -0.03620516 -3.80845975 0.25074964
v -0.04652304 -3.84280777 0.24432873
v -0.00611267 -3.84313225 0.24818377
v -0.03695609 -3.85185957 0.24457573
v -0.02845949 -3.85321688 0.24664437
v -0.0370657 -3.86444234 0.24294012
v -0.02915471 -3.86422061 0.24493825
v -0.01829896 -3.86392641 0.2467668
v -0.02952016 -3.87486052 0.24368131
v -0.0179187 -3.87456369 0.24582976
v -0.02797856 -3.88718104 0.24311879
v -0.01675667 -3.88697671 0.24545788
v -0.06275461 -3.87127423 0.24454337
v -0.0283039 -3.89679837 0.24407267
v -0.01686242 -3.89824628 0.24674519
v -0.0275916 -3.90801978 0.24314826
v -0.01661488 -3.90858602 0.24632756
v -0.01811007 -3.9179759 0.24604335
v -0.01830512 -3.93028688 0.24341617
v -0.06837178 -3.82872271 0.23795229
v -0.06200888 -3.84154915 0.23572348
v 0.08052699 -3.9423294 0.2316088
v 0.00742199 -3.94460773 0.22291863
v 0.03861793 -3.9417417 0.223104
v 0.04885913 -3.94070315 0.2256461
v 0.05976551 -3.94042372 0.22352162
v 0.0708957 -3.93968963 0.22170709
v -0.02234327 -3.94772362 0.22107018
v 0.09397956 -3.92694568 0.21187765
v 0.04851137 -3.94016528 0.21191036
v -0.01712633 -3.94714355 0.21093195
v -0.00596305 -3.94768476 0.21110601
v 0.00933572 -3.94767761 0.21126918
v 0.03210556 -3.94836044 0.21368934
v 0.02916319 -3.94811654 0.20167689
v -0.01602475 -3.94236445 0.2001893
v 0.01687176 -3.94207906 0.18985185
v 0.02841514 -3.94003081 0.1901524
v -0.00795487 -3.94005012 0.18180272
v 0.00641941 -3.93890619 0.17959758
v -0.03022629 -3.92902064 0.16685251
v 0.0328544 -3.92935037 0.1678487
v 0.01077634 -3.93577671 0.1683039
v -0.37371647 -3.80003762 0.17733682
v -0.02886822 -3.92973327 0.15657387
v -0.0178982 -3.93109488 0.15784567
v -0.00504279 -3.93032217 0.1573638
v 0.00784503 -3.9300456 0.15838065
v 0.01675001 -3.9299519 0.15825489
v 0.02613508 -3.92990064 0.15802012
v 0.03822344 -3.93076109 0.15842562
v 0.04993511 -3.93003034 0.1579045
v 0.20148086 -3.80763959 0.15176747
v 0.13584923 -3.92077422 0.1506551
v -0.05953896 -3.93443346 0.15039525
v -0.01761613 -3.92870378 0.14686007
v -0.00385174 -3.92901539 0.14734131
v 0.00822177 -3.9293456 0.14818105
v 0.01697764 -3.9291296 0.14826156
v 0.02648632 -3.92840004 0.14785271
v 0.03776373 -3.92827153 0.1476823
v 0.04987009 -3.92749238 0.14710795
v -0.06195385 -3.927253 0.13938272
v -0.02984858 -3.93013 0.14163717
v 0.7143917 -3.69027042 0.12108011
v -0.54900664 -3.80342125 0.09345342
v -0.6230027 -3.74975156 0.09171693
v 0.73525726 -3.76651144 0.01938866
v 0.83612239 -3.62903451 -0.13199211
v -0.87672931 -3.718858 -0.12525191
v -0.85733056 -3.52891469 -0.28499567
v -0.82942664 -3.49436688 -0.39776444
v -0.82648766 -3.48843717 -0.408616
v -0.82207489 -3.49041509 -0.40940773
v 0.75725221 -3.58075547 -0.41938269
v -0.85377872 -3.6014142 -0.41782471
v 0.81001019 -3.59811162 -0.4466162
v -0.65886408 -3.45490431 -0.65734148
v -0.60665106 -3.51908612 -0.74126642
v -0.63847428 -3.44394755 -0.74376708
v -0.57662046 -3.48948669 -0.81684917
v 0.53747564 -3.4895451 -0.83463436
v -0.15818896 -3.5382452 -0.84247279
v -0.09451342 -3.54023861 -0.84530377
v -0.05819649 -3.52834963 -0.84019172
v -0.15756452 -3.53705835 -0.85426402
v -0.09517069 -3.5390563 -0.85404098
v -0.17852631 -3.54938268 -0.85504424
v -0.08547763 -3.54904627 -0.85225385
v -0.16909059 -3.51910686 -0.86479044
v -0.16588753 -3.52792501 -0.86454719
v -0.0951906 -3.53615713 -0.86560386
v 0.18895596 -3.50678777 -0.86991369
v -0.09091696 -3.5256083 -0.87511336
v 0.47379517 -3.55483412 -0.86622482
v -0.42274153 -3.55171895 -0.88487601
v -0.1460109 -3.54878759 -0.88102507
v -0.07902592 -3.55816841 -0.88927114
v -0.06596024 -3.57793593 -0.94684433
v 0.10369084 -4.08522653 0.21194917
v 0.11773134 -4.08614873 0.21303579
v 0.11863086 -4.09467887 0.21344743
v 0.13379389 -4.09482955 0.21491007
v -0.19238741 -4.03973054 0.20309044
v 0.55168682 -3.99119782 0.19035472
v 0.57059717 -4.00700807 0.17742925
v 0.58552181 -4.00886964 0.17693355
v 0.5698136 -4.01616144 0.17973712
v 0.49334523 -4.03575706 0.18729418
v -0.22798128 -3.80616378 0.17053198
v 0.18058803 -3.91109752 0.17316335
v 0.63635295 -3.97894191 0.16923645
v -0.12656912 -3.96715331 0.16519989
v 0.57555115 -3.99243235 0.16902141
v 0.62096536 -3.99103736 0.16584196
v 0.58793836 -4.00634193 0.17117491
v 0.61947965 -4.0024929 0.16742938
v -0.22852936 -3.79176378 0.14631959
v -0.24261304 -3.80277657 0.14440411
v -0.22707778 -3.80203533 0.14329385
v -0.21084548 -3.80290246 0.14540967
v -0.20824822 -3.8177998 0.14250221
v 0.60864317 -3.84064102 0.15959484
v -0.39162915 -3.9112668 0.14224532
v 0.07173498 -3.92644 0.14363551
v 0.66040074 -3.99079752 0.15246683
v 0.19997 -3.75646162 0.13662913
v -0.22820286 -3.79028654 0.13383479
v -0.21805664 -3.80285024 0.135524
v -0.20113903 -3.81702756 0.13339269
v -0.46657046 -3.86116266 0.14406122
v 0.02613051 -3.85439491 0.13674703
v -0.04225252 -3.87352418 0.13888835
v -0.23908382 -3.88171339 0.1357412
v 0.74562788 -3.89377307 0.12932133
v 0.72638791 -3.97635841 0.13460639
v 0.72367566 -3.98777127 0.13814972
v -0.74124145 -3.76856136 0.11662413
v -0.2718032 -3.80095338 0.12490497
v -0.23772633 -3.80283093 0.12184525
v -0.21476642 -3.81493997 0.12221994
v -0.17484021 -3.8440957 0.12438481
v -0.47465673 -3.86478185 0.11279737
v -0.24296414 -3.89588594 0.11593
v -0.14885194 -3.92868614 0.12160645
v -0.44750154 -3.95848369 0.12315677
v -0.45777255 -3.97664475 0.12363906
v -0.77476537 -4.3890028 0.11960083
v -0.25168645 -3.77027154 0.10335383
v 0.79251056 -3.97358799 0.10841721
v -0.81997543 -4.40070056 0.09776376
v -0.80237931 -4.3988924 0.10153864
v -0.80429887 -4.4066534 0.10037788
v -0.78835535 -4.40966796 0.10319919
v -0.75753164 -4.42205476 0.10465185
v -0.88196897 -4.38306045 0.0835112
v -0.86662674 -4.38518619 0.08782702
v -0.86701738 -4.39363956 0.08747959
v -0.8507806 -4.39885044 0.09104238
v -0.58555907 -3.81853175 0.06249325
v -0.95908713 -4.31803798 0.03316869
v -0.71786606 -3.7075901 0.01938788
v -0.97688508 -4.31720638 0.02336013
v -0.97372627 -4.32913112 0.02672158
v -0.94112944 -3.94299602 0.02112386
v -0.96125865 -3.9608488 0.00984298
v -0.96665525 -3.96883034 0.00492836
v -0.99018776 -4.31252098 0.00647529
v -0.95928752 -3.93090176 -0.00916089
v -0.96036052 -3.94490814 -0.02245585
v -0.96494102 -3.95638275 -0.01639766
v 0.783158 -4.05876588 -0.02997635
v -0.98846089 -4.26815033 -0.04337396
v -1.00643873 -4.29364585 -0.05419307
v -0.92206251 -3.8322072 -0.02566958
v -0.96068787 -3.91518473 -0.06827703
v -0.96080774 -3.92867732 -0.06815718
v -0.96341598 -3.93861222 -0.06156181
v -0.95884442 -3.91400051 -0.08160568
v -0.96458512 -3.93006444 -0.08490555
v -0.99212002 -4.25805854 -0.08742002
v -0.99823039 -4.29449605 -0.07366197
v -0.96229636 -3.89987516 -0.09873951
v -0.96186697 -3.91457843 -0.10047692
v -0.96554303 -3.92447423 -0.10399498
v -0.99155426 -4.27281808 -0.102887
v -0.99510556 -4.28813171 -0.10142219
v 0.76255691 -3.7503395 -0.11278525
v -0.94250601 -3.8669281 -0.11808134
v -0.96019887 -3.89792203 -0.11276682
v 0.97050875 -3.90021038 -0.07383027
v -0.9658401 -3.91618108 -0.11772531
v -0.98816382 -4.28457927 -0.12269567
v -0.96046918 -3.88290214 -0.13094951
v -0.96481472 -3.90222501 -0.13081517
v -0.96670097 -3.91002225 -0.13333824
v -0.98985588 -4.27576303 -0.12831839
v -0.96250903 -3.86875939 -0.14844885
v -0.96005493 -3.88164472 -0.14605504
v -0.96538692 -3.90231275 -0.14218914
v 0.84738141 -3.82015705 -0.14829433
v -0.98250937 -4.2749443 -0.16376683
v 0.86861801 -3.57096934 -0.15819031
v -0.96745753 -3.88613009 -0.17697748
v -0.97443091 -3.88364124 -0.19149321
v -0.97844624 -3.89574575 -0.19445535
v -0.95819711 -3.84859752 -0.20307049
v -0.97502279 -3.86570072 -0.211461
v -0.97967147 -3.88373518 -0.21012449
v -0.98236429 -3.89373302 -0.21119636
v -0.99388378 -4.22809267 -0.21128234
v -0.99066197 -4.24568176 -0.20723944
v -0.98789954 -4.26069641 -0.20645551
v -0.97291159 -4.16172218 -0.19562646
v -0.99595075 -4.24286603 -0.22799018
v -0.99347662 -4.25705719 -0.2259137
v 0.72268128 -3.43323802 -0.24790898
v -0.98236429 -3.85303807 -0.23139534
v -0.97976803 -3.86968183 -0.24289131
v 0.72368472 -3.43160867 -0.2629033
v 0.72780525 -3.44639396 -0.26235091
v 0.75692725 -3.44366812 -0.25806951
v -1.01437068 -4.21484947 -0.25021842
v -0.99840551 -4.24729919 -0.2527436
v 0.81204342 -3.6717081 -0.24413535
v -0.99284756 -3.87990355 -0.27171197
v 0.91717726 -3.96650171 -0.26407703
v -1.00965237 -4.21405124 -0.27329915
v -1.00957179 -4.23025703 -0.27501246
v 1.04628992 -4.27563381 -0.27024176
v 1.05038988 -4.28086948 -0.27397236
v 0.73729908 -3.41399145 -0.28916537
v -0.99242532 -3.86798071 -0.29333066
v -0.99727869 -3.88137388 -0.29222825
v -1.01820612 -4.23085737 -0.28708523
v 1.05313348 -4.2748723 -0.28571111
v 1.05119562 -4.2841587 -0.29186487
v -1.02772045 -4.22650528 -0.30618965
v -1.02379918 -4.24270248 -0.30625736
v 1.0553894 -4.27460289 -0.30412656
v 1.05173528 -4.28555107 -0.30829295
v -0.79942512 -3.63775491 -0.31718829
v -1.02937948 -4.23974418 -0.3185141
v 1.05441618 -4.27516937 -0.32213473
v 1.05010795 -4.28640604 -0.32582095
v 0.71408557 -3.39730882 -0.33542752
v 0.74626016 -3.45678257 -0.34117269
v -0.82293152 -3.61522889 -0.34054046
v -0.97886651 -3.84467101 -0.32351091
v -1.04120183 -4.22518873 -0.33417922
v -1.03767514 -4.23676395 -0.33300921
v 1.04694306 -4.27503776 -0.33838671
v 1.05153858 -4.28494072 -0.33622497
v -0.80803239 -3.64991283 -0.35107094
v -1.00421857 -3.87152481 -0.33533468
v -1.05018854 -4.22557258 -0.35245919
v -1.04521989 -4.22814607 -0.35124188
v -0.84159535 -3.64866113 -0.35718318
v -0.805543 -3.66552686 -0.39562133
v 0.99133014 -3.89995408 -0.40283575
v -0.81866216 -3.63406419 -0.41380322
v -0.82147574 -3.64854049 -0.41646346
v -0.80383789 -3.64967608 -0.41851255
v 0.98087209 -3.90124654 -0.41291582
v 1.01810801 -4.14446067 -0.41695776
v -0.83949261 -3.66204404 -0.42159572
v -0.80010873 -3.70696091 -0.49157655
v -0.83520668 -3.68376016 -0.48116365
v -0.90913295 -3.84286403 -0.55155086
v -0.82308089 -3.80130553 -0.48814231
v -0.88311696 -3.88591384 -0.63161802
v -0.87031221 -3.88550305 -0.63921904
v -0.89641416 -3.88229894 -0.61294031
v -0.87209415 -3.88637971 -0.64512026
v -0.87387812 -3.89296078 -0.64425814
v -0.85091221 -3.87722325 -0.65234601
v 0.40591546 -3.26077222 -0.68884956
v -0.79870295 -3.76108288 -0.68601578
v -0.81783962 -3.90146827 -0.71236634
v -0.80724716 -3.89957332 -0.71365368
v -0.77714794 -3.98737382 -0.71031922
v 0.79832518 -3.86052894 -0.69285315
v -0.80640316 -3.89861249 -0.72205519
v -0.81221079 -3.90858984 -0.7188797
v -0.80064225 -3.914958 -0.73775792
v -0.13241398 -3.4270935 -0.756832
v -0.12806114 -3.43318343 -0.77503055
v -0.11610364 -3.44529342 -0.77208471
v -0.17266506 -3.41379785 -0.79631269
v -0.12828807 -3.42752504 -0.79161387
v -0.11454348 -3.46323037 -0.78703457
v -0.09875264 -3.42865252 -0.79799026
v -0.36799854 -3.51129889 -0.80222481
v -0.39649349 -3.51837682 -0.81011742
v -0.3844394 -3.52529168 -0.81464701
v -0.1410606 -3.45099329 -0.82486772
v -0.39622014 -3.51146388 -0.81625556
v -0.38149794 -3.51241326 -0.82140564
v -0.39342829 -3.52283215 -0.82008326
v -0.14966337 -3.50831627 -0.83530896
v -0.30352819 -3.53825855 -0.83204501
v 0.39055791 -3.66795516 -0.82750523
v -0.6177017 -4.21552753 -0.84195953
v -0.14853569 -3.50811862 -0.85258269
v -0.27164733 -3.52183532 -0.8460834
v -0.20962943 -3.55086946 -0.84940099
v -0.10011222 -3.55317163 -0.85095721
v -0.18946917 -3.75545167 -0.84480702
v -0.73973316 -4.20832538 -0.84665292
v -0.6630178 -4.22723722 -0.85015368
v -0.64628469 -4.22703647 -0.85057383
v -0.63005912 -4.22706747 -0.85026621
v -0.55747854 -4.22000551 -0.85265827
v -0.6643157 -4.23907566 -0.85114777
v -0.64850586 -4.23865842 -0.8515352
v -0.63227653 -4.2358694 -0.85096597
v -0.7288376 -4.25303173 -0.84774631
v -0.11547773 -3.52185583 -0.86176818
v 0.3336178 -3.64916992 -0.8762716
v 0.38632509 -3.68008279 -0.87607395
v 0.3241198 -3.65035438 -0.88543951
v 0.31751769 -3.665555 -0.88359731
v 0.33344221 -3.6634612 -0.8793137
v 0.31634706 -3.65130615 -0.89507949
v 0.33137846 -3.66682863 -0.8966065
v 0.40048772 -3.71266317 -0.90415054
v 0.66015434 -4.22415638 -0.91116064
v 0.14282986 -3.73549985 -0.93165981
v -0.97025203 -4.33023738 0.03567517
v -0.7607094 -4.0435462 0.00088507
v -0.7908287 -3.79189777 -0.43223249
v -0.40986025 -3.51670718 -0.80461329
v -0.52319777 -3.51988077 -0.82779765
v -0.66819244 -3.55524325 0.04002337
v 0.86888462 -3.95901584 -0.26844933
v -0.47182121 -3.35518217 -0.74440759
v 0.82253265 -4.38137579 0.08254882
v -0.0680672 -4.41470718 0.17614632
v -0.42501425 -3.29317092 -0.63722795
v -0.00389293 -3.29968977 -0.66048783
v 0.63683331 -3.99406051 0.16557301
v 0.45843699 -3.75608682 0.11505811
v 0.25428897 -3.43186092 -0.86050629
v 0.41717127 -4.13499689 0.13389252
v 0.35677066 -4.12598276 -0.90868967
v -0.42591941 -3.50015091 -0.78632807
v 0.66244965 -3.67444992 -0.62475001
v 0.69546967 -3.93970346 -0.88944125
v -0.51010555 -3.35683107 -0.58785879
v 0.63224554 -3.45400238 -0.70181369
v 0.0840917 -3.57460379 -0.94137549
v -0.90681195 -4.09016847 -0.05516684
v -0.6624248 -3.81943249 -0.69966369
v -0.70039421 -3.63268113 -0.04056344
v 0.78846722 -4.02771139 0.0264687
v -0.52095055 -3.52576828 -0.71119916
v 0.23244416 -4.20145225 0.13136507
v 0.74945437 -4.02060556 -0.72474461
v 0.81762021 -3.75715136 -0.52097833
v -0.81702339 -3.63217353 -0.11353784
v 0.95773971 -3.80858516 -0.32796788
v 0.8550812 -3.74301767 0.01307113
v 0.84436005 -3.56531453 -0.08798342
v -0.70044261 -3.34664821 -0.42711418
v -0.79336398 -3.69420743 -0.06571271
v 0.68740576 -3.46550178 -0.61629378
v 0.81521743 -3.64709281 -0.12340994
v -0.82289445 -3.69395828 0.04910673
v -0.7044447 -3.57808423 -0.44915777
v 0.08546084 -3.45199108 -0.85726815
v -0.880324 -3.82524013 0.04744257
v 0.10051121 -3.65917444 -0.91037172
v 0.68994468 -3.61024856 -0.0223384
v -0.34962382 -3.78612136 -0.89197486
v -0.79171669 -3.68134522 -0.01791364
v 0.4482429 -3.75744199 -0.85969793
v -0.57359868 -4.0102663 -0.78470236
v 0.06008431 -3.83898139 0.20026972
v -0.58121514 -4.01234626 -0.82468903
v -0.52233111 -3.7026925 0.04245492
v -0.65249633 -3.55911731 -0.72356838
v -0.66953092 -3.4724369 -0.34180703
v -0.2962293 -3.89783358 -0.94066679
v -0.7098031 -3.59334158 -0.06528239
v 0.41766017 -3.78939557 0.20811843
v -0.7331658 -3.44236803 -0.30605381
v 0.63500881 -3.74540138 0.08061432
v 0.85052669 -3.68612933 -0.1671178
v -0.01826546 -3.94601774 0.18890808
v -0.76437878 -3.77044582 0.06382224
v -0.1696134 -3.91207528 0.12846951
v 0.45641058 -3.51281189 -0.73521786
v -0.329582 -3.81139802 0.14097693
v 0.5397737 -3.30438995 -0.54813897
v 0.63276147 -3.31100726 -0.31927108
v -0.03758981 -3.91839075 0.24497702
v 0.89628624 -3.71117997 -0.04833657
v 0.6351431 -3.54834246 -0.76887792
v 0.23453487 -3.77272343 -0.98576551
v 0.42782211 -3.8821454 -0.94526541
v -0.15175217 -3.47232079 -0.91657871
v 0.04865383 -3.93816614 0.17079579
v 0.06317956 -3.93144011 0.14801448
v -0.77135884 -3.50595974 -0.45681262
v -0.78987127 -3.57754015 -0.50755584
v 0.43170315 -3.22932314 -0.56024646
v 0.0626581 -3.32354569 -0.62764549
v 0.53113788 -3.8826406 0.18504077
v -0.14821951 -3.32674765 -0.61445182
v -0.55497306 -3.39107585 -0.50752085
v 0.17536626 -3.90608882 -0.83752393
v -0.74453395 -4.39810085 0.09841458
v 0.21232302 -3.96553659 -0.89168912
v -0.46589475 -3.82735681 0.05432005
v 0.66665709 -3.64649391 0.02524568
v 0.62435591 -3.95028162 -0.75350594
v 0.77952665 -3.81208086 -0.0691736
v 0.60564374 -4.02540826 -0.8715071
v -0.10886395 -3.93129825 0.18631899
v 0.75127023 -4.05859661 -0.65901452
v -0.42822635 -4.01739072 -0.82670563
v 0.8371495 -4.22874975 -0.64041197
v -0.19290958 -4.18593692 -0.90796709
v -0.84683525 -3.7038455 -0.574925
v 0.61529946 -3.77755022 -0.80778533
v -0.41172504 -4.25708627 -0.91213142
v 1.00592422 -3.89926052 -0.38288205
v -0.15061147 -4.12342214 -0.85004043
v 0.79707133 -3.93237829 -0.70765596
v -0.46956694 -3.2238512 -0.454084
v 0.49495035 -3.51324367 -0.83775579
v -0.66773396 -3.83198213 0.14435724
v 0.31456604 -3.4918313 -0.7722733
v -0.7560566 -3.79515838 0.04785569
v -0.80603337 -3.53105902 -0.07813827
v 0.39763721 -3.88368868 0.13510052
v 0.96687674 -4.1955614 -0.12160433
v -0.72787195 -4.2099924 0.13626059
v -0.87101215 -4.325181 0.07572436
v -0.01048101 -4.05432987 0.19409249
v -0.46351003 -4.42388439 0.12013999
v 0.68889939 -3.3900206 -0.1821267
v 0.04900802 -3.51438331 -0.93015372
v -0.37110775 -4.18131065 -0.92489606
v -0.24641299 -3.34076428 -0.79163348
v -0.91462063 -3.76662325 -0.1796284
v 0.78153371 -3.5730834 -0.05306096
v 0.78865438 -3.8085246 0.01157261
v -0.69128745 -3.94269394 0.07827512
v 0.46695277 -4.00193166 0.12563026
v -0.47225871 -3.83210587 0.09742664
v -0.84565573 -3.83281707 -0.11111015
v -0.10764098 -3.86784672 0.12950988
v 0.22322991 -3.27168011 -0.67571902
v 0.67811304 -4.1496644 0.07076449
v 0.85478121 -3.6088376 -0.35840275
v 0.82510042 -3.5947473 -0.23096908
v 0.7107706 -3.61873698 0.06866718
v 0.82188433 -3.55766987 -0.49992284
v 0.6126858 -3.46241474 -0.69286459
v 0.27911216 -3.83538222 0.16871853
v -0.02441315 -3.92913126 0.23608681
v 0.66876262 -3.978935 0.0955054
v 0.12793402 -4.27357816 -0.84345877
v 0.8283292 -3.50990343 -0.35811668
v -0.11778381 -3.27344131 -0.63463574
v 0.42179226 -3.89818835 0.12610104
v -0.30156368 -3.46845889 -0.87631058
v 0.23587465 -4.20192146 0.17324572
v -0.05789749 -3.5750904 -0.8096984
v 0.41446223 -4.40006732 0.18056538
v -0.44789233 -3.7983601 0.0912561
v 0.47236725 -4.38243627 0.17644107
v -0.58586168 -3.73258614 0.09413986
v 0.30777964 -4.32857275 0.21229337
v 0.4135296 -3.25382661 -0.51783186
v 1.01519358 -4.14358043 -0.28486391
v 0.21020641 -3.28603053 -0.61271148
v -0.15400712 -3.97161388 -0.98864758
v -0.78953313 -3.66503191 -0.47830963
v -0.79973 -3.59220361 -0.43858996
v -0.81846469 -3.57798814 -0.51338517
v -0.78818917 -3.59690642 -0.2380535
v 0.72622728 -4.20195961 -0.89750081
v 0.1847928 -3.56895566 -0.92621433
v -0.42037069 -3.96576237 -0.78217941
v 0.79446661 -3.49227309 -0.50920891
v 0.76144552 -3.54677391 -0.37201002
v -0.52411496 -3.86174917 -0.87994408
v -0.7674247 -3.7108407 -0.02533862
v 0.73681628 -4.437891 0.1234883
v -0.80802905 -3.69174099 -0.05937811
v -0.88163369 -3.72090005 -0.0230068
v -0.87312465 -3.59123563 -0.11891363
v -0.80521071 -4.12275075 0.07815458
v 0.64794081 -3.5559678 0.0558843
v -0.99622213 -4.30082035 -0.02452187
v 0.27109018 -3.87480354 0.07729111
v -1.00495612 -4.27730846 -0.07243104
v 0.59037035 -4.01179933 0.07490477
v -0.97845017 -4.10106945 -0.2418141
v -0.19032442 -3.55604219 -0.91091579
v 0.68172454 -3.48131418 -0.18166483
v -0.775662 -4.03177547 0.17133094
v 0.539689 -3.31085205 -0.41727301
v -1.04391419 -4.22242164 -0.52453529
v 1.06176841 -4.17289304 -0.35692936
v 1.02693951 -4.10332918 -0.34277114
v -1.06122338 -4.18169117 -0.51954907
v 0.92318815 -4.01909446 -0.42656353
v -1.03701686 -4.22756195 -0.3188565
v 0.68815875 -4.11741781 -0.89796114
v 0.22555522 -4.25481462 -0.89596325
v 0.05903112 -3.57237386 -0.87169337
v 0.35916265 -4.17576789 -0.90944379
v 0.70226675 -3.55211424 -0.62652272
v 0.01905329 -4.23479557 -0.88187032
v 0.55140191 -3.55483865 -0.78825134
v -0.55481612 -3.27207303 -0.40132218
v -0.71080142 -3.7415986 0.01818319
v -0.65494096 -3.37964987 -0.22037877
v -0.5893892 -3.55562472 -0.77146738
v 0.53505206 -3.92542243 0.15169856
v -0.50987058 -3.5474348 -0.86148214
v -0.54324352 -3.69510817 0.10179111
v 0.91480714 -3.75159716 -0.16619326
v -0.69891858 -3.88545656 0.07996818
v 1.03776407 -3.8829348 -0.28897613
v 0.66522353 -4.2541418 0.15070657
v 0.63440728 -3.60574436 0.05666277
v -0.0932594 -3.86557602 0.19155165
v -0.13936913 -3.85281968 0.08855632
v 0.87292331 -3.51988029 -0.29755622
v -0.13665108 -3.84211325 0.21099495
v 0.79786461 -3.54143214 -0.1251138
v 0.88792544 -4.22973203 -0.04874358
v 0.88303297 -3.68768906 -0.29778984
v -0.27164018 -3.92994236 0.11130047
v -0.3343971 -3.8958714 0.15476694
v -0.55890452 -3.84932518 0.10444502
v -0.44582676 -3.81702828 -0.84642911
v -0.17624265 -4.04767799 0.1866565
v -0.36681562 -4.24075698 -0.89106816
v -0.86397028 -3.71939992 -0.0782945
v -0.3848361 -4.28489542 -0.88340324
v 0.11600688 -4.47695255 0.18573385
v 0.82344526 -4.10376167 -0.65306967
v -0.05011462 -3.30789351 -0.71305555
v 0.47423279 -3.75505352 -0.88669323
v -0.80194604 -3.46808528 -0.24936389
v 0.58961021 -3.90771532 -0.89801609
v 0.73686426 -3.65641593 -0.46072176
v 0.49988278 -3.6161549 -0.86157298
v -0.42272287 -3.46618318 -0.82859939
v 0.71165889 -4.00581169 -0.86581814
v 0.48728162 -3.83786916 0.12783543
v -0.70416081 -4.05399131 0.04393588
v 0.42861399 -3.81857705 0.15049484
v -0.69292205 -3.69436335 0.11432805
v -0.65969026 -3.71578407 0.10403323
v 0.86159676 -4.01275777 -0.52068972
v -0.4987227 -3.77594924 0.12938436
v 0.07367311 -3.29848599 -0.69775044
v 0.6840018 -3.80866122 0.15903079
v 0.73495084 -3.43202137 -0.51264512
v 0.75219351 -3.68042469 0.09959165
v 0.47719886 -3.30322766 -0.69915634
v 0.31441283 -3.94091606 0.11594233
v -0.90395623 -3.93517208 -0.16648463
v -0.0755424 -3.91288161 0.13749501
v -0.71702224 -3.57220339 -0.2201409
v 0.17655471 -3.85357284 0.17160815
v 0.48782891 -3.49350976 -0.80510395
v -0.07868468 -3.64352989 -0.83086752
v 0.50185841 -3.75935602 0.13487735
v 0.31544032 -3.90488886 0.21099141
v 0.68110948 -3.73672151 0.04306257
v -0.62186092 -3.57926273 -0.66773039
v -0.56809568 -3.35720706 -0.44615656
v -0.04045599 -3.92342805 -0.98971051
v -0.8130117 -4.05161142 -0.70987725
v 1.05136859 -4.26314258 -0.30969598
v -0.85047102 -4.25453329 -0.72878074
v -0.76063978 -3.82329464 -0.55225515
v 0.98955196 -4.20819473 -0.42587506
v -0.27867397 -3.87991285 0.17668868
v -0.37917596 -3.49496722 -0.90017676
v -0.33803597 -4.29324388 0.16667279
v -0.69546002 -3.49381947 -0.67413294
v -0.04650373 -4.23548698 0.19158758
v -0.51765686 -3.27500939 -0.55779081
v -0.54849022 -3.82930779 0.12373463
v -0.81769329 -3.70974755 -0.55350112
v -0.85283279 -3.93654012 0.11643968
v -0.79371839 -3.89116287 -0.71977263
v 0.68015247 -3.84940004 -0.72162908
v -0.70367181 -3.54753303 -0.72335046
v -0.86074566 -3.70532989 -0.03649896
v -0.60575199 -3.60150528 -0.79089111
v 0.53513026 -3.27580952 -0.58176064
v -0.08016487 -3.9593997 -0.83396089
v 0.89426273 -3.83805847 -0.04271996
v -1.00323772 -3.88062405 -0.42236116
v 0.7851476 -3.73955369 -0.02726502
v -0.58706694 -3.64236664 -0.73365008
v 0.44421368 -3.55519747 -0.85244482
v -0.17129086 -3.9203515 0.13743817
v 0.38424456 -3.46793532 -0.85170167
v 0.25783878 -4.10387468 0.21470961
v -0.11382915 -3.52642297 -0.84150487
v 0.82771861 -3.99454593 -0.4653801
v -0.11397042 -3.55436801 -0.8505029
v -0.76178771 -3.43174433 -0.45262524
v -0.87056559 -4.3670187 0.07866879
v -1.00425577 -4.1939435 -0.21947389
v -0.90065115 -4.29222583 0.06075716
v 0.19288612 -3.56644988 -0.86492753
v 0.00788437 -3.58224368 -0.90071952
v -0.95571041 -4.20091009 -0.0448223
v 0.14588756 -3.55574464 -0.88898032
v 0.21914978 -4.19296932 -0.87402981
v 0.31603759 -3.31781292 -0.76841038
v -0.90265798 -3.62642502 -0.24950555
v 0.65124052 -3.46334934 -0.7252022
v 0.02380994 -3.53796482 -0.86576879
v -0.27596738 -3.91446781 0.14343544
v -0.03577158 -3.54118371 -0.86300063
v 0.823062 -3.58047914 -0.28812247
v -0.06894529 -4.16010713 0.13733005
v 0.80195576 -3.64389538 0.04808972
v 0.22715269 -3.81143021 0.22340287
v 0.8456161 -3.60269403 -0.12562929
v -0.66604274 -4.12261247 -0.84485626
v 0.776165 -3.55966997 -0.43235701
v -0.42804646 -4.22685003 -0.91238027
v 0.5829122 -4.19407606 -0.91416204
v 0.67654258 -3.90547776 -0.84256172
v 0.68024098 -3.52476739 -0.01029275
v 0.67911583 -3.97824192 -0.89403015
v 0.52357524 -3.80443692 -0.91646128
v -0.99571561 -4.23537492 -0.0148214
v 0.08861938 -3.83870768 0.16535827
v 0.04946209 -3.77928233 0.26404887
v -0.81835287 -3.48464202 -0.441199
v -0.42363891 -4.13510561 0.13401275
v 0.11758051 -3.77757024 0.25360724
v -0.41178372 -3.96065616 0.15397992
v 0.80630302 -3.74197125 -0.01058856
v -0.5295813 -3.91479635 0.17224711
v 0.81104195 -3.7585051 0.01722883
v 0.45824644 -3.39032745 -0.79331266
v 0.81086766 -4.21131992 0.02492054
v -0.69228756 -4.2146244 -0.85808354
v 0.77197361 -3.87639951 -0.01283439
v -0.82826489 -3.58238649 -0.17713861
v -0.77608382 -3.81747436 -0.68062901
v -0.78079766 -3.85966301 -0.64341342
v -0.31726187 -3.52116489 -0.84351104
v -0.80660635 -3.91946458 -0.60505175
v -0.29746127 -3.29165911 -0.69118142
v -1.07212102 -4.166121 -0.46917048
v -0.37948983 -3.4686625 -0.80920285
v -0.77305078 -3.67593908 -0.05434865
v -0.3165273 -3.46207261 -0.82094502
v -0.44854176 -3.76034331 -0.81336277
v -0.78916394 -3.60316085 -0.17853909
v -0.4902606 -3.46351003 -0.75827372
v 0.39854708 -4.10311174 0.08868937
v 0.77853196 -3.45284557 -0.18081867
v 0.469424 -3.79821682 0.11846222
v 0.52321142 -3.25424599 -0.44360566
v -0.45313167 -3.70624804 -0.8826794
v -0.79255569 -3.6495862 -0.47615268
v 0.05888931 -3.91575264 -0.86871826
v -0.33668103 -3.79972887 0.13430655
v 0.12110687 -3.86592316 0.19743032
v -0.30612251 -4.02684497 0.19770716
v 0.21391449 -3.9038999 0.1523581
v -0.69722163 -3.9829266 0.19586901
v -0.16856923 -3.87108683 0.1364952
v -0.51217281 -3.91337323 0.19459272
v -0.29536747 -3.75954794 -0.93317794
v -0.11995147 -3.86842346 0.15816858
v -0.62261891 -3.63023734 0.05381235
v -0.10018855 -3.82207059 0.16797794
v -0.88312876 -3.64230108 -0.27679091
v 0.83982634 -3.59828734 -0.43512764
v 0.73158967 -3.70343852 0.04981384
v -0.21990677 -3.80180072 0.19584082
v 0.83496701 -3.62847971 -0.09233348
v -0.18674737 -3.86583733 0.2232418
v -0.81008034 -3.94602584 -0.07562305
v -0.72414028 -3.47885608 -0.04308909
v 0.63271528 -3.80853343 -0.82808053
v 0.67777061 -3.75292253 -0.74190342
v -0.66873616 -3.41405963 -0.14686086
v 0.72503614 -4.23979282 -0.88104212
v -0.0503031 -3.47164177 -0.78856116
v 0.30338415 -3.90946102 0.20121416
v -0.05011108 -3.42813634 -0.78367877
v 1.05823016 -4.16387081 -0.26778811
v -0.08929968 -3.41525125 -0.74992919
v 0.820077 -3.71910309 -0.06912662
v -0.08846308 -3.37743949 -0.7391566
v 0.88649207 -3.63816762 -0.26806622
v -0.02866066 -3.46558189 -0.82183569
v -0.17039932 -3.5662918 -0.89740943
v -0.51002967 -3.29140806 -0.55879688
v -0.1990025 -3.51820278 -0.87237089
v -0.52421617 -3.36676931 -0.63267934
v 0.33590707 -3.26126456 -0.66218417
v -0.26569384 -3.47891926 -0.86465364
v 0.38348728 -3.28117108 -0.62948244
v -0.80167311 -3.52938747 -0.31903058
v 0.38309305 -3.28777551 -0.64559811
v -0.79644632 -3.53784751 -0.36425113
v 0.6229583 -3.97978353 -0.83701127
v -0.76909828 -3.58327078 -0.37862208
v -0.75816047 -3.54578614 -0.54604941
v -0.6565088 -3.72546148 -0.01113459
v -0.75405275 -3.57360386 -0.47417333
v -0.17988699 -3.88313841 0.14566828
v -0.82702511 -4.27104234 0.11814706
v 0.77048784 -3.8015666 0.10117735
v -0.71624606 -4.372478 0.1325616
v 1.00599753 -4.26562261 -0.42901825
v 0.82116627 -3.7121036 -0.41397088
v 0.84896224 -3.58297252 -0.18027263
v -0.8756234 -3.65740919 -0.24214711
v -0.98354458 -4.18682813 -0.14866873
v 0.12024392 -4.06855917 -0.90175592
v 0.13846439 -3.83999109 0.14355284
v -0.43637839 -3.28016781 -0.674667
v -0.78004545 -3.77148532 0.11845722
v 0.47531375 -3.9431343 0.17108032
v -0.99494075 -4.19700193 -0.60762423
v 0.56378197 -3.9260714 0.16777464
v -1.05474007 -4.14022827 -0.35582575
v 0.76742219 -3.67717862 -0.29268869
v 0.47664988 -3.89666748 0.1604529
v 1.02371823 -3.90066385 -0.18258801
v 0.62529712 -4.13677072 0.12130971
v -0.42882356 -3.25504779 -0.4737384
v 0.5591942 -3.73681068 0.05760042
v 0.43504509 -3.71454143 0.08763095
v 0.69577336 -3.35189104 -0.36801901
v 0.52778935 -3.65009641 0.102208
v 0.67597395 -3.47896313 -0.11803048
v -0.62570899 -3.80265283 0.11032164
v 0.53642475 -3.27237463 -0.41668498
v 0.72250795 -3.80421638 0.01192853
v 0.59218215 -4.16074132 -0.88105189
v 0.0483707 -3.92893314 0.18135185
v 0.71024018 -4.19470119 -0.85167157
v 0.40750074 -3.53548049 -0.84784364
v -0.81830823 -3.61221742 -0.34160584
v 0.33171281 -3.5524857 -0.84285658
v -0.85275423 -3.62125992 -0.33449405
v 0.25844922 -3.49867105 -0.83691293
v -0.78885293 -4.25741481 -0.82071578
v 0.7528665 -3.64922428 -0.04028859
v -0.71650135 -3.88665986 0.18012952
v -0.11676274 -3.89613175 0.15081012
v -0.05944246 -3.51824188 -0.86275327
v -0.15985104 -3.83273029 0.15015825
v -0.13587971 -3.50620603 -0.87428736
v 0.32988598 -3.31015658 -0.61006826
v -0.12505945 -3.81660842 0.12859521
v 0.32851117 -3.25700783 -0.57357436
v 0.30587112 -3.22173881 -0.59943735
v -0.13334564 -3.84416174 0.12924771
v 0.5819205 -3.54519724 -0.66807401
v -0.02206032 -3.83593678 0.09191532
v 0.51721054 -3.74831891 -0.79438531
v -0.30849775 -3.74945926 0.1052092
v 0.5335654 -4.00415277 -0.82179385
v -0.25671231 -3.77607154 -0.88061034
v -0.03363483 -3.77817201 0.11979561
v -0.25586965 -3.81144237 -0.91656577
v -0.2294363 -3.49523687 -0.75357794
v 1.0671482 -4.26018142 -0.29889836
v -0.81694304 -4.04114484 0.01374744
v 0.79355847 -3.56977796 -0.38783848
v -0.93982619 -4.24403858 0.06197414
v 0.69497966 -3.58782911 -0.67875903
v 0.7421422 -3.61113405 -0.03846713
v 0.01938047 -4.07493686 -0.8965184
v 0.83628982 -4.08755683 -0.53284949
v 0.76240879 -3.54684925 -0.5914368
v 0.77678775 -3.57889485 -0.52825927
v -0.134983 -3.99190592 0.12644252
v -0.55378651 -3.30063271 -0.5079633
v -0.37809118 -3.22681617 -0.53073704
v -0.75174623 -3.81499338 0.03017668
v 0.02372617 -3.66253924 -0.94588685
v -0.64177948 -3.7435069 0.04182634
v 0.82362794 -3.61529851 -0.015407
v -0.63386571 -3.72331953 0.04413206
v -0.88572526 -4.00996065 -0.160674
v -0.63540828 -3.72551846 0.08158957
v 0.29644402 -3.87223243 0.16749593
v -0.64856457 -3.69847345 0.04804551
v -0.4671846 -4.32291555 0.11856991
v -0.67895805 -3.8388822 -0.77531194
v -0.65922284 -3.88471865 -0.77784615
v -0.39521938 -4.38024234 0.15303401
v -0.73670905 -3.85338401 -0.74737936
v 0.32001185 -3.66359758 -0.90802037
v -0.21556954 -3.91840601 0.07356416
v 0.0593751 -3.82867026 -0.82106512
v -0.49224898 -4.16566324 0.09491827
v 0.25714996 -3.62272691 -0.83211541
v -0.63895124 -3.94800758 0.04657091
v 0.78026306 -3.66031122 0.00997989
v 0.84190076 -4.09316396 -0.02999071
v -0.08068819 -3.90695166 0.18505057
v 0.81863808 -4.33190155 0.10781676
v -0.25582841 -3.99982237 -0.81591045
v -0.77612769 -3.75816679 -0.6003583
v -0.05263533 -3.26966977 -0.61648833
v -0.66705191 -3.35788345 -0.55600327
v -0.11122898 -3.2657175 -0.62043613
v -0.73935741 -3.49215316 -0.60368531
v 0.5848661 -3.31459951 -0.47662523
v -0.7884792 -3.53457951 -0.59107041
v 0.50622302 -3.29058742 -0.54026627
v 0.10913918 -3.9095509 0.21419951
v 0.5884788 -3.29649162 -0.51072198
v 0.66145902 -4.20781135 -0.88093781
v 0.80101251 -3.62143588 -0.3664951
v 0.61765337 -3.32106494 -0.46027249
v 0.19987964 -3.64480161 -0.91118294
v 0.44668391 -4.32971906 0.14664124
v 0.04259926 -3.9047966 -0.94262975
v -0.50942897 -3.93850064 0.13502112
v 0.08654493 -3.96978378 -0.93363046
v -0.1922214 -3.97272634 -0.98658609
v 0.63667637 -3.53623437 -0.57528257
v 0.71443772 -4.24128437 -0.85466873
v -0.69451177 -3.8214879 -0.75783395
v 0.79986596 -3.54175901 -0.33313733
v -0.13478526 -3.55874943 -0.88635444
v 0.25980606 -4.19978046 -0.91682946
v -0.24115431 -3.56652498 -0.90692043
v 0.47580742 -3.22777295 -0.49134898
v -0.31019264 -3.56852769 -0.88020813
v -0.28122824 -4.27301406 -0.92496478
v -1.03102242 -4.14603614 -0.47415515
v -0.19143444 -4.27409029 -0.89537507
v -0.6448158 -3.74942612 0.16126708
v 0.68186497 -3.99257278 -0.88323938
v -0.53004998 -3.81686019 0.18286049
v 0.8172447 -3.95587992 0.00547653
v -0.42447927 -3.60295581 -0.79931837
v 0.85968667 -3.59991812 -0.40592059
v 0.55608034 -3.96776843 0.13963091
v 1.01874983 -4.24436044 -0.42987275
v -0.91467738 -3.98516988 -0.24376691
v -0.73003405 -3.4140098 -0.24289712
v -0.8574652 -3.94623374 -0.41816565
v -0.74986475 -3.47491979 -0.27376297
v -0.16571541 -3.79222631 -0.88223284
v -0.74496257 -3.44791507 -0.19187299
v 0.76257318 -3.54920816 -0.40709298
v -0.33521235 -4.29063606 -0.87681949
v -0.80644476 -3.60059213 -0.33084881
v 0.36950653 -3.66162395 -0.89354461
v -0.36837172 -3.84795808 -0.93747341
v -0.16317194 -3.50384354 -0.85435921
v -0.23872527 -3.88243079 0.15308208
v -0.27496612 -3.53384661 -0.83529424
v -0.50827813 -3.31518816 -0.46753361
v -0.4833022 -3.76448774 0.04087367
v -1.00208568 -4.0773015 -0.25712227
v -0.63814353 -3.6469078 0.00937274
v 0.10406613 -3.57623791 -0.91472309
v -0.8084017 -3.64853143 -0.05040694
v 0.5668199 -3.85747766 0.19614028
v -0.71632319 -3.43197894 -0.15072438
v -0.75305998 -3.47822666 -0.13729226
v -0.45778033 -3.47287488 -0.86834037
v 0.75767391 -3.48073101 -0.33385893
v -0.98893147 -4.21580553 -0.21275666
v 0.7720462 -3.52319622 -0.36113929
v -0.0264784 -4.39382123 0.20249395
v 0.80698895 -3.60418033 -0.35973525
v 0.78981971 -3.54144859 -0.34835922
v -0.61863637 -3.87450933 -0.8466956
v 0.87271231 -3.85557365 -0.32744607
v 0.81302619 -3.62256479 -0.31956026
v 0.7691735 -3.54754138 -0.35205689
v 0.83458215 -4.19035673 0.04322565
v -0.83546775 -3.60767173 -0.47351929
v -0.49851405 -3.30717134 -0.55361759
v 0.80277597 -3.52144646 -0.07577401
v 0.04379447 -3.92643332 0.25182634
v -0.76545 -3.58811044 -0.4434019
v 0.71652162 -3.55545568 0.00397982
v 0.77905201 -3.54177093 -0.03954079
v -0.25687265 -3.81971883 0.13711342
v 0.72505021 -3.5896306 0.03844565
v -0.61961811 -3.75858807 0.0688881
v -0.69868195 -3.49290871 -0.02504517
v 0.92390292 -3.68546295 -0.31472885
v 0.92603755 -3.68578219 -0.20499928
v -0.70703864 -3.44736528 -0.05777407
v -0.86300498 -4.00898647 -0.59545612
v 0.40545049 -3.3151009 -0.7535938
v -0.93122977 -3.99216604 -0.42271009
v -0.63376444 -3.61644959 0.10529579
v -0.47887221 -3.71354961 0.12202939
v 0.78387558 -3.77915477 -0.00193253
v 0.69214057 -3.88368535 0.1085103
v 0.50100117 -3.76271343 -0.86825597
v 0.75062722 -3.88071656 0.07303745
v -0.81094497 -4.13302183 -0.70670217
v -0.89551919 -4.09851503 -0.60948121
v 0.78084635 -3.87448382 0.07858138
v -0.36621534 -3.77292275 0.13806207
v 0.81757414 -3.87093615 0.05591056
v -0.73998808 -3.49230575 -0.15857863
v -0.72339558 -3.45679736 -0.12854485
v 0.77017486 -3.83311891 0.05843167
v 0.00402604 -3.47393083 -0.8046028
v 0.38042125 -3.86460208 -0.97014123
v 0.8360762 -3.69841885 -0.42703908
v 0.05217132 -4.0139451 0.1401267
v 0.77955657 -3.7865386 -0.54236674
v 0.71134758 -3.76833128 -0.6615504
v -0.38825112 -3.94591093 0.12176511
v 0.7426052 -3.78469348 -0.66431003
v -0.64041435 -4.09857082 0.12089081
v 0.72559094 -3.78826856 -0.69710552
v 0.70262014 -3.77124404 -0.67764973
v -0.11961447 -3.32202148 -0.69607323
v 0.05152555 -3.53870773 -0.85071319
v 0.80239975 -3.62301254 -0.33254116
v 0.60128283 -4.17589235 -0.91900461
v 0.88231122 -4.21310949 -0.57966309
v -0.45403716 -3.27837705 -0.60592067
v 0.88100409 -4.24429607 -0.55469697
v -0.50892603 -3.3156116 -0.58484506
v -0.31711298 -4.1046772 -0.88891798
v 0.02237171 -4.16587209 -0.85330408
v -0.25223919 -4.26099205 -0.87335401
v -0.9835667 -4.20357465 -0.01636742
v 0.47271812 -3.4383831 -0.84254741
v 0.48604422 -3.84462118 0.07988791
v 0.72324162 -3.79797196 0.08019072
v 0.74267911 -4.00007057 0.0084033
v -0.36943361 -3.53503298 -0.82068002
v 0.57773822 -3.9470694 0.08919818
v -0.35076463 -3.52296352 -0.81779539
v -0.69357973 -3.38619947 -0.14484915
v -0.59773582 -3.71099829 0.0518531
v -0.69602429 -3.40001988 -0.12025786
v -1.02229976 -4.21134233 -0.29919284
v 0.56913769 -3.8508296 0.10545358
v -0.59807932 -3.39755034 -0.69709682
v -0.5947408 -3.94837689 0.06297746
v -0.72695756 -3.49019241 -0.67359638
v -0.31741949 -3.36663055 -0.65919005
v 0.52904295 -3.71440172 0.13277074
v 0.32555168 -3.86986756 0.22637356
v -0.34300997 -3.2269268 -0.50648284
v 0.67643553 -3.76728296 0.15644243
v -0.0761875 -3.89933943 0.14027166
v 0.74703383 -3.7931056 0.12539829
v -0.01858455 -3.62654304 -0.8938936
v -0.17027676 -3.52741098 -0.83986008
v 0.30138698 -3.66541242 -0.88079845
v 0.05139764 -3.83850383 0.25821778
v -0.0218625 -3.67855954 -0.88280969
v -0.01941483 -3.70375442 -0.91006648
v 0.79445296 -4.24266099 -0.71208846
v 0.11818741 -3.54851794 -0.86479044
v 0.33934143 -3.44844555 -0.86700874
v -0.52548992 -3.92027926 -0.82290756
v -0.64482641 -3.83124709 0.09439463
v -0.50010311 -3.85384774 -0.83255207
v 0.3856953 -3.52709531 -0.8134492
v -0.44363942 -3.81660461 -0.87714558
v 0.38949361 -3.53613829 -0.83666485
v -0.4768157 -3.80579519 -0.84872019
v -0.58357918 -3.85239529 -0.8381651
v 0.6034708 -3.86839604 0.17241622
v 0.6678673 -3.76109886 -0.63578569
v 0.89670407 -3.79584384 -0.01981442
v -0.54925364 -3.83783817 -0.78103435
v 0.72577399 -3.79129982 0.11456214
v 0.72968006 -4.25602245 0.09602135
v -0.49399957 -3.69601273 0.13315028
v 0.5071907 -4.42300939 0.13722659
v 0.51157307 -4.37463712 0.16203801
v -0.6929692 -4.43259716 0.10517429
v 0.59012836 -3.85503721 0.06104666
v 0.02056607 -3.84169149 0.25085052
v -0.57120138 -3.53133726 -0.68170839
v -0.62482422 -3.42761158 -0.43970575
v 0.76583558 -3.59062528 -0.41831076
v 0.7552219 -3.99194002 -0.82210999
v 0.78980368 -3.57176113 -0.30155789
v 0.32587599 -3.71436023 0.1089596
v -0.68459087 -4.05551815 -0.81531029
v -0.26221951 -3.26215291 -0.69657373
v 0.83433485 -3.64578533 -0.2105605
v 1.0736556 -4.24215269 -0.29955318
v 0.10739939 -3.89899921 0.16783136
v -0.56691014 -3.84926652 0.17161479
v 0.13586613 -3.90710926 0.14450044
v -0.73707008 -3.53441238 0.02141111
v 0.39489039 -3.83588433 0.15780729
v -0.71870547 -3.79954361 -0.62264519
v 0.41405347 -3.83139991 0.12367376
v -0.21159219 -3.91502165 0.15955624
v -0.07720653 -4.30500078 -0.83505159
v 0.49560442 -3.78388714 0.13743296
v 0.85124981 -3.84616661 -0.58443892
v -0.74265396 -3.82874965 -0.6937555
v 0.8341363 -3.88032984 -0.57368791
v 0.75809389 -3.80009007 -0.58913296
v 0.84425509 -3.61042261 -0.30908143
v 0.75820797 -3.78312349 -0.62983524
v 0.74855303 -3.82154059 -0.61453038
v 0.93324315 -3.89642024 -0.46828237
v 0.750229 -3.76750135 -0.63056433
v -0.28138855 -4.3003931 -0.90360796
v 0.81120467 -3.72869348 -0.45761573
v -0.11245966 -3.55652761 -0.88778257
v 0.85000222 -3.66255593 -0.36765694
v -0.44987827 -3.94555091 0.14891132
v 0.82158297 -3.64993238 -0.39176437
v -0.92826008 -4.01755762 0.11701314
v 0.82203137 -3.68453216 -0.36593529
v 0.46228194 -3.22811484 -0.52931994
v -0.95957237 -4.19099378 -0.12562738
v -0.5403496 -3.83109235 0.12803545
v -0.72939717 -3.54751896 -0.61388427
v 0.82956123 -3.48821091 -0.41104996
v -0.77487754 -3.67043781 0.04197417
v 0.77855569 -3.49650216 -0.43785989
v 0.70291817 -4.4119358 0.14739261
v 0.7531799 -3.50539255 -0.48565316
v -0.44156342 -3.89667415 0.14422333
v 0.37443262 -4.19264173 -0.90411251
v -0.98695266 -3.82448339 -0.32338878
v 0.37973207 -4.22118854 -0.88391697
v 0.99073022 -4.29780912 -0.15354116
v 0.36932763 -4.17112207 -0.87542742
v -0.56211948 -4.04791021 0.07911305
v 0.32493653 -3.80344986 -0.98303651
v -0.82932913 -3.82391214 0.10186054
v 0.09759125 -3.66540455 -0.88017487
v 0.18418708 -3.940135 -0.93763202
v -1.03189158 -4.14274835 -0.35680338
v 0.41162672 -3.52553319 -0.90246701
v -1.05713915 -4.20981025 -0.45001256
v -0.44752934 -4.20337009 -0.85406082
v 0.8058871 -4.06698131 -0.66127967
v -0.00425729 -3.51723146 -0.87401223
v 0.73737126 -3.47515964 -0.3196097
v 0.06879086 -3.53804588 -0.87631565
v 0.79232275 -3.60855102 -0.33100724
v -0.5336402 -4.41530561 0.1355298
v 0.69539129 -3.37252759 -0.33698314
v 0.82002365 -3.59915781 -0.35654732
v 0.82187873 -3.63598251 -0.37962248
v 0.72173667 -3.44391632 -0.30890932
v 0.61313539 -3.91819405 0.07908017
v 0.85962146 -3.65271282 -0.2054743
v 0.83097583 -4.14619445 -0.04935476
v 0.11327074 -3.53824806 -0.87697339
v 0.45385006 -3.77775645 0.17755729
v 0.10416612 -3.81623053 0.23061665
v 0.16270022 -3.81832528 0.17665959
v 0.63462221 -3.59768152 0.11058992
v 0.58681821 -3.95851469 0.16284546
v 0.45976519 -3.89985346 0.16743488
v 0.63794553 -3.93195819 0.12979033
v -0.89329445 -3.70102548 -0.05092484
v 0.57550132 -3.89356589 0.14190647
v -0.81011849 -3.63322019 0.01618745
v 0.63602614 -3.94554901 0.11999308
v -0.03369348 -3.64404439 -0.892286
v 0.63055235 -4.04845142 0.10706456
v -0.05296884 -3.70649457 -0.90854972
v 0.41520768 -4.46027183 0.20738054
v 0.41691082 -3.25833034 -0.63154083
v -0.50859493 -3.41359782 -0.77711761
v 0.60062104 -3.80570077 -0.7964158
v -0.16027094 -3.55559539 -0.80226552
v -0.50587332 -3.41094923 -0.66558122
v -0.00608005 -3.37323164 -0.655514
v -0.47052544 -3.42177367 -0.67975163
v 0.71166873 -3.38622617 -0.31673249
v -0.4416759 -3.49098062 -0.78961479
v 0.72752535 -3.41543388 -0.30432614
v -0.47567701 -3.47719001 -0.77074813
v 0.70686066 -3.41475486 -0.30609828
v -0.70786052 -3.39853239 -0.23216815
v -0.7075895 -3.41529583 -0.27761822
v 0.73050499 -3.42681694 -0.33273816
v 0.87695187 -3.5761795 -0.12874788
v -0.10399786 -3.58189106 -0.9074248
v 0.66352409 -3.54194068 0.06782969
v -0.13035462 -3.51284027 -0.93181812
v -0.13210715 -3.56642103 -0.92725563
v -0.68969345 -3.85942435 0.14842584
v 0.66773808 -3.91465044 0.11790876
v 0.66770809 -3.89814615 0.12417846
v 0.96193105 -4.24013805 -0.13591077
v 0.67719578 -3.92484664 0.13637566
v -0.23558929 -3.90763211 -0.85608595
v 0.80145949 -3.51682686 -0.37282958
v -0.96250045 -3.97699546 0.03922829
v -0.00726635 -4.27320194 -0.859003
v -0.93756634 -3.91791415 0.05333793
v -0.54731422 -4.19496917 -0.86547851
v 0.83362847 -3.92602944 -0.06387084
v -0.35254022 -3.5389235 -0.91474741
v 0.53041547 -3.69683861 0.11472444
v -0.35665261 -4.0455141 -0.81404209
v 0.65500611 -3.67214226 0.11248156
v 0.69431996 -3.96451568 -0.89184963
v 0.5074166 -3.86774563 -0.92558872
v 0.61991435 -3.64913868 0.11016492
v -0.9274351 -3.74013423 -0.17497141
v -0.15392394 -3.50594568 -0.87716716
v 0.45550817 -3.41451931 -0.63677012
v -0.34616261 -3.90689444 0.18939298
v 1.02438581 -3.87615227 -0.33733826
v -0.08053036 -3.98808312 0.09062463
v 0.94412756 -3.89746832 -0.44935888
v -0.9448564 -3.84681987 -0.15462261
v -0.70726692 -3.89795827 -0.8125379
v 0.80065017 -3.59264302 -0.29632449
v -0.57980769 -3.8530097 -0.86424744
v -0.11348377 -3.30826425 -0.68908453
v 0.39692589 -3.20473647 -0.5386008
v -0.2868449 -3.26127052 -0.68401587
v -0.36594268 -3.52322673 -0.83047092
v 0.38108477 -3.90592002 -0.94702458
v -1.07046258 -4.1977005 -0.38933709
v 0.25959131 -3.91203355 -0.95732033
v 0.1519443 -3.77066421 0.1184389
v -0.78863728 -3.61590623 -0.36468714
v -0.85735815 -3.75875377 -0.31112536
v -0.11158742 -3.93974804 0.23207379
v -0.80234831 -3.64489817 -0.37013992
v 0.60306799 -3.94214439 0.15935632
v -0.1198671 -4.24151086 -0.89119923
v 0.58615016 -3.96237278 0.13383868
v -0.8008005 -4.13017129 -0.77887326
v -0.81498843 -4.22819662 -0.80166119
v 0.45946008 -3.7461245 -0.88263899
v 0.25962394 -3.79870796 0.08734858
v -0.58122158 -3.26645278 -0.39777022
v -0.79179561 -3.61843824 -0.15274906
v 0.59442853 -3.76123905 0.08443148
v -0.40988007 -3.94065451 -0.82348483
v 0.73451602 -3.67669892 0.05151238
v 0.54663854 -3.76535534 0.13493388
v -0.87821209 -3.60163021 -0.34492278
v 0.24766896 -4.08679819 0.22349122
v -0.82115358 -3.59631657 -0.46601727
v -0.79692852 -3.62105083 -0.33989229
v 0.47232508 -4.007061 0.2051437
v 0.82438653 -3.80539751 -0.05612907
v -0.45245584 -3.32150197 -0.51047635
v 1.02947068 -4.205482 -0.37378394
v 0.03751765 -3.9381268 0.21082241
v -0.22934347 -3.82032036 0.11974254
v -0.62819355 -3.49085187 -0.7799834
v 0.69158983 -3.87449693 -0.63239282
v -0.58244246 -3.44173479 -0.78505629
v 0.8025496 -4.17378997 -0.63628369
v 0.28552469 -3.55792951 -0.88580465
v 0.78970074 -3.97308015 -0.52355021
v -0.66335856 -3.85284423 -0.79194235
v 0.39847108 -3.84997844 0.12895491
v -0.28606522 -3.74351286 -0.88231957
v 0.36123579 -3.49850535 -0.8093397
v -0.24255555 -3.78831028 -0.91143631
v 0.65306794 -3.95772314 0.05335328
v -0.18173891 -3.75659275 -0.90172565
v 0.2217396 -4.26287031 -0.86029684
v -0.25570815 -3.77440404 -0.90061664
v -0.69600439 -3.71245908 0.02911341
v -0.32006296 -3.76932382 -0.89298063
v -0.6980772 -3.72144794 0.06094238
v -0.29414612 -3.78756403 -0.86629861
v -0.81946158 -3.69797444 -0.04920759
v -0.91488754 -3.69997954 -0.11312038
v -0.67465961 -3.72683095 0.03559202
v -0.07605763 -4.30709886 -0.80530262
v -0.77859103 -3.65946292 -0.06942562
v 0.08292384 -4.28689765 -0.83856046
v -0.75967282 -3.75109624 -0.01534877
v 0.90247356 -4.11123037 -0.53514689
v -0.74625921 -3.69071579 -0.00639215
v 0.78939348 -3.69073414 -0.05556289
v 0.08427043 -3.8566308 -0.98723703
v -0.76423174 -3.6628313 -0.03799644
v -0.07137367 -4.22756576 -0.84087759
v -0.77435439 -3.69107699 -0.0046393
v 0.7502852 -3.55782413 -0.53109234
v -0.58759605 -3.82184672 -0.76295959
v -0.5725581 -3.42939376 -0.74847137
v -0.67136454 -3.97183585 -0.7372868
v 0.79065001 -4.14142131 -0.77137816
v -0.69863206 -3.95317459 -0.70608747
v 0.91777586 -3.67605686 -0.16526696
v 0.22506192 -4.09262371 -0.87475138
v -0.83555263 -3.50096225 -0.37022969
v 0.91817688 -4.30600214 -0.04781117
v -0.73416137 -3.45203232 -0.62208771
v 1.01298546 -4.18189287 -0.22889939
v 0.75692719 -4.41272258 0.13582982
v 0.7017495 -4.09150505 0.0877147
v -0.73254674 -3.623034 -0.68629258
v -0.07285019 -3.92499256 0.16923314
v 0.07109022 -3.92864227 0.22994315
v -0.16058133 -3.92564606 0.15559819
v -0.40421447 -3.92894125 0.14682963
v -0.13853418 -3.92496061 0.15939901
v 0.4594672 -3.48102259 -0.8432517
v -0.1338122 -3.92796659 0.12860342
v 0.53860986 -3.72525262 -0.88303947
v -0.2604188 -3.84518337 -0.96654838
v -0.03735142 -3.94702625 0.1368734
v -0.24263984 -3.94446206 -0.98401331
v 0.11173538 -3.82289075 0.13851772
v -0.01355788 -3.94571352 -0.94762408
v 0.00861898 -3.86945056 0.15895733
v -0.26670888 -3.9475069 -0.97398722
v 0.00603393 -3.88315033 0.14561599
v -0.36504423 -3.7692368 0.10410576
v -0.05673761 -3.88120603 0.15447691
v -0.07494153 -3.91097021 0.15898853
v -0.60311085 -3.69311451 0.08352339
v -0.39567095 -3.80600976 0.12497927
v -0.14587388 -3.83566951 0.15888255
v -0.33613571 -3.91017127 0.0765603
v 0.87889689 -4.32583665 0.05133958
v 0.78897953 -3.50507473 -0.15515042
v 0.1252961 -3.51657748 -0.7856149
v -0.24495255 -3.7892785 0.1511687
v 0.21468778 -4.49375152 0.21049313
v 0.17217971 -4.41590261 0.21352104
v 0.35069695 -3.49597001 -0.91044348
v 0.37599796 -4.46279192 0.22877597
v 0.39734697 -4.47338819 0.19785645
v 0.39229986 -4.38066434 0.18135066
v -0.41112899 -3.50890302 -0.8147763
v 0.54526901 -3.39764618 -0.74310708
v 0.7999528 -4.06265687 0.01816285
v -0.8237549 -3.92364072 -0.01555429
v -0.86372697 -4.04397106 -0.03694116
v -0.06004348 -3.77089858 0.25902062
v -0.34571743 -4.24117946 -0.89228779
v -0.14819505 -3.79925465 0.22219358
v 0.19955441 -3.87613916 0.22274908
v -0.06804966 -3.80760145 0.24491208
v 0.13518446 -3.9300785 0.1988333
v -0.08113268 -3.86479616 0.21186432
v -1.04740107 -4.19722271 -0.54618847
v -0.91391241 -4.35130119 0.08009482
v -0.0902816 -3.79533696 0.2357113
v -0.98682653 -4.28644275 0.02312959
v 0.71205371 -3.77226066 0.12566064
v 0.69340008 -4.06739425 -0.85767871
v 0.32031995 -3.46132278 -0.90380275
v 0.41076484 -3.86621332 0.15814445
v -0.79038375 -3.72785997 -0.60004699
v 0.48395016 -3.89690136 0.14623335
v -0.77920329 -3.7899909 -0.63168561
v -0.72403073 -3.69073104 0.05277977
v -1.03742134 -4.16450452 -0.34718921
v 0.24252007 -3.48384976 -0.86024189
v 0.47527679 -3.68078589 0.09099974
v 0.13595926 -3.49638009 -0.86451232
v 0.78463232 -3.75337767 0.0086046
v 0.19970811 -3.46258783 -0.90597105
v 0.79997354 -3.73953008 -0.00750359
v -0.11421487 -3.27378463 -0.60504835
v 0.82029807 -3.69573164 -0.04894004
v -0.74126166 -3.6452763 -0.14205391
v 0.81999415 -3.7367711 -0.01739971
v -0.81348258 -3.73079872 -0.1142628
v 0.7994554 -3.78724193 0.02679553
v 0.84418356 -4.22742462 -0.58823943
v 0.78499949 -3.7960577 0.01533856
v 0.77515077 -3.78668785 0.02825488
v -0.82257849 -3.5864911 -0.31846624
v 0.76364398 -3.75392246 -0.57239687
v 0.38775 -4.01484584 0.12472277
v 0.77210831 -3.7751944 -0.60103416
v 0.76449275 -3.75079751 -0.59939944
v 0.39991518 -4.01557302 0.18573816
v 0.52554369 -3.67907881 0.07713243
v -0.33001521 -3.56294536 -0.88607955
v 0.27064248 -3.63536381 -0.89944225
v 0.27543202 -3.64459109 -0.90866559
v -0.21519975 -3.50612425 -0.85217464
v -0.21003407 -3.52034187 -0.83565497
v -0.7176544 -3.83603811 -0.01745174
v -0.42267236 -3.48231506 -0.8560779
v -0.26194289 -3.5032165 -0.84496122
v 1.01796269 -3.88352561 -0.16987583
v -0.86304116 -3.74242162 -0.00408619
v 0.74201595 -3.98214936 -0.85119575
v -0.88493633 -3.71803879 -0.05563586
v 0.58647406 -3.49139857 -0.799362
v 0.02379432 -3.93241548 0.23669609
v 0.57673049 -3.45360374 -0.72108542
v 0.44738799 -3.2737894 -0.61276841
v 0.46553266 -3.27846455 -0.57203692
v -0.07595935 -3.90697693 0.2008508
v -0.68195724 -3.38200569 -0.15172925
v 0.48077264 -3.48989462 -0.70072436
v 0.00566581 -3.47309255 -0.81753289
v 0.62307643 -4.21073246 -0.88967955
v -0.02156063 -3.52424907 -0.8589707
v -0.32285273 -3.41332674 -0.84185242
v 0.67690599 -4.23747777 -0.89688926
v 0.88717657 -3.68104648 -0.16579408
v 0.71021306 -4.20685005 -0.90721821
v -1.01913642 -4.16219663 -0.57508349
v -0.25363403 -3.80294942 0.1248897
v 0.57542616 -3.74989867 0.14690667
v -0.23535652 -3.85808777 0.13755664
v 0.8911699 -3.91696167 -0.33321526
v -0.35093802 -3.77292537 -0.88350886
v -0.64767825 -3.32179451 -0.41324544
v 0.87213921 -3.84900617 -0.26227676
v -0.10359906 -3.85269641 0.25092026
v -0.69549089 -3.78817772 0.04480593
v 0.42032912 -3.98871088 -0.85958397
v 0.24235957 -3.8012166 0.16956435
v 0.4753178 -3.83646273 -0.85008353
v 0.12761646 -3.77439546 0.22242984
v 0.59311318 -3.94120693 -0.83236718
v 0.62894082 -3.77415585 -0.78118276
v -0.51517117 -3.60783171 -0.77181273
v -0.3539097 -3.7736454 0.15907821
v 0.55204039 -3.84925961 -0.91427969
v 0.23525098 -3.55568099 -0.86547142
v -0.73282659 -3.47542619 -0.20583327
v 0.13659676 -3.90569663 0.16772441
v -0.14679774 -3.79211425 0.23628541
v -0.35020721 -3.89957332 -0.94432699
v -0.16409373 -3.81372928 0.23635958
v 0.36977508 -3.23776793 -0.54502552
v 0.71287584 -3.95926952 0.12779
v 0.19002305 -3.26056575 -0.60511326
v 0.13411676 -3.25929665 -0.63414675
v 0.89028728 -3.93147659 0.04651617
v 0.95411092 -4.27655172 -0.06782445
v -1.04710567 -4.19280386 -0.31412836
v -0.21692284 -3.78723192 0.13516226
v 0.17031894 -3.54928064 -0.84748286
v 0.11828674 -3.53777003 -0.85444456
v -0.1423822 -3.56869339 -0.90566438
v 0.1890468 -3.87685489 0.23471781
v -0.16940286 -3.77029418 0.11651314
v 0.83062601 -3.87392973 -0.3291645
v 0.8289895 -3.86804246 -0.21724212
v -0.39835655 -3.89929652 0.13409563
v 0.90372884 -4.13196945 -0.15688592
v 0.75816798 -3.49301815 -0.36405924
v 0.92058396 -4.06954526 -0.22967237
v 0.7473334 -3.50239324 -0.34757453
v 0.86597466 -3.96117591 -0.2461085
v 0.75775057 -3.5332334 -0.35086107
v 0.57255739 -3.31902313 -0.51883792
v 0.7797693 -3.53408312 -0.37768399
v -0.77615302 -3.77889967 0.05855483
v 0.74161195 -4.17083454 -0.79912549
v -0.77569448 -3.76573324 0.00964548
v 0.46499034 -3.86619448 -0.94040346
v -0.00748572 -3.5412569 -0.84807294
v 0.64231509 -3.75772881 0.16388745
v -0.00040047 -3.4883995 -0.80224776
v 0.50802439 -3.76541471 0.17982745
v 0.05206059 -3.49059772 -0.83834475
v 0.45203059 -3.84757471 0.21262444
v 0.08472907 -3.49099755 -0.81517338
v -0.59503853 -3.88851785 -0.81310582
v 1.07197535 -4.20888042 -0.28108671
v -0.63105475 -4.03043842 -0.82435351
v 1.04372847 -4.24162149 -0.20999093
v -0.21096572 -3.54852724 -0.88134706
v -0.10640569 -3.75031542 -0.9135499
v -0.71434539 -3.40344786 -0.54256159
v -0.80916565 -3.71079206 -0.0658037
v 0.83974522 -3.86788249 0.03611623
v -0.82978528 -3.72260236 -0.05527444
v 0.80154413 -3.84644103 0.08698727
v -0.84238553 -3.73395085 -0.04394511
v 0.56874042 -3.77475118 -0.84215521
v 0.88128531 -3.94489407 0.0534099
v 0.63877755 -3.90375375 0.13203205
v 0.6486175 -3.92581605 0.14591845
v -0.62268185 -3.85928821 0.01908104
v -0.82023888 -3.62224888 -0.09407874
v 0.60617101 -3.89421892 0.14028711
v -0.00823328 -3.79349851 0.10525351
v -0.34092128 -4.08388853 -0.83360827
v -0.55227279 -3.25754213 -0.45414683
v -0.98914963 -3.86559391 -0.46269488
v -0.58527195 -3.30560684 -0.48843219
v -0.05264489 -3.41315126 -0.77419334
v -0.61495411 -3.30345392 -0.46139454
v -0.58064711 -3.29040527 -0.45637625
v -0.05229212 -3.44037962 -0.77333819
v 0.04180562 -3.66060829 -0.90180939
v -0.01087576 -3.40787506 -0.75711023
v 0.66333347 -3.37650895 -0.579732
v 0.06764558 -3.66393518 -0.88156247
v -0.7555437 -3.4765253 -0.22933152
v 0.12882097 -3.64823126 -0.88253235
v 0.74604743 -3.48888874 -0.2841486
v -0.91183102 -3.98822617 0.13374558
v -0.6672573 -4.03709793 0.10219038
v 0.4378148 -3.92633104 0.08528824
v -0.80837696 -4.20884847 0.11458007
v 0.59185403 -3.73934006 -0.73410326
v 0.74162137 -3.74803781 -0.0596508
v 0.91240012 -4.03713131 -0.36792281
v 0.87265634 -4.01428794 -0.41078618
v 0.7094469 -3.40901064 -0.20588927
v 0.57330381 -3.31361579 -0.61782699
v 0.52584588 -3.59824299 -0.75330668
v 0.46697446 -4.30487966 0.17252826
v -0.2135273 -4.41064357 0.15278694
v -0.23001907 -3.84372234 0.1513632
v 0.66768032 -3.74294829 0.02425449
v -0.20115602 -3.88443756 0.13637608
v -0.81465607 -4.01918554 -0.05930084
v -0.53500324 -3.69570756 0.05393941
v -0.93813276 -4.14702701 -0.12638668
v -0.4609875 -3.92899608 0.15044224
v -0.24654837 -3.31325674 -0.71363478
v -0.55225688 -3.90529751 0.12923708
v -0.78152865 -3.78819918 0.07202535
v -0.77087044 -3.7565124 -0.12414725
v -0.86380106 -3.85574269 0.04743561
v 0.64544922 -3.91055584 0.14722102
v 0.33953997 -3.27424192 -0.64854502
v -0.86246335 -3.77222847 -0.02402607
v 0.34192565 -3.54980182 -0.91837072
v 0.75787109 -3.6253972 0.05165458
v 0.74525296 -3.59946107 0.00494676
v -0.08139402 -3.53729867 -0.86731177
v 0.78417915 -3.57348895 0.00344886
v -0.82743722 -3.78928995 -0.61185568
v 1.04446876 -4.2306509 -0.26985502
v -0.7781912 -3.75864696 -0.61514639
v 0.03668884 -3.63397145 -0.87345951
v -0.83168244 -4.39087152 0.10384032
v -0.08406639 -3.54411244 -0.84531033
v -0.06741543 -3.57092714 -0.86490428
v 0.79371172 -4.29141855 0.11530291
v -0.25561755 -3.9551022 0.0732897
v -0.93264824 -4.10969209 -0.62496036
v -0.869654 -4.17778444 -0.71818423
v -0.33499288 -4.31372118 0.12855069
v 0.60189032 -3.9604001 -0.77859735
v -0.59387254 -3.55772495 -0.78055512
v 0.54817503 -3.88390445 -0.78504854
v 0.90310275 -3.7086842 -0.07978502
v -0.60516578 -3.54939913 -0.80883991
v 0.85447204 -3.7015376 -0.10462631
v 0.16338896 -3.81234002 0.17008678
v 0.17437088 -3.68676567 -0.88066113
v 0.18906436 -3.81399178 0.23515123
v 0.85001415 -3.74968028 -0.32938295
v 0.30984798 -3.78467989 0.20129665
v 0.06197717 -3.92354273 0.15661273
v -0.04141027 -3.5546801 -0.85103344
v -0.16491019 -3.51376462 -0.82745277
v -0.18784003 -3.54569864 -0.84268891
v -0.06006758 -3.91127204 0.14428517
v -0.13185325 -3.53971529 -0.84536349
v -0.17974482 -3.86635875 0.14682284
v -0.50864207 -3.82682681 -0.88793337
v 0.41984078 -3.50572156 -0.8381319
v 0.82265812 -3.65510964 -0.05957523
v 0.45921006 -3.45301556 -0.79991227
v 0.76731181 -3.93990874 -0.72751534
v 0.67787379 -3.54784917 -0.64900517
v 0.23246765 -3.47655654 -0.85979056
v -0.78818064 -3.71906662 -0.26683414
v -0.05877922 -3.48487949 -0.87394601
v -0.56071931 -3.69064021 -0.83560597
v -0.90455037 -4.22889232 -0.67731374
v -0.49149423 -3.25371217 -0.44180175
v -0.86042481 -4.22596597 -0.73540675
v -0.64976024 -3.3138895 -0.28834122
v -0.89952796 -4.21325826 -0.66267591
v -0.61977624 -3.29142284 -0.36581617
v -0.93109798 -4.22420597 -0.64797925
v -0.67886388 -3.34937 -0.28481537
v -0.43436688 -3.5486176 -0.85003984
v 0.33955237 -3.80247306 0.15448133
v 0.09805423 -3.28849601 -0.61098074
v -0.98383039 -4.02930402 -0.3317334
v 0.27596139 -3.73613143 0.10624858
v 0.80771738 -3.73093438 -0.04245867
v 0.13220776 -4.09461164 -0.86162018
v 0.77668666 -3.74928569 0.01541261
v -0.0150916 -4.07507324 -0.85140514
v 1.0291934 -4.1708064 -0.33495518
v 0.6927762 -4.25940847 0.10855161
v -0.82256674 -3.61417007 -0.38730078
v 0.75629389 -4.41182518 0.11362797
v -0.83349555 -3.61852169 -0.38551071
v 0.77116525 -4.42474746 0.12107633
v 0.62267583 -3.94090509 -0.81404888
v -0.03509865 -3.91428709 0.16260948
v -0.61873352 -3.70778346 0.05704549
v 0.25577959 -4.01345539 0.18962642
v -0.51186829 -3.3775134 -0.66569048
v 0.96324986 -4.09196233 -0.36239543
v 0.09516771 -3.92714667 0.17779669
v -0.81035816 -3.59103918 -0.33008459
v -0.85715574 -3.60299563 -0.06128171
v -0.4111602 -3.93117833 0.12019714
v -0.84383738 -3.94921159 -0.04579781
v 0.87017762 -3.89731597 -0.17772594
v 0.83273708 -3.52796983 -0.11448083
v 0.81305551 -3.63942575 -0.10521808
v -0.39773961 -4.22205829 -0.93229186
v 0.91001129 -3.67931318 -0.14080005
v -1.00041604 -4.15303134 -0.21317268
v 0.87985742 -3.91346144 0.02512293
v 0.20467491 -3.55929112 -0.93887168
v 0.92870932 -3.88162088 -0.01352493
v 0.06817683 -3.500638 -0.82249796
v 0.11089664 -3.5241208 -0.85897308
v 0.03879261 -3.55022954 -0.85412275
v -0.62325668 -3.47321701 -0.74078959
v 0.05403576 -3.5365324 -0.86166966
v -0.79282462 -3.6823039 -0.02839634
v -0.86854147 -3.59174823 -0.40295314
v -0.41629406 -3.91324234 0.16934293
v 0.09228753 -3.61305141 -0.83336776
v -1.07259476 -4.21224498 -0.41863977
v -0.35470554 -3.55184388 -0.89283418
v -0.62343198 -3.35487532 -0.31033101
v 0.87547189 -3.6598556 -0.19332307
v -0.31543618 -3.55120182 -0.87285584
v -0.67778658 -3.55752563 -0.00867252
v -0.69685655 -3.52391457 -0.11115463
v -0.27424377 -3.62000942 -0.81986486
v -0.01811138 -3.94118738 0.22607106
v 0.63408768 -3.77367472 -0.7940849
v -0.86765831 -3.66971063 -0.18788434
v 0.59030193 -3.86143302 0.17524029
v 0.59277486 -3.32286858 -0.34895765
v 0.43985879 -3.54711151 -0.88994592
v 0.64517378 -3.42242264 -0.32843962
v -0.77150392 -3.45491313 -0.12417744
v 0.60821098 -3.41778278 -0.44084945
v -0.86202442 -3.62005972 -0.13310931
v -0.04094006 -3.93418049 -0.87380456
v -0.90502679 -3.74025178 -0.095114
v -0.19888615 -3.85332655 0.14957998
v -0.13172555 -3.52066183 -0.8614571
v -0.49908945 -4.41296243 0.11541082
v -0.1182344 -3.4883337 -0.84943354
v -0.60106575 -4.43796539 0.1087816
v 0.64794516 -3.5703001 0.09784656
v -0.7207821 -3.94864177 -0.74877476
v 0.59920293 -3.60618591 0.08807484
v -0.45858472 -3.7292869 0.07657657
v -0.20032882 -3.50898408 -0.87508237
v -0.80759972 -3.66318821 -0.41048783
v 0.3100337 -3.55939507 -0.89664125
v -0.79147791 -4.23983478 -0.82294905
v 0.64818155 -3.32321119 -0.31618046
v -0.80910301 -3.48997449 -0.41745123
v -0.38632458 -3.98949265 0.19518418
v 0.10074528 -4.27362346 -0.86536026
v 0.78155082 -3.84569954 0.04586315
v 0.80138588 -3.94446682 -0.07875355
v 0.88386356 -3.71569037 -0.14152669
v 0.69445097 -3.92669773 0.13208682
v -0.7442398 -3.82513332 -0.72557354
v -0.75762695 -4.31832647 0.09920883
v -0.69159591 -3.83043575 -0.73879993
v -0.79243308 -3.65042662 -0.42979651
v 0.25339153 -3.52377224 -0.93472927
v 0.44812944 -3.25008964 -0.6204589
v 0.84116315 -3.64603185 -0.36851671
v 0.38111895 -3.24385404 -0.66036373
v 0.83664023 -3.66545295 -0.38047027
v 0.74432152 -3.39836955 -0.41390228
v -0.25547203 -3.7863028 0.1289432
v 0.17793451 -3.77526021 0.13874003
v 0.70892608 -3.98824238 0.14400835
v 0.24113155 -4.49319028 0.19433413
v 0.68261516 -3.45958828 -0.0846022
v -0.95920085 -3.86307311 -0.49577611
v 0.27382755 -4.25797414 -0.87134438
v -0.56947779 -4.00201416 0.120673
v -0.41665476 -4.24341774 -0.87006032
v 0.42536544 -4.45420742 0.19580942
v -0.11392244 -3.40149426 -0.77383673
v 0.44312036 -4.42741107 0.19652563
v 0.28834083 -3.46739721 -0.86917471
v 0.48067915 -4.41428566 0.14882093
v -0.73328065 -3.38119077 -0.41657513
v -0.23638917 -3.89718437 0.20320478
v -0.66994631 -3.74335455 0.04990305
v 1.04503858 -4.20096206 -0.4040206
v -1.00861024 -4.21197652 -0.58534556
v 0.02687132 -3.60144591 -0.88802164
v 0.83850795 -3.74990963 -0.5604645
v 0.08359617 -3.64915871 -0.90129745
v 0.29774305 -3.58937621 -0.92279231
v 0.03082351 -3.73079967 -0.86962378
v 0.88707065 -3.82529354 -0.52448505
v 0.05012433 -3.64917063 -0.87855315
v 0.79904568 -3.7836132 -0.64608091
v 0.05628638 -3.67698144 -0.91080194
v 0.05890233 -3.86374902 0.2568666
v -0.22204576 -3.88004779 0.14409577
v -0.7467255 -3.45985579 -0.20796677
v -0.47500133 -4.18239879 -0.87694937
v 0.7253474 -3.44932842 -0.24786585
v 0.28441098 -4.45759153 0.22732141
v 0.76167464 -3.47570443 -0.29092288
v 0.03999731 -3.86425447 0.14706853
v 0.75866007 -3.63415026 -0.01263844
v 0.35876712 -3.75789713 -0.97159749
v 0.39456269 -3.49476838 -0.83722579
v -0.41952693 -3.8528552 -0.92034
v -0.41357561 -3.90933013 0.19027806
v -0.36720329 -3.85223126 -0.90985167
v 0.11078112 -3.49538922 -0.86242801
v 0.71224486 -4.03928804 0.02892199
v 0.08288346 -3.54893302 -0.88904094
v -0.8329404 -3.64681029 -0.4054369
v -0.27306631 -3.55591917 -0.92439252
v 0.64957511 -3.90025043 0.12379515
v -0.07211037 -3.44344329 -0.80732518
v -0.79683041 -4.08406066 -0.68579644
v -0.01925225 -3.44718051 -0.79296416
v -0.05384489 -3.6594007 -0.8770622
v -0.66902214 -3.54927849 -0.5357238
v 0.79770249 -3.58492088 -0.43771624
v 0.17019957 -3.91888618 0.21528497
v -0.73102009 -3.68467521 -0.52063673
v 0.88854819 -3.8671801 -0.53154826
v 0.65858578 -3.89965987 0.16541436
v 1.03406691 -3.91413664 -0.3274424
v 0.68103599 -3.57037329 0.08107389
v 0.78339582 -3.42446303 -0.28193864
v 0.90010952 -3.89284896 -0.50659424
v 1.01169192 -4.18405103 -0.176117
v -0.36429765 -4.25582075 -0.93659865
v -0.87914753 -4.10249519 -0.07400467
v 0.93058162 -4.26748895 -0.02994407
v -0.4465833 -3.86441111 0.13286638
v -0.08828931 -3.39971494 -0.75890684
v -0.44130671 -3.85834407 0.11457313
v -0.00827514 -3.42722797 -0.7582342
v -0.36361616 -3.80060935 0.11556674
v -0.08854119 -3.38733434 -0.72568076
v 0.50516349 -4.13190031 -0.90197277
v -0.09081819 -3.38819384 -0.74986136
v 0.29743123 -4.11587524 -0.91835099
v -0.82283991 -3.59946084 -0.23097597
v -0.14564853 -3.33501839 -0.67610859
v -0.79234033 -3.61398267 -0.22500722
v -0.7885589 -3.63303041 -0.13278274
v 0.44567659 -3.74161553 -0.89440554
v -0.80457329 -3.58971953 -0.1671074
v 0.3504914 -3.66346693 -0.89643573
v -0.80560815 -3.60346674 -0.14953072
v -0.19386534 -3.79224252 -0.88022059
v 0.67882657 -3.58770918 -0.54729843
v -0.81901848 -3.59923791 -0.18156255
v 0.13762104 -4.28580617 -0.85021626
v 0.55679613 -3.32425355 -0.50983601
v 0.18362809 -4.27705144 -0.87847358
v 0.91074085 -3.91598463 0.02058442
v -0.24139615 -3.98736858 0.11725541
v -0.58952683 -3.6652615 0.03418853
v -0.61564469 -3.6305654 0.071873
v 1.01926076 -3.8400278 -0.23557975
v -0.69817781 -3.51417899 0.00390463
v -0.55785024 -3.55351209 -0.71461468
v 0.80735099 -3.80041599 -0.37144371
v 0.70544195 -3.45472121 -0.64848786
v 0.88396483 -3.98263621 -0.28644776
v -0.93924868 -4.20441436 -0.00646706
v 0.74165868 -4.00851392 -0.83470028
v -0.91462814 -3.97872829 -0.26493743
v 0.4094688 -3.86897635 0.13443794
v -0.9718275 -4.05423879 -0.33501192
v 0.47094577 -3.86900138 0.1515825
v 0.75548422 -3.51503944 -0.36500376
v 0.47543197 -3.89752864 0.13800798
v 0.44152867 -3.88227224 0.1336334
v -0.00459799 -4.29166412 -0.8130325
v 0.65261638 -3.95215582 -0.90118581
v 0.47386962 -3.87880706 0.13835153
v -0.81231313 -4.01645755 -0.60992771
v -0.69645094 -3.80800151 0.16659718
v 0.67263382 -3.45172452 -0.2206455
v -0.10689529 -3.34937572 -0.71302461
v -0.73604816 -3.54857277 -0.47282165
v -0.2027377 -3.91556191 0.20046584
v -0.77261436 -3.51834607 -0.4636349
v -0.78599977 -3.5146203 -0.39003437
v -0.52739328 -3.5192101 -0.79559814
v -0.78175276 -3.54127955 -0.42819035
v -0.45397362 -3.45588326 -0.81179809
v -0.46238404 -3.4462285 -0.85139334
v 0.60146331 -3.99220943 0.16518372
v -0.36642912 -3.50763654 -0.83201998
v 0.71060556 -3.98551297 0.1380935
v -0.32626894 -3.51377582 -0.8084957
v 0.65076565 -3.95877194 0.14731682
v -0.38365259 -3.50778865 -0.80122947
v 0.62200653 -3.94089651 0.1577076
v -0.38148045 -3.49773216 -0.81948137
v -0.55757188 -3.64986944 0.10685768
v -0.45686811 -4.22553205 -0.88140475
v -0.41241845 -3.81150507 0.16191087
v -0.38500085 -4.28454494 -0.89945632
v -0.47454324 -3.74839329 0.15233509
v -0.38478231 -4.27016925 -0.92342507
v 0.60366427 -3.67797446 0.11705762
v -0.0398601 -3.90730285 0.0966116
v 0.74332726 -3.42885708 -0.27253407
v -0.14313411 -3.44867038 -0.77590102
v 0.75603133 -3.40582871 -0.25994598
v 0.82418346 -4.01763248 -0.11410477
v 0.41522282 -3.20512962 -0.53656274
v 0.62893605 -3.31099176 -0.49128127
v -0.56837266 -3.83600235 -0.83708351
v 0.66643399 -3.3511281 -0.39371281
v 0.77655792 -3.73457551 -0.56776881
v 0.63658309 -3.32101821 -0.44961464
v 0.08064534 -3.92832851 0.22166676
v 0.61663734 -3.33167052 -0.44377669
v -0.71528589 -4.25317335 -0.8465836
v -0.01334371 -3.81050872 0.18789801
v 0.42748314 -3.80238628 0.15042914
v 0.0974684 -3.83908247 0.17366854
v 0.28365796 -3.83860158 0.14313593
v -0.75393402 -3.4570806 -0.19441907
v -0.30264729 -3.22447037 -0.55192768
v -0.78548568 -3.45201134 -0.16946525
v -0.29016345 -3.22879385 -0.54124474
v -0.32253298 -3.28040218 -0.58326399
v -0.75757026 -3.42169213 -0.19893665
v 0.61090362 -3.39270663 -0.67632347
v -0.53986531 -3.87807083 0.15827885
v 0.77732718 -3.57389402 -0.33942681
v -0.56976383 -3.85250902 0.12735052
v 0.79195118 -3.55462098 -0.35507601
v -0.58543294 -3.85644483 0.13590979
v 0.73893362 -3.4744718 -0.29442232
v -0.19405524 -4.05646801 -0.87200844
v 0.75793236 -3.46321106 -0.29047554
v 0.05762511 -3.68486356 -0.83352458
v 0.11513422 -3.78689384 0.21381413
v 0.00435723 -3.53832912 -0.83913236
v -0.80358302 -3.60616946 -0.39229089
v -0.78974628 -3.61422801 -0.40245631
v 0.82177025 -3.86463975 -0.49796471
v 0.47585755 -3.74564003 -0.86775815
v 0.05746106 -3.91506981 0.16630922
v -0.46814626 -3.96543407 0.19380374
v 0.85700529 -4.13215065 -0.53200751
v -0.99779063 -4.29278564 -0.04492461
v -0.71574825 -3.3952279 -0.28646022
v 0.37632924 -3.90536069 0.15396891
v -0.68868029 -3.35788655 -0.2418078
v 0.42702212 -3.77276659 0.15720608
v 0.70910382 -3.4199059 -0.16158731
v 0.80420541 -3.94219994 0.10922836
v -0.51780217 -3.73270082 -0.79638296
v -0.52228558 -3.83410763 -0.86076092
v -0.49978983 -3.32144594 -0.56683003
v 0.13496381 -3.84923362 0.16792856
v -0.12609985 -3.55334687 -0.85043042
v 0.18919527 -3.85444808 0.13604331
v -0.82884842 -3.61427688 -0.12341152
v -0.00681646 -3.90080499 0.25178262
v 0.42433485 -3.92861056 -0.80826652
v 0.51516085 -3.96049118 -0.80823177
v -0.14735814 -3.9129455 0.13057415
v -0.32394132 -4.29631996 -0.91214346
v -0.50721424 -3.71491193 0.04288223
v -1.0283581 -4.13055133 -0.53197616
v 0.7432782 -3.70753741 -0.00409055
v -0.25346392 -3.78758597 0.09434181
v -0.79704147 -3.94402504 0.1435112
v -0.98892891 -4.14232587 -0.55390179
v -0.67703437 -3.34409236 -0.23720039
v -0.06230114 -3.81935286 0.16949659
v -0.62062525 -3.33720421 -0.30519318
v -0.66729915 -3.84802579 -0.77224344
v 0.77327907 -4.2260828 -0.82600778
v 0.74813103 -4.25064563 -0.81981468
v 0.75362211 -3.94630265 -0.82901781
v 0.72163206 -3.92159986 -0.86415046
v 0.74669921 -4.24930381 -0.83227109
v 0.48280698 -3.87428045 0.18740296
v -0.02245282 -3.45872974 -0.78297424
v -0.98804903 -4.04126691 -0.27419239
v -0.72708481 -3.40264844 -0.24591398
v 0.46956804 -4.12966775 -0.90035897
v 0.04946402 -3.9429605 0.23452764
v 0.694359 -3.56715035 -0.48790824
v -0.6096937 -3.88123631 0.10473975
v 0.60169553 -3.9320631 0.14015117
v 0.62098765 -3.92594814 0.15221951
v -0.83220064 -4.01969766 0.15696163
v 0.67145121 -4.30906868 0.15911687
v -0.81906634 -3.79525184 -0.06234234
v -0.09357269 -3.88792896 0.13339729
v -0.22278681 -3.77371215 -0.90111744
v -0.10262354 -3.85404992 0.13771696
v -0.15135207 -3.75765132 -0.91191411
v 0.94443607 -4.26521349 -0.48572009
v -0.00666077 -3.67657065 -0.90071183
v -0.81040209 -3.58360409 -0.50315612
v 0.1696456 -3.9081304 0.15533709
v -0.77899777 -3.57156252 -0.56242126
v 0.21199654 -3.8776834 0.14704145
v -0.77020502 -3.55898547 -0.52984178
v 0.07048872 -4.46965217 0.19324752
v -0.97997212 -4.22550153 0.01320853
v -0.11733073 -3.86274433 0.16312162
v 0.05488672 -3.51162242 -0.85062372
v 0.08613735 -3.53146195 -0.84661495
v 0.68168944 -3.52552485 -0.0820226
v 0.06890894 -3.52106452 -0.838027
v 0.60370355 -3.61744689 0.07526667
v 0.516882 -3.77780604 0.10787385
v 0.88549667 -4.03601455 -0.14871719
v 0.78878819 -3.52289295 -0.07267615
v -0.75780731 -3.69323611 -0.02375278
v 0.68613964 -3.7995162 0.0706211
v -0.8053627 -3.6993215 -0.550722
v -0.13022404 -3.52538204 -0.8407045
v -0.78462243 -3.72521114 -0.55144864
v -0.61928105 -3.7202959 0.04730005
v 0.30455407 -4.08881568 0.1350703
v -0.63589602 -3.71235799 0.07047976
v -0.97523957 -3.88426733 -0.17822314
v 0.33461061 -3.89733147 0.1488759
v -0.96183979 -3.84839749 -0.15242505
v -0.20415528 -3.82044196 0.15001089
v -0.20027406 -3.86286211 0.1537106
v -0.33259335 -3.7720139 -0.88380336
v -0.33424362 -3.78822469 -0.89563936
v 0.74414491 -3.41646528 -0.25853586
v -0.2678824 -3.77041053 -0.89336156
v -1.0630455 -4.2212944 -0.4938018
v -0.27324697 -3.77497506 -0.8716852
v 0.64616483 -4.01869726 0.05651946
v -0.82699668 -3.49414086 -0.42122244
v 0.54531437 -4.11053037 0.08585264
v -0.80787921 -3.48303151 -0.48280993
v -0.73635804 -4.1951766 0.092011
v -0.03960308 -3.42968654 -0.76052588
v -0.3449403 -3.45182633 -0.88726627
v -0.08924974 -3.3968141 -0.73729789
v -0.31330096 -3.46292352 -0.85515153
v -0.11149372 -3.37589526 -0.71178031
v -0.30948531 -3.45499014 -0.89467597
v -0.11529836 -3.38511419 -0.72309213
v 0.25989389 -4.49112701 0.2104883
v -0.10833407 -3.39232039 -0.66939359
v 0.73377943 -3.54875278 -0.62321257
v -0.1825193 -3.47632575 -0.80059456
v -0.27129912 -3.78290629 0.1226081
v -0.12877181 -3.48507404 -0.806463
v -0.31174039 -3.83263325 0.13987994
v -0.19278129 -3.55082655 -0.85067594
v -0.30912703 -3.80383062 0.12040196
v 0.7339943 -3.75190615 0.12305434
v -0.10009752 -3.54093956 -0.83927786
v 0.50434827 -3.24001359 -0.47799688
v 0.84268295 -3.74867248 -0.23267704
v 0.43074524 -3.23985147 -0.49876388
v 0.18182572 -3.78950405 0.23138363
v 0.70291239 -3.66783237 -0.0252696
v 0.18898785 -3.91742754 0.21426425
v 0.49279987 -3.82614183 0.12282323
v -0.16508157 -3.71612095 -0.93858581
v 0.78165012 -4.24147796 -0.78720307
v -0.13615022 -3.85231208 -0.9865241
v 0.78976786 -4.24443292 -0.74263733
v -0.49871978 -3.38765168 -0.63026666
v 0.83379423 -4.39948654 0.09858298
v -0.10639462 -3.84208416 0.13266938
v 0.52428275 -3.28899979 -0.55640995
v -0.91256761 -3.87259006 -0.59679383
v -0.38220983 -3.80463218 0.11391831
v 0.07619474 -3.76660561 0.2492201
v 0.24660794 -3.55757808 -0.90387314
v 0.17399853 -3.56539726 -0.88773083
v 0.80485117 -4.23065376 -0.66320937
v -0.53491443 -3.27035069 -0.41787502
v 0.79401928 -4.17662191 -0.78588628
v 0.74595838 -3.62506961 -0.36172407
v 0.19667732 -3.92947483 -0.93553137
v 1.06938791 -4.1750369 -0.31013575
v -0.93289619 -4.09166574 -0.17272147
v -0.16139431 -3.55906128 -0.88818472
v 0.6826235 -3.34428262 -0.38745492
v -0.07427334 -3.38659238 -0.74908185
v 0.66364157 -3.35282659 -0.3657028
v -0.76845967 -3.57123827 -0.34298044
v -0.12547533 -3.82900691 0.20869338
v -0.52987492 -3.35432338 -0.58422589
v 0.87053394 -3.8724811 -0.36069259
v -0.16256462 -3.81913471 0.17400336
v -0.44348189 -3.88015985 0.12494124
v -0.17645935 -3.80426144 0.21183084
v -0.11972783 -3.877671 0.15299981
v -0.4430831 -3.92809867 0.13022139
v -0.09979323 -3.87841987 0.15886382
v -0.79983526 -3.56888914 -0.33201044
v -0.53753507 -3.29553222 -0.50521707
v 0.75190866 -3.75671601 0.08654856
v -0.46218895 -3.26339602 -0.52406555
v 1.00369978 -3.89673614 -0.13971716
v 0.18677285 -3.77071237 0.11286678
v 0.81952333 -3.91409635 -0.63062584
v 0.30526554 -3.74072265 0.12372217
v -0.67668849 -3.72740793 0.07506448
v 0.35399913 -3.28407144 -0.64994359
v 0.27955335 -3.72463464 0.11805647
v 0.38357204 -3.27570986 -0.6555798
v 0.25340095 -3.2621212 -0.67957902
v -0.40935748 -3.67658925 -0.81858313
v 0.29122975 -3.26885271 -0.65137314
v 0.32173243 -3.79215669 -0.93868774
v 0.27151784 -3.28251695 -0.66353529
v 0.45085862 -3.84982347 -0.92304331
v 0.20551168 -3.27411747 -0.67916464
v 0.5242694 -3.8762207 -0.91395068
v 0.31191539 -3.24530267 -0.62732487
v -0.43064531 -4.1758089 -0.9031794
v 0.09745048 -3.29590296 -0.66672974
v 0.51870948 -3.80308198 -0.84320741
v 0.19029967 -3.27625584 -0.66123515
v 0.53695917 -3.77652883 -0.86166369
v 0.15865902 -3.28871798 -0.66633832
v 0.11917723 -3.28454208 -0.66091746
v 0.74328446 -3.44442606 -0.30276811
v 0.75480413 -3.44474411 -0.27312919
v 0.33222347 -3.68007898 -0.8780815
v -0.79106563 -3.63232779 -0.06779182
v 0.07877815 -3.34684109 -0.75543457
v 0.45925444 -3.91110944 0.16418319
v -0.72187334 -3.48284912 -0.5675072
v -0.75428581 -3.48593115 -0.04425763
v -0.77927351 -3.4716742 -0.56024968
v -0.06929589 -3.50430917 -0.8713392
v -0.74646967 -3.45033693 -0.60575503
v 0.57219421 -3.75519132 0.12837499
v 0.41776815 -3.69049978 0.11844138
v 0.61992174 -3.72829031 0.14951151
v -0.8820678 -4.25839662 0.09643939
v 0.85886389 -4.1598382 -0.00785445
v -0.21730978 -4.41010093 0.1599382
v -0.6569572 -3.42511773 -0.28164851
v -0.72265827 -3.45958399 -0.06933297
v -0.48063272 -3.81751155 -0.86491406
v -0.58561271 -3.86182284 -0.85253846
v -0.38512015 -4.27524757 -0.87755352
v 0.58624303 -3.89747929 -0.90695297
v -0.35242432 -4.27354526 -0.88317966
v -0.790627 -3.63098502 -0.41683754
v 0.98269885 -3.8179512 -0.37703663
v -0.75526607 -3.85282993 -0.67653441
v 0.37999093 -4.48265647 0.20790422
v -0.76681137 -3.95724964 -0.61455661
v -0.20915515 -3.90569782 0.14863157
v 0.81932067 -3.60304212 -0.44395479
v -0.17974025 -3.53785157 -0.86037212
v 0.04977818 -3.94504427 0.19929316
v -0.22864107 -3.53384399 -0.85818135
v 0.48958879 -4.0476489 0.19670918
v 0.66233414 -3.33896541 -0.26108145
v 0.80509734 -3.45353531 -0.23925748
v 0.5739023 -3.70837378 0.14140659
v -0.65438401 -3.67900395 -0.676005
v -0.58692014 -3.85584449 0.11415489
v -0.83229666 -3.69536972 -0.28926199
v 0.01967657 -3.9423387 0.20170682
v 0.47615164 -3.48494029 -0.8663873
v -0.47975719 -3.77272915 0.16854305
v -0.39990606 -3.81021118 0.13596373
v 0.60115748 -3.44260072 -0.76459801
v -0.40762671 -3.78936529 0.18315374
v 0.78663516 -3.75121593 -0.00730979
v 0.6496852 -3.37287712 -0.22997257
v 0.821069 -3.71273136 -0.47011292
v 0.83200836 -3.5289812 -0.29731687
v 0.86436122 -3.76019406 -0.44961619
v 0.85466975 -3.50388693 -0.3312512
v 0.82472443 -3.72612595 -0.47170651
v 0.81940686 -3.53752803 -0.31079447
v -0.89235729 -4.06152534 -0.56497389
v 0.62122952 -4.00081586 -0.79280871
v 1.06950736 -4.23356819 -0.35561725
v -0.73678803 -3.87247729 -0.7900449
v 0.94441264 -4.2054038 -0.13652724
v -0.79794728 -3.89956712 -0.7396487
v 0.63571602 -3.86511945 -0.85368728
v -0.7567138 -3.9193623 -0.77660876
v -0.25821471 -4.28992033 -0.8628602
v -0.08032731 -3.44715595 -0.77198737
v -0.23899644 -4.31250333 -0.86359792
v 0.64113122 -3.35611343 -0.25035321
v -0.11738185 -3.42944908 -0.75828659
v 0.40516319 -3.82888221 0.08251536
v -0.79245078 -3.64549493 -0.1001704
v -0.47545474 -3.47564053 -0.74170422
v -0.7852925 -3.65907669 -0.08736936
v -0.49320456 -3.44597101 -0.71257001
v -0.80449801 -3.64874839 -0.08618919
v 0.45653694 -3.78850007 0.14843107
v -0.85632944 -3.72108745 -0.08740526
v -0.54441291 -3.3090384 -0.42458733
v -0.7377206 -3.3895154 -0.27538955
v 0.87706774 -4.37771225 0.05425337
v 0.65851694 -3.40079426 -0.21294991
v -0.4171746 -3.32220625 -0.73706501
v -0.02674405 -3.70773983 -0.87342828
v -0.45929271 -3.42965078 -0.74916541
v -0.02263831 -3.65148997 -0.87260979
v -0.03475187 -3.66102361 -0.87923002
v 0.58869755 -3.55933046 -0.76168346
v -0.00284547 -3.77664041 0.11646822
v 0.63800883 -3.58769559 -0.62307924
v -0.74273431 -3.47395587 -0.06797789
v 0.70959281 -3.80677413 0.12387837
v -0.75434529 -3.46107626 -0.11726678
v 0.00695114 -4.15898895 -0.89882522
v -0.39563828 -3.77292966 -0.86983776
v -0.80311518 -3.80196309 -0.17005898
v 0.63498681 -3.31502771 -0.35322967
v -1.05273234 -4.18453788 -0.46803671
v -0.48926252 -3.88230299 0.12143582
v 0.34455081 -3.21262311 -0.58591437
v -0.62037152 -3.85254025 0.14529226
v -0.98059117 -4.25752687 -0.18398892
v -0.67926347 -3.71553087 0.05413008
v -0.99656474 -4.28544998 0.00548351
v 0.555422 -3.8007605 -0.8281331
v 0.78387403 -3.86146903 0.07192719
v 0.78527635 -3.77193784 0.02478179
v 0.78127819 -3.85933518 0.04576896
v 0.80607515 -3.7631731 0.01185886
v 0.56651276 -3.94251251 0.16800066
v 0.77872401 -3.84578728 0.07187438
v 0.78301912 -3.81329631 0.05782152
v 0.49024146 -3.91684508 0.16742369
v 0.27502799 -3.78638792 0.18126566
v 0.47895205 -3.91687774 0.14734664
v 0.64898783 -3.43124985 -0.66557073
v 0.53692042 -3.92235779 0.17484998
v 0.69935023 -3.74706459 0.13286483
v 0.55450785 -3.91320753 0.16721154
v -0.59995293 -3.85181164 -0.83319926
v 0.43554636 -3.94493269 0.16776132
v -0.19639036 -3.83291864 0.14273229
v 0.7165066 -4.17048025 -0.90291786
v 0.51069104 -3.90959882 0.16702348
v -0.52603292 -3.48606681 -0.81408679
v -0.17915612 -3.54785728 -0.86643689
v 0.77396804 -4.13754987 0.01350557
v -0.15520983 -3.52933716 -0.87554329
v -1.03566956 -4.11044597 -0.47218576
v -0.1443361 -3.52631068 -0.86714589
v 0.20842266 -3.93773794 0.12476112
v 1.05130326 -4.27549076 -0.25960248
v 0.76752764 -3.48607993 -0.55997198
v 0.25341534 -3.87476515 0.11962859
v 0.70356458 -3.49217176 -0.57201725
v 0.6783995 -3.93085932 0.10262778
v 0.71609848 -3.48293614 -0.54377752
v 0.81752097 -3.57947731 -0.49856972
v 0.73765289 -3.43061423 -0.30502361
v 0.3510003 -3.27681016 -0.66186916
v -0.37715423 -3.87426495 0.14540401
v 0.33369779 -3.24920463 -0.68159723
v -0.52809512 -3.82991766 0.1350916
v 0.35179027 -3.26035785 -0.66221022
v -0.30807757 -3.91337204 0.13444404
v 0.13793836 -3.5724914 -0.91525298
v -0.30491611 -3.92705202 0.11724034
v -0.79916745 -3.63395071 -0.36762642
v -0.27444356 -3.90221071 0.13360846
v -0.8232885 -3.63317775 -0.3734582
v -0.29173123 -3.91099643 0.11996693
v -0.81589484 -3.59836363 -0.3167274
v 0.66120135 -3.32863879 -0.468658
v -0.7560575 -3.56094479 -0.61407601
v -0.67806452 -3.53688693 -0.67549365
v -0.08191853 -3.83352613 0.22553284
v 0.0092727 -3.54830288 -0.85166609
v 0.78527027 -3.94296217 -0.61295759
v 0.69471305 -3.87227964 0.11937773
v 0.69538682 -3.89936971 -0.71935612
v 0.70894366 -3.8746376 0.12002559
v -0.22918857 -4.16061782 0.15872162
v 0.3527283 -3.64647007 -0.89318418
v -0.31263798 -4.3553524 0.16651392
v 0.46734526 -3.26427054 -0.64898502
v -0.55806666 -4.30902814 0.15017654
v 0.24114704 -4.50074529 0.19821958
v -0.14912059 -3.91534185 0.15077358
v -0.7562958 -3.52352237 -0.6464743
v 0.94160062 -4.00430679 -0.26911348
v 0.8079375 -3.52891182 -0.35210335
v -0.16792251 -3.98167014 -0.82127064
v -0.83161664 -3.62512874 -0.02034922
v 0.50222414 -4.14951276 -0.87147581
v 0.6753236 -4.16792678 -0.91878694
v 0.6809898 -4.17737388 -0.87030202
v 0.6952117 -3.45108103 -0.08968298
v 0.40782046 -3.85318088 0.14782798
v 0.69397413 -3.55552601 0.05718831
v -0.29742252 -3.35604786 -0.59426546
v 0.72317349 -3.57474899 0.00616337
v -0.40992394 -3.22612714 -0.47243574
v 0.74538648 -3.58395218 0.00828562
v -0.1964358 -3.26961636 -0.57671821
v -0.78025609 -3.6753776 -0.07385461
v 0.57521653 -4.1552453 0.09129213
v 0.07149149 -3.58737349 -0.91746127
v 0.30898895 -3.75766372 -0.97985899
v 0.11846587 -3.56429743 -0.93819874
v 0.39205601 -3.82430338 -0.97146391
v 0.2045823 -3.52310919 -0.90962863
v -0.59355688 -3.8495922 -0.81811261
v 0.69728648 -3.41863203 -0.13137224
v -0.49675294 -3.86653065 0.17178081
v -0.85579067 -3.71061372 -0.0815501
v -0.64900094 -3.5717628 0.08325206
v 0.70310187 -3.75669717 -0.6777575
v 0.98418325 -4.10298872 -0.32706961
v -0.67563283 -3.57502651 0.07780125
v -0.10030214 -3.34191751 -0.69250571
v 0.75982779 -3.86493849 0.08733785
v -0.01485891 -3.82320356 0.17161816
v 0.1794115 -3.89840412 0.22347855
v -0.61811113 -3.50642776 -0.59582507
v 0.41197502 -3.26807308 -0.61663866
v 0.79224675 -3.54204773 -0.1021304
v 0.8253901 -3.60103297 -0.34075012
v 0.44177353 -3.87056708 0.15098816
v -0.10768868 -3.36580276 -0.72760093
v 0.84397476 -3.51734089 -0.29440954
v -0.10437394 -3.37252759 -0.73903691
v 0.07195787 -3.57297229 -0.90021681
v -0.25886192 -3.92411685 -0.95492744
v 0.05760256 -3.56848835 -0.88543134
v -0.27855736 -4.13427543 0.10674278
v -0.01145093 -3.48242783 -0.83472722
v -0.32481703 -4.07724714 0.09457115
v -0.82387113 -3.63285493 -0.35414463
v -0.58162838 -4.1111164 0.08593834
v 0.66479712 -3.53945708 0.04054025
v -0.81793284 -3.61743331 -0.35416597
v -0.73681992 -3.42935442 -0.25707382
v 0.70027077 -4.14040947 -0.84127962
v -0.72517406 -3.45506191 -0.26040887
v -0.84756624 -4.00049257 0.17130656
v -0.71686786 -3.44484138 -0.25774502
v 0.85091596 -4.14491272 -0.62434339
v -0.72396504 -3.44600462 -0.24253794
v -0.71633803 -3.42762374 -0.24301415
v -0.7470569 -3.46241116 -0.25547629
v -0.74889946 -3.46901392 -0.28773105
v -0.38595607 -3.80234885 0.13717584
v -0.72819244 -3.47392892 -0.17339173
v 0.67612427 -3.8974142 0.13635885
v -0.73235052 -3.45784759 -0.19166617
v 0.66321224 -3.90900802 0.14688499
v -0.74072754 -3.43081617 -0.21068695
v -0.03538921 -3.93753004 0.24336834
v 0.72444051 -3.40038824 -0.30439144
v 0.71038729 -3.41838264 -0.29305371
v -0.25747221 -3.27194905 -0.7157582
v 0.74031049 -3.47715044 -0.27993828
v -0.61591815 -3.63433647 0.03888193
v 0.73283255 -3.4619205 -0.32428664
v -0.36407953 -3.25873851 -0.65273952
v -0.31693494 -3.25553059 -0.68215674
v 0.72492426 -3.44770097 -0.29485809
v -0.816428 -3.64795613 -0.47056466
v -0.50796312 -3.22814846 -0.46256369
v 0.24474908 -3.78755927 0.19877035
v -0.04196198 -3.93119406 0.20274762
v 0.80289995 -3.57347798 -0.35672283
v 0.81620055 -3.58477735 -0.3415443
v 0.67305505 -3.82077598 0.15841925
v 0.61319261 -4.43613481 0.13762031
v 0.78640413 -3.58582425 -0.34951329
v 0.49798232 -3.83480048 -0.80064421
v 0.77918177 -3.57132768 -0.35579633
v 0.77967602 -3.56862306 -0.37160486
v 0.46926724 -3.69540357 -0.81063932
v 0.78962391 -3.55805683 -0.37149041
v 0.17729529 -3.79941654 0.17276112
v -0.27251797 -3.93053412 -0.97704494
v -0.79248619 -3.61789226 -0.33206671
v -0.89167434 -3.88981485 -0.34992826
v -0.79119312 -3.60200357 -0.31752568
v -0.84294354 -3.86079597 -0.44517618
v -0.80088305 -3.63593053 -0.33591228
v -0.82027506 -3.98894119 -0.63851606
v -0.0359514 -3.28724837 -0.60566437
v -0.53821086 -3.85492348 -0.82633191
v 0.75738972 -3.41643762 -0.24391692
v -0.58500003 -3.86672473 -0.81765115
v 0.74491286 -3.42966365 -0.25666606
v -0.97958964 -4.24306392 -0.08682926
v 0.66205704 -4.23588991 -0.89641106
v -0.79012846 -3.68567895 0.07215999
v 0.68616658 -4.24176549 -0.87789464
v -0.11357066 -3.5181365 -0.86647343
v -0.70810306 -3.39896726 -0.26350194
v -0.56756627 -3.84220647 0.19388184
v -0.72530669 -3.38116931 -0.28811466
v -0.04164847 -3.7238636 -0.87474346
v 0.85219019 -3.77955102 -0.37264776
v -0.07055364 -3.72711181 -0.88140237
v 0.82524299 -3.6956923 -0.41335868
v -0.58614897 -3.64778423 0.08911266
v 0.83837091 -3.68436837 -0.41040933
v -0.79315269 -3.69469213 -0.01949416
v 0.16865804 -3.48471593 -0.91680985
v 0.30329084 -3.64938163 -0.90002
v 0.35223341 -3.67826128 -0.9057424
v 1.00997519 -4.2591629 -0.41433033
v -0.60309892 -4.16681432 -0.86112844
v -0.98044264 -3.83626461 -0.2635543
v 0.17848284 -3.99799799 0.22027826
v -0.75745034 -3.5381987 -0.48361164
v -0.76719683 -3.53190755 -0.46259719
v -0.02387099 -3.69025468 -0.89977586
v 0.7175197 -3.65846228 -0.07505703
v -0.22457391 -4.11721277 -0.89132279
v -0.5046975 -3.33132958 -0.61750906
v 0.76746159 -3.45970892 -0.23072181
v -0.52706587 -3.34787893 -0.61755478
v -0.53187042 -3.36301136 -0.62161862
v -0.301968 -3.31347465 -0.55952405
v -0.52676266 -3.37984299 -0.61712074
v -0.71178126 -3.35341119 -0.35389384
v -0.48949313 -4.00572919 0.17192879
v 0.1575481 -3.51821589 -0.87498807
v -0.68175846 -3.9766004 0.03132851
v -0.79128605 -3.75571322 0.08092564
v -0.74731373 -4.09089183 0.03912843
v -0.65516299 -3.74795174 0.1324172
v 0.33477404 -3.25923085 -0.70013099
v -0.79293018 -3.83012437 0.13032801
v -0.62844371 -3.2992568 -0.47472238
v -0.76241844 -4.26628494 -0.83072429
v -0.61912357 -3.30344009 -0.44599327
v -0.80849611 -3.77866292 -0.33945915
v -0.66130214 -3.33729553 -0.36357933
v -0.44801956 -3.94474268 0.12993548
v -0.64627051 -3.32671141 -0.38244739
v 0.01657965 -4.1454091 0.17296682
v -0.67604506 -4.22977829 -0.85629117
v -0.6697179 -3.46203684 -0.68469524
v 0.41009992 -3.71735072 -0.82576435
v 0.83269774 -3.94139671 0.07656107
v 0.25935918 -3.24060177 -0.59778124
v 0.16288198 -3.25714635 -0.60665398
v 0.76455038 -3.69298243 -0.02579749
v -0.16427865 -3.53854513 -0.84839439
v 0.79735612 -3.75424766 -0.04458529
v -0.71759897 -3.42611217 -0.25938233
v 0.5858162 -4.09612226 -0.90421813
v -0.7237609 -4.05426502 0.08516389
v -0.71580082 -3.37264537 -0.46392512
v 0.77876877 -3.63215184 -0.57778734
v 0.46021595 -4.42331028 0.16471511
v 0.86283761 -4.06552028 -0.48109224
v 0.4737479 -4.41353321 0.16321849
v -0.00817948 -4.30535316 -0.81990909
v 0.69979572 -3.73541283 -0.00589376
v 1.03190553 -4.12880325 -0.24591334
v 0.41846773 -4.39082574 0.21582156
v -0.08501631 -3.54825639 -0.87500929
v -0.03543114 -3.87914562 0.23862719
v 0.57117378 -3.78623509 -0.85430246
v 0.76195019 -3.97568273 -0.7591024
v 0.74636888 -3.48836469 -0.33198684
v -0.7436757 -3.54773759 -0.65624648
v -0.99398738 -4.21709632 -0.04204737
v -0.74369478 -3.55474281 -0.64353179
v -0.99501222 -4.23796224 -0.08920422
v -0.97330415 -4.17174863 -0.1143944
v 0.54799825 -3.54130506 -0.70067834
v -0.44103473 -3.87919282 0.14517678
v -0.00847929 -3.88981294 0.24421885
v -0.47520023 -3.88014173 0.14831972
v 0.11246334 -3.93431186 0.24480752
v -0.17793865 -3.88709044 0.12374883
v 0.7630167 -3.94485545 0.00284597
v 0.93255651 -3.64725065 -0.19128879
v -0.1540686 -3.888525 0.12442077
v 0.84206986 -3.60404539 -0.42226547
v -0.15755331 -3.86689996 0.19187726
v 0.91646319 -3.61387109 -0.27584856
v -0.13590359 -3.86214828 0.20829752
v -0.11416976 -3.83936929 0.1872361
v 0.87443763 -3.58127069 -0.39995411
v -0.11285933 -3.81984758 0.20110546
v -0.68679517 -3.48676252 -0.05931595
v -0.08623397 -3.32977485 -0.70100295
v 0.76942575 -3.54809737 -0.36540702
v -0.11559563 -3.33644485 -0.68447172
v 0.7650848 -3.53576993 -0.3670755
v -0.04534468 -4.26795482 0.16138376
v 0.78356301 -3.53977346 -0.36349201
v 0.82138276 -3.64427995 -0.04040512
v -0.04821734 -4.42929077 0.18313549
v 0.68035209 -3.54020142 -0.71927481
v -0.14287336 -3.41305232 -0.79139947
v 0.67883813 -3.54950594 -0.7167561
v 0.45565161 -3.9053235 0.20247006
v 0.63332951 -3.33195018 -0.39830344
v 0.30523014 -3.91358733 0.17428989
v 0.63458561 -3.34159278 -0.43256974
v -0.19770716 -3.52586102 -0.86423909
v -0.73866695 -3.70816779 -0.00959889
v -0.19044095 -3.54478883 -0.86755847
v -0.8007642 -3.9089477 0.0166473
v -0.541161 -3.8323493 0.1024591
v 0.25836414 -3.23574566 -0.61889272
v -0.53930085 -3.79813504 0.12766332
v -0.42327642 -4.05022859 -0.83841699
v -0.59152579 -3.76693773 0.11492954
v 0.06861621 -3.4849658 -0.91328179
v -0.56853073 -3.79868316 0.0861825
v -0.64354848 -3.75459623 0.06343229
v 0.8208456 -3.71148252 -0.43167161
v -0.49660587 -3.30127859 -0.59091734
v 0.0201412 -3.97206378 -0.95680785
v -0.02135534 -3.96270656 -0.9726693
v -0.50379282 -3.30555868 -0.57261836
v 0.35174483 -3.90921044 -0.95564293
v 0.01038195 -3.675179 -0.90558689
v 0.12179369 -3.90283346 -0.9761247
v 0.69330954 -3.38186669 -0.32116925
v -0.19999414 -3.92199373 -0.99336475
v -0.82874172 -3.67235064 -0.06334015
v 0.67161101 -3.35980439 -0.31884369
v -0.7354691 -3.44700765 -0.25762164
v 0.22654391 -3.55499696 -0.88388609
v -0.14769998 -3.87449073 0.17984485
v -0.12406577 -3.561172 -0.93904805
v 0.07821574 -3.26964426 -0.64153951
v -0.15154413 -3.89859962 0.13035747
v 0.47530567 -3.55691123 -0.84238493
v -0.16030517 -3.89830923 0.14375394
v -0.16137588 -3.8816185 0.13046884
v 0.74729132 -3.57935476 0.02123671
v -0.1615321 -3.86201787 0.12964478
v 0.72540986 -3.58202767 0.01857884
v -0.182672 -3.83456039 0.13250084
v -0.97514808 -4.12340784 -0.17244635
v 0.37563028 -3.80374431 0.16283236
v -0.09646113 -3.29184556 -0.68355202
v 0.39464044 -3.85188818 0.15842141
v -0.11426623 -3.31775856 -0.67546868
v 0.4278979 -3.8815484 0.15933238
v 0.04086874 -4.05339717 0.10883302
v 0.7306844 -3.46179294 -0.30954968
v -0.03453454 -3.27089977 -0.63453632
v 0.72046709 -3.80807805 -0.72114992
v -0.73431545 -3.80445599 0.11546926
v -0.32555282 -4.27118825 -0.93262171
v 0.08176141 -3.8144195 0.25996729
v -0.05253808 -3.4402821 -0.79322493
v -0.03688736 -3.41663217 -0.77054965
v -0.00680129 -3.92080926 0.2518253
v -0.04012208 -3.42939686 -0.77615058
v 0.05052491 -3.5071206 -0.82112216
v -0.1075652 -3.52362752 -0.91011375
v -0.91189342 -3.64950013 -0.17501387
v -0.12723183 -3.55078053 -0.87299954
v -0.86487203 -3.63795638 -0.28365629
v -0.11445063 -3.55002927 -0.87329298
v -0.87630897 -3.61234927 -0.32821363
v -0.83499985 -4.01468229 -0.01854006
v -0.08441097 -3.430233 -0.84950846
v -0.4499613 -3.8969922 0.12092936
v 0.11761108 -3.50047516 -0.8943175
v -0.78882819 -3.7973082 -0.66532468
v 0.59815621 -3.81849098 -0.73676037
v -0.85080349 -3.94299149 0.15769797
v -0.77379447 -3.82293772 -0.69720172
v -0.10223496 -3.52538728 -0.86818486
v 0.38503041 -3.50462198 -0.81897389
v -0.28746146 -3.76804709 -0.89749151
v 0.39379131 -3.50555706 -0.83241105
v -0.51371967 -3.99845314 0.12432638
v -0.80548626 -3.61702537 -0.40972387
v -0.46192959 -3.94574546 0.13495129
v -0.34329688 -4.22120285 -0.89113485
v -0.45027431 -3.95702743 0.15821445
v -0.36385196 -4.20489263 -0.88748478
v -0.47248593 -3.92586493 0.16149126
v -0.67682063 -4.09113359 -0.78680026
v -0.47392779 -3.93132925 0.13284626
v 0.56336861 -3.77647519 0.1880548
v -0.48516544 -3.89280366 0.15852688
v 0.58860379 -3.30795478 -0.49803173
v -0.47324815 -3.90922021 0.16005249
v 0.57111859 -3.31999635 -0.4973157
v 0.72372126 -3.44904661 -0.27844816
v 0.56887066 -3.31190156 -0.47717338
v 0.59105926 -3.68131876 -0.83111614
v 0.71108663 -3.41955041 -0.26106941
v 1.05192685 -4.27503013 -0.35096216
v -0.32630297 -3.5044589 -0.91241824
v -0.16158391 -3.89585804 0.1222268
v -0.84933376 -4.07139301 0.00427551
v 0.81101292 -3.71262788 -0.45886927
v 0.64212 -4.11376094 -0.85964179
v 0.83940529 -3.97186875 -0.52835595
v 0.69250464 -4.22310304 -0.9085024
v -0.7358312 -3.54770135 -0.45851326
v 0.78127086 -3.90422225 0.08799275
v 1.03961944 -4.28008031 -0.24351471
v 0.75882357 -3.61777544 -0.01042571
v 0.74680197 -3.86994528 0.08481751
v 0.93558216 -3.82347798 -0.11395485
v 0.40289938 -3.45616388 -0.88214129
v 0.79048407 -3.62080454 -0.04695838
v -0.80474674 -3.55035829 -0.33225959
v 0.80232238 -3.69822001 -0.02521119
v -0.94389903 -4.18966007 0.0325671
v 0.85370194 -3.80339121 -0.00928763
v -0.61676883 -3.85252285 -0.82333099
v -0.63408482 -3.86966133 -0.79607075
v -0.48995965 -4.21277475 -0.86913937
v 0.33804684 -4.23068237 -0.87692171
v -0.52482241 -4.21029424 -0.8512119
v 0.51231664 -4.20917987 -0.88493722
v -0.461497 -3.8078444 -0.84819471
v 0.03690097 -3.28961086 -0.65269953
v -0.78498375 -3.66517543 -0.03741625
v 0.0439256 -3.29544568 -0.67778891
v -0.14805096 -3.52519154 -0.83756858
v -0.0532429 -3.29588794 -0.69212645
v -0.1343545 -3.50349426 -0.85481059
v 0.76871955 -3.75913715 -0.56152498
v -0.19893515 -3.52224564 -0.86256682
v 0.43531104 -3.86578011 -0.93014681
v -0.21337205 -3.5198903 -0.85499256
v 0.92221266 -3.67402601 -0.2361802
v -0.25861433 -3.5213778 -0.83277428
v 0.71279341 -3.7724688 -0.69464981
v -0.25611037 -3.51130771 -0.81860816
v 0.70690214 -3.7726612 -0.70963525
v -0.19523063 -3.50718832 -0.82366454
v 0.65693593 -3.76201772 -0.74151164
v 0.68066561 -3.77231407 -0.70688843
v -0.72922098 -3.84114599 0.13552537
v -0.90392679 -4.18296718 0.0094983
v 0.80322915 -3.63282966 -0.31145456
v 0.89460551 -4.12073373 -0.10008688
v 0.11336985 -3.64452052 -0.90781343
v 0.80893087 -3.63568973 -0.34756887
v 0.10017883 -3.6484096 -0.89999008
v 0.82138431 -3.61842417 -0.3510499
v 0.39879703 -4.46256589 0.19388765
v 0.17989543 -3.79549098 0.19066846
v 0.46195161 -4.41453838 0.15582363
v -0.38342762 -3.52288627 -0.82942003
v -0.83578574 -3.66163206 -0.43532645
v 0.78836965 -3.58136224 -0.48829945
v -0.54278969 -3.81141376 0.10145919
v -0.78491866 -4.18893337 -0.77019625
v -0.58735638 -3.34568691 -0.39719083
v -0.81724935 -4.2654953 -0.78254026
v 0.80293059 -4.42308998 0.10576398
v -0.7121005 -3.81508207 -0.72684228
v -0.71560025 -3.88567686 -0.73225969
v -0.25411957 -3.77095174 0.1279748
v -0.98824971 -4.22699737 -0.14778718
v -0.2375738 -3.78912615 0.12874347
v 0.85746908 -3.94994378 -0.33971664
v -0.76793366 -3.82304477 -0.06527835
v 0.87345206 -3.54194378 -0.20952643
v -0.55588191 -3.92501831 -0.77736133
v 0.83907973 -3.55363941 -0.2373759
v -0.77533567 -3.80649352 0.09197518
v 0.00955278 -3.98990464 0.13665001
v -0.28269904 -4.21586895 -0.93038141
v 0.45387244 -3.7553997 0.07699648
v 0.16335856 -3.98909378 0.13118045
v -0.49328619 -3.34925627 -0.58796864
v -0.05849324 -3.41397714 -0.74524056
v -0.05623375 -3.43476152 -0.7577784
v 0.09137575 -3.51166057 -0.85134875
v -0.15693931 -3.43119192 -0.86141264
v 0.11755928 -3.53133511 -0.85011917
v -0.99393004 -4.1132512 -0.49404975
v -0.83502131 -4.19095182 -0.76924938
v 0.29502821 -3.91361832 -0.9453898
v -0.79534739 -4.17675638 -0.80565071
v 0.22565484 -3.92374825 -0.94447791
v -0.71054899 -3.35584187 -0.33855897
v -0.00984375 -3.9739499 -0.96029734
v 0.74005425 -3.47392177 -0.60326266
v 0.77450418 -3.50585198 -0.34993332
v 0.61012232 -3.32294917 -0.42787945
v -0.53970849 -3.45051407 -0.60955196
v -0.40199658 -4.0345211 0.18310394
v -0.70204341 -3.46732378 -0.60377228
v -0.95882737 -3.87992119 -0.52976614
v -0.33421233 -3.50935626 -0.83614754
v 0.10526579 -4.39129972 0.1757292
v -0.56067627 -3.81836891 -0.83702158
v 0.16348539 -4.48983097 0.18899548
v -0.54527837 -3.8369379 -0.83305585
v 0.53538483 -3.77274227 -0.85067433
v -0.33781307 -3.77310395 0.14850573
v 0.54985004 -3.77654099 -0.85106498
v 0.60072815 -3.92661285 0.15984726
v -0.41189307 -3.88435649 0.13582599
v 0.62933003 -3.91096019 0.15435546
v 0.61814773 -3.91342735 0.14291366
v -0.40703046 -3.89486932 0.14179399
v 0.10391674 -3.52866601 -0.87807774
v 0.7846933 -3.43295407 -0.2321041
v 0.06490539 -3.54880976 -0.85424256
v 0.51330411 -3.91347909 -0.84506899
v 0.07106497 -3.55049896 -0.87551534
v -1.069826 -4.19392728 -0.50084394
v -0.53562295 -3.75478363 0.1682699
v 0.86325615 -3.61577677 -0.02610038
v -0.51892733 -3.76553344 0.12833032
v -0.83053916 -3.66356253 -0.10317622
v -0.5499897 -3.76576852 0.12613445
v -0.17695379 -3.89409637 0.22093191
v 0.64133197 -3.84261012 -0.76472854
v -0.19279524 -3.86366438 0.2114516
v -0.95000278 -3.92391538 -0.04440835
v 0.55654406 -4.21094131 -0.8974623
v 0.72685694 -3.38266849 -0.30633661
v 0.45817762 -4.20802688 -0.8936429
v -0.95921593 -3.94341921 0.02238064
v -0.90443122 -3.88840031 -0.28471857
v 0.52575111 -3.27475166 -0.56980949
v -0.86903452 -3.81011128 -0.3459419
v 0.50627434 -3.26570725 -0.5879085
v 0.88372618 -3.5938394 -0.08035228
v 0.50470358 -3.27867031 -0.57559692
v -0.52495789 -3.23981046 -0.44131028
v 0.6374526 -3.82019662 -0.87817531
v 1.03482651 -4.11018085 -0.31760281
v 0.09109961 -3.52809786 -0.9093759
v -0.89149332 -3.78875947 -0.57858663
v 0.34409686 -4.06847238 0.20167036
v 0.26028311 -3.85526156 -0.82873261
v -0.76474416 -3.5285151 -0.50217336
v 0.36883747 -3.73572421 0.08933507
v -0.77158534 -3.55808973 -0.51486837
v 0.01074811 -3.63334417 -0.87258106
v 0.00793777 -3.61259484 -0.87669217
v -0.94766622 -3.97810006 0.0904839
v 0.65328538 -3.93114852 0.11691501
v -0.93134689 -4.00743961 0.10461129
v 0.75861078 -3.49117469 -0.34852254
v 0.57875454 -3.31981158 -0.36823391
v 0.80916225 -3.5497539 -0.28673645
v 0.58699232 -3.28899216 -0.36820918
v 0.54973775 -3.28841352 -0.3994584
v 0.80818653 -3.5892291 -0.35124939
v -0.65302598 -3.72244143 0.10089451
v 0.02997976 -3.61323094 -0.89438176
v 0.83838969 -3.49561739 -0.39818349
v -0.17962996 -3.55888009 -0.8856014
v -0.62100797 -3.84709453 0.16992113
v -0.67358636 -3.54408788 0.00911264
v -0.54703688 -3.87638425 0.17929574
v -0.32120662 -3.97119641 -0.84152281
v -0.49324184 -3.85928511 0.19534304
v 0.35401564 -3.28978133 -0.73813957
v 0.07185825 -3.86481094 0.24356488
v 0.38169926 -3.24885845 -0.67587935
v -0.93335127 -4.33461046 0.05114515
v -0.77481895 -3.9217596 -0.57075047
v -0.25808283 -4.31014585 -0.88109433
v -0.80820971 -3.98677611 -0.58194381
v 0.72309011 -4.15129852 0.05304578
v 0.86395061 -3.69961023 -0.10161736
v 0.14858451 -4.20146179 -0.90386426
v 0.52171194 -3.66057038 0.08842807
v -0.67772609 -3.84780645 -0.75539785
v 0.5847252 -3.63247728 0.11252069
v -0.69435912 -3.83646369 -0.77173012
v -0.67872214 -3.84997153 -0.79053759
v -0.08085869 -3.52661752 -0.86803227
v -0.88396114 -3.93177294 -0.12061815
v 0.68477094 -3.42820453 -0.60937154
v -0.80465138 -3.63586187 -0.10149923
v 0.78027808 -3.57004189 -0.55708783
v -0.79269909 -3.61766767 -0.13528874
v -0.88359862 -4.03356599 -0.0739803
v -0.80413234 -3.62237286 -0.11790488
v -0.07008852 -3.72313761 -0.91008472
v -0.81569939 -3.6180129 -0.12889123
v -0.07028426 -3.71282315 -0.89990711
v -0.8081274 -3.57745218 -0.53158748
v -0.10720147 -3.72555375 -0.90731412
v -0.10166759 -3.74047923 -0.88021093
v -0.18526434 -3.25486969 -0.5862137
v 0.65116065 -3.78796505 -0.79966801
v -0.14873369 -3.743299 -0.9016323
v 0.58451861 -3.27833867 -0.3896816
v -0.08724218 -3.72500324 -0.88286703
v -0.11993196 -3.7290306 -0.900083
v 0.56771045 -3.27702999 -0.43632084
v -0.13278918 -3.72975969 -0.90095496
v -0.13924148 -3.77257871 -0.88397246
v -0.19519743 -3.82846522 0.12359869
v -0.16507954 -3.75508356 -0.890702
v 0.82002621 -3.60518026 -0.40083268
v -0.20108081 -3.75820279 -0.90171515
v -0.97393262 -3.84761047 -0.20306487
v -0.13380584 -4.31368351 -0.83078438
v 0.29505369 -4.16126966 -0.92082893
v -0.66017258 -3.32377696 -0.30707398
v 0.58673167 -3.68488168 0.12028735
v 1.04748117 -4.25822067 -0.33436718
v 0.57636022 -3.66676569 0.11167034
v -0.21270054 -3.94429111 -0.96429109
v 0.57128369 -3.68261289 0.11169105
v 0.51290631 -4.3412652 0.16579678
v -0.61463671 -3.98790264 0.17131432
v -0.60602092 -3.29644131 -0.51996052
v 0.01570464 -3.52455449 -0.86238962
v -0.39579173 -3.49795627 -0.81899845
v -0.27231806 -3.78980541 0.14876106
v 0.9499197 -4.00722456 -0.32874065
v 1.05239975 -4.13875865 -0.32455381
v 0.46784263 -3.31850075 -0.51986348
v 0.02869318 -3.77644395 0.26082319
v -0.9609164 -3.86895895 -0.17907905
v -0.29840859 -3.26232028 -0.69904893
v 0.10246716 -3.91435003 0.15603719
v -0.21183505 -3.27569675 -0.69354438
v -0.33470329 -3.52391076 -0.81926441
v -0.72318917 -3.4543457 -0.28942769
v -0.72903549 -3.43509531 -0.28904584
v -0.18301296 -3.77174305 -0.91293776
v -0.72089457 -3.44348144 -0.29265219
v 0.79058694 -3.69555902 -0.01360911
v -0.18349263 -3.84285712 0.17026232
v 0.77515482 -3.69379377 -0.01239964
v -0.20566965 -3.82984113 0.15249493
v 0.12021024 -3.77054166 0.13214957
v -0.93295532 -4.29050922 0.07408998
v -0.57062977 -3.4862225 -0.78758406
v 0.0056074 -3.77417779 0.12791106
v 0.13697543 -3.89865875 0.16799871
v -0.09766685 -3.78836822 0.12935519
v 0.14956271 -3.89941883 0.14596915
v 0.71115303 -3.75916862 -0.68928939
v -0.58471489 -3.68282318 0.05675908
v -0.46808189 -3.41268277 -0.59755635
v -0.58737099 -3.66902256 0.04973396
v -0.6014384 -3.67920088 0.07456186
v -0.30301821 -3.92513608 -0.95920109
v -0.58142429 -3.68088436 0.08948423
v 0.81247717 -4.03370904 -0.00208109
v 0.41345307 -4.43146133 0.22266468
v 0.8138616 -3.55062294 -0.31242373
v -0.13560949 -3.87856531 0.15177242
v 0.76448667 -3.55600094 -0.36783683
v -0.15601378 -3.86427402 0.15052686
v -0.29217517 -3.78699636 0.16166609
v -0.7573179 -3.83349037 -0.67816001
v -0.17990499 -3.81634092 0.14927503
v 0.59410196 -3.58377695 -0.78690022
v 0.58139759 -3.50696516 -0.77545541
v -0.19499561 -3.80501389 0.16254322
v -1.05284297 -4.15938615 -0.33261355
v -0.59551954 -3.30548429 -0.56040287
v 0.37673476 -3.82538652 0.13429042
v -0.7851358 -3.72389078 -0.56963241
v -0.81823611 -3.95342564 0.17443446
v -0.77867108 -3.72979736 -0.58637559
v 0.0365046 -3.89100146 -0.82376384
v -0.74017834 -4.41709184 0.11577857
v 0.64824593 -3.34413242 -0.39855089
v 0.20487164 -3.74058103 -0.98039019
v 0.77503299 -3.80349254 -0.45181974
v 0.36251115 -4.09235954 0.21596185
v 0.20164567 -3.51686954 -0.84404623
v 0.37973147 -4.04475545 0.21841718
v 0.24494214 -3.50534915 -0.82874381
v -0.80370885 -3.62061643 -0.43591627
v 0.22253242 -3.52398991 -0.83630883
v -0.69516336 -3.43312931 -0.0717402
v 0.65003526 -3.33576679 -0.41572326
v -0.80026602 -3.6426928 -0.60170674
v 0.63165044 -3.33309555 -0.41728007
v -0.82673716 -3.64422798 -0.55113369
v 0.69874405 -3.8410623 0.04200827
v 0.60580813 -3.99312591 0.17607611
v -0.79189127 -3.63079977 -0.4407624
v -0.10306179 -3.40180015 -0.73679959
v -0.80003887 -3.66412067 -0.42605853
v 0.75411039 -3.64917039 -0.02499057
v -0.10050023 -3.38642191 -0.72478145
v 0.77107411 -3.64792108 -0.01670664
v 0.79704201 -3.83131671 0.04503113
v -0.642412 -3.87007069 0.18175371
v 0.82120591 -3.79895448 0.02034445
v -0.72571682 -3.82090377 0.15589636
v -0.36816713 -4.04077053 0.12859995
v -0.67576009 -3.79302597 0.14663289
v 0.1286205 -3.53146958 -0.85133868
v -0.64441424 -3.413172 -0.33357045
v 0.98367756 -3.8847444 -0.09747889
v -0.64893257 -3.58997416 -0.63408023
v 0.39837473 -3.36084628 -0.79759573
v 1.06437945 -4.25629234 -0.348719
v 0.80290657 -3.92579627 0.03251795
v 0.06454244 -3.50964546 -0.83559453
v -0.91358077 -4.22774314 -0.66308802
v 0.05338667 -3.5364685 -0.84268534
v -0.85190188 -4.24384403 -0.7446466
v -0.60176408 -3.2939639 -0.48054045
v 0.84880018 -3.69353795 -0.41301348
v 0.69282341 -3.89258003 0.12958499
v 0.84069693 -3.72467517 -0.4591732
v -0.41798543 -3.99783253 -0.78508865
v 0.82132852 -3.69919657 -0.45785486
v 0.05364196 -3.29002523 -0.66061502
v -0.80517047 -3.60652351 -0.1350688
v 0.14836305 -3.28346896 -0.69338178
v 0.76959151 -3.50501394 -0.36609044
v 0.10808907 -3.28974247 -0.67657566
v -0.68140077 -3.35488629 -0.33472847
v 0.24946075 -3.24502658 -0.63014966
v -0.69290876 -3.36895608 -0.30145657
v -0.33271557 -3.44909143 -0.88729775
v 0.21314279 -3.2446227 -0.6148433
v 0.77251446 -3.76331758 0.01337426
v 0.44598177 -4.39883804 0.19935315
v -0.7784236 -3.64439535 -0.07006807
v 0.83921366 -3.61493563 -0.34535515
v -0.78292226 -3.64702272 -0.08280821
v 0.86192554 -3.61569714 -0.33099797
v -0.72906017 -3.72208762 -0.06887081
v 0.57425671 -3.82444071 0.1958886
v -0.77663183 -3.8190968 -0.08092609
v 0.5335949 -3.75589633 0.1856023
v -0.47708374 -3.89550066 0.14968287
v 0.59395158 -3.75574541 0.16855357
v -0.45805966 -3.91124439 0.13089439
v 0.84515851 -3.7914803 0.03761202
v -0.42942059 -3.93067264 0.12161877
v 0.83167547 -3.89630079 0.0841611
v -0.43153798 -3.89477872 0.12227109
v 0.8157038 -3.71936392 0.03161906
v 0.45863613 -3.89347553 0.16728249
v -0.82183641 -3.88687706 -0.71239495
v 0.83643949 -4.21174955 -0.6560353
v -0.06518608 -3.64446783 -0.88874363
v 0.62966263 -4.22576522 -0.89727413
v -0.00269943 -3.62728309 -0.89420336
v 0.87606871 -3.69915986 -0.11326319
v -0.05027934 -3.63175272 -0.88677442
v 0.88544005 -3.70967054 -0.11024994
v 0.84414827 -3.62115311 -0.01748482
v 0.7053653 -3.41319179 -0.31836867
v 0.79129588 -3.67873048 -0.01866838
v 0.68919205 -3.8163197 0.10297734
v 0.79829567 -3.59954404 -0.40684807
v 0.4969933 -3.74096393 0.11506108
v -0.30661577 -4.40787458 0.13813619
v 0.74485421 -3.55725717 -0.6009351
v 0.67833775 -3.36617255 -0.35078963
v 0.82291889 -3.74637794 -0.4904305
v -0.6786465 -3.35775566 -0.21244612
v 0.78256535 -3.76212549 -0.5361036
v 0.80956256 -3.72105217 -0.50454616
v -0.66346991 -3.33084583 -0.25505974
v 0.81707978 -3.74259901 -0.50308495
v -0.61951792 -3.2929058 -0.3504244
v 1.0372945 -4.19931554 -0.2670426
v 0.88320076 -3.88411331 -0.51363736
v -0.58496236 -3.90586137 -0.76971703
v 0.86013984 -3.89490628 -0.55477243
v 0.70206761 -3.40265321 -0.32128661
v -0.38189706 -3.54352402 -0.90526598
v 0.71734774 -3.39949512 -0.31935131
v -0.3376964 -3.55748653 -0.8753274
v 0.47938212 -3.93146705 0.13778504
v -0.3661983 -3.55384659 -0.87709313
v 0.44325664 -3.67808437 0.11080842
v 0.51423889 -3.44329071 -0.82786881
v 0.46422293 -3.67459249 0.11418087
v 0.80906838 -3.65197467 -0.36509928
v 0.35980433 -3.71944952 0.12029104
v 0.81040054 -3.63389062 -0.36517614
v -0.98128432 -4.31787204 0.01399456
v 0.61884462 -3.30028414 -0.36245957
v 0.89447563 -3.72390151 -0.06257282
v 0.60046637 -3.2885003 -0.38611379
v -0.24636702 -3.96389579 -0.81314832
v 0.80730772 -3.76156473 -0.4739604
v -0.14577794 -3.84998393 0.15952825
v 0.81220543 -3.74387073 -0.47561568
v -0.00961079 -3.46089124 -0.80340945
v -0.69990778 -3.38255786 -0.19625963
v -0.00775373 -3.47170639 -0.79416763
v -0.01097868 -3.457129 -0.78975379
v -0.16941292 -3.91781759 0.21166984
v 0.27016791 -4.26640319 -0.88098007
v -0.32594433 -3.89792323 0.19844606
v -0.106576 -3.92748093 0.24600988
v 0.82606738 -3.89240145 -0.17060987
v 0.79610407 -3.78281521 -0.18060746
v -0.0736361 -3.94576358 0.23892432
v 0.70333552 -3.9439826 -0.64757955
v 0.34476611 -4.44389152 0.2327678
v 0.24524705 -3.98674607 0.12272663
v 0.05449131 -3.80958104 -0.86127096
v -0.77798295 -3.65762281 -0.00507393
v -0.68991017 -3.52006197 -0.04143744
v -0.63679409 -3.70934438 0.05105411
v -0.80485212 -4.26013946 -0.79114866
v 0.07278349 -3.94265914 0.18605013
v -0.80326128 -4.25910425 -0.80471277
v -0.06704394 -3.44450306 -0.77237641
v -0.1882548 -4.1802845 -0.86038851
v -0.40536165 -3.52521991 -0.90204799
v -0.884054 -3.61393785 -0.31203508
v 0.55321925 -3.92545437 0.15554921
v 1.02620923 -3.89780426 -0.26772299
v 0.52776193 -3.96443009 0.14229247
v 0.23567806 -3.88997745 0.22421933
v -0.47127801 -3.21356439 -0.46358165
v -0.85194587 -3.6341319 -0.26121115
v -0.84172868 -3.62064337 -0.33235743
v -0.11361971 -3.57117366 -0.8942964
v 0.61601662 -3.32328176 -0.56617593
v -0.61705851 -3.6020627 0.09976109
v 0.45450922 -3.59091234 -0.79071062
v -0.56037044 -3.64690923 0.11577513
v 0.64140206 -3.98995804 -0.76531362
v -0.50086098 -3.41303491 -0.71092706
v 0.7055068 -4.11782121 -0.81830328
v -0.4982475 -3.41214752 -0.69609415
v 0.64977771 -3.95361614 -0.79889935
v -0.14318922 -3.97364568 -0.97717183
v -0.68604034 -3.70225215 0.10720242
v -0.16684567 -3.96309995 0.1187812
v 0.60126841 -3.88889217 0.15749944
v 0.59993732 -3.87960982 0.15005657
v 0.12738736 -3.8553617 0.19419176
v 0.58858859 -3.90936183 0.14543835
v -0.79159408 -3.66608166 -0.01629648
v -0.74894452 -4.01026392 -0.68253785
v 0.15864399 -3.24889516 -0.61837965
v -0.69840031 -3.82608461 -0.6602652
v 0.94162559 -4.0208168 -0.24486134
v -0.73044341 -3.47890496 -0.12815021
v -0.83129632 -3.50348377 -0.35371619
v -0.73809504 -3.48789858 -0.20666053
v -0.79276078 -3.52011179 -0.35440883
v 0.14113113 -3.81066179 0.18833045
v 0.15677669 -3.79094767 0.18915018
v 0.07188638 -3.56082296 -0.88991874
v 0.22543357 -4.28659725 -0.86420303
v -0.11449663 -3.42501878 -0.79214751
v 0.25085949 -4.26049184 -0.89195144
v 0.97751599 -4.23538255 -0.11329583
v 0.72213023 -3.59497714 -0.20197293
v 1.02269721 -4.27493047 -0.20897996
v -0.714576 -3.90576791 -0.80376583
v 1.0261681 -4.27789783 -0.20149646
v 0.98070299 -4.27129316 -0.11368964
v 0.76005268 -3.53368401 -0.33463382
v -0.7900505 -3.78848314 -0.6461246
v 0.96797239 -3.86805272 -0.43108665
v -0.90455085 -3.73170232 -0.29625824
v -0.61112374 -3.98679995 -0.77385461
v -0.62996178 -3.45482492 -0.75956493
v -0.14362441 -3.52748441 -0.85217756
v -0.45607066 -4.19498777 -0.88955205
v 0.79456055 -3.77452659 -0.56930136
v -0.71207535 -3.41038727 -0.22803899
v -0.11939983 -3.82210946 0.2525711
v 0.1990894 -4.30681276 0.16484616
v 0.64195352 -3.76541066 0.17273049
v -0.67023307 -3.43469166 -0.12165107
v 0.75269794 -4.178195 -0.86705321
v -0.69198602 -3.46040511 -0.05585748
v 0.83725565 -3.63129425 -0.35339552
v -0.00947323 -3.41826081 -0.7659477
v -0.13147336 -3.91036248 -0.86933291
v 0.12035439 -3.25737333 -0.61525559
v 0.46202442 -4.35695171 0.1469852
v -0.82089471 -3.90889382 -0.71180188
v -0.14661364 -3.53805255 -0.86428713
v 0.7624486 -3.86892414 0.07388543
v 0.51779919 -3.76945614 0.13741956
v 0.74672734 -4.14548969 -0.86228406
v -0.96177482 -3.88249015 -0.11630246
v -0.14800861 -3.28881597 -0.59615641
v -0.76053559 -3.49859237 -0.62413489
v 0.3202207 -4.0181446 0.22077947
v -0.39408433 -3.91175484 0.1251876
v 0.06802091 -3.51298189 -0.84823966
v -0.3775964 -3.914747 0.13612251
v 0.75273311 -3.57084035 -0.41949373
v 0.60626757 -3.33383774 -0.3268345
v 0.73479229 -3.60551929 -0.00898574
v 0.64782524 -3.32550334 -0.2892012
v 0.16695381 -3.89696502 0.16023129
v -0.80889374 -3.82999157 0.07801081
v -0.50407058 -3.39590168 -0.68096244
v -0.48964569 -3.40521383 -0.711052
v -0.79235649 -3.85874533 0.10570462
v -0.49018362 -3.416749 -0.68030136
v -0.52680492 -3.32475233 -0.58225715
v -0.53333604 -3.35134649 -0.60028016
v -0.50226545 -3.42886591 -0.71075618
v 1.0335015 -4.27058601 -0.39104044
v 0.8409326 -3.58206367 -0.24361698
v 1.03772902 -4.2572484 -0.39844787
v 0.83009362 -3.58453822 -0.26059424
v 0.84249389 -3.56892705 -0.25528588
v 1.05536902 -4.22223043 -0.38808703
v -0.35044294 -3.50871491 -0.83183318
v -0.67354214 -4.21290206 -0.85984474
v -0.94443029 -4.22673893 -0.64124435
v 0.07250712 -3.91244411 0.1525211
v 0.21183775 -3.91255259 -0.96092224
v 0.01187716 -3.75670552 -0.9704498
v 0.13740328 -3.94389629 -0.93086373
v -0.7896533 -3.76083231 -0.62861144
v 0.82524812 -3.69588804 -0.39764255
v -0.93388319 -4.17992401 -0.03126366
v -0.14074531 -3.81046629 0.20518076
v 0.39836841 -3.27549409 -0.6464653
v -0.20031309 -3.80935621 0.20935145
v 0.43149378 -3.26009774 -0.62085843
v -0.15784446 -3.79928398 0.2347583
v -0.10257222 -3.36376333 -0.71179449
v 0.4891794 -3.23436164 -0.4948599
v 0.51009827 -3.72736382 0.14832493
v 0.55165714 -3.86137223 0.1217442
v -0.24138374 -3.89715099 0.14272102
v 0.45650875 -3.87702441 0.12765936
v -0.66668236 -4.0332508 0.1839443
v 0.78183078 -3.83527684 0.04886136
v -0.82254362 -4.03693437 0.17257803
v -0.60228467 -3.30953288 -0.46433898
v -0.13307938 -3.77197694 0.12651826
v -0.59718853 -3.28600168 -0.42720544
v -0.30707353 -4.40957832 0.1455532
v -0.19541107 -4.06035137 0.09384973
v -0.1112322 -4.03571081 0.09889
v -0.66114342 -3.69764375 0.05704463
v 0.50490546 -3.43235898 -0.79559731
v 0.21160379 -3.50702333 -0.85787415
v 0.72232592 -4.3175497 0.11476743
v -0.50075841 -3.2662549 -0.58114862
v -0.74612391 -3.47465658 -0.10462131
v -0.12146559 -3.36996889 -0.74416947
v 0.79204666 -3.53028678 -0.38121354
v 0.80316901 -3.6570568 -0.01475252
v -0.17379327 -4.29272079 -0.83156257
v 0.80037814 -3.67318916 -0.03910848
v -0.66436731 -3.38837003 -0.61037147
v -0.38095963 -3.49697375 -0.78443586
v 0.58507496 -3.29552054 -0.55486583
v -0.39470422 -3.50651645 -0.78907728
v -0.78136795 -3.58464241 -0.32918709
v 0.66322249 -3.88686609 0.13419425
v 0.08868922 -3.83939838 0.14336536
v 0.64864051 -3.88746309 0.13310457
v -0.85016274 -3.87949252 -0.3301855
v 0.27938619 -3.2401247 -0.58756095
v 0.71988964 -3.44225788 -0.32116854
v -0.62728035 -3.83361101 -0.84357684
v 0.71574884 -3.43287611 -0.3085142
v 0.71669948 -3.43172836 -0.32354807
v -0.55869096 -4.21444749 -0.8610574
v -0.18423549 -4.14024543 -0.89769178
v -0.5433917 -4.21278476 -0.85036301
v -0.04644686 -4.19690609 -0.89567726
v -0.71062898 -3.416471 -0.11897794
v -0.02556935 -3.54452467 -0.84965968
v -0.00590631 -3.52536177 -0.85917389
v -0.50924325 -3.26856708 -0.43486335
v -0.16249576 -3.80189371 0.12779277
v -0.55995971 -3.83776807 -0.84204852
v -0.16266471 -3.81803226 0.1356935
v -0.52490782 -3.83598947 -0.83598804
v 0.78785407 -3.49712848 -0.41781038
v -0.80072963 -3.63718652 -0.18887612
v -0.68258971 -3.8341403 -0.75665706
v -0.44145396 -3.86214065 0.19470433
v -0.83200967 -3.75954389 0.00496624
v -0.78564709 -3.854115 0.01441146
v 0.72540044 -3.98558545 -0.81916225
v -0.66060245 -3.31481742 -0.43085682
v 0.65761447 -3.96692943 -0.88281297
v 0.91072005 -4.22836494 -0.53793275
v 0.44655835 -3.21251869 -0.50744652
v 0.82024115 -3.90694117 -0.39965078
v -0.61578452 -3.6984725 0.07093135
v 0.76248633 -3.76798009 -0.5742228
v -0.63636004 -3.85506296 -0.80897307
v 0.58627849 -3.63003706 -0.81135213
v -0.63731581 -3.85966348 -0.82404929
v 0.84164726 -3.61298966 -0.17088264
v 0.16619694 -3.79851388 0.19984233
v 0.85229778 -3.60271072 -0.16909788
v 0.47570353 -3.87244296 -0.93028986
v 0.78977102 -3.53126668 -0.41703039
v 0.29418978 -3.90630626 0.15852372
v -0.29401898 -3.91163492 0.14232119
v 0.15608388 -3.92108392 0.15603567
v -0.26879307 -3.93570137 0.14747506
v -0.5023964 -3.81945419 -0.85394883
v -0.69820129 -3.47620677 -0.04118858
v 0.03513934 -4.01067781 0.18468144
v -0.71144962 -3.5028963 -0.007563
v 0.44513964 -3.6144042 -0.88559073
v 0.78451073 -3.58265495 -0.36296212
v -0.78909599 -3.63241195 -0.38839465
v 0.5431227 -4.08467865 0.12474677
v -0.50881683 -3.53914308 -0.86581802
v 0.77030998 -4.12215519 0.06136087
v 0.5583986 -4.01873874 0.12483286
v 0.86560553 -4.35244655 0.04075985
v 0.60647928 -4.02071857 0.11401259
v -0.80448883 -3.71601629 -0.56611412
v -0.7263928 -3.66463327 -0.07955732
v -0.78982079 -3.70989704 -0.55275166
v -0.46368348 -3.89606714 0.12906393
v 0.21990951 -3.78931045 0.21806122
v 0.74336934 -3.62149524 -0.02309492
v 0.56888276 -3.77284193 0.11616462
v 0.57986915 -3.77900958 0.0899244
v -0.52823972 -3.45421505 -0.7772907
v -0.68761307 -3.61086726 -0.72930944
v 0.00802581 -3.53976869 -0.86213064
v -0.47786548 -4.37426948 0.1490094
v 0.70787924 -3.44883823 -0.10007299
v 0.64750498 -3.6903243 0.03538429
v -0.46026313 -3.71742677 0.14187443
v 0.3134059 -4.42243766 0.19670549
v -0.5167737 -3.38641619 -0.63177228
v -0.80737501 -3.60250902 -0.36205446
v -0.49258273 -3.41441845 -0.66395115
v -0.81459093 -3.61639308 -0.36557441
v 0.7247067 -3.65698194 0.08101085
v -0.81499266 -3.61462998 -0.39494022
v 0.63284361 -3.32453036 -0.28980416
v -0.82168829 -3.63158798 -0.3851253
v -0.2497538 -3.69199299 -0.83825635
v 0.67994481 -3.52639555 0.02589073
v 0.68097388 -3.3554635 -0.36900314
v -0.36748802 -3.78956413 0.13271591
v 0.66198921 -3.35367345 -0.3473041
v -0.36350813 -3.78884053 0.10790517
v 0.84041494 -3.59653997 -0.05026879
v 0.77155339 -3.41587543 -0.25979906
v 0.45028361 -3.79779338 0.13561233
v 0.76819592 -3.42160153 -0.23367431
v -0.71166342 -3.55445337 -0.67949211
v 0.52040332 -3.53769779 -0.85918474
v -0.79216456 -3.63213133 -0.11311145
v -0.98758482 -4.21972036 -0.11548452
v 0.49268692 -3.96757054 0.19899311
v 0.19929795 -3.53224206 -0.80363386
v 0.83403331 -3.64537096 -0.38456964
v 0.79658496 -3.57173109 -0.37199372
v 0.17919492 -3.51825618 -0.8645432
v -0.67783206 -3.82671332 0.13610909
v -0.51199126 -3.33692526 -0.57208836
v -0.73287135 -3.80296421 0.11427889
v 0.59387803 -3.65489411 -0.71037906
v -0.68912935 -3.75924944 0.08022937
v -0.83549916 -3.87861824 -0.69730806
v -0.7314772 -3.75212883 0.06071246
v 0.51776319 -3.76397538 0.14869254
v -0.42974147 -3.86706137 -0.90386468
v -0.7633 -3.67829895 -0.03724165
v -0.76453203 -3.69766521 -0.0407212
v -0.49571889 -3.84798574 -0.87539893
v -0.8738107 -4.23438024 0.05911739
v -0.42407408 -3.79364252 -0.86804127
v 0.21215851 -3.53887867 -0.94181668
v 0.03627987 -4.45578479 0.18556483
v 0.21965597 -3.55163025 -0.93922597
v 0.58490657 -3.76498484 -0.82197248
v 0.02982079 -4.00146198 0.0982656
v -0.54068529 -3.84158802 0.13937962
v -0.46306371 -3.87881231 0.1453605
v -1.00574243 -3.86799526 -0.36671042
v 0.39822092 -3.79779553 0.16042539
v -0.94328516 -3.96761536 -0.31066921
v 0.33806416 -3.79459738 0.16401229
v -0.90022957 -3.93870043 -0.3968701
v 0.46589317 -3.77215933 0.2001688
v 0.57971972 -3.89228153 -0.89081335
v 0.27658483 -3.78590011 0.20300078
v 0.71073532 -3.8921144 0.12576684
v 0.42302909 -3.78470468 0.20273111
v 0.80292332 -3.7609024 -0.48939445
v 0.49353823 -3.5497322 -0.86442643
v 0.79266476 -3.76304054 -0.503048
v 0.58798003 -3.55514025 -0.78656119
v -0.49040174 -3.71188736 0.0560983
v -0.83404499 -3.96844625 -0.59225207
v -0.69747883 -3.45642519 -0.64234644
v 0.49485391 -3.66711568 0.0930752
v 0.77086764 -3.47632908 -0.27547752
v -1.02130961 -4.12355756 -0.43908238
v 0.76253324 -3.78643369 -0.61948609
v 0.01377421 -3.95020771 0.23434568
v -0.10795958 -3.87698364 0.13950666
v -0.00525894 -3.94200587 0.2441238
v -0.10815226 -3.89374923 0.13867142
v 0.24555318 -3.81185221 0.19883149
v -0.0187524 -3.93854761 0.17050403
v -0.04219379 -3.88328456 0.14578667
v 0.12778249 -3.81254768 0.19522194
v 0.43833428 -3.73101639 -0.88365256
v -0.06190865 -3.89187717 0.1447657
v 0.16140019 -4.47564172 0.18493063
v -0.074973 -3.89509677 0.1566202
v 0.16847421 -4.49723625 0.1961596
v -0.73622679 -3.67055273 0.0981564
v 0.16840384 -4.47871446 0.21001166
v -0.73458439 -3.6727755 0.083859
v 0.15139642 -4.48699569 0.19529072
v -0.76512259 -3.66963505 0.08273464
v 0.11705994 -4.48499536 0.19344534
v 0.43564862 -3.896178 0.22005049
v -0.85024094 -3.74264144 0.04126181
v 0.38806065 -3.88597011 0.2245647
v 0.55509579 -3.26444053 -0.41995817
v 0.43054077 -3.85398078 0.21355384
v -0.75761991 -4.11511898 0.09751649
v 0.44688126 -3.82295107 0.20994581
v -0.42434483 -3.20339632 -0.49078178
v 0.40368604 -3.83809995 0.21709188
v -0.73505199 -3.79890441 0.09128335
v 0.4128738 -3.86110901 0.21934649
v -0.7115519 -3.80924654 0.07179045
v 0.62156879 -3.80117416 0.18719194
v -0.7107799 -3.8158431 0.08054806
v 0.56498801 -3.77545762 -0.831963
v -0.49130421 -3.36550045 -0.66704183
v 0.94431835 -3.89761781 -0.04965871
v 0.77288878 -3.78014516 0.01436563
v -0.31082361 -3.92811536 0.14458094
v 0.04034819 -3.80853653 0.18328648
v 0.5455442 -3.67818975 0.11048376
v 0.18045897 -3.79578399 0.18475839
v 0.15578131 -3.78143167 0.22157177
v -0.34699171 -3.77168607 0.11304962
v 0.651578 -3.47414279 -0.64641434
v -0.27419093 -3.76204013 0.10303337
v -0.28741502 -3.78331232 -0.90238559
v -0.25512966 -3.75706768 0.11732491
v 0.74144357 -3.92431569 -0.57958275
v -0.1780797 -3.52638387 -0.83511757
v -0.29200497 -3.75722813 0.1183445
v 0.35738822 -4.21088838 -0.87689822
v 0.72666877 -3.99515223 -0.86503922
v 0.72827673 -4.01039123 -0.83761376
v 0.56643152 -3.33271956 -0.65454548
v -0.4347496 -3.90749001 0.15753181
v 0.04092792 -4.28378629 -0.85071545
v 0.07010577 -3.51874113 -0.87626904
v -0.73610502 -3.43066954 -0.24145284
v -0.01708014 -3.49611496 -0.86569458
v 0.7463805 -3.56645441 -0.5801382
v 0.76816952 -3.57349181 -0.56073641
v 0.0063766 -3.53675651 -0.84188967
v 0.8941645 -3.59236145 -0.34629994
v -0.02966628 -3.52055192 -0.86309099
v -0.01629551 -3.50701904 -0.87158483
v 0.83860868 -3.58932089 -0.46847578
v -0.60177403 -3.68882751 0.01346615
v 0.73087286 -3.38758277 -0.29341584
v 0.63975095 -3.33202981 -0.37860113
v -0.83464527 -3.58852958 -0.47698587
v 0.6519674 -3.34980106 -0.37840157
v -0.44216758 -3.46187543 -0.78093582
v -0.83919364 -3.55487513 -0.47860977
v -0.43089082 -3.4907453 -0.80236643
v 0.29030537 -3.22799968 -0.58833199
v -0.47969278 -3.89489364 0.18014085
v 0.32929959 -3.21358847 -0.5764361
v -0.32803157 -3.91674161 0.17955197
v 0.29014009 -3.22520303 -0.60110914
v -0.66782087 -4.41684293 0.10336723
v -0.88276487 -3.85785627 -0.60062801
v -0.67738759 -4.43294906 0.11414805
v -0.69823592 -4.41819143 0.12132871
v -0.86109274 -3.8950591 -0.66231942
v -0.30641353 -4.046278 0.18611013
v -0.86005371 -3.88331675 -0.6644023
v 0.11870464 -4.0651946 0.2004792
v 0.78204911 -3.79715848 0.02531368
v 0.79137301 -3.81114149 0.02570579
v -0.8012371 -3.65087842 -0.40391069
v 0.78902423 -3.82440352 0.02898192
v 0.99054551 -3.89379954 -0.12553522
v 0.80135905 -3.81736373 0.03810737
v 0.69399666 -3.52334547 0.00628054
v 0.80427098 -3.80028271 0.02585286
v 0.68137919 -3.50388598 -0.04551714
v -1.02263999 -4.21089887 -0.55603766
v 0.67289304 -3.45000982 -0.17656675
v 0.67477166 -3.41489458 -0.15954323
v 0.49192476 -3.74195098 0.14549794
v 0.29164275 -3.78874158 0.19059158
v 0.41272783 -3.84546279 0.12966483
v 0.44396561 -3.83156967 0.12820668
v 0.38676875 -3.76312422 0.16887082
v 0.48834121 -3.82281589 0.14024621
v 0.37138208 -3.87168169 -0.8142274
v 0.50041532 -3.82007551 0.13576117
v 0.29499501 -3.88323211 -0.82690972
v -0.87857538 -4.02460908 0.14328645
v -1.01131582 -4.21094656 -0.57170432
v 0.68073946 -3.80012631 0.06037714
v 0.06696447 -3.47770428 -0.82013481
v -0.76066631 -3.81064128 -0.66217625
v 0.06388278 -3.48714613 -0.81337094
v -0.77865135 -3.77612996 -0.61582064
v -0.69841599 -3.87440133 0.00514801
v -0.78538906 -3.7928493 -0.60131061
v -0.80503255 -3.64417672 -0.00288319
v -0.77402883 -3.80751276 -0.62991154
v -0.47727292 -3.96188187 0.12656581
v -0.7136662 -3.38300228 -0.28948634
v -0.34114524 -3.55481815 -0.90765792
v 0.89960181 -4.35125827 0.02158715
v 0.76168412 -4.08078813 0.0547233
v 0.94149732 -4.32054805 -0.05907006
v 0.73488056 -4.17388057 0.09889807
v -0.45642429 -3.86306524 0.11491856
v -0.79377377 -3.6924591 -0.52499353
v -0.67608124 -3.74309444 0.03423774
v -0.66300076 -3.8649187 -0.77025795
v 0.49310559 -3.7731235 0.15881325
v -0.65023392 -3.86669254 -0.78757894
v -0.538504 -4.0196352 0.18994322
v 0.36223888 -3.48228216 -0.8416121
v -0.54107391 -4.02068901 0.18244583
v -0.82589376 -4.0751729 -0.03444502
v -0.45912471 -4.0251789 0.18139924
v 0.09447255 -4.28638696 -0.85063517
v 0.76307976 -3.68461966 -0.23554027
v 0.06804551 -3.56941604 -0.85684597
v -0.8111872 -3.72323751 -0.0580084
v -0.59225541 -4.05711889 -0.79469251
v -0.19226604 -3.90425419 0.12987224
v -0.64140033 -4.27501773 0.14742709
v -0.21053439 -3.87915563 0.11669811
v -0.81407523 -4.33020401 0.12071873
v -0.32223436 -3.52887868 -0.82272303
v 0.48088562 -4.39985227 0.14195479
v -0.46677267 -3.55453753 -0.84471553
v 0.48347798 -4.32191896 0.13484305
v -0.51411253 -3.54748058 -0.81127733
v 0.6893081 -3.71152091 -0.76040804
v -0.31266975 -3.80266332 0.16797496
v 0.69859081 -3.83112907 -0.83903825
v 0.74957603 -3.78242969 -0.60464251
v 0.46245077 -4.1736598 -0.90282905
v 0.74229872 -3.78616952 -0.61875784
v 0.29096627 -3.66061019 -0.91184663
v 0.73515665 -3.7712481 -0.66192483
v 0.06279011 -3.92437195 0.14713187
v 0.74672436 -3.75414562 -0.63179278
v -0.33485868 -3.78863883 0.1232316
v 0.74007099 -3.77175831 -0.6195386
v -0.32639658 -3.80539703 0.12510988
v 0.73573041 -3.77063322 -0.63018202
v -0.33666819 -3.78911805 0.14267769
v 0.7415806 -3.77339196 -0.64536082
v -0.58433377 -3.77968454 0.10487035
v 0.8042593 -3.61576652 -0.3494727
v -0.43277999 -3.83552694 0.12614029
v 0.79194438 -3.75610256 -0.55013072
v 0.79411971 -3.74667739 -0.53974509
v -0.52014124 -3.79484939 0.11431167
v 0.81849974 -3.7929604 -0.54175752
v -0.76222294 -3.69293499 0.01085656
v -0.12970003 -3.41502928 -0.7837277
v 0.80673611 -3.74953699 -0.5188502
v 0.76628482 -3.56808996 -0.02042881
v 0.7319566 -3.77281951 0.0302601
v -0.13558206 -3.9141221 0.14952898
v -0.18171608 -3.51714348 -0.86148572
v -0.12124506 -3.91110801 0.13870245
v 0.13648164 -3.28591966 -0.67705047
v 0.89189297 -3.55009675 -0.20114594
v -0.10616762 -3.91244196 0.13346597
v 0.74915099 -3.50322628 -0.36496067
v -0.5754292 -3.30940055 -0.38312083
v 0.75823003 -3.50814914 -0.37206739
v -0.63306707 -3.3054254 -0.30676356
v -0.35852274 -3.9109559 0.17854897
v -0.6340785 -3.30154228 -0.34641546
v -0.18890541 -3.91324758 0.13733711
v -0.61815917 -3.3065133 -0.31978642
v -0.206088 -3.9204483 0.16793711
v -0.03812046 -3.90356135 0.23642508
v -0.60169291 -3.66282415 0.07509101
v -0.03788881 -3.92991018 0.22576254
v -0.6068145 -3.64425587 0.07530188
v 0.47623053 -3.27215719 -0.46808576
v 0.49399155 -4.34021806 0.1692027
v 1.04285717 -4.19828128 -0.32317048
v 0.61987698 -3.95752811 0.15735998
v 0.78745526 -3.78396296 0.03764757
v 0.18406385 -3.92502212 0.17208875
v 0.63686305 -3.9387741 0.14953482
v 0.20974749 -3.91994452 0.19273945
v 0.59920167 -3.31843352 -0.45781052
v 0.13145324 -4.23148632 -0.89312112
v 0.21635258 -4.19868421 -0.91452205
v 0.17994228 -3.92516374 0.20426182
v 0.50384879 -3.28864979 -0.55655056
v 0.103602 -3.77793169 0.23170313
v 0.48646622 -3.27755641 -0.55024433
v 0.45585411 -3.75716376 0.15152758
v 0.09253338 -3.83425808 0.23806943
v 0.43763986 -3.74886584 0.16524268
v -0.41372317 -3.89401531 0.12444474
v -0.46686631 -3.54062771 -0.85883814
v -0.93994396 -4.03596735 -0.4093745
v 0.84648495 -3.67503476 -0.18766637
v 0.69680792 -3.40486812 -0.30558353
v -0.45886582 -3.94022226 0.15861518
v 0.56386584 -3.91376042 -0.83532267
v 0.9922837 -4.12081146 -0.26297187
v 0.67755687 -3.78714132 -0.70996481
v -0.10397817 -3.78089284 0.25322434
v 0.65159761 -3.77397489 -0.74034947
v -0.58699888 -3.40999555 -0.4898771
v -0.65630978 -3.49756193 -0.68221861
v -0.74365758 -3.41315221 -0.22835347
v 0.66714263 -3.40168261 -0.18553654
v 0.74754583 -3.86319923 -0.7965368
v 0.66175049 -3.35380053 -0.2301225
v 0.76128649 -3.73116755 -0.67280179
v 0.66468596 -3.34180402 -0.3028059
v 0.73422515 -3.46968984 -0.59153688
v 0.67467427 -3.35808181 -0.22899025
v -0.39287275 -3.25489211 -0.648265
v -0.45666816 -3.26116657 -0.6162616
v 0.67624139 -3.3545227 -0.24698309
v -0.79625284 -3.62361478 -0.36682125
v 0.76851189 -3.63602232 -0.11235843
v -0.82022118 -3.61784791 -0.35368788
v 1.02284705 -4.25972652 -0.41293871
v 0.75935226 -3.53690409 -0.24514272
v -0.15668806 -3.49564456 -0.87161976
v 0.24076581 -3.8921678 -0.93703365
v -0.13371366 -3.5178771 -0.86600279
v 0.76941949 -3.80406808 -0.63076019
v -0.11590138 -3.50535202 -0.87382268
v 0.13750076 -4.13638782 -0.86415445
v -0.29072275 -3.90206646 0.13451179
v -0.65303605 -3.72296381 0.07646188
v 0.1241012 -4.2185111 -0.85345232
v -0.66659057 -3.38079428 -0.18375693
v -0.38403436 -3.47157526 -0.83459746
v 0.49234637 -3.85354042 -0.93330609
v 0.47594955 -3.54574585 -0.82885533
v -0.80878806 -3.58464598 -0.21566566
v 0.84098184 -3.5705502 -0.27684232
v -0.45813074 -4.1818428 -0.84468084
v 0.72591567 -3.41971683 -0.31938391
v -0.72945928 -4.00406026 -0.70163816
v -0.4610567 -4.23563623 -0.85600572
v -0.20923134 -3.53916049 -0.84452647
v 0.87760686 -3.97404003 -0.31170734
v -0.23144182 -3.52426028 -0.85550183
v 0.43355518 -3.27050781 -0.60070234
v -0.6800735 -3.54113316 0.05344506
v 0.15147778 -3.85254597 0.14619833
v -0.71195423 -3.55858373 0.05158107
v 0.38892263 -3.69421505 -0.8705517
v 0.16298948 -3.90098309 0.1358733
v -0.22396971 -3.83736228 0.20137943
v -0.65613007 -3.53885388 -0.77272081
v -0.69344461 -3.53776907 -0.73600363
v -0.20333154 -3.80487895 0.20239548
v -0.98602783 -4.26892805 -0.20139421
v 0.74665463 -3.89353036 0.10409874
v -0.98728632 -4.26270866 -0.16898472
v 0.28118005 -3.48609995 -0.85827398
v -0.98610281 -4.27721023 -0.1526561
v -0.66450625 -3.3294425 -0.38564735
v -0.32642507 -3.8094325 -0.85680764
v -0.64382803 -3.32030081 -0.3632934
v -0.8522222 -3.91617584 -0.17433872
v -0.80842816 -3.756145 0.10248826
v -0.10150106 -3.80925393 0.19158648
v -0.54217344 -4.03602695 0.12139707
v -0.09353561 -3.81833124 0.18359978
v -0.62234801 -4.04199123 0.11298464
v -0.08031584 -3.82092714 0.23536196
v 0.3277502 -3.36123323 -0.80807054
v 0.4008398 -3.25576877 -0.64354658
v 0.19111643 -3.52502346 -0.83815026
v 0.78518259 -3.75799322 -0.56670963
v 0.17074477 -3.52836418 -0.85051506
v -0.71826404 -3.44283723 -0.27563867
v -0.06427701 -3.27537822 -0.63559788
v 0.48580727 -3.61147499 -0.78420174
v 0.02799733 -3.26526355 -0.61911404
v 0.10577803 -4.16370248 0.17218077
v 0.01918223 -3.27248692 -0.63511818
v -0.07525463 -4.11176443 0.1635462
v -0.03432842 -3.26520395 -0.62207472
v 0.01961386 -3.27302455 -0.61049383
v -0.75289785 -3.40192961 -0.27921816
v 0.24815058 -3.29656481 -0.61596542
v -0.45846784 -3.48339033 -0.75922048
v 0.12657491 -3.27088046 -0.60596263
v -0.44214561 -3.46568775 -0.73913133
v -0.94525539 -3.75491905 -0.26337057
v -0.89362365 -3.67654538 -0.37628746
v 0.72490292 -3.87348532 0.09958001
v -0.87202411 -3.68327045 -0.49044221
v -0.22689212 -3.87843847 0.11857885
v -0.71799111 -3.3997116 -0.27586126
v -0.26014298 -3.89794826 0.11960864
v -0.77633756 -3.58905792 -0.44642186
v 0.29223582 -3.54199576 -0.93485051
v 0.30459263 -3.94277143 0.17520922
v -0.82382035 -3.57064461 -0.22425133
v -0.83184742 -3.55089235 -0.24267266
v 0.70337086 -3.78615903 0.13805908
v -0.09695468 -3.77756261 0.11844641
v -0.32712957 -3.78183913 -0.82296967
v 0.83191442 -3.70828008 -0.46055379
v -0.19652912 -3.81288576 0.15017715
v 0.80131316 -3.7495656 -0.49383136
v -0.9042837 -3.85163998 -0.02470405
v 0.79729896 -3.74589538 -0.50297272
v -0.77445399 -3.56040263 -0.3504284
v -0.51819098 -3.39414691 -0.66902363
v -0.78348553 -3.52989578 -0.44025021
v 0.4752812 -3.88010239 0.16014984
v -0.52975744 -4.20928859 -0.86184251
v -0.89741981 -4.02325677 0.14681893
v -0.41481632 -4.4104166 0.12378993
v -0.83198523 -3.61739587 -0.34247443
v 0.81137824 -4.10986328 -0.04799545
v 0.64203256 -3.93457794 -0.87684768
v -0.44865629 -3.91477727 0.1231869
v 0.64879822 -3.95974111 -0.89727628
v 0.63922631 -3.90192103 -0.90299087
v 0.17812411 -3.82067441 0.101075
v 0.66284143 -3.9736104 -0.89383626
v 0.1006524 -3.91266298 0.10219127
v -0.25151175 -3.41016554 -0.79798764
v -0.82107758 -3.61796188 -0.14520984
v 0.79499959 -3.78625655 0.07294122
v 0.0426977 -3.85372638 0.16119785
v 0.85155183 -3.60410976 -0.18041543
v 0.05654005 -3.85057354 0.14661455
v 0.82118159 -3.63544654 -0.16764369
v 0.05345957 -3.83869457 0.16786214
v 0.82061231 -3.62602853 -0.17125971
v -0.24239489 -3.82446336 0.12639123
v -0.72828298 -3.4580028 -0.17551407
v -0.22638092 -3.80028533 0.12334678
v 0.80500906 -3.63791894 -0.01964042
v 0.76829952 -3.97901773 -0.78706467
v 0.5199964 -3.29409265 -0.52530169
v 0.76071608 -3.9881277 -0.77560341
v 0.77123719 -3.97605752 -0.75898563
v -0.66459786 -3.86417388 -0.80871415
v -0.80273807 -4.06654691 0.04112863
v -0.87119948 -3.56078529 -0.18317587
v 0.01323446 -4.42794942 0.20307274
v -0.77293151 -3.46251988 -0.56416744
v 0.70155274 -3.54831123 -0.61788034
v -0.10299616 -3.33450675 -0.68419385
v -0.11963076 -3.90993738 0.15802651
v -0.22653785 -3.56691479 -0.89718395
v 0.68435001 -3.88524031 0.11642447
v 0.88321965 -4.24034357 -0.54091835
v 0.67920005 -3.91474628 0.11383996
v -0.42025503 -3.41122412 -0.81444621
v -0.29283064 -3.7881689 0.15043488
v -0.66169798 -3.49184441 -0.75014758
v 0.67380905 -3.64798641 0.09681077
v -0.3035725 -3.7794373 0.15995161
v 0.69453108 -3.61905837 0.07486067
v -0.86799007 -3.73187446 0.01092194
v 0.81642842 -3.81278419 0.03016842
v -0.88187247 -3.63861084 -0.2091557
v -0.39967891 -3.74601936 0.13763007
v -0.42877507 -3.94444561 0.14768254
v -0.07616126 -3.49636554 -0.89821291
v -0.43391141 -3.95686006 0.15568974
v -0.19798934 -3.53552222 -0.86476004
v 0.5745362 -3.78563094 -0.81613022
v -0.10444568 -3.83585381 0.1620512
v 0.22317795 -3.80425977 -0.94218605
v -0.68186152 -3.71070623 0.03972555
v -0.69619172 -3.69161629 0.04575488
v 0.10173815 -3.79106545 -0.93797457
v -0.70941036 -3.70971822 0.04148914
v -0.06927337 -3.63562321 -0.887492
v 0.67046165 -4.38704347 0.15564516
v 0.69010841 -3.34448432 -0.4134736
v 0.80974358 -4.27622985 0.05689522
v 0.72467976 -3.36813831 -0.35200095
v 0.7625848 -4.07886838 -0.00081859
v 0.71242415 -3.3743155 -0.32368037
v -0.65243864 -3.56196713 0.07041932
v -0.6094129 -3.60359334 0.08838754
v -1.0576663 -4.21103954 -0.35193067
v -0.64104044 -3.57463455 0.07174044
v -0.623703 -3.59033727 0.0873806
v 0.23234702 -3.47099423 -0.88430333
v -0.58998382 -3.62037372 0.1014349
v -0.03806924 -3.80768895 0.2519924
v -0.15964016 -3.9469769 0.07841527
v -0.04125302 -3.83111858 0.25110343
v -0.42625013 -3.88225698 0.13619273
v -0.42228508 -3.89480161 0.14450949
v -0.06821259 -4.41512537 0.18932765
v -0.05625108 -3.83224535 0.24779786
v -0.08931183 -4.39918804 0.18958507
v 0.81957495 -3.66115379 -0.38486951
v 0.48776078 -3.75650739 -0.80772161
v 0.82806569 -3.68120217 -0.3825272
v 0.78941237 -4.22541904 -0.78946006
v 0.81887495 -3.66810131 -0.36831966
v -0.24216222 -3.82116699 0.14511209
v -0.65904259 -4.2105093 0.10468361
v -0.94149828 -4.00612974 0.10289522
v -0.94694691 -3.97247028 0.05157086
v 0.6562432 -3.89816498 -0.76356655
v 0.05439119 -3.52446651 -0.86204993
v 0.84034335 -3.6802144 -0.39611768
v -0.92213213 -3.80486202 -0.13887217
v 0.58891129 -3.33935976 -0.36361742
v -0.78967285 -3.5361936 -0.4080891
v -0.06478423 -3.51111006 -0.82053709
v -0.77361869 -3.49404764 -0.52613765
v 0.66461485 -3.81144666 0.08133269
v -0.28912103 -4.30990457 -0.88134348
v 0.69945883 -3.79820442 0.08313389
v 0.29063779 -3.25309252 -0.67653471
v 0.46147435 -4.41370391 0.17930418
v -0.41820129 -3.45332098 -0.87214595
v 0.82351976 -3.75890946 0.01702118
v 0.44627124 -4.42789173 0.1691719
v -0.91450756 -4.0254302 -0.53136056
v 0.44434493 -4.43742942 0.17886075
v -0.92734956 -4.08355569 -0.60353791
v 0.45357963 -4.42778301 0.17883428
v -0.2232607 -3.96256303 -0.97658658
v 0.60188919 -4.41610097 0.1501889
v -0.2869814 -3.93684768 -0.96412265
v 0.48767018 -4.40290117 0.16052922
v -0.7370519 -4.24407625 -0.8298856
v 0.50623804 -4.42208766 0.14299666
v 0.78601259 -3.83058071 0.0588168
v -0.68177795 -4.24069786 -0.84963905
v 0.86827999 -3.70900368 -0.03128822
v 0.07214571 -3.29408216 -0.67844736
v 0.60456198 -3.91619253 0.1370611
v -0.33772903 -3.42598581 -0.79328399
v 0.63185483 -3.57059025 0.08506788
v 0.62627184 -3.58477163 0.0729928
v 0.37908393 -3.26027393 -0.61632025
v 0.65573495 -4.08811092 -0.89436107
v 0.43340709 -3.25632858 -0.5804758
v -0.11580109 -3.30926537 -0.65954083
v 0.2582845 -3.95948958 -0.88661271
v 0.35720157 -3.80255127 0.16018705
v 0.27447772 -3.67175269 -0.95902073
v 0.50853997 -3.94322562 -0.84918856
v 0.31387344 -3.70384836 -0.96488028
v 0.53969955 -3.97322535 -0.85620755
v -0.18235635 -3.78471207 0.12760098
v 0.15989781 -3.88179516 0.1671808
v -0.19778206 -3.80254077 0.13396552
v -0.77827423 -3.60460424 -0.40413588
v 0.494428 -3.930233 0.1451511
v -0.76654946 -3.59195542 -0.42444294
v 0.53001713 -3.893332 0.16822123
v -0.76191419 -3.56346273 -0.37184155
v 0.537386 -3.90841388 0.16714412
v 0.5110417 -3.9452486 0.14436811
v -0.76832854 -3.56006956 -0.39627844
v -0.90602773 -3.82761979 0.0062343
v -0.78202915 -3.55406546 -0.38473209
v 0.02758312 -3.8526802 0.16498792
v 0.5424633 -3.70846223 0.13426959
v 0.02492312 -3.86677742 0.14709641
v 0.57479655 -3.69255542 0.12037026
v 0.07542197 -3.83879518 0.13775077
v 0.53735226 -4.01211452 0.08399163
v -0.27752745 -3.8313322 0.19620947
v 0.07508191 -3.84802675 0.14496165
v -0.41471847 -3.85188555 0.19125723
v -0.70473283 -3.40105938 -0.27881828
v -0.6998257 -3.38728976 -0.27733239
v -0.39398068 -3.84465432 0.19097723
v -0.38923263 -3.80754089 0.18676966
v -0.42663645 -3.20741629 -0.47415483
v 0.72708618 -4.18627309 -0.83023303
v -0.43562158 -3.82397913 0.18679782
v 0.70907414 -3.57194304 0.04175774
v -0.54838651 -3.86519718 0.19358877
v 0.72442078 -3.78727436 -0.64757281
v -0.46534955 -3.91281247 0.15193156
v -0.44287046 -3.84733724 0.10630042
v 0.65162318 -3.94125795 0.14800596
v -1.00443351 -3.87852907 -0.3650392
v 0.77608496 -4.31757354 0.13161867
v 0.73554724 -4.28674125 0.14239779
v 0.77495139 -3.71571898 -0.04224099
v -0.90399706 -3.89963054 -0.2131845
v 0.81769377 -3.75287723 -0.00327963
v -0.46740552 -3.59438252 -0.78622031
v 0.79263722 -3.72318959 -0.00807674
v -0.34949937 -3.56113576 -0.78284758
v 0.81632494 -4.41505718 0.10227887
v -0.21859958 -3.56484103 -0.80473458
v 0.79757392 -4.42485427 0.11267453
v 0.4644896 -3.76048922 -0.85749459
v -0.49123522 -4.17731237 -0.87071752
v 0.52253323 -3.78565335 -0.87728196
v -0.19421729 -3.39082336 -0.71589839
v 0.46701267 -3.74836921 -0.86665952
v -0.85150986 -3.80103206 0.06317644
v 0.9306212 -4.32212209 -0.05472736
v -0.56861567 -3.29951977 -0.49086272
v 0.96498912 -4.30463981 -0.09865785
v -0.552814 -3.2940793 -0.49017587
v 0.96998989 -4.28827905 -0.12980213
v -0.519405 -3.27729344 -0.50206542
v 0.95355188 -4.31575298 -0.08424547
v 0.9028632 -4.14815235 -0.54998099
v -0.81968647 -3.55914354 -0.53241896
v 0.98300981 -3.89655852 -0.39021962
v -0.70504677 -3.8064146 -0.74257111
v -0.7119922 -3.83859825 -0.76050812
v 0.58322155 -3.99208951 -0.80745226
v -0.71862685 -3.82497263 -0.74151289
v 0.50530254 -3.24313449 -0.46208816
v -0.72981309 -3.82102441 -0.72537314
v 0.50669717 -3.25519037 -0.44704818
v -0.1636082 -3.53766083 -0.87702381
v -0.46145197 -3.89326643 0.19526389
v 0.55431377 -4.00761032 0.17515952
v 0.67730677 -3.37866354 -0.19926168
v 0.69587528 -3.38645863 -0.21742609
v 0.53567403 -4.02463436 0.19106018
v 0.45676031 -4.06427812 0.20121696
v 0.61654853 -3.89760351 0.15042117
v -0.16828864 -3.75430369 -0.90937995
v 0.68063128 -3.55217909 0.07217167
v -0.11244933 -3.35026598 -0.69392216
v 0.06556244 -3.49243307 -0.83160519
v -0.05898547 -3.87617325 -0.94834071
v -0.86264449 -3.61151146 -0.39013478
v -0.18947877 -4.0759778 0.13916064
v -0.90291458 -3.65425062 -0.22249347
v -0.36973792 -3.80480694 0.15046477
v 0.72343862 -3.85212659 0.14017669
v -0.1133764 -3.80663871 0.22487315
v -0.37113526 -3.94825482 0.14861428
v -0.1331162 -3.80834627 0.21496602
v -0.55450975 -3.87189793 -0.82236218
v 0.54148912 -3.48905181 -0.65124052
v -0.19194844 -4.40917539 0.15426126
v -0.57220101 -3.8512423 -0.82651925
v -0.13470363 -3.73973703 -0.8899787
v 0.18004271 -4.49266624 0.20629757
v -0.66159737 -3.71419191 0.04553427
v -0.82061362 -3.68806242 -0.52370291
v -0.65760433 -3.73040103 0.03778101
v -0.80783236 -3.69515538 -0.53777325
v -1.02553367 -4.12462234 -0.40468987
v 0.36299824 -3.42867898 -0.70554399
v -1.05594563 -4.19600629 -0.42617651
v 0.83751601 -3.6127572 -0.09231479
v 0.59325301 -3.89377784 0.14171084
v 0.74193382 -3.39897918 -0.27569776
v -0.8084982 -3.76778316 0.05982723
v -0.78755104 -3.76791 0.03919958
v -0.78585994 -3.76857185 0.01611844
v 0.72674405 -3.37375497 -0.32008025
v -0.76820564 -3.77387619 0.0213335
v 0.74074822 -3.38952064 -0.28988891
v 0.83590209 -3.75544881 -0.49110433
v 0.74216365 -3.38292074 -0.32029566
v 0.54033112 -3.28745341 -0.55344677
v 0.47639018 -3.25703048 -0.4651694
v -0.10222062 -4.01262188 -0.87637174
v 0.22060817 -3.57925152 -0.82429087
v -0.08931308 -3.71380448 -0.90125799
v 0.10216072 -3.90816187 0.22469943
v 0.10573045 -3.91972088 0.18822789
v -0.8365702 -4.36923694 0.1101385
v -0.74968677 -3.99647259 0.05196651
v -0.75568687 -3.78884983 0.11378205
v 0.68176829 -3.795686 0.03542193
v -0.75608074 -3.47750949 -0.17445839
v -0.75362974 -3.44316887 -0.16392326
v 0.73867178 -3.86776995 0.01908168
v -0.84670627 -4.06278801 -0.07254763
v -0.7547329 -3.45867943 -0.17970112
v -1.00477612 -4.25232791 -0.05070647
v -1.05533576 -4.21549177 -0.41376584
v -0.08245652 -3.50229787 -0.87369298
v -1.05951476 -4.22661542 -0.39952766
v -0.41301026 -4.22603035 -0.92481893
v -1.05952072 -4.23610019 -0.4173811
v -0.87249982 -3.5581007 -0.20439632
v 0.75749051 -3.57187557 0.00930831
v -0.67215663 -3.68033909 -0.01549282
v -0.6059392 -3.52322721 -0.80835658
v -0.68448883 -3.7982943 -0.01296028
v 0.1166222 -3.87014436 0.21393652
v 0.82011985 -3.65732646 -0.03745226
v -0.64007884 -3.84006404 0.10295633
v 0.82951939 -3.64627361 -0.06014912
v -0.68040067 -3.82110214 0.08474943
v -0.44809892 -3.74707865 0.12166403
v 0.36751532 -3.22067141 -0.54617053
v -0.15044826 -3.4890871 -0.84578955
v 0.47640767 -3.24119043 -0.47144499
v -0.90531593 -3.98509311 -0.37428811
v -0.17013074 -3.47541117 -0.84455043
v -0.90421009 -4.02923345 -0.48068845
v 0.98933231 -4.13791322 -0.23673668
v 0.07068838 -3.82129287 0.17747527
v -0.79767084 -3.53788304 -0.38407257
v -0.72455161 -3.61816048 -0.09996155
v 0.77349388 -4.00478506 -0.02111027
v -0.69190228 -3.51364612 -0.06928054
v -0.05846938 -3.94585299 0.20619374
v 0.85790783 -3.73131251 -0.03563353
v 0.88657885 -3.71313881 -0.09022827
v 0.66276794 -3.72446131 0.14855353
v 0.11633841 -3.53056573 -0.86674958
v 0.70060634 -3.69356513 0.12448956
v 0.1148902 -3.51921296 -0.87427723
v 0.65652871 -3.72433757 0.0947951
v 0.08528015 -3.52683305 -0.8808611
v 0.66149485 -3.71205663 0.09492975
v -0.58370447 -3.28610396 -0.50771677
v 0.64861118 -3.72254872 0.10228264
v 0.86972826 -3.85302209 -0.22718246
v -0.53685039 -3.29424667 -0.53700059
v 0.90786707 -3.94291639 -0.29354542
v 0.5531829 -3.93340516 0.19348704
v 0.2163984 -3.51133942 -0.8444463
v -0.31716036 -3.75969839 -0.88508665
v -0.89539867 -4.17269039 0.05913832
v 0.1607612 -3.96227717 0.08932209
v 0.24025508 -4.27711963 -0.86699092
v -0.77596396 -3.79405593 -0.66621339
v 0.23460324 -4.14365291 -0.87861889
v -0.45510363 -3.20636034 -0.47935432
v -0.81145989 -3.67931699 -0.0494879
v 0.4944542 -3.77379512 -0.88591051
v -0.78965061 -3.90545916 0.16997008
v -0.7709766 -3.93447208 -0.68894749
v -0.64690786 -3.74540305 0.07204561
v -0.69965857 -3.71571564 0.05369938
v -0.31172496 -3.90813136 0.16162945
v -0.88931769 -3.69251489 -0.04582317
v -0.25988027 -3.87786603 0.15305255
v -0.10599972 -3.33658909 -0.70718962
v 1.03643429 -3.8812313 -0.23532867
v -0.10245193 -3.3244338 -0.69672715
v -0.33667266 -3.79446101 0.08143902
v -0.12038303 -3.33758235 -0.7160834
v -0.4822584 -3.89469409 0.07476821
v -0.13551004 -3.3217504 -0.70520478
v -0.08253838 -3.58644676 -0.90945398
v 0.75778985 -4.42867279 0.12715235
v 0.66938775 -3.98500442 -0.88396519
v -0.40713849 -3.88003993 -0.92292255
v 0.2449525 -3.49441051 -0.85016512
v 0.77571499 -3.76068258 -0.58117407
v -0.9408403 -4.17348814 -0.62305247
v 0.49612486 -3.45432186 -0.78180009
v -0.36962887 -3.29533577 -0.66816675
v -0.16843888 -3.52601647 -0.85206484
v -0.74798518 -3.61208272 0.03940798
v -0.72888582 -3.41778135 -0.25614529
v -0.49004486 -3.93270731 0.13086576
v -0.68441087 -3.49299669 -0.6431697
v -0.47885161 -3.89297866 0.1297144
v 1.03131938 -4.23439836 -0.23436273
v 0.09520069 -3.56094336 -0.94785237
v 0.00117591 -3.52232193 -0.82852727
v 0.65916031 -3.46590447 -0.64701813
v -0.39329582 -3.75723099 0.1512722
v -0.71609306 -4.10353851 0.06243025
v -0.40254634 -3.78887581 0.16131803
v -0.99301433 -4.23286819 -0.2287198
v -0.70869195 -3.43469429 -0.0732431
v -1.01468324 -4.23915004 -0.28685912
v 0.67837464 -3.40269994 -0.16552215
v 0.32296282 -3.2775321 -0.58777684
v 0.50591373 -4.19378662 -0.87887287
v 0.27010136 -3.25656843 -0.5927788
v 0.60228747 -4.19338703 -0.88673657
v 0.20977032 -3.24882602 -0.6073293
v 0.52632981 -3.94964194 0.09699735
v -0.21540127 -3.84579467 -0.86904722
v -0.65335506 -4.43889617 0.11022876
v -0.3237195 -3.7855165 -0.86157363
v -0.57242971 -4.43767213 0.11533665
v -0.48554292 -3.87578249 0.1528081
v -0.35318252 -4.29711771 -0.89850139
v 0.10248811 -3.83936166 0.14801254
v -0.97054368 -3.80454754 -0.42421171
v 0.78243905 -3.55801367 -0.46119859
v -0.31001046 -3.87338995 0.19908186
v -0.78473913 -3.74235248 -0.56681239
v -0.31998384 -3.85972881 0.19663052
v 0.78881102 -3.93766713 -0.0328665
v -0.29575881 -3.85396742 0.19298882
v 0.73181414 -3.42928695 -0.3206537
v -0.28512534 -3.87293839 0.20024763
v 0.75625765 -3.78788161 0.06142626
v -0.30793666 -3.81854748 0.12862169
v -0.21091994 -3.79886841 0.1634283
v 0.05793975 -3.66280221 -0.90261101
v -0.70487618 -3.39585924 -0.17716616
v 0.07390458 -3.65778422 -0.90863031
v -0.44414842 -4.21175527 -0.89953839
v -0.38148573 -3.78860378 0.10326321
v -0.44276017 -4.24249744 -0.88171815
v -0.7445904 -3.44459104 -0.17868436
v -0.44325873 -3.91308069 0.14216953
v 0.43005192 -4.4432249 0.18431362
v 0.60449916 -3.7552483 0.09346623
v 0.43766671 -4.44194889 0.19379827
v 0.77582359 -3.94105839 -0.77880203
v -0.28004989 -3.28994131 -0.73951
v -0.94405484 -3.89940953 -0.06806456
v -0.41350761 -3.97487807 -0.8223226
v -0.94761508 -3.89151525 -0.09710343
v 0.31706494 -3.48784685 -0.84218925
v 0.80821377 -3.87884593 0.02039273
v 0.83595377 -3.89959049 -0.58905452
v 0.84480381 -3.89984273 -0.58701133
v -0.41119772 -3.79141521 -0.87774628
v 0.84445375 -3.87565732 -0.60118627
v -0.47531914 -3.91160917 0.13727122
v -0.00688727 -3.82535839 -0.86225354
v -0.67632114 -3.32511186 -0.40133354
v 0.36469161 -4.20022964 0.1551077
v 0.17908865 -3.80984616 0.24035595
v -0.54005986 -3.82188558 0.10225978
v 0.4977352 -4.27451801 0.16291672
v -0.80470252 -3.63837385 -0.46927088
v -0.80492407 -3.63417959 -0.45414048
v -0.97267383 -4.19845151 -0.17260444
v 0.82967245 -3.63320827 -0.06199333
v -0.8436768 -3.77333211 -0.16227746
v 0.11537946 -3.54738521 -0.88691622
v -0.79572403 -3.66863107 -0.11711154
v 0.797356 -3.93375754 0.09042352
v -0.10203094 -3.3042674 -0.6801089
v 0.83845275 -3.96734094 0.08721568
v -0.73911303 -3.49063372 -0.11766669
v 0.05119479 -3.4830923 -0.88132321
v -0.75079071 -3.47663545 -0.11623891
v 0.26121258 -3.9051063 0.21167458
v -0.75752353 -3.43591022 -0.1666444
v -0.42585021 -3.92909598 0.14501662
v 1.04444575 -4.27488756 -0.3530991
v -0.62006014 -3.86664724 -0.80639314
v -0.93038904 -4.2119255 -0.64094835
v -0.89780908 -4.23817968 -0.67043721
v -0.60057759 -3.86860966 -0.80931562
v -0.84430348 -4.22743463 -0.71390795
v 0.53784865 -3.95902276 -0.80517786
v 0.64881289 -3.58414983 0.10448023
v 0.58952415 -3.90979933 -0.76436275
v -0.48302409 -3.655056 -0.80042082
v -0.42054009 -4.03663492 -0.79357653
v -0.48196721 -3.6945908 -0.80672895
v 0.64862966 -3.55678892 0.08348562
v 0.63369423 -3.58283615 0.10543539
v -0.62455278 -3.891855 -0.8012011
v 0.35628941 -3.24576258 -0.61567837
v 0.78040772 -3.56919813 -0.436403
v -0.62250679 -3.35817384 -0.62182796
v 0.33702361 -3.25753235 -0.62998628
v -0.60743105 -3.64762401 0.05166697
v -0.31113758 -3.27337575 -0.67715531
v -0.75625532 -3.41439485 -0.22702834
v 0.99993008 -3.80190897 -0.26990869
v -0.56035763 -3.92060995 0.13348282
v -0.1810369 -3.82018184 0.15973015
v -0.57585358 -3.94694209 0.12970688
v -0.18146048 -3.81305861 0.16853407
v -0.30313035 -3.82783436 0.08280522
v 0.58605533 -3.94723868 0.14420622
v 0.38484767 -3.49638795 -0.83065658
v 0.56849896 -3.95245766 0.14625988
v 0.39519918 -3.52514505 -0.83040487
v 0.39754113 -3.51696825 -0.83319062
v -0.48398616 -3.51554369 -0.81617784
v 0.54151082 -3.27254462 -0.47261881
v 0.0525919 -3.81043052 0.1009506
v 0.1296114 -3.82813596 0.10276664
v 0.54512095 -3.31237149 -0.51050114
v 0.53680944 -3.31226372 -0.52362722
v 0.15582963 -3.85769748 0.1001246
v 0.55366158 -3.31875729 -0.52185916
v -0.22242391 -3.24846839 -0.57495272
v -0.92793273 -4.21501445 -0.66011953
v -0.34310805 -3.70280218 -0.9102953
v -1.0248909 -4.18251228 -0.57594168
v -0.2598204 -3.68378663 -0.91921228
v -0.98874801 -4.17938041 -0.61213958
v -0.72584629 -3.71067428 0.03660072
v 0.41630926 -3.88052845 -0.93678474
v -0.74403727 -3.7061901 0.02805325
v -0.74413877 -3.69598078 0.01192626
v 0.70946669 -3.9776318 0.14590504
v 0.12420459 -3.54856634 -0.87640863
v -0.46453851 -3.78036928 0.1813275
v -0.28671556 -3.91416025 -0.97297042
v -0.09262517 -3.79036808 0.10665985
v -0.37089958 -3.8819952 -0.92271512
v 0.74366098 -3.5110743 -0.61659699
v 0.38642779 -4.15273284 0.09760197
v -0.38302058 -3.88331413 -0.92988884
v -0.36971962 -3.89297294 -0.93272513
v -0.52407562 -3.8496685 -0.86837863
v -0.6022166 -3.2927227 -0.35387575
v -0.55516171 -3.25646901 -0.41173601
v -0.49206599 -3.81689882 -0.86325085
v -0.49798092 -3.2302258 -0.47698015
v -0.25522553 -4.25170469 -0.92508417
v 0.70523566 -4.01257896 -0.69690364
v -0.73748654 -3.48634171 -0.17832319
v 0.36608791 -3.2765603 -0.63286656
v 0.07475701 -3.29645991 -0.66667103
v 0.10187052 -3.92980337 0.15231998
v 0.68849122 -3.75637221 -0.72575843
v 0.69605678 -3.76226735 -0.713858
v -0.16960655 -3.98597717 -0.86176306
v 0.6772952 -3.76103973 -0.71303892
v -0.34390524 -3.99960207 -0.84163725
v -0.05667696 -3.70909595 -0.88451027
v 0.2239944 -4.27696895 -0.8598414
v 0.33756005 -3.64782357 -0.890751
v 0.04161884 -4.24401378 -0.83592695
v 0.36222708 -3.65217256 -0.88519531
v 0.34702643 -3.64944815 -0.87671005
v 0.88084948 -3.93617343 -0.40090665
v 0.36521372 -3.66426038 -0.87668752
v 0.20086559 -3.50675916 -0.92931819
v 0.38026756 -3.66593265 -0.88486337
v 0.39937806 -3.69525146 -0.89655005
v 0.81844306 -3.61415052 -0.20241177
v 0.40977376 -3.69996595 -0.88590014
v 0.67816281 -3.54020118 0.06231909
v -0.79085034 -3.66249609 -0.05151546
v -0.55031365 -3.82853937 0.18961162
v -0.80620658 -3.66375732 -0.06054798
v -0.55235111 -3.80019807 0.1826106
v -0.50816458 -3.82052731 0.18694354
v -0.7886396 -3.6485691 -0.0576746
v -0.51984602 -3.7905898 0.18128649
v -0.7998808 -3.64878273 -0.07050265
v 1.0485841 -4.22231435 -0.32958608
v 0.0122442 -3.60192823 -0.88625669
v 1.01070034 -4.1840353 -0.39098197
v 0.47264438 -3.7918179 0.11959265
v -0.18824423 -3.81259179 0.1559458
v -0.68687659 -3.91327738 -0.76482272
v 1.0378493 -3.90968275 -0.23805151
v -0.69388228 -3.84979009 -0.74227219
v 0.99776911 -3.87693643 -0.17379877
v 0.65521073 -3.78547501 -0.73901075
v -0.70990103 -3.525213 0.03431835
v 0.45838606 -3.87861251 0.16245445
v 0.5537706 -3.27271962 -0.40560889
v -0.51465773 -3.64150834 -0.78317081
v -0.36306467 -4.28683996 -0.91551601
v 0.54228663 -3.26298022 -0.420798
v 0.89884245 -3.70298671 -0.12655182
v -0.12319412 -3.8167696 0.21069057
v 0.89554667 -3.69457411 -0.15834821
v -0.16145777 -3.85541009 0.19395239
v -0.13206633 -3.52289581 -0.83030545
v 0.3994022 -4.2091937 -0.89439082
v 0.67794573 -3.47352623 -0.65359771
v 0.04131624 -3.91531801 0.10249777
v -0.13019003 -3.33675217 -0.67890334
v 0.46704328 -3.99717474 -0.8596102
v 0.50807833 -4.0970745 -0.89487713
v -0.13249307 -3.30989694 -0.65885925
v 0.38919112 -3.7217338 -0.95077914
v 0.24749383 -3.85808157 0.22937016
v -0.10426428 -3.89239478 -0.87182068
v 0.33094364 -3.84828448 0.22444184
v 0.30898851 -3.84996867 0.22020795
v -0.79283905 -3.71809315 -0.58801865
v 0.3146418 -3.82905173 0.22278545
v -0.80303657 -3.74310493 -0.60605156
v 0.28837758 -3.84495592 0.2261675
v 0.43069946 -3.22305035 -0.50249099
v -0.66373896 -3.32533264 -0.40114679
v 0.42060831 -3.20703935 -0.52051186
v -0.04953521 -4.24219942 -0.88099914
v -0.42862311 -4.19531917 -0.91073048
v 0.03426897 -4.20335102 -0.89293134
v -0.75403428 -3.69089102 0.03016144
v 0.82110202 -3.75921177 -0.12187996
v -0.76167053 -3.67852401 0.01845877
v 0.16944791 -3.4863789 -0.87200516
v -0.17485976 -3.87964654 0.12150675
v 0.13110774 -3.92831039 0.13806568
v 0.18801163 -3.49467921 -0.86625105
v -0.75689363 -4.24520587 -0.84187352
v 0.39934524 -3.8816483 0.16089375
v -0.74622452 -4.25716686 -0.83654427
v 0.44383534 -3.91607761 0.16694366
v -0.75690639 -4.25872612 -0.83729142
v 0.15181924 -3.83696889 0.13888381
v -0.96364843 -4.04589748 -0.28574362
v 0.08946583 -3.82120347 0.17702838
v -0.51595032 -3.40116286 -0.64988714
v 0.1582746 -3.85368847 0.16844184
v -0.11289221 -4.31477928 -0.81115204
v 0.73248708 -3.3985238 -0.28928315
v -0.53802412 -3.29998493 -0.52071261
v -0.08652642 -3.9337027 0.14823871
v -0.52052879 -3.29639625 -0.51877737
v 0.99068749 -3.80574703 -0.34237641
v -0.51087337 -3.30140447 -0.53719443
v 1.04723548 -4.20012807 -0.21962136
v -0.52177178 -3.30283188 -0.53720939
v 1.06416058 -4.20447731 -0.37093824
v 0.84172123 -3.50528883 -0.34420228
v 0.83142429 -3.49450254 -0.39627665
v -0.65432411 -3.89452529 0.02469121
v -0.69772005 -3.8141489 -0.73378729
v 0.1474256 -3.28607535 -0.66212862
v -0.43143022 -3.80193376 -0.85504382
v 0.15846264 -3.28056311 -0.67978715
v 0.0002937 -3.92501211 0.17619068
v 0.66510248 -3.55492472 0.08356308
v -0.72660553 -3.36704921 -0.35233286
v 0.01043498 -3.49044537 -0.80905896
v 0.17790222 -3.64675855 -0.83833241
v -0.65136599 -3.35711097 -0.23610377
v -0.90921163 -4.22577619 0.03609952
v -0.64305055 -3.38969135 -0.28866159
v 0.86464613 -3.69441103 -0.12327269
v -0.43463671 -4.02369165 0.19232839
v 0.87801826 -3.6884253 -0.13434565
v -0.65053021 -3.93827319 -0.79598385
v 0.92658138 -4.33106136 -0.03830289
v 0.36411768 -3.20673704 -0.56761229
v -0.76940488 -3.93947315 0.04184986
v 0.39444309 -3.21438312 -0.56950354
v -0.11353561 -3.93254685 0.16255025
v 0.39744973 -3.20634031 -0.55367934
v -0.12692934 -3.93002605 0.19803825
v -0.33823996 -3.89939928 -0.93683362
v -0.15835562 -3.92642235 0.20629961
v 0.82064807 -3.757941 0.07075706
v -0.14624321 -3.91888666 0.22287504
v -0.81026727 -3.55929708 -0.32304075
v -0.18931874 -3.89359569 0.21254377
v -0.79866081 -3.55325412 -0.34114319
v 0.38110417 -4.08292961 0.21242114
v -0.24153773 -4.22840786 -0.92289024
v 0.36679482 -4.08728599 0.21118402
v 0.31725388 -3.78705287 0.08530296
v 0.36867857 -4.08317279 0.21801805
v 0.01003264 -4.21340942 -0.84320473
v -0.55783879 -3.83816289 -0.82746267
v -0.13693645 -3.81822252 0.20333273
v 0.4411709 -3.44624853 -0.86395281
v -0.61906063 -3.63790249 0.02572732
v -0.57706475 -3.30264616 -0.47905394
v 0.78926229 -3.75834894 -0.52231174
v -0.5363177 -3.27894616 -0.48983672
v 0.00897494 -3.51196813 -0.85491269
v -0.55530291 -3.28094553 -0.47561505
v -0.66297954 -3.35207271 -0.22432379
v -0.6537466 -3.34033966 -0.24283829
v -0.48390287 -3.23849391 -0.44481805
v -0.54166835 -3.24477624 -0.44261017
v -0.60177844 -3.69747448 0.05975864
v -0.19715522 -3.84095788 0.20519413
v 0.43726566 -3.53660082 -0.89501816
v -0.22437664 -3.80829095 0.1977147
v 0.69987607 -3.40435195 -0.28999909
v -0.48703795 -3.8852806 0.19060434
v 0.24803835 -3.28105711 -0.71790993
v -0.47231352 -3.88476467 0.19607283
v 0.75751119 -3.39943885 -0.28993466
v -0.47859662 -3.73799371 0.11624213
v -0.65479731 -3.7082498 0.06686185
v 0.54134565 -3.31422376 -0.53974592
v -0.07188627 -3.94037079 0.24689893
v 0.71202135 -3.981184 -0.88124179
v 0.06254448 -3.8263669 -0.98681074
v 0.63683807 -3.82535505 0.08235196
v -0.83175927 -3.90464925 -0.69611764
v 0.84143579 -3.62692666 -0.10781047
v 0.85122597 -3.61411237 -0.13696682
v 0.67896467 -3.55585837 -0.69020217
v 0.84629511 -3.61687088 -0.12576331
v 0.71505737 -3.5502305 -0.64497292
v -0.66471761 -3.44316124 -0.69435566
v -0.02669953 -3.94229745 0.21069997
v -0.35111773 -3.21169662 -0.51210343
v -0.327596 -3.28891038 -0.73032325
v -0.03596416 -3.69504308 -0.8804928
v -0.41511243 -3.29057073 -0.70122146
v 0.74571776 -3.50358152 -0.3305231
v -0.71097064 -3.44437217 -0.66057902
v 0.75440424 -3.5183382 -0.35018003
v -0.69679284 -3.45497608 -0.68955892
v 0.34631487 -3.66795539 -0.87308865
v 0.69699204 -4.04586648 0.08300644
v 0.38556432 -3.67809987 -0.89471024
v -0.80737286 -3.58499407 -0.27555614
v 0.39639779 -3.68514871 -0.88614523
v -0.80412679 -3.58902859 -0.31357699
v 0.40180715 -3.69452285 -0.87638557
v 0.02222224 -3.94265246 0.24319009
v 0.42334565 -3.73578476 -0.86501365
v 0.71265208 -3.79868578 0.12835235
v -0.33272132 -4.30165576 -0.87976837
v 0.46195295 -3.75723457 -0.89442378
v 0.00205506 -4.28715372 -0.84664034
v 0.42820093 -3.7265923 -0.89620304
v 0.44446885 -3.74142527 -0.87106162
v 0.03952523 -4.29412317 -0.83550918
v 0.4231508 -3.71516442 -0.88517701
v 0.42723789 -3.7244873 -0.87386268
v -0.70585453 -3.75065708 -0.03838933
v 0.41393047 -3.71075248 -0.89612257
v 0.41426268 -3.70866322 -0.87569594
v 0.82177209 -3.4912846 -0.44236227
v -1.00093948 -4.29097271 -0.08662376
v 0.49291211 -3.90823841 -0.80172431
v 0.80176639 -3.46379828 -0.17992486
v 0.92376416 -4.04650116 -0.26461201
v 0.93098545 -4.04152488 -0.30834114
v 0.42964324 -3.24814033 -0.64692533
v 0.78719329 -3.4753046 -0.15044637
v 0.53288459 -3.86652398 -0.91863971
v 0.23964168 -3.63623309 -0.9031564
v 0.1181306 -3.63340187 -0.89945888
v 0.78719967 -3.46240973 -0.16493189
v -0.7282207 -4.42809391 0.11007634
v -0.17581795 -4.03084468 -0.8261516
v -0.82974767 -3.75235796 0.06959802
v 0.11864265 -3.7900238 0.13730743
v -0.82844311 -3.75100112 0.08131654
v -0.90096038 -3.85319471 -0.60711693
v -0.80357235 -3.86461138 -0.72812104
v -0.00366646 -3.61525535 -0.88669627
v 0.49013054 -3.8752346 0.12692652
v -0.08843104 -4.25537395 -0.87915784
v 0.55631506 -3.34094452 -0.42228817
v -0.75953942 -3.99681258 0.19107134
v 0.75909566 -3.57405567 0.01960118
v 0.3621535 -4.48722028 0.20922163
v 1.00397551 -4.10498189 -0.40228113
v 0.77669519 -3.58187961 -0.42771533
v 0.79280304 -3.51648378 -0.3883278
v 0.89394897 -3.59227323 -0.1103495
v 0.87693321 -3.58532285 -0.08608249
v 0.40061852 -3.76036238 0.17484433
v 0.43051099 -4.42910289 0.17805714
v -0.8514781 -3.5376811 -0.25961503
v 0.3509176 -3.78702569 0.18767923
v -0.57263881 -3.74510192 -0.76757979
v 0.6315847 -4.19761657 -0.92031014
v -0.03016193 -3.9251647 0.14531453
v 0.81382274 -3.64979887 -0.38429045
v -0.12396436 -3.74299216 -0.91034263
v -0.13711148 -3.74127435 -0.90881395
v -0.05778531 -3.91897368 0.13983114
v -0.30092766 -3.45505404 -0.76270461
v -0.96095645 -3.97821998 0.05403623
v -0.66340321 -3.4139204 -0.18288314
v -0.94242882 -3.79043984 -0.3835279
v 0.74020242 -3.38438272 -0.37265944
v -0.99573475 -3.86804437 -0.36198481
v -0.96689671 -3.82293582 -0.35967376
v 0.81647843 -3.76711177 0.07759183
v -0.36648607 -3.5265553 -0.80972212
v 0.86469054 -3.73248815 0.0123681
v -0.64590358 -4.02696418 0.06010292
v -0.03622666 -3.63115191 -0.87678331
v -0.02962966 -3.61727261 -0.88700443
v -0.25847378 -3.91450238 0.16906134
v -0.6823284 -3.89307546 -0.81973946
v -0.54563587 -3.77659797 0.15255406
v -0.22873713 -3.83775258 0.12196249
v -0.03881226 -3.69563174 -0.90138423
v -0.08233425 -3.51945114 -0.86474359
v -0.27676382 -4.2519412 0.17020542
v -0.14435055 -3.84655523 0.13246546
v -0.21447013 -3.76931762 0.12659585
v -1.05148482 -4.21455574 -0.37840318
v -0.2077614 -3.76162767 0.11939616
v -0.20896422 -3.25097227 -0.59025579
v -0.69346606 -3.79034614 0.09601485
v -0.14955675 -3.27467441 -0.63021028
v 0.45601075 -3.21546411 -0.51905691
v 0.77952492 -3.9617064 -0.75786066
v 0.43280845 -3.20597076 -0.52316331
v 0.43084836 -3.21067285 -0.53863346
v 0.79261559 -3.93085241 -0.68031334
v 0.80348759 -3.77006912 -0.34565034
v 0.68541741 -4.33663177 0.12333957
v 0.87405723 -3.64141964 -0.22686299
v 0.77469319 -3.96032929 -0.73124575
v -0.80936676 -3.74548959 -0.02808426
v -0.03830037 -3.86637806 0.16024649
v 0.78848207 -3.92585182 -0.74019557
v -0.07707574 -3.86517453 0.16059212
v 0.59204113 -3.73835897 0.13946196
v 0.49589705 -3.76875567 0.11471352
v 0.79031074 -3.94512224 -0.72349119
v 0.70938062 -3.99771547 -0.87731134
v 0.80292642 -3.91708159 -0.69508028
v -0.05514349 -3.91438102 0.1630676
v 0.82050025 -3.89953303 -0.60863971
v 0.8884409 -3.65888571 -0.20748469
v 0.14209841 -3.80472135 0.19287984
v -0.17635782 -3.54203414 -0.84314644
v 0.74973225 -3.5078876 -0.26926299
v 0.97570073 -4.1512618 -0.41393917
v 0.60753136 -3.77552652 -0.82095027
v 0.88561177 -3.61107301 -0.32997176
v 0.59913927 -3.77509689 -0.8089016
v 0.80135768 -3.67127609 -0.01703926
v 0.04369567 -3.63076949 -0.89513695
v 0.75872671 -3.69568991 0.01872619
v -0.70608174 -3.46258759 -0.04747713
v 0.74517971 -3.67758894 0.04307961
v 0.44356042 -3.98864436 -0.81721109
v -0.17437736 -3.85372352 0.17839261
v 0.7666921 -3.69119358 0.00563572
v -0.74528765 -3.46448659 -0.10264146
v 0.77369201 -3.67832279 0.01864516
v -0.76213222 -4.26066494 -0.82439333
v 0.46536994 -3.91175246 0.13687481
v -0.8190779 -3.71227121 -0.06251002
v 0.13383382 -4.08600235 0.20844908
v -0.83090531 -3.70323276 -0.06186649
v -0.87372875 -3.92068123 -0.32502177
v 0.15161055 -4.09604549 0.21534168
v 0.30191886 -4.10276603 0.21496197
v 0.97773736 -4.28753948 -0.11315548
v 0.33418938 -4.09806442 0.21911582
v 0.81047713 -3.65240097 -0.34707766
v 0.14271067 -4.10783243 0.15498741
v 0.52579164 -3.30144834 -0.54039347
v 0.67889756 -3.74976515 -0.73027634
v -0.54309088 -4.25525283 0.14726486
v 0.66894233 -3.75172305 -0.74182248
v 0.64299488 -3.62334966 -0.75761795
v -0.78929072 -3.64845967 -0.11468295
v -0.79361093 -3.65167903 -0.1289587
v -0.11553669 -3.29115653 -0.64720249
v -0.40204003 -4.4016242 0.12209914
v -0.10021349 -3.30112767 -0.6631875
v 0.59800291 -3.85284805 0.13900461
v -0.11468763 -3.86640358 0.12996034
v 0.59182143 -3.84494423 0.12039883
v 0.45798343 -4.06361436 0.2057667
v 0.75914418 -3.97262239 -0.8200308
v 0.41116145 -4.08004713 0.20952205
v 0.42121872 -3.92798113 0.12460981
v 0.4173074 -4.06785535 0.20135256
v -0.47468647 -3.86441421 -0.8967297
v -0.6949684 -4.24345588 -0.84394538
v -0.44359201 -3.86559963 -0.90949946
v -0.6951828 -4.24489545 -0.85353338
v 0.84317755 -3.66106486 -0.11059444
v -0.35340583 -3.77401232 -0.8634805
v 0.81619912 -3.60476899 -0.10492163
v -0.36837092 -3.77397227 -0.86292541
v 0.78906887 -3.53862237 -0.04100781
v -0.41483685 -3.81955504 -0.84574687
v 0.78387343 -3.53785896 -0.07075128
v 0.0429667 -3.85446906 0.13835126
v 0.79084301 -3.52238178 -0.12204743
v 0.44686651 -3.96373677 -0.85167503
v 0.09397707 -3.53581428 -0.88587725
v 0.65187299 -3.79986619 -0.66723978
v 0.75367093 -4.24062919 -0.84787792
v 0.57930839 -3.84515714 0.10282237
v 0.74688494 -4.22846317 -0.86911433
v 0.22379879 -3.85473179 -0.87165498
v 0.0102884 -3.52465009 -0.86304271
v -0.30092972 -3.94666218 0.1144903
v 0.70981603 -3.80765366 0.02598168
v 0.65150022 -3.58930611 0.04187935
v 0.74451059 -3.57699751 -0.60068446
v 0.68176341 -3.65148091 0.00761397
v 0.26833331 -4.23874473 -0.90367513
v 0.57459992 -3.90974211 0.08897148
v -0.01303437 -3.5334835 -0.83508837
v 0.7903192 -4.24020671 -0.75480115
v 0.77754825 -4.2282629 -0.73615598
v 0.78838253 -3.59126257 -0.33513552
v 0.75526666 -4.22440052 -0.7882325
v -0.03843236 -3.27119779 -0.61042392
v 0.58865678 -3.89093732 0.15612149
v -0.20803335 -3.77451801 -0.88777518
v 0.58740508 -3.88177132 0.15039525
v -0.36229136 -3.74342823 0.08720394
v 0.42228323 -3.87003111 -0.95625537
v -0.76483297 -3.56132507 -0.49228066
v 0.80580186 -3.75348401 -0.5373249
v -0.05936696 -3.91467595 0.14771524
v -0.70713418 -3.92409014 0.15634898
v -0.53511506 -3.76131987 0.13768032
v -0.22367598 -3.48914575 -0.84857785
v -0.88936334 -4.29694223 0.09634371
v -0.38155323 -3.53423523 -0.82012873
v -0.11425188 -3.54372453 -0.85004591
v 0.24959707 -3.5523796 -0.92501479
v 0.90601432 -3.97047281 -0.38926592
v 0.80963605 -4.12468719 0.03001164
v -0.76940119 -3.80423069 -0.648108
v 0.69660216 -4.23018121 -0.86508387
v -0.15289123 -3.47658181 -0.87720799
v -0.52614194 -3.75579381 0.17507168
v -0.10694613 -3.53862404 -0.84363609
v -0.24580913 -3.475739 -0.8691653
v 0.40509226 -3.76812458 -0.9198718
v -0.25022852 -3.49606442 -0.8657968
v -0.27737402 -3.51590299 -0.86981916
v -0.59873157 -3.51681923 -0.63760799
v 0.10987903 -3.83527469 -0.94168657
v 0.38341486 -3.55651497 -0.88691026
v -0.19152708 -3.34030103 -0.67080384
v 0.33309084 -3.5538125 -0.87485951
v 0.31649884 -3.55853056 -0.84192103
v -0.2718808 -3.24234294 -0.57138931
v 0.89860487 -4.02946424 -0.24254122
v -0.2995097 -3.23794436 -0.56372511
v 0.64632093 -3.55351495 0.07149408
v 0.6623547 -3.34366154 -0.24598768
v 0.63806402 -3.58625412 0.05793801
v 0.63165038 -3.35475778 -0.2728964
v -0.41358548 -4.26996517 -0.88089227
v 0.63895428 -3.33850956 -0.26340225
v -0.58877909 -3.98916578 0.06956224
v -0.81970155 -3.64693713 -0.10080277
v -0.63367295 -4.10526514 0.08172403
v -0.38939794 -3.8718307 0.0753319
v 1.0274173 -4.21871757 -0.42734783
v 0.86167097 -3.64588379 -0.20889975
v 0.66753709 -3.75777983 0.15290242
v 0.69192737 -3.76765942 0.13667643
v 0.77199882 -4.24678039 -0.774109
v 0.69840633 -3.78700518 0.14637199
v -0.44020813 -3.20769119 -0.49239438
v 0.66977542 -3.78755378 0.17094463
v -0.96579438 -4.18708849 0.00000699
v -0.43974387 -3.22406148 -0.50635665
v -0.77038395 -3.66666579 -0.04837945
v -0.61183142 -4.07817411 -0.83854067
v -0.52369481 -3.88039016 0.18499265
v -0.61090183 -3.94320607 -0.81241005
v 0.81449097 -3.61355304 -0.2765586
v -0.74989694 -3.94594502 -0.00293924
v 0.82397669 -3.61600232 -0.3100903
v -0.42270264 -3.89580297 0.20107314
v 0.81223678 -3.61612224 -0.30975812
v -0.50590539 -3.2937107 -0.52581495
v 0.61656111 -3.6829102 0.12444912
v -0.48237821 -3.30879187 -0.55168682
v 0.51960951 -3.77523732 0.16675256
v 0.1413096 -3.77158761 0.13779546
v 0.47749146 -3.74293303 0.16444684
v 0.16956417 -3.75883913 0.13097012
v -0.07236998 -3.43282127 -0.75755393
v 0.84642314 -3.51671457 -0.21343818
v 1.00598371 -4.16297864 -0.44190973
v 0.87488013 -4.26634359 -0.01046056
v 0.39344278 -3.36921525 -0.63180333
v 0.77942007 -3.46250701 -0.16992777
v -0.13430365 -3.86489296 0.13408923
v 0.61500358 -3.90611386 0.15823411
v 0.20862992 -3.75288534 0.11846596
v 0.60023629 -3.90729451 0.15934348
v 0.52519571 -3.71861124 0.14848884
v -0.58993977 -3.31158995 -0.48005056
v -0.61515104 -3.29483985 -0.47562158
v -0.99798542 -4.21029949 -0.24645251
v -0.17530737 -3.80343198 0.22099724
v 0.41858732 -3.46305728 -0.83403486
v 0.58549439 -4.15833044 0.13066263
v 0.05923547 -3.94355893 0.21279668
v 0.24238033 -4.03391265 0.08788438
v 0.52379369 -3.87971234 0.19804711
v -0.85096448 -3.62125563 -0.36026483
v 0.52793574 -3.85932326 0.20327448
v -0.98807287 -4.26210832 -0.07007659
v -0.11858602 -4.32946062 0.16125573
v -0.54339802 -3.34414815 -0.68067669
v 0.84219312 -4.36405134 0.06476368
v -0.08391867 -4.41317844 0.17925205
v -0.08822202 -4.40130472 0.16949039
v 0.89400774 -4.35828304 0.02295469
v -0.10454563 -4.41661071 0.17752254
v -0.11180254 -3.80957746 0.21324953
v -0.1136026 -4.41485738 0.17000949
v -0.8002423 -3.58878779 -0.47050654
v -0.15984928 -4.3997569 0.1587194
v -0.82087636 -3.60477566 -0.41812062
v 0.39454826 -3.40739154 -0.83104574
v 1.0150938 -4.28573703 -0.19272729
v -0.50000768 -3.35846614 -0.5187515
v 1.0009247 -4.29009199 -0.16047516
v 0.73082315 -3.8815155 0.08519788
v 1.01034009 -4.2745285 -0.16448058
v 0.77791225 -3.96205782 0.04844607
v -0.93615102 -3.79442048 -0.50299292
v -0.96410888 -3.87026119 -0.5217666
v 0.59500098 -3.73991274 0.15659116
v -0.77637124 -3.57018518 -0.49357867
v -0.91160488 -4.13934421 -0.66416704
v -0.93144387 -3.94594216 -0.28461778
v 0.30388671 -3.25952434 -0.66682952
v 0.31442317 -4.24126911 -0.8921011
v 0.19805409 -3.5712645 -0.90626686
v 0.28948918 -4.25495672 -0.88023459
v -0.69777101 -3.72032642 -0.03596967
v 0.30832487 -4.24961757 -0.88182866
v 0.28630083 -4.2299056 -0.87457132
v 0.92143571 -4.20184421 -0.53175121
v 0.19564203 -3.26339435 -0.64366543
v 0.71019655 -3.60468387 0.05742107
v -0.53344023 -3.83665275 -0.85106515
v 0.70756071 -3.7580285 -0.66841548
v 0.7215231 -3.77368807 -0.65257191
v -0.51884788 -3.82365441 -0.8509134
v 0.70629882 -3.81122827 -0.67662459
v 0.64536106 -3.31836366 -0.46159455
v 0.72436481 -3.81194973 -0.65042036
v 0.66177827 -3.32806563 -0.42055928
v -0.52543413 -3.33962202 -0.5699315
v -0.30710029 -3.78876495 0.14581331
v -0.80750447 -3.68106365 -0.42673182
v -0.53442257 -3.28554892 -0.59686541
v -0.88972491 -3.86304545 -0.32005626
v 0.77485436 -3.74634194 -0.0161994
v 0.6193543 -3.72884535 0.12524196
v 0.78407102 -3.72990989 -0.03194138
v 0.85659283 -3.67559433 -0.1793233
v -0.56920862 -3.29110789 -0.50886726
v 0.84477525 -3.68138027 -0.16971731
v -0.56711906 -3.28119325 -0.52233564
v 0.05520449 -3.68009877 -0.87334507
v -0.55148506 -3.28013491 -0.52890986
v -0.00778678 -3.68057465 -0.87384307
v -0.52420771 -3.29173731 -0.551018
v 1.01918005 -4.24382638 -0.17084835
v 0.22634419 -4.02747774 -0.90588516
v -1.00499939 -4.17763471 -0.56441015
v 0.46619802 -3.84969258 -0.80603182
v -0.75914067 -3.68009543 -0.38832244
v -0.54076898 -3.82062006 0.11439769
v 0.67884033 -3.72517705 0.07224252
v 0.77638441 -3.72434949 -0.02618488
v 0.70422273 -3.71609258 0.06010289
v 0.61505395 -3.78421568 -0.78849577
v 0.34606224 -3.79094839 0.17738361
v 0.62883818 -3.78500151 -0.76805394
v 0.83900779 -3.70444297 -0.44340825
v -0.12433847 -3.78852009 0.24510251
v -0.74705129 -3.71870303 0.0865038
v 0.35340663 -4.32724428 0.20914681
v -0.6935395 -3.63829064 0.084058
v 1.04040885 -4.27261924 -0.37124317
v 0.89373904 -3.57041025 -0.14488466
v 1.0422945 -4.25965642 -0.35738974
v 0.93298894 -3.65696525 -0.1586835
v -1.00376319 -4.24131727 -0.2423527
v 0.92869234 -3.66596174 -0.1698361
v -0.05071009 -3.45698833 -0.78235733
v 0.35080802 -3.77626037 0.17770786
v 0.51314234 -3.72530651 0.11853802
v 0.77876186 -3.77528762 -0.53724485
v 0.87144196 -4.00010442 -0.21909898
v 0.77935051 -3.70352315 -0.06474507
v -0.73783427 -3.45902848 -0.6325097
v -0.73041129 -3.85328817 0.06048903
v 0.02386361 -3.93383431 0.17918182
v -0.75087517 -3.86829829 0.04922175
v -0.05007579 -3.56771373 -0.87958979
v 0.79940891 -3.74875402 0.00659596
v -0.07505863 -3.55982995 -0.87696981
v 0.76622092 -3.7627356 0.04697516
v -0.09352709 -3.57614064 -0.94161671
v 0.74308276 -3.76483917 0.02920272
v -0.0410193 -3.57148146 -0.94712507
v 0.82882416 -3.76773905 -0.43218645
v -0.04047479 -3.57862043 -0.93709498
v 0.51014488 -3.92295289 0.17476353
v 0.07092091 -3.57011604 -0.95090001
v 0.5252397 -3.9087243 0.17320874
v 0.77456378 -3.67753171 -0.01076945
v -0.8186202 -3.62943649 -0.42525401
v 0.9655224 -3.8839364 -0.43692606
v -0.82222104 -3.64550948 -0.42836183
v -0.96052777 -4.00092744 -0.34958174
v -0.34741178 -4.010746 0.19696518
v -0.41983303 -3.54611229 -0.89459425
v -0.43632677 -3.80366468 0.05548838
v 0.31436881 -4.41273021 0.23010061
v 0.82518827 -4.06175661 -0.01596248
v -0.84685605 -3.57157897 -0.47064253
v -0.0688975 -4.31405067 -0.80764782
v -0.82356131 -3.56823682 -0.51918166
v 0.05944932 -3.9357295 0.21184282
v 0.61492079 -3.30473518 -0.50766307
v 0.72755074 -4.08251571 -0.83373284
v 0.60245037 -3.3038845 -0.49418306
v 0.36890837 -3.61186623 -0.91174006
v 0.59607839 -3.29637289 -0.51924634
v 0.31206345 -3.91534686 0.07574997
v -0.66838896 -3.5593822 0.00689438
v 0.37500238 -4.01813173 0.08507236
v -0.81958937 -4.03641414 0.1671912
v -1.00424599 -4.26856374 -0.02024957
v -0.05407357 -3.64896631 -0.87503248
v -0.3906894 -4.08241081 -0.86430072
v -0.74527984 -3.79881858 0.0521346
v -0.87196135 -4.24307346 -0.70933109
v -0.13323862 -3.94935607 0.12338895
v -0.84572553 -4.25638485 -0.74393451
v -0.24436044 -3.84508347 0.07889728
v 0.81765961 -3.82923364 0.03661865
v -0.84833741 -3.62478041 -0.02943125
v -0.32306528 -3.78917264 0.11814802
v -0.14319984 -4.15805006 -0.85573113
v 0.79626554 -4.20481443 -0.78358161
v -0.22825859 -4.15859603 -0.86039423
v 0.82261461 -3.62467622 -0.25742256
v -0.16694697 -4.24960899 -0.84991335
v 0.44609984 -4.41351747 0.1647574
v -0.14519313 -4.22679138 -0.85196018
v -0.83263295 -3.63227057 -0.34186878
v 0.42983979 -3.75961995 0.17443503
v 0.8488903 -3.58998727 -0.15750214
v 0.01758703 -4.14083147 0.13233001
v 0.85602659 -3.57704782 -0.15459156
v 0.3661156 -3.32614588 -0.77481836
v 0.84524518 -3.57079672 -0.19195182
v -0.19852471 -3.25649881 -0.58077675
v 0.15330082 -3.88082146 0.14432577
v -0.26282262 -3.24151659 -0.55445069
v -0.78000253 -3.9315617 -0.03194709
v -0.28646847 -3.26125121 -0.53685098
v -0.8705759 -4.04065561 -0.12318401
v -0.27516794 -3.24156045 -0.54477024
v 0.56032961 -4.20742034 -0.8881303
v -0.27602499 -3.23263287 -0.55373179
v -0.2061966 -3.54695415 -0.93209511
v -1.07771408 -4.19324541 -0.45273804
v -0.16019724 -3.56012916 -0.92817407
v 0.03476275 -3.96233558 -0.96083617
v -0.81409543 -3.76395368 0.03630543
v 0.08571517 -3.96996164 -0.94008612
v 0.02450022 -3.97435641 -0.9457426
v 0.3519124 -3.70656347 0.11700911
v -0.66658681 -3.34470844 -0.34971913
v 0.36976647 -3.70708847 0.10294137
v -0.0736672 -3.89243698 0.1390932
v 0.25036415 -3.74483013 0.13168153
v 0.61481803 -3.54000568 -0.78954625
v 0.29505458 -3.72382235 0.12025079
v -0.13836509 -3.5470581 -0.86121392
v -0.1521645 -3.49623847 -0.81500941
v 0.23135322 -3.74288678 0.13046047
v 0.13256573 -3.55885624 -0.85377562
v 0.27020323 -3.72818017 0.12630175
v 0.17964695 -3.56361866 -0.85638093
v -0.3360061 -3.45128655 -0.87644743
v 0.22297346 -3.54610276 -0.84799689
v -0.38008871 -3.45259308 -0.88241547
v -0.39864859 -3.45422983 -0.86344212
v 0.57137209 -3.29149103 -0.52649188
v -0.38516631 -3.46256327 -0.88601678
v 0.77690529 -3.43055892 -0.3772504
v -0.45096224 -3.44922113 -0.85368156
v 0.74617201 -3.40428781 -0.26297831
v -0.81943929 -4.26016616 -0.76995354
v -0.79030334 -4.40073776 0.09717501
v -0.25956341 -4.03226041 -0.82199853
v -0.2086413 -3.96284961 -0.97248178
v 0.39707189 -3.912081 0.18334209
v -0.13731057 -3.96141076 -0.96730482
v 0.62102532 -3.3366208 -0.42894226
v -0.00405089 -3.68927884 -0.90817421
v -0.04058798 -3.97093677 -0.97145807
v -0.17168359 -3.95873618 -0.99338179
v -0.80302751 -3.48335027 -0.14554977
v -0.74238884 -3.40308332 -0.24442213
v 0.75495892 -4.02636861 0.05220016
v -0.22469389 -3.78701496 -0.88109332
v -0.03661022 -3.87332916 0.24549734
v 0.0110225 -3.91929817 0.24525134
v 0.15494918 -3.37832379 -0.67879611
v 0.24901837 -3.45350503 -0.75265711
v 0.32016763 -3.54896545 -0.83626776
v 0.22033281 -3.49706268 -0.78325498
v 0.35496407 -3.54467272 -0.83165758
v -0.75726813 -3.44437074 -0.15021611
v -0.33326593 -4.2523489 -0.93815219
v 0.57044047 -3.32573747 -0.51256305
v 0.80947989 -4.40251207 0.11567683
v 0.58146774 -3.320508 -0.50921154
v 0.79524648 -4.35106182 0.12469524
v 0.2889859 -3.9602561 0.07853071
v -0.05469524 -3.90775537 0.22662341
v 0.64982545 -3.84778738 0.05526016
v -0.04065684 -3.40336132 -0.75695955
v 0.6049183 -3.82428622 0.04974399
v 0.57232284 -3.53876185 -0.8245089
v -0.6332671 -3.97147536 -0.76158708
v 0.84190911 -3.58094072 -0.47088804
v -0.31936344 -3.76991772 0.08859697
v -0.45817405 -3.47889947 -0.77719581
v -0.73151046 -4.16748952 0.12777777
v -0.43164244 -3.47649622 -0.7945612
v 0.26541096 -3.79544878 -0.82821661
v -0.44638326 -3.47635698 -0.78799915
v -0.35788273 -3.7855761 -0.85725832
v 0.2433695 -3.26268816 -0.68397593
v -0.40133482 -3.78272485 -0.85686254
v 0.61085015 -3.88525748 -0.73781234
v -0.43493974 -3.84099388 -0.84021657
v 0.14637631 -4.12812709 -0.9098069
v -0.41797331 -3.80044221 -0.84951072
v -0.3862712 -3.80263209 -0.85237014
v -0.63103842 -3.99244499 0.10649082
v -0.42785406 -4.25600576 -0.86623632
v -0.38543435 -3.89490699 0.19656303
v -0.43164452 -4.2423582 -0.86168253
v -0.39825141 -3.90563488 0.19164279
v 0.55500507 -3.78363061 -0.83202821
v -0.32116687 -3.91579985 0.18776738
v -0.38431131 -3.75676298 0.13623645
v -0.19833365 -3.54821801 -0.87791067
v 0.5850777 -3.66117572 0.06598556
v 0.55643689 -3.66363549 0.07489229
v 0.42110136 -4.11931705 -0.86474639
v 0.97237688 -3.90849828 -0.42505204
v -0.96607178 -4.06831693 -0.24648749
v 0.997684 -3.90921688 -0.38334912
v -0.84248274 -3.85659861 -0.31049269
v -0.73001146 -3.43727254 -0.56154167
v 0.53831064 -3.88024902 0.1630389
v 0.0583889 -3.57627916 -0.86170887
v 0.0037701 -3.56918811 -0.88436877
v -1.05801665 -4.13114166 -0.40276736
v 0.72455 -3.46374177 -0.62358933
v 0.00968121 -3.87233686 0.13873854
v -0.50655829 -3.96954751 0.13058246
v -0.00546523 -3.83926439 0.131564
v 0.83218669 -3.63117075 -0.36919406
v 0.68043714 -3.54441642 -0.04528495
v 0.28717589 -3.64800691 -0.89977562
v 0.69590652 -3.51307845 -0.01422237
v 0.48035869 -3.76672029 0.11229511
v 0.68415916 -3.51111888 -0.02582516
v 0.48125284 -3.73892021 0.11319509
v 0.67644655 -3.77615261 -0.76300001
v 0.51513338 -3.71218586 0.11495305
v 0.66451102 -3.761101 -0.75388568
v 0.84201836 -3.6544485 -0.20731511
v -0.07203332 -3.70327734 -0.83699405
v 0.80013412 -3.78484487 -0.01772324
v 0.77948981 -3.76473307 -0.00602897
v 0.73167228 -3.77555704 0.04995146
v 0.7650479 -3.57174491 -0.43027845
v 0.75581693 -3.77563142 0.05800698
v -0.82382279 -3.6019833 -0.33102291
v 0.74431318 -3.77510023 0.06174363
v -0.26017415 -3.42484879 -0.85784453
v -0.61076211 -3.45587945 -0.7098369
v -0.50538551 -3.83329963 -0.865754
v -0.0431675 -3.44869065 -0.80881542
v 0.76337838 -3.98635506 0.12631881
v 0.80438971 -3.97584009 0.10985431
v -0.92570853 -4.36115121 0.06791652
v -0.7842099 -4.0184102 -0.02911051
v -0.63415229 -3.30195355 -0.33108794
v -0.88929724 -4.09431505 -0.10359089
v -0.78596258 -4.24665308 -0.79807364
v -0.01179898 -3.64370274 -0.83232003
v 0.25135079 -3.71246862 -0.83720827
v -0.75842577 -4.17474651 -0.78537273
v 0.00881794 -3.85977864 -0.82147109
v -0.70529508 -4.05375146 -0.75201028
v -0.15917399 -4.40979576 0.16763672
v -0.58281731 -3.65106153 0.12404275
v -0.24054414 -4.3969016 0.14431759
v -0.57420182 -3.6366167 0.11484804
v -0.2667422 -4.40551853 0.14727953
v -0.52154886 -3.67401886 0.1280311
v 0.01849403 -3.30363059 -0.70029205
v -0.5398578 -3.66654729 0.12787999
v -0.09447722 -3.28947114 -0.69747072
v -0.52745974 -3.66961598 0.11924882
v -0.11177248 -3.29163074 -0.68837606
v -0.54503518 -3.65741896 0.11880725
v -0.54516971 -3.66412043 0.10773315
v -0.66088008 -3.57116746 0.0809454
v -0.58909428 -3.63138175 0.09072678
v 0.00964732 -3.54885411 -0.79760408
v -0.61892324 -3.6388545 0.11471865
v 0.38094914 -3.89715433 -0.95709228
v -0.07249788 -3.91757106 0.17960146
v -0.60222351 -3.63453817 0.11647262
v -0.6028006 -3.6094799 0.10097485
v -0.51553213 -3.91245842 -0.78244596
v -1.04708361 -4.18585968 -0.49490973
v 0.44549173 -3.27566289 -0.50410556
v -1.05360579 -4.21204853 -0.48290795
v 0.52311056 -3.39765429 -0.54438573
v -1.02444136 -4.21262931 -0.57047259
v -0.69292998 -3.53954267 0.05289778
v 0.61593818 -3.31844306 -0.4145928
v -0.67769587 -3.55586934 0.06776449
v -0.66884124 -3.54820156 0.05351182
v -0.78955382 -3.49989771 -0.4113442
v -0.66373711 -3.5559628 0.06841906
v 0.27611833 -4.11405992 -0.87922817
v -0.69346761 -3.5575056 0.06267735
v 0.79579937 -3.53899073 -0.33073276
v -0.32098352 -3.7688241 -0.87212312
v 0.77882373 -3.68090963 0.00787962
v 0.78492975 -3.52467775 -0.34700867
v 0.76559877 -3.69068765 -0.00610235
v 0.73115181 -4.23076582 -0.83007556
v 0.78421068 -3.6795032 -0.04523788
v 0.72122418 -4.24510335 -0.8596515
v -0.33531409 -3.25688147 -0.6637299
v 0.69319748 -3.91301369 0.09889844
v 0.73527634 -3.68905568 0.05120879
v 0.70976716 -3.88175463 0.10128316
v 0.73605287 -3.70383071 0.03833346
v 0.63697868 -4.26513719 0.15615242
v 0.11213203 -3.93671059 0.21138805
v 0.89866417 -4.05342578 -0.21756133
v 0.43831145 -3.80268216 0.15439674
v -0.56882143 -3.86896228 0.15793189
v 0.69951421 -4.00325346 -0.86481058
v -0.56808453 -3.86330485 0.1488745
v -0.77219319 -3.67866706 -0.02051317
v -0.80247318 -3.76972675 -0.62871688
v -0.7596327 -3.7055037 0.0167562
v -0.80795085 -3.78838586 -0.63548052
v -0.77670431 -3.70820713 0.00648
v -0.78998673 -3.74803829 -0.61353719
v 0.81652671 -3.86811184 0.00008181
v 0.05926943 -3.96182012 -0.93465888
v 0.68946969 -3.85507321 -0.80283719
v 0.53885316 -3.26255655 -0.46038311
v 0.46002149 -3.21759343 -0.50414001
v 0.5220685 -3.72983288 0.15647114
v -0.6050989 -3.76381444 0.07964756
v -0.59366434 -4.15552187 -0.82792282
v -0.50592166 -3.43988895 -0.8222633
v -0.53656816 -3.45567798 -0.76590812
v -0.49109813 -4.19888973 -0.87204837
v -0.52907615 -3.46251034 -0.76834958
v -0.40212172 -4.22661352 -0.88224327
v 0.30254635 -4.47469472 0.22152483
v -0.50770837 -3.76118922 -0.80112606
v 0.31118708 -4.48712205 0.21001623
v 0.7567501 -3.46959805 -0.56102126
v 0.39802053 -3.27311801 -0.62102305
v 0.77809119 -3.48282957 -0.53670984
v 0.40844214 -3.27170229 -0.63589417
v 0.716726 -3.81365966 0.13559205
v 0.75629323 -3.47408533 -0.5387994
v 0.75296437 -3.47482562 -0.57963484
v 0.66626352 -3.79894542 0.13350306
v 0.74538123 -3.47153091 -0.56037485
v 0.70929694 -3.77331662 0.11115045
v -0.94736659 -4.00044059 0.08591811
v -0.57906186 -3.94870328 -0.81798917
v -0.44705361 -3.84702682 0.13246613
v -0.04108447 -3.838804 0.1939094
v -0.18597243 -3.83241367 0.2194394
v -0.03751985 -3.81075286 0.18152213
v -0.21172687 -3.81998395 0.20362018
v 0.74370563 -3.97799658 0.13365611
v -1.03743791 -4.20933342 -0.33609002
v 0.74541389 -3.97865366 0.12598827
v -0.04139258 -4.40169239 0.17451167
v 0.17048433 -3.51914811 -0.87325918
v 0.69002521 -4.14905166 -0.9106782
v 0.67798614 -3.36902952 -0.33464449
v 0.88656216 -3.71927785 -0.04829982
v -0.96218901 -4.25697135 0.00488046
v 0.86994755 -3.70604705 0.00541237
v -0.69473171 -3.34046673 -0.36833089
v 0.91984939 -3.6972084 -0.10005096
v -0.68056941 -3.34914827 -0.35125917
v -0.69410646 -3.33760619 -0.38348791
v 0.58752524 -3.30046057 -0.359418
v 0.35930031 -3.50703883 -0.81069433
v 0.13722349 -3.47858595 -0.89679706
v 1.02865004 -3.90748524 -0.20216392
v -1.01591312 -4.14894485 -0.29481208
v -0.72392898 -3.44494557 -0.19173774
v 0.72969263 -3.91388225 0.07894744
v -0.69288522 -4.23094844 -0.85749858
v 0.6407116 -3.7330265 0.15528212
v 0.05236347 -3.31289625 -0.71531397
v 0.76704716 -3.58448123 -0.0223924
v 0.74606508 -3.83728718 0.12802688
v 0.75606536 -3.49996662 -0.48621642
v 0.8453288 -3.56896472 -0.23833952
v -0.37819594 -3.25669026 -0.66503179
v 0.77657395 -3.95991444 -0.77314472
v 0.07034051 -3.55952405 -0.86447513
v 0.84512776 -4.08230686 -0.12395334
v 0.06672348 -3.57038641 -0.8642621
v -0.30601105 -4.01673126 -0.81377583
v -0.05099311 -3.96245575 -0.95609372
v -0.04266685 -3.54067635 -0.83825713
v -0.00986138 -3.97513294 -0.95223504
v -0.06578659 -3.97587585 -0.96410048
v -0.44464436 -3.73193264 0.05932891
v 0.6045748 -3.5811932 -0.66735863
v -0.490323 -3.71517419 0.0672005
v -0.3900538 -3.49784922 -0.71996116
v -0.43302512 -3.72629499 0.07103839
v -0.84375602 -3.91687798 -0.49689543
v -0.44837361 -3.7211318 0.06835407
v -0.73276847 -4.02264261 0.18927976
v -0.50588893 -3.70412492 0.05618838
v -0.75100463 -4.03311824 0.17944553
v -0.5506556 -3.70743775 0.0585489
v -0.77966201 -4.03811645 0.17776003
v -0.55866634 -3.69383168 0.05512651
v 0.49410501 -3.8791604 0.20946869
v 1.02528715 -3.90150618 -0.34847006
v 0.53674203 -3.80128526 0.19666163
v 1.0052123 -3.86360144 -0.37055543
v 0.5515511 -3.81698846 0.19532844
v -0.07134637 -3.40257835 -0.76109439
v 0.56689393 -3.79900956 0.19343182
v -0.01359167 -3.4161756 -0.74631774
v 0.53026998 -3.27930975 -0.60592091
v -0.04323138 -3.41327977 -0.7438538
v -0.54811692 -3.79789519 0.1157947
v 0.16399309 -3.80203485 0.18279884
v -0.08371549 -3.77337646 0.25586438
v -0.8387351 -3.71883034 -0.52592742
v 0.77077329 -3.86564755 0.06158576
v -0.97641772 -4.25241327 -0.13272757
v -0.99575865 -3.85033321 -0.41674485
v -0.33510166 -3.91584467 0.13784255
v 0.86632883 -4.38302421 0.06925475
v -0.9619348 -3.86706686 -0.16396027
v 0.52713334 -3.56966161 -0.73972421
v 0.53718328 -3.7864592 -0.83586919
v -0.67963337 -3.37104988 -0.18422609
v 0.74273937 -3.56125283 -0.1005995
v 0.56491637 -3.72717762 -0.75732594
v 0.52277129 -3.67352867 -0.77739948
v 0.73746764 -4.047616 0.01428592
v 0.3432309 -4.34541559 0.17641085
v 0.47817871 -3.90966296 0.0932206
v 0.49692151 -4.00990915 0.08477515
v 0.35978707 -4.44517374 0.19912533
v 0.01786882 -3.36369991 -0.76834726
v -0.45739147 -3.26443767 -0.60269159
v 0.03739453 -3.44853735 -0.8529675
v -0.34827244 -3.25398731 -0.66399246
v -0.85201942 -3.73309612 0.04126839
v -0.48029595 -3.55148291 -0.75322699
v -0.85641956 -3.74480176 0.02075395
v 0.22640425 -3.74487352 0.11828658
v -0.43272346 -3.28008794 -0.48755016
v -0.42290428 -3.50606894 -0.80517482
v 0.95478731 -3.79752993 -0.10906315
v -0.87370777 -3.6938107 -0.15460398
v -0.72663468 -3.79180264 -0.77003043
v -0.87314087 -3.67462468 -0.19027341
v -0.55803144 -3.28899049 -0.39801383
v 0.79923194 -3.60579347 -0.35013586
v 0.79702252 -3.67084145 -0.06155025
v 0.11632765 -3.84907627 0.1676394
v -0.31880438 -4.30242776 -0.87320858
v 0.85274314 -4.23096275 -0.61372715
v -0.36651766 -4.28953313 -0.88274586
v 0.8452968 -4.24010849 -0.61368113
v -1.05446577 -4.21164178 -0.5287345
v 0.33675193 -3.91810917 -0.9492492
v 0.79062169 -3.71064901 -0.01225967
v 0.91083347 -4.20585489 -0.0381417
v 0.77254861 -3.70887446 -0.02644436
v -0.72913461 -3.9538238 -0.67354565
v -0.1892744 -3.9740386 -0.97983527
v 0.70523488 -3.48442506 -0.05410529
v -0.81458318 -3.62967252 -0.4391717
v -0.5097748 -3.29187274 -0.44557413
v 0.71645653 -3.47559881 -0.08460152
v 0.70988392 -3.38877034 -0.50040364
v 0.69449746 -3.46582698 -0.07163001
v -0.07155056 -3.94187879 0.18240608
v 0.70800006 -3.46190285 -0.08480209
v 0.71609491 -3.46259474 -0.09939133
v -0.87043684 -4.37092542 0.09633336
v 0.64498019 -3.89564776 0.1436243
v 0.75255036 -3.46017313 -0.30688026
v -0.83201462 -3.63980722 -0.04302688
v 0.74968975 -3.46200227 -0.32329112
v -0.78944647 -3.70962047 -0.53884536
v 0.5688163 -3.8375225 -0.76560783
v 0.85131722 -3.60029721 -0.14543254
v 0.05771254 -3.53757429 -0.8668251
v -0.8587498 -4.19190359 -0.69034409
v 0.44983062 -3.69133567 0.11817223
v 0.5302931 -3.65983438 0.11113032
v 0.72739648 -3.60417556 0.05290779
v 0.46644672 -3.66967082 0.10466814
v 0.70711767 -3.58872008 0.05255647
v -0.29623678 -3.46923923 -0.90445649
v 0.45202851 -3.67714476 0.10132138
v 0.20300416 -3.80038356 0.15579149
v -0.30041188 -3.46174502 -0.89865756
v 0.4632574 -3.45384216 -0.85859787
v -0.27558782 -3.46412181 -0.90329074
v -0.81095236 -3.57179403 -0.54077345
v 0.10576528 -3.5610063 -0.89642107
v -0.81152951 -3.66737604 -0.34958717
v 0.10681422 -3.57711172 -0.90594583
v -0.59572082 -4.02238273 0.18936501
v -0.19904255 -3.76830411 0.12631472
v 0.65529716 -3.80697488 0.17727166
v -0.19995562 -3.78449106 0.12648448
v 0.65370971 -4.2475152 0.1120484
v 0.6141811 -3.83623147 0.18646532
v -0.0056587 -3.93156909 0.16813275
v -0.18068862 -3.9156351 0.15154704
v -0.80144703 -3.77530098 -0.20868456
v -0.75928497 -3.69484806 0.00434549
v 0.78685671 -4.00306415 -0.04071155
v 0.79530674 -4.0837984 -0.59195852
v -0.03747137 -3.77972817 0.13004775
v 0.45854222 -4.34961605 0.18446184
v 0.0065032 -3.66171741 -0.90221381
v -0.05756771 -3.78717231 0.13027732
v -0.18009109 -3.80697107 0.16403749
v -0.02237674 -3.66260957 -0.89211076
v -0.08638732 -3.81117916 0.17060788
v 0.77224212 -3.92091369 -0.00504078
v -0.74787205 -3.43315362 -0.18310456
v -0.44347584 -3.80732011 -0.86721974
v -0.98824977 -3.85080289 -0.34611427
v 0.38358432 -3.9053452 0.21641024
v 0.26036313 -4.17173528 -0.92142742
v 0.75027298 -4.30308437 0.10323747
v 0.67882818 -3.91989564 -0.8935908
v -0.55039095 -3.83992815 0.12710127
v -0.57084107 -3.85195088 0.10543195
v -0.25815409 -3.89940762 0.14211073
v -0.22252748 -3.52546501 -0.87704569
v -0.25574159 -3.88945198 0.13495308
v 0.56440234 -3.57348299 -0.70861744
v -0.2378571 -3.8366394 0.13654485
v -0.04551759 -3.93416094 0.15885369
v -0.79163956 -3.60384035 -0.20968113
v -0.68742966 -3.47309255 -0.05892342
v 0.75401544 -4.43038225 0.12031853
v -0.69510972 -3.44575023 -0.05896319
v 0.7191891 -4.41229343 0.11961179
v -0.69220811 -3.50828409 -0.02202204
v -0.68749982 -3.52240324 -0.02267403
v 0.67363226 -4.43258428 0.12411748
v 0.54547971 -3.90840029 -0.83980786
v 0.67958176 -4.43805456 0.13123522
v -0.24837395 -3.90828299 0.1986473
v -0.53235477 -3.57269096 -0.74572181
v -0.20261661 -3.90475583 0.20743812
v -0.35162195 -3.78938722 0.1159221
v -0.88619256 -3.63881969 -0.26431718
v -0.09518849 -4.25072622 -0.83435511
v -0.88565838 -3.65831589 -0.23471371
v -0.02072245 -4.24927949 -0.82921916
v 0.84029144 -3.62590742 0.00546676
v -0.85007906 -3.98185324 -0.49763813
v 0.85382384 -3.61849546 -0.01596006
v 0.95237046 -4.30412292 -0.0705479
v 0.85263377 -3.62649655 -0.00563806
v 0.93613857 -4.32212686 -0.04087614
v 0.85349839 -3.6125307 -0.03614895
v 1.02188253 -3.86243462 -0.20061601
v 0.86522382 -3.60432028 -0.04216827
v 0.73033493 -3.46382618 -0.27977168
v -0.87445449 -3.72128796 -0.06949367
v -0.54967367 -3.72652053 0.10087408
v -0.27348145 -3.91236949 0.11513745
v 0.70363956 -3.88875818 -0.86650496
v -0.39681133 -3.20368337 -0.49027192
v -0.38049975 -3.2045865 -0.50562357
v -0.60335457 -3.75834512 0.10557082
v -0.40453466 -3.21064662 -0.47924569
v -0.61495536 -3.74376201 0.11149667
v -0.77757746 -3.69168734 -0.00622511
v -0.58087766 -3.74781656 0.12013833
v 0.8499096 -4.11581707 -0.10689497
v -0.15462996 -3.87434959 0.12514361
v -0.6485486 -3.58852148 0.02360314
v 0.45620057 -3.43506979 -0.82265698
v -0.16609285 -3.53647184 -0.86600965
v 0.53771519 -3.59258794 -0.83230924
v -0.65990769 -3.31529665 -0.4436894
v -0.34857481 -3.51258039 -0.80320394
v -0.63097429 -3.30119276 -0.46027973
v 0.96689879 -3.89687013 -0.0818192
v -0.63086676 -3.30864167 -0.43055176
v 0.85406476 -3.51740646 -0.30230736
v -0.61456501 -3.2999854 -0.42854178
v 0.84412527 -3.54608702 -0.25094386
v -0.59928906 -3.28090333 -0.3712736
v 0.84225714 -3.7047801 -0.12534998
v -0.6088286 -3.28546142 -0.3956089
v 0.85243701 -3.69878578 -0.14752997
v -0.59628248 -3.27769422 -0.41122812
v 0.87298309 -3.6882441 -0.14706343
v 0.88740944 -3.69339966 -0.14593093
v -0.61221242 -3.29421711 -0.40844887
v 0.87477648 -3.68136692 -0.16028428
v -0.95235908 -3.84869098 -0.18206606
v 0.86396539 -3.67773938 -0.16739341
v -0.73734587 -3.55721044 -0.46150806
v -0.13043341 -4.2383356 0.14909043
v -0.71130287 -3.72265768 0.01836766
v -0.66348147 -3.33811521 -0.2384621
v 0.525164 -3.86532688 -0.90328413
v -0.64852654 -3.33550524 -0.25714659
v -0.6348108 -3.31586718 -0.28967911
v -0.1430878 -3.81624603 0.12778534
v -0.64931428 -3.32053065 -0.2727935
v 1.05449867 -4.27555847 -0.27196925
v -0.63679891 -3.33331489 -0.27231097
v -0.62130582 -3.31697297 -0.30588331
v -0.79374015 -3.66635799 -0.46386086
v -0.60767006 -3.32388186 -0.33079865
v -0.78872758 -3.62971115 -0.42889896
v 0.71943438 -3.96829557 -0.72515785
v -0.78661119 -3.61476445 -0.38639092
v 0.79500252 -4.01584291 -0.64273101
v -0.78743618 -3.63178062 -0.40604883
v -0.20963515 -3.99818348 0.20146465
v -0.25902646 -4.30554294 -0.8611083
v -0.88594269 -3.69152045 -0.15282394
v 0.37966117 -3.84888887 0.1249483
v 1.04974222 -4.22775411 -0.29647612
v 0.89947706 -3.80798268 -0.07334774
v 0.27313292 -4.24601507 -0.87160581
v 0.56630331 -3.37158465 -0.70141369
v -0.16337743 -3.74337124 -0.90145272
v -0.10246296 -3.38650035 -0.75677484
v -0.80160927 -4.26934862 0.08934107
v 0.68394899 -3.41875076 -0.13328985
v 0.78968507 -3.52862858 -0.40492355
v -0.7798832 -3.56872916 -0.51118201
v 0.85501635 -3.69146132 -0.39719027
v -0.19885207 -3.48279166 -0.86632138
v 0.36316764 -4.48661565 0.19938938
v -0.13135951 -3.48195552 -0.86580938
v -0.3093453 -3.32482004 -0.77290546
v -0.26966708 -3.38415551 -0.82936245
v -0.05779966 -3.49402332 -0.86821347
v -0.35704103 -3.37747287 -0.8078987
v -0.09677214 -3.49101328 -0.86748361
v -0.72265589 -3.92485094 0.18943913
v -0.79838138 -3.63255977 -0.35019022
v 0.86034977 -3.78540444 -0.29602485
v 0.66625988 -3.87418794 0.05716091
v -0.73422884 -3.44551301 -0.29228389
v 0.6148355 -3.37406253 -0.34369361
v -0.73579776 -3.44438266 -0.27647587
v -0.74268662 -3.71029663 -0.00034565
v -0.72594928 -3.47091794 -0.05613844
v -0.67824971 -3.34215974 -0.26324212
v -0.51959008 -3.38091325 -0.64735221
v -0.23539254 -3.51081323 -0.89884352
v 0.60153067 -3.32108187 -0.43986132
v 0.9139176 -3.92203664 0.00673236
v -0.36644047 -3.76076364 0.14184671
v -0.82125806 -3.50532984 -0.18545676
v -0.66357457 -3.99614667 0.0967279
v -0.79658937 -3.45997309 -0.20664706
v 0.58792626 -3.77430963 -0.83548522
v -0.36379623 -3.21218013 -0.52334207
v 0.88578069 -3.54075336 -0.20341624
v -0.3040004 -3.22135019 -0.54015493
v 0.88930016 -3.55571532 -0.17204634
v -0.31865263 -3.217 -0.53909707
v -0.45213517 -3.84975671 -0.8890804
v -0.80113261 -3.7906022 -0.03622121
v 1.03743612 -4.19512987 -0.34675228
v -0.47240415 -3.45339798 -0.79885023
v -0.45206216 -3.46044421 -0.80580955
v 0.72387653 -3.95637798 0.14253288
v -0.46427547 -3.46084117 -0.8010506
v -0.79714626 -3.9960761 -0.68588978
v -0.51422828 -3.37983942 -0.61382907
v -0.78830695 -3.95278573 -0.67064487
v -0.41420599 -3.91251182 0.18073593
v -0.66002708 -3.58538174 0.00943571
v -0.3584944 -3.91011238 0.16856749
v 0.58117842 -3.75618982 0.16945233
v -0.99468743 -3.87826871 -0.44246855
v 0.61529308 -3.7458527 0.16129501
v -0.72768282 -3.76144886 -0.05357713
v -0.26291433 -3.27417659 -0.68724572
v -0.7743591 -4.28011465 0.13059318
v -0.26925253 -3.29615998 -0.69914871
v -0.03600615 -3.52168774 -0.86352574
v -0.16189821 -3.42892789 -0.69798666
v -0.46745887 -3.83364129 0.13225425
v -0.31424844 -3.78704214 0.16478924
v -0.45267346 -3.81941032 0.12938782
v -0.64053416 -3.32301807 -0.39629861
v -0.02299311 -3.50829625 -0.85461556
v -0.6515243 -3.33162498 -0.39818415
v 0.30396774 -3.79893112 0.2192772
v -0.63284099 -3.31529116 -0.41456583
v -0.80602157 -3.48589301 -0.50332784
v -0.74929624 -3.559937 -0.42188468
v -0.7896384 -3.47303628 -0.52586031
v 0.82116633 -3.4748218 -0.26989397
v -0.77779579 -3.4719603 -0.53683805
v 0.69685494 -3.43535399 -0.10664215
v -0.99175798 -4.08723735 -0.22361378
v -0.30470067 -3.5282166 -0.82111984
v -0.95638924 -4.11806201 -0.13704071
v -0.35012233 -3.55451321 -0.89670926
v 0.51259905 -3.28909587 -0.43796324
v 0.3489263 -3.24668383 -0.66498374
v 1.04257237 -4.15205144 -0.38426592
v 0.35517409 -3.24702167 -0.67633634
v -0.69597125 -3.72600746 0.02287077
v 0.36645919 -3.24540352 -0.65895128
v -0.78028845 -3.89867401 -0.76001513
v 0.41354095 -3.24462032 -0.64798557
v 0.88395249 -3.64283347 -0.25244945
v -0.63040578 -4.07451868 -0.79598927
v 0.85673022 -3.61499047 -0.28830376
v -0.83723473 -3.58422923 -0.41929537
v -0.76594871 -3.52841711 -0.48494726
v -0.7617594 -3.53948998 -0.49361658
v 0.58728289 -4.20790195 -0.90952312
v -0.16412708 -3.51961493 -0.86049878
v 0.75417828 -3.77198982 -0.59459596
v 0.75022029 -3.76610803 -0.60251665
v 0.15340718 -3.56823778 -0.90059632
v -0.8473069 -3.62585806 -0.08422072
v 0.84943795 -4.04151773 -0.06971543
v -0.7689749 -3.49496245 -0.0482626
v 0.64218944 -3.73704075 0.03482626
v -0.81781482 -3.72522187 -0.56923139
v -0.78613954 -3.5961225 -0.27602115
v -0.5306614 -4.1928544 -0.84165108
v 0.89240211 -3.58339357 -0.3454346
v -0.46336776 -4.21210384 -0.84944069
v 0.8791539 -3.52890658 -0.28127741
v -0.22299952 -3.85101079 0.14377413
v 0.87636947 -3.52531695 -0.26600647
v 0.87139648 -3.51765012 -0.28740805
v 0.86218649 -3.51820778 -0.28873011
v -0.29790437 -3.46223497 -0.88464605
v -0.4968104 -3.44414043 -0.7286247
v -0.49537366 -3.47454953 -0.75695627
v 0.89417076 -3.6768856 -0.18219134
v -0.1665125 -3.86989569 0.14908263
v -0.19136723 -3.8626542 0.15605577
v 0.8760128 -3.66753506 -0.17857371
v -0.80525791 -4.00089025 0.01117454
v 0.86511868 -3.66370272 -0.18671312
v -0.77686661 -4.02556848 0.03912438
v 0.57015121 -4.05823373 0.07969603
v -0.74655789 -4.15512275 -0.82875567
v 0.82602173 -3.71235132 -0.39784723
v 0.13252297 -3.76443767 0.13078869
v 0.82567131 -3.7282257 -0.41368809
v 0.66575682 -3.35763502 -0.3826842
v 0.81450974 -3.72760152 -0.44061872
v 0.28196367 -3.56161522 -0.85108703
v -0.22626197 -4.0032463 0.08018923
v 0.26523348 -3.54622626 -0.84502327
v 0.13731819 -3.79960012 0.19444027
v 0.26444512 -3.55686473 -0.86254316
v -0.71454858 -3.72101974 0.02216951
v -0.65012538 -3.85806894 -0.80843472
v -0.64972102 -3.86917066 -0.8223893
v 0.36040642 -4.47849082 0.22158752
v 0.1183891 -4.33270645 0.20239177
v -0.99837732 -3.8778119 -0.3273898
v 0.69341516 -3.90993309 0.12819942
v -0.01021865 -3.90607762 0.20416423
v 0.6368618 -3.83964157 0.16815096
v 0.9127075 -3.68606996 -0.36023441
v 0.66756117 -3.82759165 0.14170549
v 0.74508088 -3.47293686 -0.53598475
v 0.68607002 -3.81728577 0.13373917
v 0.88288474 -3.66344118 -0.40667331
v -0.56786823 -3.25729703 -0.41248053
v 0.79578185 -3.58637332 -0.5168724
v -0.56830203 -3.26382017 -0.40034505
v -0.70043712 -4.15667104 0.0897421
v -0.20791441 -3.76970672 -0.90964347
v 0.64875912 -3.39534974 -0.62920838
v 0.70880794 -3.73674416 0.13158007
v -0.78974258 -3.72679472 -0.53810793
v 0.72306835 -3.76819562 0.12569882
v 0.80243253 -3.93017125 -0.67677485
v 0.90955072 -3.95021939 -0.32462912
v 0.7317627 -3.79938054 0.1250624
v 0.71254646 -3.41954588 -0.24611179
v 0.73450148 -3.7897396 0.12729916
v 0.49528285 -3.83052325 0.11571652
v 0.74203568 -3.49033784 -0.26845443
v 0.51517981 -3.86286544 0.11762417
v 0.73173821 -3.46405267 -0.24907451
v -0.61171764 -4.04926395 0.07221346
v 0.33509782 -3.46558356 -0.74894028
v 0.47556102 -3.25739765 -0.61651361
v 0.82316446 -3.63677763 -0.0949473
v 0.46430409 -3.25813007 -0.60827577
v 0.05400224 -3.52065563 -0.8320105
v 0.47334289 -3.28583049 -0.5845856
v -0.98066002 -4.25876665 0.02665488
v 0.47508311 -3.27442121 -0.59826362
v 0.05865425 -3.83826994 0.13636051
v 0.46170204 -3.28349638 -0.58583253
v 0.75628966 -3.42748498 -0.2411893
v 0.45057421 -3.28103113 -0.60318189
v 0.64150029 -3.72113585 0.13766944
v -0.3851341 -3.78762865 -0.88052439
v 0.74191761 -3.87478184 0.10128796
v -0.9023146 -4.20315933 0.07148429
v 0.75832194 -3.87620377 0.0968296
v -0.3484275 -3.49471974 -0.83044171
v 0.8016932 -3.64552736 -0.016692
v -0.20973013 -3.4692564 -0.9133293
v 0.82515877 -3.63337063 -0.05292614
v 0.61227214 -3.31755518 -0.31869459
v -0.07063946 -3.4735012 -0.91390675
v 0.6075598 -3.30193829 -0.33678811
v 0.22535933 -3.91364336 -0.93697899
v -0.05830184 -3.47353053 -0.89674407
v 0.20917129 -3.92880225 -0.94587445
v -0.48914113 -3.76957202 0.07471814
v -0.47255826 -3.72995233 0.07473155
v -0.0495818 -3.48550152 -0.91905951
v -0.1840431 -3.76381111 0.12196236
v 0.15730354 -3.79772424 0.1804697
v 1.04342937 -4.15893983 -0.23728245
v -0.04192476 -3.92607855 0.14223933
v -0.45947095 -3.88180637 0.11870607
v 0.05007325 -3.9458096 0.14142216
v 0.46278059 -3.74259519 0.16206711
v -0.31932649 -3.55441832 -0.92304933
v -0.75702434 -3.46648931 -0.08662712
v 0.38315057 -3.49916124 -0.87682396
v -0.97580868 -3.86714172 -0.19561046
v -0.71081829 -3.37130451 -0.30609589
v -0.72397011 -3.36823129 -0.32076597
v 0.21035283 -3.91357731 0.08468001
v 0.04776373 -4.40847158 0.20738118
v -0.23571291 -3.29283738 -0.56962859
v 0.16122679 -4.45963144 0.21172654
v 0.04182664 -3.94522953 0.21320289
v 0.4190962 -4.03436136 0.21409156
v -0.2700656 -3.2607789 -0.58676934
v 0.53383463 -3.79177117 0.10385247
v -0.16819423 -3.87850117 0.23621255
v 0.63149744 -3.57482719 0.09829942
v 0.32513123 -3.73677182 -0.92980587
v -0.1291151 -3.44929194 -0.78261584
v 0.74398577 -3.46976089 -0.58263427
v -0.13420419 -3.46568465 -0.79080385
v -0.97810959 -3.87867975 -0.49037715
v 0.8467524 -3.58830285 -0.22319856
v -0.71257299 -4.0318675 -0.79086601
v 0.85226815 -3.59235429 -0.16878444
v -0.47545123 -3.83531856 -0.83763515
v -0.75732678 -3.51085209 -0.0164896
v -0.50466007 -3.83515071 -0.83693349
v 0.71734911 -4.32544231 0.15299722
v 0.25820869 -3.49914383 -0.78459703
v 0.71151977 -4.23542308 -0.89340829
v -0.15169826 -3.52716445 -0.78431457
v 0.71327596 -4.22346735 -0.90120059
v 0.71416807 -4.24418592 -0.87861555
v -0.14006319 -4.28998279 -0.86596763
v 0.82925981 -4.011487 -0.57859915
v 0.18204742 -3.8212583 -0.87001091
v -0.09857847 -3.53945159 -0.86331081
v 0.23449273 -3.80173659 -0.87003368
v -0.69474917 -3.52858042 0.03795237
v -0.50604999 -3.22967839 -0.44920742
v 0.69151967 -4.20713949 -0.91479879
v -0.52948051 -3.25098395 -0.42713984
v 0.40037715 -3.20905065 -0.52896261
v -0.51003903 -3.24126267 -0.43967169
v 0.7782405 -3.95336914 -0.01512999
v 0.14524036 -3.89726853 0.17091527
v 0.14968568 -4.08288574 0.22102369
v 0.14670264 -3.90943145 0.15652522
v 0.00534749 -4.07255649 0.20952126
v 0.13740393 -3.91295194 0.15171587
v 0.23649168 -4.10266256 0.22084456
v 0.77855217 -3.87766885 0.10836389
v -1.00274324 -4.29881477 -0.02527971
v -0.1290632 -3.3515644 -0.69117206
v 0.95534312 -3.86530137 -0.05988242
v 0.81259948 -3.59986352 -0.41991204
v 0.89505451 -3.95199894 -0.21545174
v 0.78781437 -3.57143092 -0.4475353
v -0.71508473 -3.46680378 -0.58031994
v -0.0553113 -3.84850692 0.245818
v -0.70503848 -3.47311854 -0.59373188
v -0.41217505 -3.25860881 -0.63151133
v -0.94177508 -4.31815862 0.06639716
v -0.4095318 -3.27506494 -0.63326698
v -0.95958781 -4.33226585 0.04101786
v -0.43152943 -4.14778566 -0.88773638
v 0.57362008 -3.27414608 -0.41359722
v -0.47283032 -4.16412973 -0.87327331
v 0.54241603 -3.26034069 -0.44126156
v -0.49204725 -4.14031934 -0.86097276
v 0.52025854 -3.24918055 -0.45825076
v -0.46456909 -3.44254732 -0.84166258
v -0.55077767 -3.75744104 0.17430093
v 0.73036372 -3.55971598 -0.58527827
v -0.56478136 -3.68185305 0.03669882
v 0.77696484 -3.86815929 -0.5865091
v -0.78945797 -3.77514028 -0.63523614
v 0.44161373 -3.90958881 0.17854732
v -0.98675203 -4.12464237 -0.58221542
v -0.63563877 -3.91993856 0.1136133
v -0.14948031 -3.83119559 0.19890604
v -0.66469752 -3.86987304 0.09348887
v -0.1505194 -3.81773376 0.18396021
v -0.65664136 -3.90250659 0.16153337
v -0.74669873 -3.73023915 0.12351016
v -0.53265684 -3.94510364 0.17578838
v -0.75478732 -3.66324544 0.08283612
v -0.76611077 -3.65804338 0.06908449
v 0.63354253 -3.66558408 0.11231631
v -0.78477931 -3.65042066 0.05802212
v 0.60117864 -3.66277194 0.11044096
v -0.7707439 -3.65884828 0.00405988
v -0.78805112 -3.72667837 -0.05970127
v 0.18234743 -3.79275631 0.22269643
v -0.27134236 -4.03427743 -0.86280089
v 0.16910839 -3.78968119 0.22414401
v 0.13423064 -3.56021094 -0.86600571
v -0.739425 -3.70354509 0.03124512
v -0.649329 -3.56179356 -0.60858577
v -0.69021421 -3.74325275 0.04241496
v -0.08360298 -3.77987909 0.24509668
v -0.67959737 -3.73369264 0.04723014
v -0.72505831 -4.23008012 -0.85376304
v 0.50820738 -3.87453627 -0.91880875
v 0.48982888 -3.86914777 -0.92911893
v 0.70799505 -3.36206102 -0.42888107
v 0.49472814 -3.86908149 -0.91803956
v 0.7079764 -3.35585212 -0.36772763
v -0.66651803 -3.50580024 -0.71512812
v 0.70954895 -3.35839605 -0.35298824
v -0.62393885 -3.507344 -0.75699925
v 0.6967827 -3.36071348 -0.35362589
v 0.72240471 -3.72247958 -0.72499024
v 0.70911198 -3.35675501 -0.38706424
v -0.46070909 -3.95890998 0.12461178
v -0.77428323 -3.50293731 -0.43758156
v -0.41039028 -3.79115867 0.14582596
v -0.77971917 -3.49765062 -0.45881375
v 0.58750063 -3.93105888 0.1455878
v -0.75748765 -3.50249362 -0.4981108
v 0.21983031 -3.26955008 -0.69081509
v 0.55471962 -3.92209768 0.17377826
v -0.16920825 -3.54625177 -0.85518121
v 0.55607187 -3.95079302 0.17400278
v -0.17074015 -3.54503107 -0.86680829
v -0.1687491 -3.54780864 -0.87818396
v 0.31389227 -3.49726986 -0.89185237
v 0.61707544 -3.915174 -0.90460896
v 0.13843606 -3.5840311 -0.93220704
v 0.62507224 -3.35082387 -0.60398674
v 0.07953994 -3.94187092 0.2159665
v 0.27961877 -4.24854755 -0.89519035
v -0.24299065 -4.39825964 0.16155222
v 0.33714154 -4.23681306 -0.88211238
v -0.21388916 -4.39839267 0.16871911
v -0.32113641 -3.91199922 -0.95772588
v -0.36526468 -4.40868282 0.14135354
v -0.73290109 -3.78538107 0.1581286
v -0.29378315 -4.39808893 0.15553064
v -0.24154512 -4.38151788 0.16959758
v -0.70244193 -3.72432136 0.13784658
v 0.39908292 -3.28059601 -0.63669657
v -0.69408375 -3.79887008 0.17160327
v 0.82105428 -3.63080763 -0.02792303
v -0.23951557 -3.9023745 -0.98475706
v 0.80141693 -3.63949537 0.00559823
v -0.56865632 -3.81242275 0.09015071
v -0.3326109 -3.89996647 -0.95422035
v -0.27338245 -3.50299 -0.84783238
v -0.32123771 -3.91369485 -0.94748622
v 0.38398328 -3.54596447 -0.85795927
v 0.62978518 -3.70688009 0.12996611
v -0.67981201 -4.19646024 0.14057491
v 0.60180795 -3.94589996 0.13323284
v -0.69950956 -4.16542339 0.13330403
v 0.00733339 -3.41387081 -0.76470828
v 0.66967403 -3.72014427 0.08968801
v 0.31972348 -3.81085276 0.14164441
v 0.69882887 -3.71588301 0.07072034
v -0.95441389 -4.13419771 -0.10874249
v 0.69046378 -3.71216988 0.07836101
v 0.44791173 -3.7800343 0.15540888
v -1.00247907 -4.29805851 -0.07366268
v -0.99316734 -4.28111791 -0.07197943
v 0.06223629 -3.92462348 0.16675856
v 0.41635024 -3.25026488 -0.66417175
v -0.42554023 -3.47189545 -0.82154738
v 0.71914786 -3.73461842 -0.03098608
v -0.7128911 -3.42834353 -0.22610446
v 0.66392791 -3.78027081 0.03571
v 0.691105 -3.7640624 0.01627044
v -0.81600749 -3.4906845 -0.47092372
v -0.86446881 -4.03789615 0.16119694
v -0.81099051 -3.4849534 -0.46104872
v 0.32139393 -3.25851464 -0.66674912
v -0.80131644 -3.49131941 -0.40371462
v 0.79085815 -3.67700147 -0.02216409
v -0.78564745 -3.48092675 -0.46430373
v 0.013439 -3.9626739 0.09577436
v -0.49604296 -3.87602186 0.14897194
v 0.3546845 -3.91557145 0.11671086
v -0.19605863 -3.5236206 -0.83717656
v 0.77973592 -3.94531583 -0.71140897
v -0.86249649 -3.58210945 -0.14436958
v 0.79059231 -3.94198632 -0.69714361
v 0.56876158 -3.28657436 -0.55315542
v 0.80021613 -3.93232631 -0.69230687
v 0.82885742 -3.85813903 -0.25476482
v 0.7825641 -4.39215421 0.13179943
v 0.82115912 -3.63707542 -0.12604974
v 0.83818203 -4.37887144 0.09742238
v 0.82401365 -3.64541292 -0.15864989
v -0.40386956 -4.24154567 -0.9281311
v -0.99271333 -4.21816444 -0.23066797
v 0.81822705 -3.63806676 -0.13931301
v -0.05816661 -4.31261301 -0.8169834
v -0.14435789 -3.4275465 -0.80546796
v 0.31530472 -4.37986326 0.18823817
v -0.87713688 -4.06627845 -0.0354688
v 0.82354819 -3.5499885 -0.30096465
v 0.27114644 -3.27306938 -0.67235946
v 0.82913225 -3.53735208 -0.27956628
v -0.29275935 -3.75130605 0.11050373
v 0.16927498 -3.49532651 -0.86682677
v -0.30775299 -3.75397348 0.1140737
v -0.73055028 -3.82139968 0.04873716
v 0.48476061 -3.44202852 -0.84144365
v 0.01145412 -3.61193418 -0.89246392
v 0.48294419 -3.43855142 -0.83123993
v 0.56140518 -3.68370294 0.11421555
v 0.46159693 -3.43923568 -0.84165477
v 0.55551147 -3.31049251 -0.49548813
v 0.55150371 -3.54807376 -0.83564508
v 0.70264029 -3.79823565 0.13894036
v 0.51442033 -3.55342459 -0.8510577
v -0.33725583 -3.92915773 0.12011411
v 0.09540981 -3.93772864 0.19953021
v -0.27099052 -3.52450442 -0.82450276
v 0.88737881 -4.11744642 -0.48756587
v 0.89601355 -4.15427398 -0.49626678
v 0.21221609 -3.30197763 -0.62185508
v -0.77228581 -3.66512537 -0.02653511
v 0.40596613 -3.33395171 -0.59013849
v -0.77653563 -3.64636516 -0.03855529
v -0.87308609 -3.852566 -0.36578685
v -0.79037469 -3.67811441 -0.02948664
v -0.58232295 -3.26495122 -0.41223067
v -0.77105599 -3.73631453 0.03056474
v -0.59494376 -3.27338528 -0.39736345
v 0.60153114 -4.14493131 -0.9177187
v -0.58422577 -3.27573633 -0.38241809
v -0.4871636 -3.49713993 -0.69368422
v -0.58455693 -3.29018926 -0.37191045
v -0.20838996 -3.53769588 -0.87637847
v 0.92475599 -3.62475585 -0.23377318
v -0.54482907 -3.84886741 0.08750986
v 0.92106342 -3.64392805 -0.22060358
v -0.59548437 -3.84427285 0.07453173
v -0.95346093 -3.99487733 0.08332587
v 0.71942085 -3.75796318 -0.67868357
v -0.95099771 -3.99178886 0.07031899
v 0.71360456 -3.74481725 -0.67988175
v -0.95861119 -3.98670387 0.05570821
v 0.72607207 -3.76256418 -0.66648745
v -0.77365565 -3.80030274 -0.67521858
v -0.76902401 -3.8248918 -0.64563792
v 0.72784614 -3.77137374 -0.68092465
v -0.76292109 -3.82486248 -0.6619457
v -0.09016099 -3.83098149 0.21279183
v -0.7773422 -3.65280175 0.00288436
v -0.86271625 -4.18900489 0.08647683
v -0.77912503 -3.65086269 -0.00661083
v -0.87065303 -3.61062717 -0.37350675
v -0.8136506 -3.61779618 -0.08034008
v -0.72686123 -3.64332628 0.06555735
v -0.80084157 -3.64048194 -0.03917019
v -0.79981625 -3.63995647 -0.0270302
v -0.41467061 -3.55756115 -0.8801344
v -0.19933909 -3.88258361 0.14710776
v 1.03407371 -3.90817904 -0.21136531
v 1.04218709 -3.9017446 -0.2611804
v -0.19839678 -3.53607606 -0.8626306
v -0.6061663 -3.82456326 0.12132679
v 0.35006201 -4.11241149 -0.86950314
v 0.40243092 -3.95811891 -0.81579744
v -0.65168726 -3.81582188 0.1202445
v -0.79019069 -3.82595348 -0.68201458
v 0.85508817 -3.63779044 -0.28608721
v -0.758574 -3.8207302 -0.6953727
v -0.87467092 -3.58050727 -0.14541198
v -0.12375418 -4.22082662 -0.89774173
v -0.72812151 -3.8295784 -0.70998358
v -0.3405036 -4.19502782 -0.93123024
v -0.29629781 -4.240386 -0.88713532
v -0.03292565 -3.8435328 0.24555519
v -0.29640352 -4.25875043 -0.88445562
v 0.57286083 -3.64454245 0.11119175
v -0.06015912 -3.81996917 0.24646064
v 0.57233697 -3.63001918 0.10360911
v -0.1679333 -3.78470253 0.10445362
v -0.70226252 -3.73084974 0.03080381
v -0.60853695 -3.7874732 0.17749379
v -0.64071571 -3.69296407 -0.00198628
v -0.62060111 -3.72402 0.14550258
v 0.84629392 -3.96007823 -0.38884392
v 0.55072343 -3.77711629 0.10111466
v 0.85340058 -4.39266395 0.07316356
v -0.78878372 -3.59212684 -0.43250778
v -0.11167815 -3.9349761 0.23983626
v 0.63526588 -3.97469806 0.1531445
v -0.56369102 -3.28402757 -0.55164545
v 0.63755184 -3.99914288 0.16272589
v -0.0769554 -3.89393115 -0.99462324
v 0.63883984 -3.99108386 0.15710252
v 0.66396534 -3.99229717 0.15775382
v 0.23198436 -3.88839769 -0.97189682
v 0.79279232 -3.5098834 -0.20480839
v -0.64985549 -3.68312835 0.05482024
v 0.6200245 -3.90296363 -0.79928809
v -0.12922011 -3.76960587 -0.84249919
v 0.58942788 -3.90849876 -0.8220517
v -0.0599051 -3.8939712 -0.83000105
v -0.72130489 -3.81040978 0.07129979
v -0.04540433 -3.96641969 -0.83685612
v -0.14397683 -3.80114555 0.12836328
v 1.06346142 -4.18870592 -0.26047217
v 0.28522369 -3.24344801 -0.62871986
v 1.05976283 -4.21921014 -0.2410463
v 0.27668348 -3.22978949 -0.59979391
v 0.66524136 -3.75579381 -0.72735065
v -0.95785999 -4.16655206 -0.15312059
v 0.39870691 -3.2231071 -0.52269482
v -0.95509743 -4.12542533 -0.18383647
v 0.34827324 -3.78673648 0.17033338
v -0.73800277 -3.49059724 -0.27002841
v -0.32006362 -3.24570941 -0.51788145
v -0.73279798 -3.48007559 -0.25679832
v -0.734847 -3.4772067 -0.27369928
v -0.39964553 -3.24091243 -0.47998443
v 0.87861609 -3.88499164 -0.5447967
v -0.3119755 -3.97255754 -0.80416685
v -0.91252183 -4.36609172 0.07187594
v -0.29050952 -3.78354501 0.12129728
v -0.92915493 -4.36047649 0.06153139
v -0.32161402 -3.77334308 0.11643241
v -0.91439729 -4.35058069 0.06279712
v 0.43273723 -3.78865265 0.15629164
v -0.93836808 -4.34941053 0.05599081
v -0.81777548 -3.61552572 -0.3817577
v 0.67403531 -3.35380315 -0.38192281
v 0.66830039 -3.33807563 -0.40356853
v -1.06929493 -4.17056512 -0.3856728
v 0.21043831 -3.91611409 -0.84025234
v -0.57024371 -3.44789505 -0.79902488
v 0.82493031 -4.23900032 -0.63280165
v 0.61141294 -3.51208329 -0.71128392
v 0.80549842 -4.22246885 -0.74385571
v 0.27751836 -3.47474885 -0.85964894
v 0.82252079 -4.23945283 -0.64815259
v 0.82444787 -4.23002767 -0.67550963
v 0.30823621 -3.47249412 -0.85639983
v 0.81765073 -4.24077653 -0.67309367
v -0.07468936 -3.82129883 0.25288003
v 0.80933439 -4.24029779 -0.6710025
v 0.81577265 -4.22886562 -0.63546371
v -0.0938645 -3.78866148 0.25893738
v -0.81769663 -3.55994916 -0.26423376
v 0.74793046 -3.96260261 0.11606747
v -0.09641571 -3.8637371 0.13490565
v -0.07159817 -4.03736305 -0.84267664
v -0.09781986 -3.84720134 0.13889703
v 0.60235828 -3.31235933 -0.47866243
v 0.83300501 -3.61621189 -0.33864939
v 0.62946337 -3.31054878 -0.46869188
v 0.58408117 -3.76732373 0.1027839
v 0.61842 -3.30895781 -0.47742509
v -0.21423606 -4.16230821 -0.90582549
v 0.61483436 -3.30435371 -0.49244913
v 0.96262723 -4.3036251 -0.1111747
v 0.70537853 -3.53430533 -0.26847422
v 0.97644263 -4.29998159 -0.12965488
v 0.7078883 -3.54504561 -0.35716944
v -0.92124545 -3.99972868 -0.15798822
v 0.65512055 -4.10888433 0.06688835
v -0.28966024 -3.41240811 -0.65229654
v -0.16788384 -3.50689983 -0.87373125
v -0.72670137 -3.38884186 -0.275956
v 0.8680101 -3.94778847 0.06856352
v -0.97232574 -4.2231493 -0.14739441
v 0.86275363 -3.93141126 0.07078646
v -0.60023027 -3.82916927 -0.82430291
v -1.06416249 -4.14881324 -0.47040289
v -0.60292589 -3.85347986 -0.81228673
v -1.05254459 -4.12329912 -0.44113469
v 0.5062161 -3.47038412 -0.81513679
v 0.1190417 -3.89578795 0.18778535
v -0.65198844 -3.57385301 0.05563527
v 0.55857783 -3.54694891 -0.77392315
v -0.68062365 -3.5395255 0.03778022
v 0.52022802 -3.78407192 -0.84598791
v 0.84970963 -4.2398715 -0.59994387
v -1.04699325 -4.16423273 -0.45191875
v -0.31770288 -3.8238573 0.16729846
v -0.12333792 -3.86230421 0.13643729
v -0.38559103 -3.79056549 0.12910001
v -0.39958366 -4.24343395 -0.88026511
v 0.58484184 -3.29255008 -0.53747725
v -0.89774483 -3.91047787 0.10420662
v 0.56879693 -3.287261 -0.53874754
v -0.9142279 -3.90148639 0.07584695
v 0.55540746 -3.28816413 -0.54170882
v 0.14589367 -3.92024302 0.21874047
v -0.97407358 -3.85271072 -0.24611753
v 0.78072029 -3.47450256 -0.16465193
v -0.8860085 -3.9399712 0.09492807
v -0.82814413 -3.6897192 -0.24051682
v -0.38678559 -3.7731204 0.15781626
v 0.06771651 -3.56159591 -0.87563896
v -0.79005622 -3.70026922 -0.05728276
v -0.45655977 -3.43723774 -0.81864434
v 0.13144347 -3.51834154 -0.87364834
v -0.64191198 -3.69434356 0.05142878
v 0.3984448 -3.83107566 0.124768
v -0.1278781 -3.43192982 -0.80673646
v 0.43011942 -3.81577396 0.12208943
v 0.62308472 -3.62053728 -0.66412758
v 0.12421197 -4.28205728 -0.86132222
v 0.63104587 -3.68606782 -0.67574018
v 0.21091729 -4.29100132 -0.86737775
v 1.00712347 -4.1445527 -0.19784505
v 0.17686057 -3.27815437 -0.67798841
v 0.21007789 -3.27804541 -0.66103684
v -0.60704594 -3.60550499 -0.70055836
v 0.13423776 -3.93456101 0.17391575
v -0.73097497 -4.02344036 0.17444761
v 0.81962817 -3.51434826 -0.3480463
v 0.24163354 -4.47802639 0.19319181
v 0.70751726 -3.7162013 0.0235412
v -0.38058674 -3.50220227 -0.8486858
v 0.74370032 -3.70256161 0.01881415
v 0.74629151 -3.69947934 0.02821774
v -0.13835392 -3.94075012 -0.96196454
v 0.21290646 -3.48275566 -0.86088734
v 0.91890215 -4.09820795 -0.43821731
v 0.22627723 -3.49412965 -0.86247712
v 0.84332144 -3.98885107 -0.4321587
v -1.02802097 -4.22069835 -0.5544691
v 0.38174459 -3.2588582 -0.54600381
v 0.65682059 -3.95588541 -0.71967124
v 0.63469874 -3.33485484 -0.44122195
v 0.64367795 -3.89366841 -0.70391267
v -0.75559365 -3.56026697 -0.58272266
v 0.11158208 -3.91281747 0.16908618
v -0.68406045 -3.34362816 -0.47980183
v 0.68130242 -3.62262916 -0.56911408
v -0.66753828 -4.07957887 0.06812
v -0.99971711 -4.24099111 -0.07447601
v -0.744542 -3.549263 -0.43898001
v 0.85976547 -4.25086355 0.04684055
v -0.77919673 -3.51802825 -0.44024545
v -0.38600492 -3.78372526 -0.85532945
v -0.77583766 -3.53113961 -0.45071291
v -0.382784 -3.77218484 -0.86409556
v -1.05835306 -4.22539043 -0.48107481
v -0.06425209 -4.33989858 0.20053476
v 0.88408422 -3.89246892 -0.52622604
v 0.96450698 -4.02490663 -0.29487261
v 0.63529098 -4.08000612 0.06800994
v 0.89155882 -3.93221259 -0.36158806
v 0.60525471 -4.04220151 0.07141509
v -0.91403114 -3.66052579 -0.15568347
v 0.92488753 -4.33424186 -0.02510222
v 0.47675001 -4.19240188 -0.89998781
v -0.91540992 -3.70098185 -0.1011013
v -0.28755235 -3.75826215 -0.89022123
v -0.89828229 -3.70945859 -0.08279621
v -0.30100286 -3.75665473 -0.88584721
v -0.77170383 -4.25744342 -0.83245736
v -0.28732001 -3.76147365 -0.87629711
v -0.76894235 -4.22601318 -0.83686941
v -0.27528876 -3.76097679 -0.88059479
v -0.58321702 -3.27077841 -0.42849129
v -0.43506392 -3.80354189 0.12744605
v -0.5205217 -3.47757649 -0.84337049
v -0.41659653 -3.82158303 0.12521168
v -0.40782147 -3.77691936 -0.87014722
v -0.4193528 -3.78903055 0.12651635
v 0.14504496 -3.78468513 0.20053912
v -0.4154714 -3.80432438 0.12935617
v -0.10174284 -3.57939481 -0.89715188
v -0.85524559 -3.79792022 0.01313718
v -0.04549649 -3.58823108 -0.9008674
v -0.30028286 -4.03588581 0.17889595
v -0.08075644 -3.56960415 -0.89434397
v -0.07917328 -3.58725094 -0.89812266
v -0.12797965 -4.06315374 0.19999778
v -0.04860315 -3.56500387 -0.8897736
v -0.16200201 -4.036839 0.18228314
v -0.05023409 -3.5709598 -0.89538168
v -0.7978264 -3.69158911 -0.06086895
v 0.01539036 -3.57602691 -0.89830887
v 0.2415324 -3.25824284 -0.60095834
v 0.02542049 -3.56998324 -0.8822509
v -0.78821039 -3.55312919 -0.35027831
v 0.93423783 -3.66790866 -0.15809759
v 0.45590204 -3.79299807 0.07760768
v -0.50390481 -3.44292712 -0.83254742
v 0.85514867 -3.59605813 -0.18860538
v -0.66620552 -3.86777877 -0.82990223
v -0.65199959 -3.54780054 -0.77261275
v 0.34658131 -3.63543748 -0.88528382
v -0.64735251 -3.87948608 -0.83457696
v 0.33254557 -3.63672947 -0.88527464
v 0.81079369 -3.58239412 -0.28784701
v -0.66319727 -3.88116288 -0.83219695
v 0.80834645 -3.59337568 -0.27577126
v 0.70519244 -4.00805759 -0.78275603
v 0.80897182 -3.60522961 -0.28474661
v 0.67149937 -3.99323201 -0.80889779
v -0.72033852 -3.55196952 -0.63896465
v 0.81183636 -3.88295078 -0.66934394
v -0.76667708 -3.56475877 -0.59254336
v 0.78256404 -3.4620583 -0.42951822
v -0.76628673 -3.56646251 -0.58054822
v 0.77654397 -3.48108053 -0.47259679
v 0.28075292 -3.26246523 -0.69669091
v -0.83351284 -3.74535918 0.06665377
v 0.83298075 -3.61638879 -0.06057324
v 0.83202403 -3.621423 -0.04734043
v -0.39807018 -3.55421805 -0.8660686
v 0.27858829 -4.48945903 0.19988514
v 0.76133602 -4.17009067 0.0408597
v 0.67280328 -3.81551456 0.1398151
v 0.74474388 -4.13765049 0.03585949
v 0.84951001 -3.59206628 -0.44922018
v -0.39380261 -3.51674032 -0.87732952
v 0.05537208 -3.93026995 0.23358997
v 0.28512838 -4.14178896 0.10664074
v 0.55834281 -3.64396619 0.10952472
v 0.32191053 -4.06182479 0.08946637
v 0.5573492 -3.63583087 0.10247751
v 0.45992428 -4.14192724 0.09356811
v -0.81161421 -4.38738822 0.09255209
v 0.64527058 -3.33160114 -0.36173045
v -0.83742135 -4.40022468 0.09140423
v 0.15347911 -3.7799766 0.23386254
v -0.96644872 -4.16845655 -0.03486207
v 0.58886742 -4.43234396 0.13285014
v -0.3236306 -3.90851759 0.19508864
v 0.59108197 -4.41512775 0.12851733
v 0.02743084 -3.9399259 0.22213707
v 0.75895321 -3.99184751 -0.80325162
v 0.76654833 -3.9742279 -0.80009603
v 0.00448887 -3.93902039 0.23579093
v 0.80816066 -3.56759643 -0.34149187
v 0.77230131 -3.61852073 -0.02125304
v -0.56091338 -3.45470404 -0.77661359
v 0.80971097 -3.53847551 -0.32317274
v 0.10691251 -3.93887543 -0.96156758
v -0.78892427 -3.98497152 -0.60606879
v 0.6382488 -4.09370565 0.1101062
v 0.63417589 -3.38893413 -0.29686847
v -0.01778723 -3.47021317 -0.78685689
v -0.04468866 -4.3066535 -0.80739456
v 0.03756371 -4.2890625 -0.82407665
v -0.19753393 -3.25094747 -0.59333705
v -0.8214972 -4.01994276 0.17825821
v 0.85106992 -3.58169794 -0.20957742
v -0.63829225 -3.35832166 -0.26872992
v -0.02446771 -3.43044662 -0.75744736
v -0.68423116 -3.52769708 0.00709115
v 0.41910636 -3.54827928 -0.85452157
v -0.67923176 -3.54155015 -0.00693936
v 0.66722351 -4.14407777 0.11305092
v -0.57009542 -3.85423421 0.11550436
v -0.67496246 -3.67790556 -0.64448368
v -0.97485959 -4.14069414 -0.60819864
v 0.69948804 -3.79015541 -0.68025142
v 0.66479241 -4.18321037 -0.87736302
v 0.88933664 -3.70449519 -0.12560097
v -0.61008912 -3.77765393 0.04871242
v -0.36796638 -3.88247394 -0.93974912
v -0.33332893 -3.88186287 -0.95400887
v -0.69052571 -3.75045228 0.03159245
v 0.07332596 -3.85597586 -0.86339598
v 0.76996809 -3.55999183 -0.00122041
v -0.79839217 -3.86965322 -0.09627796
v 0.80174422 -3.53931212 -0.04876085
v -0.30515292 -4.04698181 0.19199934
v 0.40526917 -3.90215206 -0.85010278
v -0.50821852 -3.99108743 0.19608397
v -0.32269576 -4.0388937 0.18276882
v 0.99241077 -4.20910787 -0.18546232
v -0.91889351 -4.19462823 -0.67130398
v 0.4903348 -3.23355007 -0.48157322
v -0.44211977 -4.03078794 0.18531559
v 0.49012106 -3.24109172 -0.46717369
v 0.75044208 -4.02370119 -0.62818157
v -0.6704455 -3.70947837 0.06590999
v 0.37345776 -3.31190228 -0.59227895
v -0.70953822 -4.0163412 0.07927068
v -0.41960492 -3.79381156 0.13460125
v 0.17132596 -3.28946065 -0.66903507
v -0.8854072 -3.67879438 -0.43149164
v -0.20825117 -3.83457469 0.1476639
v -0.08715102 -3.8951168 0.15781708
v -0.25996625 -3.8049221 0.14180672
v -0.99315232 -4.20842647 -0.18265296
v -0.69356238 -3.52515125 0.02210745
v -0.06955717 -3.85505175 0.22634704
v 0.77089214 -3.55304741 -0.02253515
v 0.77461111 -3.55311727 -0.03819657
v 0.5117402 -4.10519504 -0.85957318
v 0.78046375 -3.53933453 -0.05385491
v 0.79299402 -3.82260417 0.01458891
v 0.78927892 -3.53120565 -0.05530121
v -0.41157135 -3.91197586 -0.78817594
v -0.61480158 -3.54878878 -0.74423235
v -0.67617827 -3.39591217 -0.13650746
v -0.57285314 -3.54747247 -0.77597653
v -0.70670604 -3.41619396 -0.10204591
v -0.48891103 -3.27357816 -0.5796408
v -0.62306356 -3.60210418 0.07437204
v -0.48622745 -3.26457357 -0.58680874
v -0.63229942 -3.61545801 0.05693649
v -0.44441974 -3.25969886 -0.61368453
v -0.70444566 -3.81411862 0.14098048
v 0.41079437 -3.83555078 0.15156933
v -0.70249712 -3.8151195 0.12638725
v 0.70152789 -3.94025898 0.08536274
v -0.54716271 -4.00813674 0.1762223
v -0.22437669 -3.48402476 -0.86262428
v -0.59458631 -4.02363491 0.18281957
v -0.19829872 -3.47498464 -0.87393486
v -0.00913015 -3.4863975 -0.8721981
v -0.63289827 -4.03148794 0.18399636
v 0.67508995 -3.3870995 -0.18599283
v -0.00453548 -3.49244475 -0.86221039
v 0.69254869 -3.38604831 -0.20159572
v 0.73479259 -3.80702781 -0.63157093
v 0.70137256 -3.39444518 -0.2456047
v -0.16142155 -3.87051391 0.16624794
v -0.1198343 -3.85392427 0.19274319
v 0.70959234 -3.41931152 -0.27608978
v -0.1355246 -3.87103223 0.19941039
v 0.90009981 -4.2438097 -0.53745514
v -0.13735276 -3.87625646 0.17892739
v 0.88983213 -4.24207973 -0.55619108
v 0.50139105 -3.27152848 -0.4451664
v 0.47761619 -3.73427867 0.15376977
v 0.44861012 -3.65291476 -0.81191396
v 0.48931247 -3.76206922 0.14256972
v 0.4171119 -3.60781192 -0.80874502
v -0.98276013 -4.23924446 -0.19168603
v 0.09064807 -3.82340836 0.13739852
v -0.87514519 -3.86667156 -0.64454752
v -0.23593515 -3.90931487 0.11145994
v -1.04427719 -4.16193246 -0.38472303
v -0.25577491 -3.91176152 0.11058029
v -0.11214448 -3.85392427 0.16809983
v -0.28722375 -3.92816424 0.11187563
v -0.66263747 -3.88138151 -0.82185488
v -0.97339522 -4.30120945 0.0407048
v -0.69995921 -3.89743971 -0.80644643
v 1.0489633 -4.26139259 -0.28574317
v -0.69921159 -3.88343 -0.79548096
v 1.04169046 -4.26154995 -0.25917771
v -0.49130919 -3.31109428 -0.60572606
v -0.74523919 -3.91132998 -0.77921229
v 0.18938845 -3.46279192 -0.89556324
v 0.18998144 -3.83972263 -0.83057254
v 0.21590846 -3.45536637 -0.90191376
v 0.68343669 -3.37450337 -0.31980502
v 0.17849245 -3.46488738 -0.90374255
v -0.7581737 -3.55125236 -0.49152946
v 0.41673111 -3.47505545 -0.82846969
v -0.76153719 -3.52826786 -0.51585203
v 0.16816857 -3.79727125 0.18837042
v 0.50822705 -4.39752912 0.15623386
v -0.76546371 -3.54827427 -0.50500392
v -0.83315002 -3.62092208 -0.20772738
v -0.68584972 -3.83268904 0.0691488
v -0.3831945 -3.46345067 -0.84122192
v -0.75055927 -3.82086372 0.11864409
v -0.37274113 -3.46618509 -0.83598852
v -0.74025404 -3.8928976 0.14149573
v -0.52600413 -3.33091974 -0.59847277
v 0.79851329 -4.23782777 -0.74164027
v -0.81877833 -3.92580652 0.12868057
v 0.78072619 -4.24307155 -0.74325013
v -0.88172239 -4.03647947 0.14972299
v 0.8453809 -3.61322212 -0.1127958
v 0.10247826 -3.91864085 0.14876622
v 0.59355282 -3.75597429 0.11603048
v 0.10652377 -3.9349296 0.16060358
v -0.57089376 -3.46063971 -0.73911368
v -0.14557319 -3.86589503 0.1358367
v -0.56856155 -3.45482969 -0.7451623
v 0.63510358 -3.74756622 0.15738573
v -0.846695 -4.07720994 -0.6881988
v 0.01486584 -3.81315851 0.25461015
v 0.31396627 -3.72359848 0.12288653
v 0.38533115 -3.69672489 0.11240048
v 0.85303217 -4.20961523 -0.62549513
v 0.36702185 -3.69888067 0.11308205
v 0.83717793 -4.17473363 -0.65859246
v 0.39034685 -3.7008574 0.103072
v 0.62262857 -4.12017917 -0.86678463
v -0.03765944 -3.59464907 -0.92651999
v 0.93606567 -4.25542259 -0.09365784
v 0.00791 -3.5560801 -0.92039477
v 0.93811303 -4.29960441 -0.0811174
v 0.76450073 -3.4359622 -0.21604673
v 0.94773954 -4.31471204 -0.08541224
v 0.78755438 -3.45293235 -0.18072366
v 0.70486128 -3.91689181 -0.81997245
v 0.7742033 -3.4448471 -0.19797962
v -0.60443466 -3.85325288 0.13384512
v -0.89490783 -3.70914101 -0.06453691
v -0.60577797 -3.85350513 0.11545553
v -0.60678404 -3.46285891 -0.71011281
v -0.66035038 -3.83337926 0.1197789
v 0.56515115 -3.94194579 -0.84297472
v -0.8055576 -3.61734461 -0.42439964
v 0.19415652 -4.29123306 -0.8527773
v -0.97376376 -4.15430498 -0.14248345
v 0.11777552 -4.28453016 -0.84330189
v 0.27720722 -3.82099199 0.12292419
v 0.46926769 -4.39884471 0.17650307
v 0.37959888 -3.20508432 -0.55559939
v -0.51241338 -3.36293149 -0.64842462
v 0.36724582 -3.20787668 -0.55557966
v -0.12940254 -3.32511615 -0.6745789
v 0.37703543 -3.20908069 -0.57032734
v -0.13212165 -3.30666589 -0.69417768
v 0.35313689 -3.20964789 -0.56644737
v 0.36369234 -3.21354699 -0.58257257
v 0.28016135 -3.35271477 -0.65770709
v -0.49777483 -3.89047122 0.16823573
v 0.755921 -4.2062087 -0.86471068
v -0.49304062 -3.88833618 0.15712839
v -0.24549917 -3.45639228 -0.82959759
v 0.79002046 -3.51079797 -0.08899048
v -0.31715327 -3.50562953 -0.84164798
v -0.84262609 -3.72333908 -0.05726711
v -0.26155224 -3.48675537 -0.84261149
v -0.94036871 -4.05171775 -0.21133244
v 0.60815656 -3.7782278 0.18500427
v -0.93959599 -3.97404837 -0.22487618
v -0.19249109 -3.32872581 -0.6053335
v -0.90817207 -3.89713478 -0.25292977
v -0.05507866 -3.30251956 -0.60809731
v -0.01083984 -3.94881081 0.24023783
v 0.61034673 -3.70738148 0.04784644
v -0.05048502 -3.94763374 0.23595303
v -0.64499032 -3.32634019 -0.52702373
v -0.68903243 -3.53611969 -0.03172285
v -0.51120942 -3.55241084 -0.8510307
v -0.50310093 -3.83489799 0.13123875
v 0.23401834 -3.75375986 -0.93873399
v -0.05981026 -4.0087037 0.13574837
v 0.23347443 -3.6999154 -0.92755335
v -0.81862229 -4.18262577 -0.72715264
v -0.21033671 -3.86458444 0.15106573
v -0.67314058 -3.67814731 -0.76448053
v 0.60254275 -3.2898283 -0.36412248
v 0.53083324 -3.67766475 0.11170316
v 0.49026864 -3.75818729 -0.87903618
v 0.55977845 -3.66197347 0.11128512
v 0.50640279 -3.77047467 -0.85629123
v 0.49155503 -3.75970649 -0.86022514
v -0.09846857 -3.41488862 -0.78422766
v 0.90123945 -3.71014046 -0.23354284
v -0.94634413 -4.17533206 -0.09959886
v 0.04042197 -3.57191491 -0.89748263
v -0.92082101 -4.14195966 -0.09271752
v 0.95501118 -3.90995144 -0.04554963
v -0.97717267 -4.2603116 -0.01607745
v 0.96674192 -3.90488743 -0.0691728
v -0.97157251 -4.28457737 0.0064434
v 0.66117441 -3.32643294 -0.44448667
v -0.99397504 -4.30127239 -0.00810664
v 0.64901006 -3.32086896 -0.44442659
v 0.6509695 -3.32588052 -0.43188387
v -0.40320125 -4.16944026 -0.86677414
v 0.6154164 -3.74325037 0.10791621
v 0.70176422 -3.70176148 0.07268512
v -0.45726037 -4.00688028 -0.82183492
v 0.71357798 -3.70464372 0.06246321
v 0.68039977 -3.72670364 0.04199099
v -0.14867027 -4.17617321 -0.90331113
v 0.65842962 -3.73631501 0.05814368
v -0.77100676 -3.4317317 -0.19641061
v 0.70197665 -3.71702551 0.03899857
v -0.6597566 -4.21214485 -0.83719724
v 0.72392356 -3.70936918 0.04689779
v 0.81876003 -3.58915519 -0.48289808
v 0.70185631 -3.72352409 0.02849123
v 0.79886841 -3.58587837 -0.49596107
v 0.69080638 -3.72339248 0.03870876
v 0.77809113 -3.57066607 -0.48829343
v -1.06257748 -4.16534996 -0.50520402
v 0.69099903 -3.58861446 0.07148148
v 0.50740569 -3.77641701 0.19480383
v -0.01294323 -3.46691727 -0.82125026
v -0.38230589 -3.43016552 -0.83945161
v 0.19224168 -3.86201024 -0.93949997
v -0.0729626 -3.27038192 -0.6153841
v 0.06083749 -3.97254109 -0.93662464
v -0.1670262 -3.25558948 -0.6015495
v 0.10161609 -3.96140337 -0.94456911
v 0.10266244 -3.9465332 -0.93156713
v -0.13074672 -3.26319742 -0.60848712
v 0.10400377 -3.96135044 -0.93392241
v -0.1420136 -3.27355837 -0.59659963
v 0.14427289 -3.9541738 -0.93497401
v -0.00015945 -4.11931514 -0.85442781
v 0.15851484 -3.93529987 -0.95415031
v -0.71180689 -3.55336809 -0.66018295
v 0.16100403 -3.94557142 -0.93478858
v -0.66832125 -3.55785822 -0.70347458
v 0.82129252 -4.1691389 -0.59951132
v -0.62036663 -3.83532881 0.18597525
v 0.78109061 -4.09657001 -0.62953484
v 0.62348008 -3.33739781 -0.29131639
v -0.75616359 -3.56270504 -0.40970334
v 0.64308333 -3.37248659 -0.24593499
v -0.7551018 -3.57008147 -0.41826582
v 0.65093225 -3.35491657 -0.23553183
v 0.64926147 -3.34319353 -0.24774049
v 0.67257046 -3.54098486 -0.00329052
v 0.10779655 -3.88885045 0.22465409
v 0.85203748 -3.59326601 -0.20279017
v 0.11998857 -3.83452129 0.20087024
v 0.85100966 -3.58218884 -0.22156962
v 0.11569427 -3.85265064 0.21281698
v 0.75762814 -3.90106749 -0.80328291
v 1.07603681 -4.20407104 -0.313802
v -0.58105629 -3.85335612 0.18820434
v -0.74695283 -3.92082834 -0.00427135
v -0.52550923 -3.238698 -0.45776671
v 0.89690876 -3.66945672 -0.1907185
v -0.68536293 -4.02920675 0.04438798
v -0.55419921 -3.62417125 -0.82639527
v -0.71205914 -3.99650383 0.01928169
v -0.60689663 -3.65683293 -0.80252403
v 0.66075784 -3.42172193 -0.23117706
v -0.12091658 -4.30599069 -0.8124153
v 0.66500759 -3.38606286 -0.19896486
v -0.17922245 -4.31311416 -0.83591365
v 0.66608023 -3.42375612 -0.19629891
v -0.90068709 -4.17256546 -0.68456745
v -0.21151612 -3.29159998 -0.69672888
v 0.0269509 -3.79813218 0.26295635
v 0.14475911 -4.17615604 -0.86314022
v 0.02825398 -3.77650857 0.25655028
v -0.76003676 -3.45448899 -0.11834561
v -0.13545829 -3.3804152 -0.71520447
v -0.76956605 -3.47915864 -0.07228881
v -0.78640341 -3.46984458 -0.12033608
v -0.01819486 -4.43056917 0.19654892
v -0.80098307 -3.50032305 -0.10278773
v 0.59045916 -3.7882142 -0.84464293
v -0.13916419 -3.79111671 0.24360056
v 0.34546151 -4.08709526 0.20828181
v 0.93088972 -3.98162341 -0.29086756
v 0.91035974 -3.71438741 -0.10013657
v 0.76835143 -3.49067878 -0.33677518
v 0.8632335 -3.57891273 -0.12043158
v 0.76059383 -3.47579002 -0.31042888
v 0.85006296 -3.53050088 -0.17474666
v 0.74424427 -3.48854327 -0.31066167
v -0.96817928 -3.91066503 -0.13786509
v 0.75504446 -3.60174417 0.04342597
v 0.67882925 -3.52404117 -0.0406469
v -0.72845923 -3.70142889 0.02089636
v 0.41731184 -4.26129341 0.12973192
v -0.72765696 -3.70411491 0.00765397
v -0.44425901 -4.41327762 0.13324107
v 0.77167332 -3.83648848 -0.03801369
v -0.44875654 -4.39714956 0.14320485
v 0.37692809 -4.15181732 0.13922569
v -0.54712098 -4.4301176 0.12605337
v -0.55666029 -4.43248367 0.11562866
v -0.6804791 -3.33970928 -0.36891073
v -0.57139742 -4.43116283 0.11105608
v 0.77174425 -3.43252682 -0.21260283
v -0.56989896 -4.41267776 0.10958394
v -0.83285516 -3.60318589 -0.13791234
v 0.82402885 -3.53576707 -0.29870784
v -0.58775878 -3.29126834 -0.49481678
v 0.13379472 -3.54624867 -0.8442173
v 0.71203923 -3.78561258 0.04002662
v 0.11624606 -3.54831743 -0.85490441
v 0.11899723 -3.5422461 -0.8441782
v 0.72383737 -3.76588273 0.02584344
v 0.11702531 -3.54859876 -0.8470143
v -0.89931142 -3.61701488 -0.25076553
v -0.79946982 -3.68387246 -0.04911223
v -0.89197397 -3.6134808 -0.2940557
v 0.42854026 -4.43065738 0.21136057
v -0.88160067 -3.5913136 -0.3167817
v 0.39733767 -4.461205 0.22344982
v 1.03882479 -4.1749382 -0.40521848
v -0.28718081 -3.79941248 0.18982155
v -0.53690165 -3.37736487 -0.72472673
v -0.38451832 -3.7987988 0.1853384
v 0.84618824 -3.90696907 -0.296346
v -0.3613449 -3.80127906 0.18575525
v 0.86553794 -3.95117807 -0.29423973
v 0.48964518 -4.38480806 0.16542846
v -0.87198323 -3.71877098 0.0039249
v 1.06740117 -4.24518871 -0.27083325
v 0.75676381 -3.57296466 -0.55972051
v -0.67836833 -3.45845103 -0.08511768
v 0.72149872 -3.54433322 -0.57367938
v -0.6803413 -3.43166256 -0.08731145
v 0.73214328 -3.55778169 -0.5713467
v -0.68031299 -3.41783547 -0.10153053
v -0.22127844 -3.90920734 0.15902563
v -0.67204988 -3.41880178 -0.12022233
v -0.22063359 -3.89621257 0.1510986
v 0.90502035 -4.34643745 -0.00260703
v -0.22659376 -3.56254935 -0.88839685
v -0.55847752 -3.84964704 0.11418348
v -0.30890139 -3.57095289 -0.88937288
v 0.26094043 -3.89183259 0.14892822
v 0.28620556 -3.38897705 -0.82993477
v 0.57010424 -3.83887386 0.1007304
v -1.01844799 -4.16459226 -0.5348795
v 0.15876334 -3.89837336 0.16858288
v 1.03270602 -3.8999927 -0.33135706
v -0.56696313 -3.50074291 -0.7649365
v 1.02191948 -3.91275024 -0.34948062
v 0.89608335 -3.60255599 -0.33184111
v 1.00931119 -3.90974259 -0.36648812
v 0.90113836 -3.6115272 -0.3130306
v -0.46160101 -3.87587261 0.19798216
v 0.9020496 -3.60284948 -0.3204227
v -0.51517266 -3.87574291 0.19046059
v 0.74044787 -3.61417865 -0.01260258
v -0.54667151 -3.87149119 0.18917603
v 0.75526934 -3.60293579 -0.0057913
v 0.67610359 -3.70314168 0.08695053
v -0.96704322 -3.78817868 -0.3761906
v 0.70596468 -3.69096207 0.07173816
v 0.39506894 -4.21283245 -0.88243389
v 0.69262975 -3.69994735 0.08108592
v -0.7914226 -3.60144758 -0.1641063
v 0.70071834 -3.69218516 0.08196175
v 0.52161109 -3.72383284 0.13469749
v 0.693246 -3.69583654 0.09208814
v 1.07609641 -4.22465419 -0.32718643
v 0.09448108 -3.92731332 0.20160406
v -0.20303657 -3.87360239 0.14623203
v 0.82731372 -3.93550586 0.09645719
v -0.21141672 -3.88395118 0.14475643
v -0.78587096 -3.55089974 -0.36377385
v 0.56100136 -3.75866007 0.13455818
v -1.0277965 -4.19895553 -0.57261782
v 0.55772393 -3.75638866 0.15064632
v 0.55353766 -4.00878143 0.18727308
v -0.97678637 -4.30187225 0.0088341
v -0.84064799 -3.62299156 -0.36084985
v 0.29917889 -3.90005874 -0.96470934
v -0.7980144 -3.62559914 -0.35157465
v 0.8351463 -3.5478475 -0.26716059
v -0.8209908 -3.61846447 -0.36534047
v 0.30448538 -3.52676081 -0.83245444
v 0.92906254 -4.30063056 -0.0230028
v 0.91697883 -4.33659267 -0.00404713
v 0.28710815 -3.50377416 -0.82560694
v 0.26057839 -3.46138429 -0.90806812
v -0.84673965 -3.83855199 -0.66928345
v 0.77817869 -3.65116643 0.01718451
v -0.76884365 -3.81632828 -0.74435532
v 0.76861435 -3.65649032 0.02020791
v -0.97760933 -3.85375547 -0.27830758
v 0.79007798 -3.64826965 -0.00134371
v 0.42740294 -4.0563302 0.21296429
v 0.83931833 -3.55926609 -0.27656078
v 0.43320345 -4.07056474 0.20808674
v -0.73266196 -3.47740173 -0.11312007
v -0.11379654 -3.41474819 -0.7870292
v 0.1507122 -3.78610515 0.24345743
v 0.28015017 -3.93619799 -0.83770811
v 0.36073523 -3.80929708 0.1382483
v 0.48862242 -3.27928257 -0.58639204
v 0.72419738 -3.80570745 0.10416666
v 0.59136843 -3.45942974 -0.74792331
v -0.80648791 -3.61114072 -0.33712497
v 0.44393262 -3.25558853 -0.49152576
v -0.0554282 -3.7454648 -0.87555438
v -0.5876584 -3.3058834 -0.46461927
v -0.1345421 -3.75748586 -0.88384091
v 0.74467927 -3.43009948 -0.28892034
v -0.11882729 -3.74163866 -0.88561761
v 0.2887423 -3.66754508 -0.8359093
v -0.10910478 -3.75820684 -0.88181525
v 0.69465345 -3.53433847 -0.6112039
v -0.98377746 -4.27280044 -0.11910624
v 0.5803858 -3.44098115 -0.76650816
v 0.78127086 -3.59185099 0.01842569
v 0.61110955 -3.43845939 -0.75161576
v -0.72607243 -3.45462226 -0.09856771
v -0.96807777 -3.85316085 -0.22962334
v -0.95401316 -3.81991481 -0.24406677
v -1.02752399 -4.1823678 -0.31143418
v -0.122763 -3.52098035 -0.85072732
v 0.28637898 -4.14559078 0.14947605
v 0.29424789 -3.87347078 0.22672779
v 0.2254536 -4.07363796 0.13732527
v -0.7501055 -4.0217657 -0.75879061
v 0.12387754 -4.04269933 0.14190971
v 1.05380225 -4.14175796 -0.29581245
v 0.10118499 -3.9774189 0.13464796
v 1.00676965 -4.07731437 -0.27760767
v -0.67800295 -3.86264395 -0.75772297
v -0.09471621 -3.81336545 0.25781309
v -0.66298449 -3.36560821 -0.20779463
v 0.798837 -3.53073787 -0.36323776
v 0.39440062 -4.40460634 0.22672581
v 0.47442543 -3.3545916 -0.75502896
v 0.43936538 -4.27997016 0.17298629
v -0.23864021 -4.40722322 0.15199495
v 0.75713199 -3.66242671 0.04646927
v 0.78287506 -3.55915212 -0.43924328
v 0.98566943 -4.13034963 -0.38102886
v -0.74963611 -3.84541487 0.04528236
v -0.89948296 -4.3692007 0.08345128
v 0.20834575 -3.84343099 0.1467918
v -0.9014846 -4.37542247 0.07390373
v -0.30417972 -4.3059287 -0.8961991
v 0.21075607 -3.47621464 -0.86022895
v -0.98039591 -3.85161185 -0.2992326
v -0.73988354 -4.0046525 0.00415762
v -0.4761708 -3.86258029 -0.89060676
v -0.780918 -3.96066975 -0.02909426
v -0.47543579 -3.85337758 -0.90061783
v -0.1970255 -3.88744354 0.12748804
v -0.17659291 -3.8776555 0.12668441
v -0.8406375 -3.85781812 -0.23530314
v -0.87339824 -3.96719312 -0.17266836
v -0.78225767 -3.69297647 -0.04780494
v -0.78014636 -3.70115995 -0.04531686
v 0.81833022 -3.48783254 -0.16143278
v -0.78100168 -3.69245362 -0.03588036
v 0.65965372 -3.45396709 -0.70831346
v 0.63542115 -3.74295306 0.09386879
v -0.99893498 -4.25419282 -0.24742484
v 0.65636545 -3.73602151 0.08204046
v -0.07338801 -3.53643393 -0.78634643
v 0.64636814 -3.73450017 0.09482021
v 0.1913308 -3.85715055 0.23623493
v -0.840927 -3.84261465 0.06194827
v 0.71365225 -3.91003918 0.12206888
v 0.90678584 -4.34817123 0.00695445
v -0.86616122 -3.59540224 -0.09155073
v 0.5007928 -3.98599577 0.1318663
v -0.83305031 -3.60916495 -0.10921134
v 0.55302202 -3.94711399 0.14875584
v -0.22329571 -3.95817709 -0.98581391
v -0.67768889 -3.94731164 0.08770748
v -0.24184046 -3.95540332 -0.97657549
v 0.18716327 -4.27667713 -0.85219353
v -0.22938495 -3.94712352 -0.96556556
v 0.17747798 -4.29099226 -0.8540734
v -0.48345083 -3.28959322 -0.59215253
v 0.19402289 -4.29632282 -0.85650432
v 0.47677356 -3.82385158 0.12101689
v -0.32783567 -3.51869177 -0.83871662
v -0.06249475 -4.10899686 -0.8537485
v -0.29799437 -3.38505959 -0.77165967
v 0.07485722 -3.763139 0.25495427
v -0.93024581 -3.95824074 0.10340169
v 0.06131113 -3.77419376 0.2544645
v 0.93587732 -3.67859315 -0.14672096
v 0.98968398 -4.10749435 -0.29115283
v 0.27662399 -3.27213263 -0.65369862
v 0.81792396 -4.21225976 0.06946977
v 0.67584192 -4.07509136 -0.81171923
v 0.75537514 -3.56052231 -0.39933416
v 0.67483443 -4.11612939 -0.84668731
v 0.74232864 -3.41334533 -0.27332812
v -0.776968 -3.77373218 0.0177507
v -0.87508016 -3.72779941 -0.03977099
v -0.76754176 -3.78141236 0.02833514
v -0.8644157 -3.72891283 -0.05221055
v -0.77682972 -3.77713775 0.02662058
v -0.00245044 -4.29973506 -0.83130019
v -0.85131913 -3.73740196 -0.03724054
v -0.67631769 -3.82865285 0.09324424
v -0.7883647 -3.76788473 0.02744922
v 0.11493545 -4.32904911 0.16673797
v -0.86382907 -3.74030184 -0.02048864
v 0.13551683 -4.23556518 0.1477689
v -0.47481262 -4.22593975 -0.8648293
v -0.47187858 -4.21339511 -0.87639343
v 0.61850428 -3.92782664 -0.89959633
v -0.40304955 -3.79089164 0.06159292
v 0.62505018 -3.93889093 -0.89431631
v 0.63634955 -3.94447541 -0.8867042
v -0.35593447 -3.86931347 0.07681751
v 0.61988908 -3.92713379 -0.88764989
v -0.51834482 -3.80115389 0.03368502
v -0.27932044 -3.48302912 -0.85823345
v 0.1437482 -3.55786562 -0.9461956
v -0.79215949 -3.87457776 -0.48006117
v -0.69125402 -3.81682086 -0.74743115
v -0.76071602 -3.71125936 -0.45199167
v -0.70895659 -3.82254362 -0.75353729
v -0.41633716 -3.7421391 0.08626449
v -0.24194009 -3.92866754 -0.98626297
v -0.38512998 -3.73935413 0.09040246
v -0.96982985 -3.84989571 -0.18213422
v -0.38422432 -3.73513388 0.08575047
v -0.97258579 -3.86755752 -0.18006703
v -0.48812323 -3.72940039 0.04503026
v -0.9715048 -3.88421392 -0.16315589
v -0.42712026 -3.74074554 0.06274446
v 0.78630399 -3.49194407 -0.13427929
v 0.66898047 -3.53550195 0.02657673
v 0.78448295 -3.49140501 -0.16392499
v 0.66765904 -3.55176401 0.01183392
v 0.777884 -3.4772706 -0.20159035
v 0.10865877 -3.91844844 0.25188362
v -0.38342094 -3.75127124 0.14323075
v 0.10001088 -3.93883371 0.24459002
v -0.39896881 -3.74535942 0.14487245
v -0.36990055 -3.75846052 0.14827483
v 0.12591594 -3.93128562 0.23436203
v -0.12985576 -3.8807199 0.24639329
v -0.6034317 -3.74622774 0.11281196
v 0.19939112 -3.81039166 0.22790862
v -0.58025157 -3.77804899 0.11707692
v 0.20920002 -3.87787175 0.21938923
v -0.09244841 -3.87696123 0.14481821
v 0.23741175 -3.83453607 0.22681812
v -0.80800414 -3.94898462 -0.53220427
v 0.21223375 -3.82393813 0.22382751
v 0.5690844 -3.27424955 -0.39935946
v -0.76392078 -3.84183263 -0.66007471
v 0.64399802 -3.90750527 0.06513317
v -0.83270317 -3.60690426 -0.4222497
v 0.39535316 -3.25862669 -0.6063596
v -0.81080389 -3.59395647 -0.46667927
v 0.64841055 -3.77481818 -0.78855252
v -0.721771 -3.58484339 -0.1577865
v -0.42064881 -3.77370286 0.12475217
v 0.76484596 -3.58138632 -0.42730277
v 0.72018969 -3.78267955 0.03946641
v 0.78468525 -4.28350114 0.07843866
v 0.70973485 -3.78822159 0.06056994
v 0.57249879 -3.86396241 0.18849267
v 0.72234123 -3.78578257 0.07075378
v 0.58884048 -3.84049058 0.19285824
v 0.73531472 -3.7859435 0.07049132
v 0.74325686 -3.76792764 0.05037877
v 0.5467922 -3.8559966 0.20122735
v 0.73507779 -3.77672028 0.0619237
v -0.45229187 -3.96704053 0.08314719
v 0.72300225 -3.87815189 0.1163174
v -0.43742162 -3.92120337 0.08048569
v 0.77305799 -4.24187183 -0.76148414
v -0.47374969 -3.9182291 0.08134512
v 0.8102442 -4.22609615 -0.72491419
v 0.74098455 -4.24165344 -0.81989812
v 0.6477229 -3.76936841 -0.77271425
v 0.75245624 -4.20200824 -0.79140853
v 0.64682012 -3.77070069 -0.75711143
v 0.6151061 -3.63058328 0.06363757
v 0.53938925 -3.27746129 -0.55900239
v 0.04673948 -3.54040217 -0.84465032
v -0.41303962 -3.86422491 0.19468237
v -0.8064816 -3.72362303 -0.58511
v 0.28312316 -3.25813937 -0.64040041
v -0.90250003 -4.06545019 -0.08137413
v -0.00073234 -3.87190198 0.25173988
v 0.86790049 -3.94509911 0.05709472
v -0.9158408 -3.65949416 -0.1700709
v 0.69310188 -3.77865195 -0.69662368
v -0.90419328 -3.62536954 -0.23208479
v 0.69276225 -3.78830575 -0.69467604
v -0.90959537 -3.64546012 -0.2205916
v -0.90696561 -3.65628218 -0.20392404
v -0.40345728 -4.27387428 -0.898642
v 0.67398309 -4.14881658 -0.86412614
v -0.22170926 -3.30769562 -0.75469785
v -0.26119539 -3.90534567 0.16173262
v 1.04771399 -4.27414989 -0.24420067
v -0.04015014 -4.19179678 -0.8487581
v -1.05292797 -4.22509336 -0.36816889
v -0.51660907 -3.94764161 0.0827228
v -0.63738721 -3.39818716 -0.65747267
v -0.53947037 -3.85205626 0.14073535
v -0.11659808 -3.50312757 -0.85773116
v 0.8126744 -3.77073645 -0.06047635
v 0.00683296 -3.52847719 -0.84963065
v 0.8124029 -3.80447912 -0.02583611
v 0.04273812 -3.52867674 -0.86500692
v -0.16543105 -3.82036614 0.15958111
v -0.01729538 -3.83028483 0.25571674
v -0.34347495 -3.72281622 -0.82781386
v -0.44057709 -3.71704745 -0.81766998
v 0.31111601 -3.88267207 0.14446762
v 0.00593305 -3.93050885 0.24235656
v -0.15201529 -3.56632733 -0.91534906
v -0.81954795 -3.6453669 -0.45549023
v -0.61690747 -3.29576396 -0.33814522
v -0.80537092 -3.67397999 -0.51389634
v -0.6330024 -3.30402994 -0.36270338
v -0.80504262 -3.6520996 -0.48340851
v 0.03788524 -3.77046537 0.25706255
v -0.14505465 -3.92733764 0.21232596
v -0.39334625 -3.25842928 -0.63658106
v 0.71227526 -3.3657341 -0.33814334
v 0.72600853 -3.37010526 -0.33551412
v 0.20014345 -3.80217933 0.18688935
v 0.79691654 -3.67153978 -0.00487485
v 0.16620592 -3.85362148 0.13846558
v 0.79481273 -3.65749359 -0.00407117
v 0.1977698 -3.79750967 0.13599114
v -0.46287584 -4.42299652 0.12673887
v -0.48202088 -4.16812324 -0.83503443
v -0.49732914 -4.42523145 0.12058983
v 0.03626377 -3.93545913 0.19986946
v -0.4476183 -4.41726017 0.12178251
v 0.07988707 -3.99836564 0.09693623
v 0.5653674 -3.87613058 -0.82848089
v -0.5509572 -3.32851743 -0.43602633
v -0.09625512 -3.8365724 0.19314299
v -0.57891458 -3.32549405 -0.39002224
v -0.23356077 -3.90097045 -0.81822353
v -0.88542151 -4.03597736 0.15262785
v -0.24564527 -3.72096371 -0.84146225
v 0.53127634 -3.76721406 -0.90242999
v 0.87496864 -3.68965649 -0.34033855
v 0.58963292 -3.83987307 -0.90267008
v 0.28993067 -4.15579605 -0.88131797
v -1.07271564 -4.21129608 -0.47571933
v -0.4950875 -3.45576977 -0.78849881
v -1.06946468 -4.20772743 -0.49571538
v -0.48420023 -3.43820691 -0.83207029
v -1.05367434 -4.22127723 -0.50875216
v -0.47639042 -3.45988369 -0.79347533
v 0.35782155 -3.37910103 -0.81982582
v -0.48277005 -3.45227217 -0.79954665
v 0.80807423 -3.57935309 -0.01687766
v 0.75955259 -4.04809999 -0.00549684
v 0.82187181 -3.56106877 -0.05083455
v 0.46140673 -3.24110817 -0.47753542
v 0.46287816 -3.226933 -0.48767125
v 0.06066855 -4.04857206 0.21868714
v -0.10479103 -3.54996967 -0.85248208
v -0.5319792 -3.33423042 -0.5863226
v -0.13573721 -3.54728865 -0.84612661
v -0.78689307 -3.55076956 -0.59137725
v -0.11543817 -3.54807901 -0.84612256
v -0.05110301 -3.57267713 -0.86811703
v 0.43332171 -3.69511389 -0.82171559
v 0.28975954 -3.78101372 0.18315796
v -0.77898502 -3.74147772 -0.60235476
v -0.87831634 -3.811522 -0.28134831
v 0.06054312 -3.56052112 -0.85059738
v 0.03721246 -3.81898045 0.17644514
v 0.71444833 -3.43406009 -0.29253035
v 0.00795049 -3.85114669 0.16773878
v -0.65130841 -3.91727447 -0.7348873
v -0.67533898 -3.88486599 -0.70426273
v 0.73737102 -3.47487139 -0.30883857
v -0.08916504 -3.87119078 0.13692596
v -0.37629193 -3.92971277 0.12223763
v -0.09199345 -3.89422798 0.13691467
v -0.41250258 -3.91237211 0.11926525
v 1.07231581 -4.20300436 -0.34627181
v -0.43026804 -3.91398191 0.12003573
v 0.67060339 -3.79166579 0.05973223
v 0.74315208 -4.00305366 -0.80911326
v 0.67017078 -3.73492741 0.04990208
v -0.26659658 -4.10708093 -0.84532862
v -0.38106355 -4.16889953 -0.87202715
v 0.85763669 -3.53590893 -0.24467892
v -0.52729457 -3.78826856 0.13062021
v 0.83858948 -3.7179315 -0.05807991
v 0.82411819 -3.70986986 -0.09215347
v -0.53782564 -3.78816175 0.13014727
v 0.56382507 -3.40097498 -0.48811358
v -0.76643347 -4.12546634 -0.80405479
v 0.17013976 -3.53792858 -0.8436129
v 0.60256564 -3.95767641 0.16262465
v 0.17943905 -3.52853441 -0.8435657
v 0.41736757 -3.21409583 -0.55404728
v 0.92992788 -4.2555294 -0.50397598
v -0.59421402 -4.12072992 0.12783463
v 0.50448238 -3.80081415 0.13485905
v 0.50513333 -3.73995924 0.13433361
v -0.4663178 -3.57124018 -0.77302694
v -0.50191479 -3.56114316 -0.75390017
v -0.62765497 -3.9776535 -0.81309664
v -1.00731051 -4.1161971 -0.23976913
v 0.89315342 -4.23909139 -0.52424311
v -0.9071995 -4.24738121 0.0464283
v -0.86195415 -3.55837106 -0.20492838
v 0.87077313 -4.23118639 -0.58757889
v -0.83105707 -3.57312226 -0.20419865
v -0.98087203 -3.86675596 -0.4504157
v -0.82033824 -3.56001925 -0.2387807
v -0.13618835 -3.50387644 -0.81925618
v 0.85625779 -3.63427805 -0.23759637
v -0.73548066 -3.53454828 -0.58573228
v -0.82377916 -3.67693376 -0.05721035
v -0.70774346 -3.53482317 -0.63398104
v 0.23312707 -3.58493351 -0.93027031
v -0.70214653 -3.54504394 -0.65267449
v 0.03457698 -3.94530773 0.23321291
v -0.9460954 -4.21181201 -0.64623266
v -0.13589903 -4.14723348 -0.89994585
v 0.66937232 -3.80671095 0.06348085
v 0.51737314 -3.24976754 -0.47442871
v -0.83962988 -3.62509632 -0.0165876
v -0.08195123 -3.77054619 0.25302833
v -0.84134095 -3.60895466 -0.05268283
v 0.08959601 -3.79122662 0.24511531
v -1.03675162 -4.2098093 -0.30222758
v 0.07232089 -3.81347942 0.24879875
v -1.04528641 -4.20915079 -0.31762442
v -0.50665932 -3.69358015 0.13633196
v -0.12378895 -3.80091738 0.25118875
v -0.49483048 -3.69818735 0.12219763
v 0.6340276 -3.31621575 -0.30340021
v -0.46224528 -3.71495294 0.13263604
v 0.64885628 -3.32278251 -0.30258747
v 0.31215933 -3.55332946 -0.87409925
v 0.7218582 -4.14541006 -0.89025628
v 0.71895396 -3.86862945 0.03313633
v -0.00753348 -3.95057749 0.22604937
v -0.13156431 -3.77228689 0.11737456
v -0.45955312 -3.78210997 0.17014372
v -0.16685704 -3.77148604 0.12702837
v -0.46761173 -3.79765749 0.13294926
v -0.16432683 -3.78521633 0.12882937
v -0.44688338 -3.79000997 0.14775677
v -0.1812302 -3.80245256 0.13071568
v -0.48060944 -3.77848506 0.13314096
v 0.74735581 -3.98975324 -0.79102373
v -0.40847879 -3.25722718 -0.64924681
v 0.75763917 -3.99319744 -0.78987389
v -0.38442587 -3.26163029 -0.67523312
v -0.1267261 -3.90506434 -0.83044707
v -0.30187064 -3.91482234 -0.94780051
v 0.27827844 -4.05652666 -0.90965163
v 0.26904475 -4.13327455 -0.92196005
v 0.640073 -3.69064068 -0.7968046
v -0.24134567 -3.26445293 -0.69192719
v 0.60964405 -3.71365547 -0.83544361
v -0.7981075 -3.66675663 -0.02680523
v -0.66359579 -3.32557249 -0.2721247
v -0.29117864 -3.77286481 -0.86900538
v -0.72494363 -3.5091896 0.00779846
v 0.27797824 -3.27852463 -0.59993648
v -0.74482351 -3.50556469 -0.01016738
v 0.11343725 -3.68229126 -0.87649375
v 0.87327849 -3.72461652 -0.10831973
v -0.39192637 -4.15104341 -0.90584158
v -0.52700716 -4.27661037 0.11333689
v 0.26665946 -3.72368693 -0.97619938
v -0.4139381 -4.25996685 0.11788816
v -0.02861867 -3.93948483 0.1988914
v -0.29932054 -4.26173543 0.12831072
v 0.1336123 -3.92946982 0.21011987
v 0.4906063 -3.92447996 0.1731515
v 0.09594497 -3.76629495 0.2457212
v 0.4757595 -3.92464494 0.16773802
v 0.09179331 -3.77561283 0.24303209
v 0.43835383 -3.89686536 0.16509775
v 0.30674251 -4.24571275 -0.87737274
v 0.756289 -3.66614103 -0.0254346
v -0.78719675 -3.60188913 -0.30238473
v -0.06812138 -3.64793705 -0.87628895
v -0.37421822 -3.4695034 -0.8641299
v -0.08429932 -3.64582848 -0.89022064
v 0.66907072 -3.99311471 -0.73406422
v -0.07025902 -3.65629386 -0.87895906
v -0.4691219 -3.2703104 -0.46051573
v 0.3979853 -4.43229961 0.22887861
v 0.30988031 -3.71743774 0.11693397
v 0.11630183 -3.91295957 0.15785345
v -0.88178879 -3.7626245 -0.01268881
v 0.11684364 -3.91935706 0.15038877
v 0.58394217 -4.11502695 -0.86773645
v 0.59349495 -3.51048398 -0.61201643
v 0.36452364 -3.79283547 0.17571224
v -0.83076101 -4.09381818 0.04096285
v 0.40223109 -3.80900168 0.13266836
v -0.20478016 -3.71075463 -0.8430292
v 0.55348783 -3.55684065 -0.80046886
v 0.9358313 -4.2437663 -0.04727998
v -0.53045153 -3.99062299 0.17281284
v -0.16545224 -4.05466413 0.1959806
v -0.47604981 -3.99151444 0.16683857
v -0.14859332 -4.05756092 0.19604805
v -0.56233936 -3.93123436 0.1757123
v -0.13111947 -4.05522918 0.20513273
v -0.62810504 -3.8813796 0.15879225
v -0.16844669 -4.05102634 0.20310644
v -0.55294257 -3.90200138 0.17065888
v 0.77904403 -3.80613708 -0.61565947
v 0.15669547 -3.83813643 0.17337748
v 0.76134848 -3.7707014 -0.611799
v -0.74408394 -3.46412849 -0.27248087
v -0.75344544 -3.47613525 -0.25412669
v -0.74836534 -3.42054772 -0.20349633
v -0.80626595 -3.60501074 -0.37954896
v -0.75440716 -3.71991872 -0.00706371
v 0.60005915 -3.97487163 0.16299253
v -0.75469219 -3.70335555 -0.00408875
v -0.99532157 -4.2115736 -0.60251426
v -0.76157307 -3.70496511 -0.02201688
v -0.45518487 -3.45444774 -0.86026066
v 0.68662792 -3.74477338 0.13622295
v -0.80203843 -4.38708066 0.11223994
v 0.71770268 -3.74746632 0.12921264
v 0.36809846 -3.78443169 -0.9326061
v -0.85397708 -4.38904714 0.09641449
v -0.90078228 -3.95035433 0.12808761
v -0.09257169 -3.55714607 -0.89201307
v -0.87002813 -3.98368477 0.15919879
v -0.10435305 -3.54668545 -0.86206674
v -0.10239107 -3.54447388 -0.87532728
v -0.77191162 -3.87684726 0.12441885
v -0.09220029 -3.54975986 -0.88589358
v -0.27412784 -3.78975296 0.16157615
v 0.24812109 -3.32708096 -0.76963007
v 0.71844184 -3.44215297 -0.15433962
v -0.70898121 -3.51465892 0.01725154
v 0.76828467 -3.58091545 -0.19642326
v -0.79281979 -3.77815818 -0.57625669
v 0.30734384 -3.2382524 -0.57602953
v 0.3828623 -3.88019681 -0.9369207
v 0.70944088 -3.53775882 0.00411551
v 0.4040941 -3.83519434 -0.93125486
v -0.07407988 -3.41362571 -0.74733209
v 0.39938268 -3.7880795 0.1986927
v -0.06801051 -3.82758402 -0.93830972
v 0.72870665 -3.46353006 -0.2953068
v -0.67697167 -4.32353591 0.10777713
v 0.01634213 -3.78104376 -0.93190991
v 0.86096465 -3.88585043 -0.40636384
v 0.06983762 -3.52289438 -0.85754913
v -0.21807825 -4.30440139 -0.8472917
v 0.44826254 -3.89837193 0.13222339
v -0.34834957 -3.78503751 0.13209974
v -0.27817517 -3.80597686 0.14481034
v 0.81009119 -3.77752018 -0.47680646
v -0.3194482 -3.81762218 0.13622084
v 0.79549682 -3.77894544 -0.50607949
v -0.29704275 -3.81921553 0.13710901
v -0.29495984 -3.80517673 0.14338198
v 0.77145373 -3.76827096 -0.55534267
v 0.7753492 -4.20934295 -0.83004111
v -0.04647217 -3.92156362 0.16468106
v -0.72509992 -4.14661312 0.08019654
v -0.86194527 -4.19755935 0.04846197
v -0.40691319 -3.78785824 0.17193116
v -0.90754097 -4.2392559 -0.66631281
v -0.79180872 -4.10546684 0.02160373
v 0.26951506 -4.26860094 -0.87332308
v 0.59427017 -3.74485397 0.16198699
v 0.19988912 -3.50801634 -0.86448705
v -0.39979788 -3.65227603 -0.89151573
v -0.32929459 -3.64586496 -0.90442889
v 0.17067322 -3.50657033 -0.87212729
v -0.80144685 -3.79895186 -0.65121918
v 0.52103674 -3.90404391 0.19514013
v 0.25381898 -3.73132824 0.11822642
v 0.36104351 -4.40648126 0.19305519
v -0.79195392 -3.65007686 -0.4616748
v 0.80179619 -3.47748851 -0.15010774
v 0.52080631 -3.9115777 0.15691801
v -0.55745732 -3.68518328 -0.76812082
v -0.13124054 -3.55057358 -0.93919497
v 0.15382182 -3.78675174 0.20814624
v -0.98884373 -4.22169971 -0.60267031
v 0.17672233 -3.79847955 0.21420642
v -0.99232697 -4.22126579 -0.59437584
v 0.1662826 -3.79630994 0.21263855
v -0.67960834 -3.44575619 -0.08211138
v -0.05078001 -3.81795144 0.09488395
v -0.39176639 -3.91741585 0.18145813
v -0.03465437 -3.82016682 0.24830663
v 1.04058992 -3.91381764 -0.28885096
v -0.79074192 -3.96832609 0.18490776
v -0.70015579 -3.97784304 -0.77576726
v -0.39467018 -3.2045958 -0.50405252
v -0.668136 -3.98905444 -0.79975813
v -0.40897971 -3.21031522 -0.5071811
v -0.25630635 -3.78810262 -0.8719666
v -0.39339104 -3.21637344 -0.51780051
v 0.38493192 -3.53450393 -0.8212614
v 0.82498896 -3.69867992 -0.38197049
v -0.41965284 -3.6381061 -0.81126314
v 0.82082396 -3.67625999 -0.34932333
v -0.9035303 -3.9204564 -0.35892981
v -0.82128608 -3.48639059 -0.41867607
v -0.23770095 -3.76280283 -0.83981341
v 0.41739064 -3.68267726 0.11180701
v 0.68220186 -3.72871613 0.01080381
v 0.00670884 -4.30176258 -0.81845825
v 0.69565951 -3.67933893 -0.00930313
v -0.67163366 -3.78894066 0.04787997
v -0.84604394 -3.89626598 -0.6791715
v -0.41799995 -3.89800143 0.15123766
v 0.64243143 -4.22375345 -0.91128957
v 0.54553347 -3.64448213 0.10508929
v -0.02004774 -3.93526411 0.18025842
v 0.92998194 -3.84731006 -0.42478361
v -0.06666348 -3.81092238 0.1792985
v -0.69080293 -3.82452821 0.08580762
v -0.75947582 -3.40829706 -0.37042731
v -0.85966533 -3.88952469 -0.26714834
v -0.82954663 -3.9037497 -0.70438385
v -0.86247408 -3.89450883 -0.30014643
v -0.82317996 -3.89852047 -0.69681507
v -0.90570938 -3.96385645 -0.29322451
v -0.83630579 -3.89645719 -0.68264412
v 0.64990693 -3.65097093 0.1010112
v -0.02265454 -4.43257999 0.18209639
v 0.61023104 -3.62279486 0.11381771
v 0.70484656 -4.42657661 0.14069142
v 0.59913027 -3.64688134 0.11180658
v 0.61631536 -3.66942501 0.11461594
v 0.40552964 -3.46030235 -0.8548426
v 0.5896399 -3.66744899 0.11278231
v 0.441006 -3.51960611 -0.86455446
v 0.95497506 -3.84297037 -0.43983584
v 0.19293259 -3.56633114 -0.88572186
v 0.82541358 -3.81501579 -0.61690986
v 0.49571991 -4.41646719 0.13976663
v 0.86954641 -3.79704141 -0.53857922
v 0.49521428 -4.41656923 0.14705583
v 0.90222185 -3.59116363 -0.31566935
v -0.02398947 -4.41312599 0.20016937
v -0.02348643 -4.43871259 0.18981945
v 0.87030136 -3.59268212 -0.40394291
v 0.66493535 -3.89405345 0.14431332
v 0.75602591 -3.78099298 -0.59034788
v -0.61692917 -3.73333931 0.11318802
v -0.67902958 -3.71216702 0.08706742
v 0.50178313 -3.55667209 -0.84783071
v 0.32141211 -3.55450534 -0.9152556
v -0.77450609 -3.65862131 0.06992179
v -0.74059343 -3.78916287 0.15462341
v 0.32400363 -3.54225921 -0.92939329
v -0.7651146 -3.75694227 0.13005939
v 0.32743758 -3.5483632 -0.9280858
v -0.76197993 -3.77680826 0.14257161
v 0.39708727 -3.53589582 -0.84430873
v 0.80527669 -3.9596436 0.02357153
v -0.78791379 -3.7483704 -0.01407855
v -0.79028087 -3.62060403 -0.31519001
v 0.74442577 -3.87904954 -0.643978
v 0.52690678 -3.25965952 -0.43152624
v 0.72281301 -3.77631378 0.03130958
v 0.81987518 -3.610785 -0.38261273
v 0.71381497 -3.7753582 0.03409531
v -0.33793687 -3.60294318 -0.80722039
v -0.65299511 -3.6964035 0.06197667
v 0.03879346 -4.46093559 0.19341592
v -0.87075793 -4.14322996 -0.70526796
v 0.00884857 -4.44611835 0.19425575
v -0.82009613 -3.92018461 -0.56831061
v 0.04441639 -4.44902324 0.20183353
v -0.11487294 -3.40675854 -0.7387287
v -0.81170535 -3.61509871 -0.37785655
v 0.89186883 -3.88545274 -0.52503848
v -0.94776916 -4.22605371 -0.63332915
v 0.87486767 -3.89525985 -0.54492759
v 0.52543634 -3.2932868 -0.64131176
v 0.50218099 -3.80159068 -0.84768354
v -0.08751972 -3.80706429 0.23661482
v 0.02290667 -4.44834995 0.18480292
v -0.09526068 -3.79441833 0.21377092
v 0.01671533 -4.43211555 0.18070733
v -0.3176094 -3.45137929 -0.88624548
v 0.06379721 -4.45957422 0.18529377
v 0.64993768 -3.61637711 0.10417012
v -0.68934816 -3.72389483 0.04789032
v 0.66378903 -3.57148432 0.09491187
v -0.67838019 -3.5401225 0.02369439
v 0.66305965 -3.5898664 0.09925929
v 0.46005627 -3.85996246 0.08566385
v -0.33935698 -3.78310203 -0.86296582
v -0.66517984 -3.85458302 0.08623237
v -0.12955388 -3.26258277 -0.61910784
v -0.48213008 -4.04991865 -0.83000546
v -0.72700792 -3.45847749 -0.11432061
v -0.03570538 -4.03804111 -0.88865006
v 1.01410222 -4.15395259 -0.25913766
v -0.81549584 -3.89219832 0.1535803
v -0.93770873 -4.25039339 0.02625021
v -0.74552977 -3.79787254 0.1393641
v 0.57334864 -3.95566797 0.16701513
v 0.48738116 -3.80390453 0.14327657
v -0.83915615 -3.50540304 -0.3473699
v 0.05446337 -3.92545867 0.14844243
v -0.83970832 -3.50630617 -0.36458104
v 0.06802669 -3.53239679 -0.84804868
v 0.64264315 -3.33556342 -0.43017813
v 0.80594742 -3.64659714 -0.10230304
v 0.21413038 -3.4939723 -0.86507403
v -0.17308348 -4.30523586 -0.82781171
v 0.29538422 -3.76940751 0.12344119
v -0.38798743 -4.2770605 -0.91405689
v 1.03424608 -3.88111519 -0.30937916
v 0.15142303 -3.580724 -0.82558387
v -0.62714463 -3.37723732 -0.33018037
v -0.22756406 -3.27206635 -0.69182068
v -0.28458035 -3.52075147 -0.84833663
v 0.94118917 -4.30385398 -0.04498455
v 0.76681309 -3.47395944 -0.54826754
v 0.68094265 -4.22808647 -0.87511563
v 0.76550924 -3.47749376 -0.52935308
v 0.65848058 -4.22719574 -0.8873111
v 0.77687466 -3.48334598 -0.51630789
v 0.64360833 -4.23170471 -0.89933556
v 0.78777515 -3.48426175 -0.51264172
v 0.61089611 -4.22039794 -0.90023952
v 0.7835915 -3.48249793 -0.52512633
v -0.79244524 -3.63454008 -0.14802768
v 0.77691096 -3.47742033 -0.52767694
v 0.80684262 -3.56989693 -0.52163261
v 0.65074908 -3.63484358 0.1004881
v 0.78801369 -3.54494047 -0.55531084
v 0.55132675 -3.280411 -0.55606788
v 0.87020677 -3.67261958 -0.17419888
v 0.72921717 -3.53672742 -0.64185261
v -0.41428503 -4.18979835 -0.91750556
v 0.77386015 -3.56292605 -0.32131016
v -0.37692579 -4.20935583 -0.93359345
v 0.77189576 -3.55305838 -0.34093207
v 0.89450168 -4.33672523 0.03248686
v 0.34376654 -3.35124683 -0.63914245
v 0.58406764 -3.76837563 0.09113206
v 0.94309014 -4.31751442 -0.07209883
v 0.52924317 -4.17780542 -0.90637517
v -1.07266306 -4.21120739 -0.4436303
v 0.52325969 -4.19541072 -0.90231549
v -1.06445479 -4.22550439 -0.4606834
v -0.48645752 -3.80670166 -0.85267829
v -1.06162118 -4.22497654 -0.4446837
v -0.48758596 -3.81753635 -0.84446454
v -0.45858135 -3.81949615 -0.84170848
v -1.05650162 -4.2305994 -0.41246241
v 0.64139896 -4.17114067 -0.92188918
v 0.65744406 -3.71381378 0.10411131
v -0.67004537 -3.83200264 -0.82188093
v 0.65406817 -3.71654105 0.11482515
v 0.85680657 -3.56604719 -0.18324923
v 0.6154735 -3.73298049 0.11544072
v 0.69342494 -4.24395656 -0.88150203
v 0.71314227 -4.1088705 0.04352029
v 0.85268896 -3.65482044 -0.14375676
v 0.39651417 -3.76841688 0.11690723
v 0.76497465 -4.17970609 -0.75173974
v 0.78848481 -3.7934618 -0.59060841
v -0.69183504 -3.71393322 0.07091044
v -0.90709739 -3.68257498 -0.14557649
v -0.09676229 -3.86367964 0.17748089
v -0.14691013 -3.53990507 -0.8463577
v 0.19646388 -3.79140543 0.22275112
v -0.69785583 -3.38688612 -0.26170882
v 0.84294855 -3.60043001 -0.1137198
v 0.65288871 -4.14617919 -0.91810333
v -0.72884488 -3.43049573 -0.27357626
v -0.50532138 -4.21346473 -0.85166287
v 0.76241064 -4.12713861 -0.82040953
v -0.49118626 -4.22190332 -0.85359048
v -0.04959514 -3.57533359 -0.85681599
v -0.49044108 -4.22112703 -0.86298328
v -0.05884338 -3.57080578 -0.85476481
v -0.47472718 -4.22701835 -0.85421705
v -0.8188132 -3.70241069 -0.06163056
v -0.86914229 -4.24344921 -0.69655764
v -0.79957807 -3.70118618 -0.06516417
v 0.00331888 -3.94551873 0.19105429
v -0.80794018 -3.70188713 -0.06640389
v -0.77104246 -3.4386084 -0.17023824
v 0.77245128 -3.48856949 -0.31235027
v -0.7154507 -3.81713366 0.12872034
v -0.70677554 -3.80594873 0.11900303
v 0.58334714 -3.61757183 0.1006662
v 0.87759971 -3.70835971 -0.09817029
v 0.60082113 -3.60462856 0.10286258
v 0.87532657 -3.72072696 -0.06405524
v 0.6652171 -3.97484111 0.14538453
v -0.42587265 -3.8753066 -0.9129917
v 0.85591703 -3.88445425 -0.57461124
v 0.82926684 -3.63698005 -0.07259209
v 0.74226117 -4.00753212 -0.8218913
v 0.82240223 -3.65851879 -0.04848842
v 0.07036761 -4.46221733 0.20075859
v 0.828462 -3.64605665 -0.05109019
v 0.07127548 -4.44586181 0.20605261
v 0.38096326 -4.4760313 0.21803611
v 0.39551383 -4.47374105 0.21076884
v 0.11721279 -4.46263694 0.20616987
v -0.53760105 -3.81849074 0.12603221
v 0.10722085 -3.55134916 -0.94719928
v 0.49653491 -4.34584188 0.1346431
v 0.20571315 -3.55012965 -0.94401252
v 0.10030568 -4.12777757 0.12392041
v 0.15532387 -3.5515201 -0.9463731
v 0.11934852 -4.06210517 0.10578198
v 0.15516725 -3.56159377 -0.94022053
v 0.49628388 -3.66831207 0.11090423
v 0.6844961 -3.81947159 0.11230853
v 0.68191522 -3.99155426 -0.87104022
v 0.64195299 -3.82959604 0.11278399
v 0.78833222 -3.74577856 -0.00208425
v 0.74986696 -4.38823843 0.14325813
v 0.76821923 -3.75169754 -0.00569915
v -0.49456203 -3.29991388 -0.66080749
v 0.76770323 -3.74449253 -0.01244667
v 0.77691501 -3.74913454 -0.00529015
v -0.50179851 -3.26959753 -0.59607708
v 0.42789664 -3.29805469 -0.72554689
v 0.02930755 -4.29740095 -0.8239752
v 0.35516965 -3.48717021 -0.83375799
v -0.48739194 -3.44770002 -0.74800938
v 0.32018059 -3.49768042 -0.81817156
v 0.78908854 -3.59860992 -0.31896841
v 0.67824989 -3.97616219 0.1572446
v -0.71072244 -3.35166525 -0.3681271
v 0.76831102 -3.68982172 -0.03248339
v 0.50879877 -3.92952394 0.1485334
v 0.79806256 -3.67270422 -0.04973743
v -0.04985171 -3.53893852 -0.86725133
v 0.79544031 -3.67995047 -0.06930612
v 0.51342624 -3.66171884 0.11207373
v -0.20884586 -3.52995896 -0.78507053
v 0.544739 -3.64939165 0.08914352
v 0.511541 -3.6536827 0.10272161
v -0.9879871 -4.15560674 -0.56863689
v 0.74641138 -3.94287157 0.01491724
v 0.75348085 -3.86375689 0.00383678
v 0.68233072 -3.46318578 -0.68550372
v 0.76885879 -3.90284848 -0.00202475
v 0.6768552 -3.45416092 -0.68820691
v 0.7600429 -3.9172101 0.00686026
v 0.68571871 -3.45560574 -0.67117041
v -0.16557015 -3.26218938 -0.61492794
v 0.84098744 -3.62125563 -0.15029025
v 0.8509106 -3.60130119 -0.15690198
v 0.85030531 -3.61310482 -0.14932319
v -0.22865571 -3.52231097 -0.83431011
v 0.57118099 -3.75354981 0.15877762
v 0.52365881 -4.03340339 0.19147667
v 0.47195079 -3.36809706 -0.56949877
v 0.52197063 -4.03363847 0.18569013
v -0.00663042 -3.32424497 -0.62205368
v -0.80929827 -3.67616796 -0.05479655
v 0.71243047 -3.47396946 -0.5990442
v -0.94657546 -3.99422216 0.09622306
v 0.87105608 -4.367877 0.04576257
v 0.90213471 -3.94309425 -0.24815145
v -0.5708 -3.75544357 0.12401966
v 0.91813772 -4.01516389 -0.21290977
v -0.56809955 -3.75153565 0.13367557
v 0.46124962 -4.39898443 0.15226316
v -0.56510764 -3.74830079 0.15984597
v -0.54288542 -3.80894136 0.11476426
v 0.84619146 -3.69855928 -0.14680646
v 0.74322038 -3.45060253 -0.3187837
v -0.69893133 -3.69550895 0.07412836
v -0.16927947 -4.24642801 0.18340493
v -0.73983591 -3.49502611 -0.13469328
v 0.64860111 -3.82917857 0.17020539
v -0.76861739 -3.5587368 -0.60883957
v 0.66634845 -3.81892728 0.16725279
v 0.77637821 -3.5929234 -0.41832697
v 0.68887388 -3.797719 0.1576091
v 0.68794339 -3.50810599 -0.1637004
v 0.04461288 -3.57934141 -0.86050844
v 0.67455422 -3.46086621 -0.11543409
v -0.43217188 -3.53635835 -0.84365534
v 0.67520314 -3.47507333 -0.09919382
v 0.00161165 -3.90539312 0.09766796
v 0.67601156 -3.45900464 -0.10035574
v -0.23166813 -3.53411793 -0.92952829
v 0.68203014 -3.43036532 -0.11994767
v -0.88995695 -3.7503705 -0.12490729
v 0.67623305 -3.44445514 -0.11769804
v -0.72836351 -3.47480058 -0.18934342
v 0.82012826 -3.62286734 -0.34010306
v -0.32432404 -4.08061504 0.1356167
v 0.84428876 -3.61435556 -0.32901883
v 0.88001972 -3.62450218 -0.30495971
v 0.30236256 -3.88551831 0.22395253
v 0.69508349 -3.4035325 -0.16244551
v 0.85726666 -3.61572837 -0.31675395
v -0.55148208 -3.72917771 0.02085618
v -0.08892991 -3.94076299 0.24428086
v 0.81311088 -3.6569004 -0.11454669
v -0.17964446 -3.84930229 0.14446252
v 0.80915141 -3.64744615 -0.1117796
v -0.31065458 -3.81614732 0.14115199
v -0.84679263 -4.02259969 0.17031279
v -0.4876464 -3.22463583 -0.45144337
v -0.15163582 -3.82113266 0.09242093
v 0.32448253 -3.91680812 -0.94419324
v 0.33888384 -3.91269993 -0.94087702
v 0.93260473 -3.67883014 -0.12223816
v 0.8063783 -4.40026378 0.09497281
v 0.54762083 -3.47099685 -0.78900104
v 0.83079087 -4.400146 0.08574838
v -0.27655383 -3.81711459 0.13833062
v 0.61092811 -3.54951286 -0.63362526
v -0.60737848 -3.85000968 0.10567376
v -0.96413904 -4.20916032 -0.10387366
v 0.49355661 -3.70093727 0.07874987
v 0.41760247 -3.75676727 0.16597628
v -0.43639463 -3.81895351 0.1301883
v 0.72543281 -4.00553798 -0.83236622
v -0.45092874 -3.83278274 0.13265967
v 0.9987449 -3.89443492 -0.35965791
v -0.58440542 -3.30784606 -0.36965054
v 0.99919319 -3.90950942 -0.38867151
v 0.21054266 -4.50257444 0.19961458
v -0.54176664 -3.84615755 -0.85641759
v 0.24025318 -4.4999628 0.20640878
v -0.45825517 -4.4017682 0.11700689
v -0.5685817 -3.84537673 -0.84830439
v 0.82138717 -3.61666774 -0.28616929
v -0.62678939 -3.87020015 -0.83709067
v -0.6170094 -3.70973849 0.08200781
v -0.60394775 -3.86857795 -0.85203021
v -0.53338891 -3.3495543 -0.47934797
v -0.36608928 -3.76413273 -0.91934371
v 0.49976155 -3.68224239 0.11497626
v 0.73368167 -4.17457056 -0.89005684
v 0.55213528 -3.30718946 -0.53879976
v -0.99486291 -4.30159139 0.00584967
v 0.85373759 -3.61825943 -0.27752262
v -0.68452155 -3.64573931 -0.02214705
v -0.99286377 -3.86965107 -0.27642852
v -0.76398468 -3.51604509 -0.49696025
v -0.76734113 -3.49049186 -0.49085122
v -0.99021381 -3.8696506 -0.25011217
v -0.9868769 -3.8839817 -0.2371374
v 0.54736524 -3.43708491 -0.7712655
v -0.87001228 -3.55006003 -0.23027446
v 0.72946262 -3.4856565 -0.5212621
v -0.8622697 -3.53795933 -0.24351365
v 0.76796937 -3.47274065 -0.53875327
v -0.93986457 -3.97396254 -0.3531588
v 0.75644326 -3.47118187 -0.5487141
v -0.27189976 -3.7685287 0.12240389
v -0.77794885 -3.74302125 -0.58490258
v -0.29132461 -3.76928138 0.12087991
v 0.05904816 -3.57390689 -0.89907711
v -0.27553975 -3.75509309 0.11580628
v -0.13680949 -3.82951784 0.20872643
v -0.12346244 -3.8371067 0.20390707
v -0.17781932 -4.23966836 -0.90419369
v -0.66042596 -3.58775878 0.08830779
v 0.5992673 -3.78662276 -0.79899382
v -0.1892142 -3.52793288 -0.83759588
v 0.21905548 -3.66683673 -0.88030701
v -0.19177216 -3.51963257 -0.8630138
v 0.32178685 -3.69528389 -0.87483722
v -0.67661166 -3.47422552 -0.23145882
v 0.25138351 -3.68990254 -0.88014376
v -0.57315033 -3.57177424 -0.7148177
v 0.48560279 -4.02342176 -0.82780975
v -0.61564928 -3.80735993 0.05535844
v 0.70034831 -3.81629085 0.10357043
v -0.0584282 -3.9249916 0.20138555
v 0.056901 -4.46367359 0.19522994
v 0.42300215 -3.45323491 -0.8735671
v -0.66587156 -3.4639635 -0.64602756
v 0.44892516 -3.44217491 -0.85476046
v -0.4822793 -3.32497835 -0.56727933
v 0.47176295 -3.44521188 -0.85075146
v 0.46071177 -3.44163417 -0.85207915
v -0.49674481 -3.33709335 -0.57330119
v 0.45172175 -3.44341874 -0.84168297
v 0.80707633 -3.89970827 -0.63000482
v 0.19019548 -3.27390289 -0.67921018
v 0.20555737 -3.27545952 -0.69708901
v 0.69205927 -3.5414083 0.04696702
v 0.81419229 -3.91686058 -0.65792387
v 0.68066191 -3.53267574 0.04110063
v 0.8160724 -3.921175 -0.64362275
v 0.69195652 -3.52808332 0.02461242
v 0.81078529 -3.92269206 -0.64634919
v -0.77859789 -3.5526278 -0.4013682
v -0.52551418 -3.81572723 0.13342459
v -0.1029948 -3.94429945 -0.87051338
v 0.66080272 -3.36882638 -0.21640321
v -0.74321878 -3.7338984 -0.08438542
v 0.67790192 -3.36945867 -0.21408745
v -0.77376866 -3.73103928 -0.15832188
v 0.7874518 -3.84270787 0.03374065
v -0.34860095 -4.03359842 -0.85208243
v 0.74120777 -4.09036397 0.02090694
v -0.28882953 -4.06673002 -0.87294828
v 0.19054311 -4.38574838 0.1791463
v 0.49947103 -3.83180141 -0.93069928
v 0.59959071 -3.4527564 -0.77243876
v 0.57906001 -3.87305712 -0.90996748
v -0.00414359 -3.64465189 -0.89816206
v -0.34791031 -3.75483226 0.10564225
v -0.60435414 -3.74103784 -0.74313288
v -0.63642847 -3.72681736 0.10449562
v 0.19163958 -4.29054117 -0.86728775
v -0.63801407 -3.44163155 -0.70262163
v 0.21180103 -4.29059648 -0.85589122
v 0.20889622 -4.29668521 -0.85852313
v -0.18879219 -3.37489366 -0.64344471
v 0.71904522 -3.6846826 -0.05559688
v -0.64828825 -3.31117987 -0.31051921
v 0.45608109 -3.87802505 0.13551454
v 0.82363677 -3.69923281 -0.44725891
v 0.66864281 -3.4495058 -0.26319274
v 0.81275957 -3.71246647 -0.44744324
v -0.19551809 -3.27795815 -0.70938062
v -0.7867605 -3.530905 -0.4269016
v -0.78768235 -3.53937172 -0.41978663
v -0.18340404 -3.28404521 -0.68987476
v 0.49114581 -3.84964513 -0.90999394
v -0.23937499 -3.55794453 -0.88270288
v -0.74658244 -3.72320628 0.03659924
v -0.24211785 -3.78408193 -0.87834936
v -0.57448589 -3.63475656 0.10277913
v -0.5239132 -3.83927297 0.19174192
v 0.81314116 -3.60389423 -0.24148947
v 0.83288455 -3.90771842 -0.61126142
v 0.81558775 -3.6063261 -0.21719044
v -1.00073385 -4.21389293 -0.21374961
v -0.83485794 -3.62362718 -0.263078
v 0.71409517 -3.57218909 0.02177199
v 0.58916908 -3.62147235 0.11081852
v 0.6986944 -3.57041358 0.05669599
v -0.8166058 -4.25828456 -0.79229426
v -1.00080323 -3.88132667 -0.30723264
v -0.83211875 -4.24403953 -0.77776372
v -0.88695502 -4.2114501 -0.70126807
v -0.60051202 -3.30245471 -0.45197016
v -0.02461882 -3.47336721 -0.87871235
v -0.36871463 -3.22596836 -0.49467411
v -0.38450208 -3.20901227 -0.49237084
v -0.1642722 -3.45318269 -0.87784367
v -0.67374122 -3.43323707 -0.10372956
v -0.15880864 -3.81496524 0.18114283
v 0.72942012 -3.57582879 -0.02396771
v 0.64736431 -3.55859637 -0.70446807
v -0.06045809 -3.79875326 0.2484816
v 0.58475482 -3.55795764 -0.7575131
v 0.47782626 -3.75054526 -0.86290752
v -0.54818224 -3.78889274 0.12433598
v 0.48322054 -3.74995636 -0.86880707
v 0.92135632 -3.65258717 -0.2021981
v 0.83483696 -3.56010866 -0.28965196
v 0.93414783 -3.65840435 -0.16933029
v -0.87063527 -3.6024158 -0.39270526
v 0.92915493 -3.65403389 -0.19049511
v 0.67309904 -4.19268369 -0.91972672
v -0.18217024 -3.52133774 -0.86370402
v 0.72651052 -3.45097637 -0.22987616
v -0.86524152 -3.58054614 -0.40503597
v -0.83301127 -3.61302733 -0.33243349
v 0.19949822 -3.4812498 -0.86024057
v -0.23701216 -3.4744203 -0.79331785
v 0.19969549 -3.47508955 -0.86473369
v -0.84219485 -3.5817368 -0.47684583
v 0.56753772 -4.12186288 0.12580157
v -0.36108911 -3.90365314 0.15923447
v 0.76261389 -3.51729917 -0.47107666
v 0.07115493 -3.84039759 0.16806417
v 0.77605164 -3.51774787 -0.43902742
v 0.77498745 -3.49877739 -0.43257406
v 0.68001365 -3.63122177 0.08688661
v -0.62180835 -3.81432318 0.15932774
v 0.09377539 -3.47434639 -0.9050216
v 0.63647985 -3.56889891 0.0715842
v 0.16917152 -3.47319793 -0.89550066
v 0.73207199 -3.5896058 -0.008588
v 0.13865333 -3.47689199 -0.90876221
v -0.74815756 -3.91942453 -0.62853848
v 0.09247018 -3.47640061 -0.89331686
v -0.19189271 -3.54060483 -0.84162509
v 0.74913078 -4.14533853 -0.76432824
v 0.08633015 -4.47213363 0.19360712
v 0.78676378 -3.5577569 -0.55686646
v 0.17770604 -3.27061748 -0.60505563
v 0.74736332 -3.56147313 -0.59152841
v 0.0941753 -3.27193498 -0.60967767
v -0.47228959 -3.7167437 0.06989644
v 0.20514974 -3.79259061 -0.8305189
v 0.0267049 -3.83507537 0.17146088
v 0.67236101 -4.3455801 0.15998603
v 0.0777017 -3.90338087 0.16614557
v -0.68924093 -3.44111299 -0.67140054
v 0.05549489 -3.92623662 0.17699149
v 0.41190087 -4.46225261 0.19624088
v 0.69896453 -3.97836756 0.03137506
v 0.41570884 -4.44596481 0.18833942
v 0.20605158 -3.24844884 -0.62568789
v -0.49354523 -3.4749403 -0.74206602
v -0.47558224 -3.48534107 -0.75662314
v -0.36599421 -4.27294206 -0.92851007
v 0.69313043 -3.38990306 -0.28892535
v 0.37128847 -3.55487561 -0.87697762
v -0.72267317 -3.44532799 -0.21957202
v -0.15943294 -3.92631983 0.14969384
v 0.35451954 -4.14188861 -0.87412267
v 0.35836148 -3.72924709 -0.92207562
v 0.45072692 -4.14059972 -0.86918395
v 0.725331 -4.13115739 -0.79912722
v 0.61386472 -3.44317388 -0.73439633
v -0.74075979 -3.84756898 -0.69147288
v 0.33633989 -3.6811645 -0.91076356
v -0.7516337 -3.94802975 -0.71883308
v -0.03458599 -3.82453155 0.25465807
v -0.17983403 -3.54991745 -0.85214734
v 0.79753321 -3.98386168 -0.06118669
v 0.13166542 -3.52638959 -0.86291968
v 1.01489138 -4.18816375 -0.43972903
v 0.9569779 -4.31261253 -0.09668506
v 0.81434667 -3.49509429 -0.13432738
v -0.59445685 -3.75452256 0.11501555
v -0.78798633 -3.76205921 0.04276301
v -0.23979394 -3.89502072 0.15615983
v -0.32062822 -3.51369285 -0.88994926
v -0.68851089 -3.44085288 -0.68153703
v -0.09126292 -3.51566839 -0.87924456
v -0.56129658 -3.44308614 -0.79876816
v -0.10251928 -3.51567816 -0.87521469
v 0.59647804 -3.41703891 -0.71455079
v -0.08010892 -3.51638126 -0.87482422
v -0.73208761 -3.55685091 -0.63732504
v 0.69272893 -3.80805397 0.14726327
v -0.76110386 -3.54706072 -0.63411963
v 0.69884097 -3.80804395 0.1347799
v -0.78782182 -3.56792306 -0.57148623
v 0.6974318 -3.79810285 0.14767703
v 0.77459448 -3.83243966 0.06866178
v 0.74011009 -3.69094133 -0.12051699
v -0.08848141 -3.8753786 -0.83216905
v 0.78931999 -4.00566101 0.02792779
v -0.3837859 -3.54996824 -0.86481362
v 0.81704878 -4.00144577 -0.009139
v -0.57476425 -3.32181406 -0.61740589
v 0.0688188 -3.5599246 -0.8546319
v -0.06011788 -3.85603094 0.09155672
v 0.0511401 -3.62099432 -0.87775921
v 0.03574648 -3.66147303 -0.87416881
v 0.55637866 -3.77426886 0.11531899
v -0.87259 -3.96581268 -0.08295889
v -0.00835076 -3.63264203 -0.87485021
v -0.86148077 -4.01725912 -0.04944051
v -0.59598016 -3.76909828 0.10405091
v 0.85025703 -3.72524786 0.03399866
v -0.56257426 -3.78015661 0.12456439
v 0.8291583 -3.76132249 0.04554847
v -0.21717576 -4.2954669 -0.88940471
v 0.79833781 -3.77280926 0.0382488
v -0.04766194 -3.96782016 0.09093365
v 0.78923678 -3.76426649 0.03257231
v 0.38234525 -3.25764417 -0.65105754
v 0.3662329 -3.27564716 -0.66098201
v 0.02132762 -4.07742643 0.15448817
v 0.44566196 -4.41450882 0.19859436
v 0.1149481 -3.64683294 -0.88564324
v 0.8027544 -3.76630401 -0.26182657
v 0.13013792 -3.66572666 -0.87826949
v 0.83120179 -3.58086586 -0.27882885
v 0.1141135 -3.6658225 -0.8771125
v -0.85426598 -3.59890317 -0.06481201
v 0.33742743 -3.86987829 -0.97497409
v -0.36842337 -3.20889496 -0.50579756
v -0.69981187 -3.38610172 -0.23830571
v -0.33316445 -3.21680855 -0.53614687
v -0.3500117 -3.21080374 -0.52293402
v -0.79141914 -3.93624734 0.0284727
v 0.51044768 -4.41412591 0.13334196
v -0.8077293 -3.94169354 0.01224486
v -0.11865967 -3.35311365 -0.7282027
v 0.43552058 -3.51022052 -0.8350476
v 0.46238094 -4.26811122 0.12575803
v 0.40981787 -3.4855926 -0.83590906
v 0.83186441 -3.96996426 0.09542307
v 0.38678416 -3.48310375 -0.83878803
v 0.40746498 -3.4951303 -0.83915871
v 1.00639331 -4.2868185 -0.17749147
v 1.00269651 -4.27589607 -0.18026419
v 0.67732071 -3.98754167 0.15140739
v 0.10643621 -3.79910278 0.22385799
v -1.0468589 -4.21069622 -0.50861299
v 0.76879078 -3.85085845 0.06093167
v -1.05025649 -4.22148513 -0.52402472
v -1.03939032 -4.22234821 -0.53949761
v 0.58282393 -3.93606829 -0.77955377
v -0.74986583 -3.45553016 -0.5811358
v 1.00987052 -4.26704788 -0.4196431
v 0.98561567 -4.26927852 -0.44429916
v -0.7627567 -3.45900845 -0.58587873
v -0.36628031 -3.49433445 -0.8264243
v -0.4404439 -3.48074412 -0.75547528
v -0.42063885 -3.53822422 -0.89848232
v 0.90070498 -3.89868521 -0.00357036
v -0.61749517 -3.93391108 -0.76044368
v 0.2723706 -3.64710283 -0.88523042
v 0.80152881 -3.95725965 0.09705908
v 0.25547754 -3.64877224 -0.8818854
v -0.55656415 -3.65498685 0.12393081
v 0.71019381 -3.43649768 -0.12603145
v -0.7537266 -3.79608774 0.05908
v -0.34919759 -3.54849696 -0.86793041
v 0.5721035 -3.30458521 -0.52468377
v -0.31596744 -3.56185936 -0.87551945
v 0.32352405 -4.23148965 -0.87592035
v -0.07108025 -3.77368497 0.25784841
v 1.00141966 -3.83972716 -0.16717925
v -0.85917913 -3.75306201 0.01442563
v -0.79943597 -3.65577507 -0.03108043
v -0.38015818 -3.86000204 0.16798853
v -0.80854558 -3.67129254 -0.03849363
v -0.17626291 -4.40972995 0.1642521
v 0.57720994 -3.47926592 -0.73408913
v -0.19372464 -4.39820051 0.1505761
v -0.09521144 -3.53830909 -0.87263941
v -0.42851495 -3.25693726 -0.63031786
v 0.8584643 -3.96057653 -0.22031669
v -0.44302284 -3.26056909 -0.63015902
v 0.85061347 -3.98531413 -0.1848849
v 0.67808508 -3.7264378 0.05948407
v 0.01945399 -3.47445535 -0.82044059
v -0.18059158 -3.90664291 0.21390825
v 0.59208315 -3.97076129 -0.84611463
v -0.1877311 -3.9154191 0.20890009
v 0.53315872 -3.86413455 -0.83986192
v -0.70931434 -3.4114151 -0.21132285
v 0.8166573 -3.90777897 -0.13228534
v -0.11735576 -3.9713664 -0.96923363
v 1.02633762 -4.26077079 -0.38641309
v -0.56107002 -4.21177387 -0.84600299
v 1.02944779 -4.27322006 -0.38701918
v -0.9492681 -3.79646349 -0.16746977
v 1.02535915 -4.26908969 -0.39882302
v -0.3803727 -3.25716686 -0.64554417
v -0.99561113 -3.8514657 -0.30613681
v -0.36370474 -3.25427961 -0.66522336
v -0.10003429 -3.50513362 -0.85765582
v -0.79270035 -4.21878385 -0.8204987
v -0.09867321 -3.51977133 -0.86514633
v 0.07371534 -3.93382692 0.21231129
v 0.55298322 -3.99115276 0.17085415
v 0.11704903 -3.29159736 -0.6960361
v -0.0300873 -3.9484303 0.19878789
v -0.84284776 -3.61557841 -0.03566211
v 1.03288054 -4.17120695 -0.30978795
v -0.11854522 -3.53213453 -0.8359192
v -0.80930817 -3.53699469 -0.30043631
v -0.67764163 -3.70667219 0.09776748
v -0.81303 -3.55799031 -0.31235119
v -0.48927903 -3.48580884 -0.75411081
v -0.80399787 -3.53803539 -0.30885762
v -0.37300357 -3.8827598 0.19742038
v -0.40170085 -3.7335453 0.08260306
v 0.80900722 -3.59778332 -0.25880748
v -0.82886743 -3.85651111 -0.36781325
v 0.78938835 -3.48164749 -0.13521748
v 0.19894617 -3.4580307 -0.89987623
v 0.78985142 -3.49324226 -0.12069192
v 0.80679023 -3.613379 -0.07805022
v 0.78800284 -3.50709414 -0.13260944
v -0.19345459 -3.53830027 -0.84096932
v 0.78999203 -3.55472254 -0.08279877
v -0.18787448 -3.53753614 -0.83844715
v 0.7866286 -3.5230031 -0.08580415
v -0.76970213 -3.84826183 0.15077443
v 0.78767812 -3.50830173 -0.1173283
v -0.05485953 -3.72580623 -0.87576204
v -0.90804404 -4.15055513 0.02988764
v -0.62989038 -4.01237297 0.17523852
v 0.02752936 -4.17915725 -0.89740824
v 0.14531366 -4.17032814 -0.9080888
v -0.80663317 -4.24451446 -0.77430832
v -0.78421199 -3.71264982 -0.30626055
v -0.0856546 -3.92104339 0.13466224
v -0.18760776 -3.50910067 -0.87320858
v -0.07182437 -3.91046738 0.13933959
v -0.17686286 -3.8285222 0.22813604
v 0.13238333 -4.04466295 0.22167395
v 0.85494977 -3.69988513 -0.12701448
v -0.69281399 -3.48893308 -0.04047793
v 0.99721264 -3.80439043 -0.31241372
v 0.48963812 -3.25621271 -0.45687878
v 0.78870803 -3.77494788 0.03931758
v -0.91031563 -4.21401691 -0.67792165
v -0.99596601 -4.22349357 -0.070339
v 0.72384399 -3.46171283 -0.61463379
v -0.65344309 -4.19877481 -0.86038005
v 0.73288285 -3.46567893 -0.60361355
v -0.61730676 -4.21385097 -0.8589127
v 0.68523442 -3.47246289 -0.59769117
v 0.71465802 -3.45742011 -0.63207358
v 0.69067847 -3.55347752 -0.64882063
v 0.71080988 -3.46585393 -0.64707332
v 0.60828793 -3.47374248 -0.69856494
v 0.72216999 -3.46502566 -0.60590481
v 0.62037825 -3.46691584 -0.68051296
v 0.730955 -3.46496295 -0.61270165
v 0.63018626 -3.46605205 -0.67537474
v 0.71365875 -3.46157932 -0.61605447
v 0.63341772 -3.47170686 -0.66892933
v 0.11555579 -3.76708221 0.24624803
v 0.79427003 -3.67285919 -0.06955627
v 0.69493341 -3.63413333 0.083082
v -0.10224773 -3.53259825 -0.8436737
v 0.67919021 -3.61644816 0.0845833
v -0.90067225 -3.96346521 -0.33232575
v 0.2233788 -3.85755753 -0.98159456
v -0.55717921 -3.85280895 -0.82283538
v 0.90087699 -4.00923728 -0.33177542
v 0.57181167 -3.63338089 0.08650867
v 0.82438212 -4.27222108 0.08669059
v 0.84610593 -4.32751846 0.0847355
v 0.48146066 -4.20696258 -0.88506358
v -0.56794178 -3.593786 -0.73090809
v 0.30498772 -3.48220872 -0.8545866
v 0.27658918 -3.49185466 -0.8520897
v 0.54420995 -3.69554233 0.1175014
v 0.79141271 -3.79334378 -0.00071781
v 0.24148483 -3.5457735 -0.93724262
v 0.78137135 -3.71727371 0.08855285
v -0.88101685 -3.85301685 0.02023245
v 0.7811371 -3.78416943 0.07388033
v -0.93025159 -4.10896825 -0.0821811
v 0.77925699 -4.39662933 0.10477676
v -0.44577977 -4.24013805 -0.85732781
v -0.79047459 -3.61471438 -0.34262085
v 0.61057293 -3.95668935 0.17844934
v -0.78346985 -4.26678848 -0.82044315
v 0.4230529 -3.48924398 -0.88834315
v 0.10487118 -3.9196558 0.20237533
v 0.46333777 -3.52596974 -0.88397043
v 0.11484643 -3.9064219 0.19391082
v -0.09352894 -3.88059568 0.24743464
v 0.10327512 -3.91858077 0.17649936
v 0.45926263 -3.82051134 0.14520867
v 0.7086777 -3.52401709 -0.6759637
v 0.42558369 -3.83270978 0.13007271
v 0.30271723 -3.78987145 0.1800308
v -0.3339048 -3.90956211 -0.94745278
v -0.32330572 -3.89767718 -0.9373542
v -1.00379598 -4.11682844 -0.29162383
v -0.78935509 -3.70813226 -0.52313619
v 0.10317121 -3.53753471 -0.88490551
v -0.79280561 -3.67599916 -0.50949698
v -0.83481562 -3.72893619 -0.19134892
v -0.7311244 -3.72057676 -0.00149529
v -0.4129379 -3.49434042 -0.81185257
v -0.21739511 -3.94884204 -0.99027252
v 0.69450467 -3.99397945 -0.88495004
v 0.85969066 -3.6611886 -0.45455664
v 0.89345735 -4.22579956 -0.56235575
v -0.81997513 -3.84275555 -0.66063523
v 0.86379778 -4.24247646 -0.58477777
v 0.86614537 -4.22303104 -0.55134159
v 0.8558309 -4.2412033 -0.58536613
v -0.71884805 -3.44397354 -0.11362715
v 0.94537675 -4.24580335 -0.47345531
v -0.96258473 -4.30446529 0.02530611
v 0.9037438 -4.24949359 -0.52163904
v -1.001441 -4.30079937 -0.03849352
v 0.89535826 -3.75421023 -0.4732396
v 0.45888814 -4.21097421 -0.88530522
v 0.82912325 -3.67139291 -0.52003026
v 0.87334704 -3.61944031 -0.37092945
v 0.81334 -3.61400127 -0.29785186
v -0.80105209 -3.47997403 -0.49425917
v -0.78651571 -3.47498846 -0.5143603
v 0.82268226 -3.61455297 -0.29814678
v -0.42851164 -4.25669097 -0.88111674
v 0.84060388 -3.61205053 -0.28852185
v 0.63696795 -3.65465164 0.04622872
v -0.92913329 -3.87067961 -0.0634591
v -0.72562897 -4.24469852 -0.85181164
v 0.32302749 -3.78887486 0.17309908
v 0.52473294 -3.87397575 0.20198041
v 0.41159436 -3.81888365 0.15617245
v 0.58086705 -3.30796265 -0.45508295
v 0.29214692 -3.80172443 0.17266194
v -0.24146129 -3.9141047 0.19533419
v 0.24778839 -3.36092186 -0.66891741
v -0.73480933 -3.67769527 0.05035417
v 0.67456674 -3.93176913 0.04435873
v -0.23980397 -3.24390101 -0.57191866
v -0.2247073 -4.0530529 0.19418512
v -0.42566752 -3.83685755 0.10565988
v -0.19194507 -4.05266571 0.19669833
v -0.43240165 -3.84866738 0.11515738
v -0.54923492 -3.87771821 0.16812895
v -0.12609039 -4.18276882 0.17866218
v 0.658854 -4.01913213 0.09682111
v 0.45436832 -4.09023094 -0.89072257
v 0.66697126 -4.08584785 0.09960012
v 0.35604894 -4.09208679 -0.90200877
v 1.03374028 -4.17770052 -0.28359428
v 0.42070248 -3.8211646 0.2127954
v -0.73568373 -3.89134907 -0.77192175
v -0.16717737 -3.48819923 -0.85110086
v 0.6165229 -3.75139117 0.07470401
v 0.26350748 -3.55531549 -0.85156589
v 0.60367131 -3.74394512 0.11570259
v 0.23490688 -3.55397224 -0.85499894
v 0.6032291 -3.75460839 0.10492118
v 0.75715464 -3.57823872 -0.42604529
v 0.24744391 -3.73285484 0.12856841
v 0.61950957 -3.31002879 -0.52355271
v 0.37257778 -3.55447053 -0.89645761
v 0.65713971 -3.34577965 -0.5335142
v 0.30308541 -3.55868482 -0.88650596
v 0.37472492 -3.48305368 -0.84139692
v 0.85035246 -3.58227992 -0.191697
v -0.80581039 -3.98974633 -0.05739834
v 0.84857893 -3.57490015 -0.1774401
v 0.74331039 -3.58947849 0.0377369
v -0.82516402 -3.60716867 -0.50775903
v 0.74116963 -3.61866259 0.05958069
v 0.85549581 -4.17549276 -0.6245352
v 0.74141359 -3.6023786 0.05038783
v 0.7318542 -3.75904011 -0.03509657
v 0.72657078 -3.61766481 0.06534466
v -0.83969438 -3.75500392 0.01680203
v 0.0325376 -3.85365295 0.24884346
v -0.84069824 -3.75152778 0.04229709
v 0.69858098 -3.77254533 -0.72881841
v 0.05751 -3.83435511 0.25032264
v 0.81807363 -3.64726376 -0.13803637
v -0.0876334 -3.43228912 -0.75933182
v -0.61693036 -3.61909914 0.10916109
v 0.81296896 -3.64069747 -0.11419808
v -0.88901948 -4.34429073 0.09503082
v -0.10090067 -3.79058837 0.23468256
v -0.23993499 -4.27804565 -0.91175609
v 0.34277761 -3.68899273 -0.87426179
v -0.11286296 -3.78250074 0.25100559
v -0.13445542 -3.79067182 0.23597186
v 0.27161923 -3.66563224 -0.87787526
v -0.70668685 -3.88501596 -0.81190258
v 0.31559479 -3.6820271 -0.87511676
v -0.69375604 -3.89714288 -0.81722623
v 0.28824317 -3.68243145 -0.87752747
v -0.68966633 -3.88440847 -0.82140487
v 0.78291136 -4.31654548 0.09021005
v 0.69438278 -3.80676484 0.09416996
v 0.65621703 -3.81586408 0.09255035
v -0.36613142 -3.78448057 -0.8844223
v 0.67960512 -3.80811977 0.09459915
v -0.36971229 -3.81207585 -0.89474439
v 0.60667157 -3.81775522 0.08713007
v 0.4112997 -3.89803218 0.14787213
v 0.4787274 -3.88807487 0.15161858
v -0.82371485 -3.50872588 -0.24617488
v 0.43024274 -3.87126231 0.12988078
v 0.57077646 -4.02074194 -0.82537102
v 0.67623853 -3.4890871 -0.08448912
v 0.76662725 -3.49813246 -0.47426277
v 0.67696595 -3.47432947 -0.08367691
v -0.57387864 -3.75574135 0.01204587
v 0.7567349 -3.56915664 -0.42616686
v 0.77899789 -3.55013895 -0.42810273
v -0.67782986 -3.72024393 -0.02180809
v -0.6629039 -3.77735543 -0.01088559
v 0.04572652 -3.93610096 -0.97404074
v -0.66561639 -3.82390523 0.00018192
v -0.13479571 -3.92842698 -0.99660021
v -0.37052857 -3.77262306 0.15821448
v -0.04342639 -3.94886922 -0.98370653
v -0.94300139 -3.92575931 -0.01342273
v -0.35881415 -4.23415899 -0.9397391
v -0.46052414 -3.26851725 -0.63734042
v 0.84667325 -3.64389514 -0.22336599
v 0.38558429 -3.2260487 -0.58664023
v -0.42914256 -3.26151585 -0.64850735
v -0.31192889 -3.47274541 -0.84802579
v -0.65025043 -3.76416611 0.06360407
v -0.92019659 -3.70933604 -0.29206624
v 0.77005589 -3.45915842 -0.21175074
v -0.20273529 -3.92048525 0.18963958
v -0.57258713 -4.43072271 0.12499463
v -0.4701381 -3.35255217 -0.53052431
v -0.63294708 -3.59965825 0.09958288
v -0.51952749 -3.38819193 -0.54010736
v 0.06462708 -3.49557685 -0.86089837
v -0.51547861 -3.83456182 0.13888379
v 0.05639285 -3.52914929 -0.87509465
v -0.29079353 -3.92769384 -0.95545935
v 0.05037777 -3.52022576 -0.87546151
v 0.0697641 -3.52790308 -0.87939041
v -0.27552351 -3.94234776 -0.9654529
v -0.18845635 -3.89623975 0.12526685
v -1.03341293 -4.23968792 -0.32131058
v 0.84871745 -4.39742851 0.08297622
v 0.49870637 -3.72378921 0.11127322
v 0.86837226 -4.38122177 0.05734146
v 1.01746225 -4.14404535 -0.30789974
v -0.2142608 -3.26105451 -0.60338187
v 0.44601446 -3.87775993 -0.93393909
v -0.22467893 -3.25110483 -0.58904713
v 0.47672823 -3.86604929 -0.92115527
v -0.32397136 -3.75460219 0.09252246
v 0.02722015 -3.52457761 -0.86281395
v 0.7180081 -3.5451684 -0.65329104
v 0.83520466 -3.93053746 -0.38093599
v 0.702995 -3.54805016 -0.67935174
v 0.84650296 -3.92440676 -0.33232519
v 0.76379042 -3.53603076 -0.59053266
v 0.6034621 -3.45353817 -0.71002692
v 0.70775032 -3.53741741 -0.67973595
v 0.5914433 -3.46159505 -0.70961844
v -0.63666838 -4.10952282 -0.84615927
v 0.5950908 -3.45515966 -0.70807182
v -0.35873881 -4.25943517 -0.88812112
v -0.76795017 -3.53742384 -0.62875199
v 0.69307029 -3.87868595 0.1275625
v -0.74399554 -3.55788326 -0.60672307
v 0.74324017 -3.47276115 -0.59306955
v -0.75476777 -3.56225395 -0.60385167
v 0.73348969 -3.47181177 -0.58034569
v -0.74597334 -3.56018328 -0.61607694
v 0.80033803 -3.58226728 -0.29047942
v -0.12840396 -4.06007194 0.14349669
v 0.80303722 -3.59335947 -0.28489738
v -0.95887565 -4.2171626 -0.02392011
v 0.7939049 -3.57980442 -0.29760587
v -0.97163724 -4.22605228 -0.04858472
v 0.81311154 -3.56581854 -0.30162552
v 0.89159631 -4.1881442 -0.5705555
v 0.67681342 -3.52548742 -0.46944123
v -0.85266679 -3.63273882 -0.29548347
v 0.68279165 -3.51837301 -0.42818179
v -0.86472266 -3.61731123 -0.33282437
v -0.78725761 -3.77201938 0.05198221
v -0.54600191 -3.95223021 0.1345233
v -0.782242 -3.78097415 0.0740604
v -0.37487518 -3.39528346 -0.75738322
v -0.76492208 -3.78685283 0.0614853
v -0.80837261 -3.86946225 -0.00592426
v -0.75606435 -3.78773808 0.0391483
v 0.19764316 -3.88766408 0.21939544
v -0.76627039 -3.7877388 0.04793931
v 0.45721605 -3.86840438 0.15108095
v -0.76595091 -3.7870574 0.03810624
v -0.05581354 -4.29023265 -0.84838223
v 0.91239792 -4.24287653 -0.52780729
v -0.05122096 -4.28575754 0.19902195
v 0.93286407 -4.25829887 -0.49332588
v 0.91411525 -4.25169658 -0.518247
v -1.03539109 -4.18674659 -0.52305018
v -0.44378936 -4.24640703 -0.86593914
v 0.64141154 -4.16034603 0.08423405
v -0.45927339 -4.23599577 -0.8659476
v 0.17682221 -3.56567716 -0.87498325
v -0.39179375 -3.74404239 0.07439169
v 0.13377818 -3.5551238 -0.87640333
v 0.42495939 -3.91037845 0.2103074
v -0.81064367 -3.60065889 -0.40783521
v -0.79872334 -3.59825468 -0.40995368
v 0.19272162 -3.24998807 -0.6166051
v 0.64919906 -3.33422708 -0.26095858
v -0.5904299 -3.95526313 -0.77327454
v -0.55752158 -3.8744893 -0.77655774
v 0.59048324 -3.68622875 0.12608192
v -0.53235721 -3.93876838 -0.78045582
v 0.58914142 -3.98898387 0.18225285
v 0.21608506 -3.79030895 0.198793
v 1.06749248 -4.2581644 -0.3328619
v -0.70417404 -3.66575884 -0.7339549
v -0.27884051 -3.27787089 -0.54642242
v -0.87348127 -3.66425061 -0.22720597
v -0.25933143 -3.26112175 -0.5510174
v -0.85605901 -3.64028859 -0.27175322
v -0.93621891 -3.9950025 0.11204507
v -0.86452192 -3.65630054 -0.23074263
v -0.70145344 -3.61633205 -0.53532522
v -0.50535255 -3.73043942 0.06847106
v 0.4744119 -4.05389118 0.19834518
v 0.61790001 -3.78536176 -0.82294839
v 0.46759784 -4.05589246 0.20531803
v 0.81100058 -3.74486517 -0.45768445
v -0.21722729 -4.15516853 0.1174069
v 0.60398304 -3.91537237 -0.90049052
v 0.6221776 -3.94217658 0.13001957
v 0.60446375 -3.91329813 -0.88885879
v -0.66838198 -3.8900628 -0.82710003
v 0.57127738 -3.89677858 -0.89915186
v 0.36659556 -3.28741788 -0.64721989
v -0.11729383 -3.86075162 0.17950287
v -0.14186206 -3.81901097 0.18128889
v -0.1350933 -3.87405467 0.16273614
v -0.1414325 -3.8691473 0.1275459
v 0.71183556 -3.75690078 0.12834499
v 0.70023477 -3.75770759 0.12959909
v -0.05102639 -3.47312283 -0.90971899
v 0.70127165 -3.76795291 0.1298514
v -0.17771841 -4.01172304 -0.86366826
v -0.78697705 -3.68073749 -0.00627037
v 0.61080795 -4.18484211 0.09643577
v 0.43724748 -3.86514091 0.21663093
v -0.58104276 -3.76730394 0.12084125
v -0.66673189 -3.55641555 0.02354996
v 0.14627106 -3.96347069 0.1792123
v -0.66517448 -3.57264447 0.00629521
v 0.4121271 -4.44548893 0.22166572
v -0.17732229 -3.37648773 -0.81642615
v 0.42554849 -4.44486761 0.20890212
v 0.37214839 -3.25828123 -0.69518423
v -0.48156771 -3.49500203 -0.83919709
v 0.38969489 -3.28668689 -0.72786223
v -0.36420434 -3.27649927 -0.65710306
v -0.52033799 -3.71942758 -0.86086583
v 0.84713029 -3.70629048 -0.42879113
v 0.17734591 -3.81236672 0.16064629
v -0.71636003 -3.44061732 -0.09177227
v -0.83221405 -3.61492681 -0.13544163
v -0.69533145 -3.40710544 -0.10628944
v -0.69283115 -3.37178134 -0.28483763
v -0.69831377 -3.42006063 -0.08742684
v -0.67585593 -3.34904861 -0.30008372
v -0.9918043 -4.19004392 -0.23050813
v -0.69625431 -3.35477685 -0.3382273
v -0.95274084 -4.03024816 -0.46138501
v -0.69555473 -3.36122584 -0.32172757
v -0.33074948 -3.86318492 -0.84569841
v -0.29388093 -3.75629663 0.1010326
v 0.67516553 -3.91003418 0.13689264
v -0.28749707 -3.76982474 0.09533754
v 0.37441667 -3.76420831 0.17550395
v -0.28041181 -3.80851507 0.08675496
v 0.79047125 -3.74376773 0.05842744
v -0.96402514 -4.15838384 -0.08304771
v 0.75590306 -3.77449655 0.09215179
v 0.65966177 -3.81491756 -0.86188757
v -0.05408307 -3.7484126 -0.83472782
v 0.48962354 -3.28592205 -0.57006853
v -0.06462793 -3.56349563 -0.88994997
v -0.4530186 -3.23755002 -0.45575836
v -0.69717985 -3.55259728 -0.71917235
v 0.85370427 -3.94291377 0.06388622
v -0.43262016 -3.22393155 -0.46401765
v 0.17602239 -3.80271172 0.19806686
v -0.67335891 -3.60358047 -0.59723627
v 0.40588235 -3.77875089 -0.96212071
v 0.96551108 -4.08972549 -0.44287657
v 0.90719258 -3.64608573 -0.26713091
v 0.88289254 -3.9718585 -0.44075727
v 1.0414859 -3.90021038 -0.28903159
v 0.77112233 -3.97795963 -0.77272486
v -0.77879238 -3.56222391 -0.59038674
v 0.67632877 -3.54352259 -0.02539131
v -0.7767086 -3.56774759 -0.5808202
v 0.10546573 -3.77743768 0.11835639
v 0.31088522 -3.86204814 0.22495877
v 0.06883424 -3.80962228 0.26101082
v 0.8772462 -3.69032549 -0.12353298
v -0.13882458 -3.80115556 0.22046375
v 0.11442358 -3.80251288 0.2566435
v -0.62236642 -3.84194016 0.17966163
v -0.59465944 -3.54516744 -0.67278981
v 0.97810083 -3.87562179 -0.1299957
v 0.81004577 -3.7133162 -0.06943346
v 0.10563713 -3.76904225 0.23672527
v 0.30332693 -3.45460104 -0.90139216
v -1.03904199 -4.1654253 -0.2933017
v 0.7582941 -3.58500766 -0.00634954
v 0.49900198 -3.70849061 0.11256627
v 0.76318109 -3.56390762 0.00536428
v -0.64653104 -3.71181249 0.04271322
v 0.11657999 -3.76923584 0.23389259
v -0.80371534 -4.21644926 0.07905215
v 0.12716078 -3.78103232 0.21257658
v -0.40827596 -3.50548124 -0.78550285
v 0.10891935 -4.25399828 -0.87950831
v 0.78913128 -3.75355911 -0.02975506
v -0.32471519 -4.19032383 -0.88179403
v -0.85003823 -3.71327424 -0.07031658
v 0.06378287 -4.27535629 -0.83127033
v -0.83149409 -3.69060444 -0.06198091
v -0.81459611 -3.70164966 0.02305356
v -0.47223162 -3.71733951 0.05911969
v -0.9805063 -4.18587541 -0.59435975
v -0.29086828 -3.47163224 -0.8635478
v -0.17025226 -3.81418848 0.18085601
v 0.38200795 -3.2076199 -0.54306554
v -0.40989285 -3.86955714 -0.92406362
v -0.95625299 -3.98722744 -0.28926661
v -0.09371274 -3.80908536 0.19318811
v -0.94464403 -3.97200441 -0.25767809
v -0.38597369 -4.02423381 0.17502337
v 0.226309 -3.5147171 -0.83239573
v 0.28147554 -3.55763888 -0.84637898
v 0.79512167 -3.90055751 -0.46386373
v -0.80189514 -3.71379208 -0.0599785
v -0.43018019 -3.55504155 -0.86343461
v -0.39952108 -3.45404291 -0.87605667
v -0.3883495 -3.55422115 -0.87579631
v -0.37350598 -3.55256414 -0.8864845
v -0.86589783 -3.65496516 -0.24281263
v -0.87483304 -3.64449644 -0.26371535
v -0.79758369 -3.53869819 -0.35179191
v -0.12945696 -3.39914131 -0.7741568
v -0.01386632 -3.30249047 -0.70111686
v 0.43162506 -3.24772882 -0.63360184
v 0.00430688 -3.31898474 -0.72015965
v -0.18459011 -3.4766643 -0.89072758
v 0.07876572 -3.9186933 0.25407648
v 0.78523427 -3.43981504 -0.21065372
v 0.02218254 -3.93098378 0.25170758
v -0.13607624 -3.55027365 -0.8525995
v 0.51964628 -4.20910549 -0.89456504
v -0.19204796 -3.49587106 -0.87096583
v -0.14564269 -3.54570102 -0.84540069
v 0.66236472 -3.3371346 -0.27469456
v -0.22102509 -3.47757458 -0.86300456
v 0.63715046 -3.32942724 -0.27490383
v -0.90936833 -4.16305589 -0.01814014
v 0.64877128 -3.32790923 -0.27481454
v 0.48884898 -4.0264635 0.12615393
v 0.47009837 -3.78912591 0.1372495
v 0.46776062 -3.7789781 0.15010201
v 0.54728734 -4.00420856 0.12833654
v -0.44743892 -3.79050302 0.18247649
v 0.60142672 -3.99305582 0.11930743
v -0.0500281 -3.87330532 0.23307842
v 0.6098625 -3.9641807 0.12492257
v 0.84993612 -3.94568133 0.08245974
v 0.89760249 -3.6227951 -0.2961488
v 0.84880453 -3.9616692 0.08341445
v 0.92556947 -3.63372993 -0.22949104
v -0.45656612 -4.0059781 -0.78272008
v 0.92788559 -3.6342163 -0.21322274
v -0.14096187 -3.90503931 -0.99615907
v 0.91954296 -3.63605761 -0.24006822
v 0.78465384 -3.89925384 -0.02937563
v -0.14587962 -3.85277056 0.2085708
v 0.18564643 -3.68677687 -0.83913207
v 0.87449181 -3.62956094 -0.29022488
v -0.83453214 -3.76546263 -0.43166056
v -0.77468425 -3.71818637 0.06816413
v -0.79140806 -3.81907343 -0.60285759
v -0.77229732 -4.02519083 0.18528775
v 1.02827441 -3.85428857 -0.27658775
v -0.77865648 -3.79355382 -0.61484336
v 0.23105424 -3.76315546 0.13350512
v 0.49790328 -3.66181659 0.10204701
v 0.48133856 -3.66802501 0.10381396
v 0.18662908 -3.75519895 0.13334658
v 0.93917059 -4.08170366 -0.18438692
v 0.21212986 -3.74701929 0.13093149
v -0.10309718 -3.55037832 -0.88699919
v 0.56907802 -3.76626634 0.12448395
v 0.54667908 -3.77316093 0.12461603
v -0.83658415 -4.40031147 0.09640777
v -0.88254857 -3.67471981 -0.18480779
v 0.37634539 -4.19122552 0.10936074
v -0.69904267 -4.25077104 -0.84884816
v -0.41343939 -4.21152257 -0.92358285
v -0.08759699 -3.9114499 0.16106779
v -0.42897725 -4.2116909 -0.91279751
v -0.10486447 -3.92686724 0.16588714
v -0.93547499 -4.22098922 0.01273986
v -0.21594286 -3.25960278 -0.57114273
v 0.97821396 -3.83409404 -0.40048462
v -0.22640928 -3.27631187 -0.56745445
v -0.79926943 -3.57835221 -0.53626513
v -0.04500625 -4.21883201 -0.88957136
v 0.75775235 -3.67046999 -0.40828281
v 0.7706868 -3.59930658 -0.4076378
v -0.00601736 -3.92891597 0.24260577
v -0.99153679 -3.86554718 -0.38681885
v 0.98568981 -4.16093063 -0.21025314
v -1.00288355 -3.87792348 -0.39590144
v -0.45281654 -3.65852236 -0.80957496
v 0.95042288 -3.89960432 -0.03759935
v -0.99862468 -3.8794856 -0.42051941
v 0.09550268 -3.52132058 -0.87781423
v 0.98163008 -4.17957735 -0.42413789
v -0.18826259 -4.13354826 -0.85106569
v 0.81940269 -3.6210494 -0.19214519
v -0.65925204 -4.43203973 0.10501398
v 0.84155684 -3.55841016 -0.21329653
v 0.38703498 -3.895787 0.22292734
v 0.84929478 -3.54973578 -0.22739306
v 0.45239335 -3.89689397 0.21546976
v -0.08078225 -3.53667378 -0.84440171
v -0.70761835 -3.5415039 0.04733591
v 0.75392246 -3.57130169 -0.55127966
v -0.77217936 -4.41529893 0.10138363
v 0.18278682 -3.91765785 0.15954068
v 0.7812283 -3.57787036 -0.54188823
v 0.15825474 -3.90745067 0.1579307
v 0.76781755 -3.57648038 -0.54973346
v 0.47018176 -3.43974709 -0.83214587
v -0.15607494 -3.51612401 -0.8766309
v 0.51762837 -3.45535659 -0.8322516
v -0.89533883 -3.63544297 -0.25847959
v 0.59057682 -3.44123506 -0.76761853
v -0.88932639 -3.60362887 -0.29805624
v 0.58067572 -3.45405292 -0.78940326
v -0.67192351 -3.72419738 0.07233656
v 0.55154675 -3.44504356 -0.80578053
v 0.70794451 -3.92624092 -0.71490508
v 0.55228054 -3.43966174 -0.79835802
v -0.7971639 -3.59311294 -0.33039128
v 0.57820141 -3.44109368 -0.7840808
v -0.40050387 -3.810956 0.10432809
v 0.80639708 -3.65718555 -0.10182651
v -0.4007458 -3.81818223 0.11447157
v 0.80110311 -3.65568304 -0.09130679
v 0.69414842 -3.3465631 -0.38301906
v 0.80586677 -3.64621591 -0.09327375
v 0.68879878 -3.3429048 -0.39663147
v 0.48033198 -3.67602396 0.11435222
v 0.67764926 -3.33778071 -0.40061211
v 0.37684145 -3.79356193 -0.97372055
v 0.67644655 -3.3358283 -0.41269877
v -0.97264945 -3.81470036 -0.25110071
v 0.70374435 -3.98775601 -0.84553808
v -0.98347705 -3.82713198 -0.2838211
v -0.12974485 -3.97188568 -0.98507654
v 0.62049621 -3.35676527 -0.30119556
v 0.79859119 -3.52599048 -0.1716353
v -0.18323053 -4.20705604 -0.86115402
v -0.80178535 -3.53753233 -0.33172446
v -0.04552468 -4.21530437 -0.84307271
v -0.93797951 -3.85135889 -0.04736078
v -0.17960239 -3.55057334 -0.87641227
v 0.08507081 -3.9188621 0.16777184
v -0.14969176 -3.75716543 -0.88783252
v 0.09491764 -3.92470932 0.18729236
v -0.44117736 -3.89692878 0.19853992
v -0.56513309 -3.82293319 0.16222798
v -0.3048954 -3.32141351 -0.61948943
v -0.60192 -3.7832098 0.15059244
v -0.74158346 -3.49313116 -0.0243889
v -0.06163495 -3.93992137 0.16964802
v 0.04010947 -3.83689808 0.17178614
v -0.29144084 -4.40044164 0.13736331
v 0.88436502 -3.53663206 -0.23447896
v -0.06251011 -4.42424535 0.18434505
v 0.87218481 -3.536201 -0.24137631
v -0.65857422 -4.26042223 0.10959568
v 1.01812446 -4.1613059 -0.35413935
v 0.01635851 -3.80686855 0.26158499
v 0.85347336 -3.76479387 -0.03673602
v -0.54214042 -4.00092268 0.07807524
v 0.84140574 -3.70188736 -0.07448612
v -0.47464209 -3.44106864 -0.83173173
v -0.3687115 -3.86709642 -0.93979847
v 0.72833079 -3.62103629 -0.45042392
v -0.423657 -3.91153812 0.1467725
v 0.80593711 -3.84604787 0.01012971
v 0.75594794 -3.7636528 0.04986507
v 0.28059145 -3.76955056 0.09073052
v 0.7572503 -3.75720334 0.03790091
v 0.09892592 -3.56798577 -0.93867605
v -0.58108151 -3.28467822 -0.5215981
v 1.02118873 -3.84913611 -0.31042107
v -0.8607586 -3.6959517 -0.53827297
v -0.43081322 -4.12535619 -0.8750298
v 0.77644532 -4.4124031 0.10970787
v 0.8380177 -3.86481881 -0.09282214
v 0.30604732 -3.9114623 -0.95724844
v -0.85446381 -4.25200462 -0.7158066
v 0.70495468 -4.18762588 -0.91152715
v -0.86266636 -4.25221538 -0.71100676
v 0.26384291 -4.18071174 -0.87959206
v 0.46926614 -3.57067704 -0.77536088
v -0.5577712 -3.79921865 0.09081827
v -0.43378725 -3.94462537 0.12227548
v 0.30775031 -3.80188107 0.15566614
v 0.78534102 -3.54921674 -0.43919819
v 0.31183856 -3.79467248 0.16476018
v 0.78527855 -3.55979681 -0.45007228
v -0.57205563 -3.29259729 -0.38337162
v 0.39934679 -3.54622602 -0.85648936
v 0.75530099 -3.79335689 0.06775299
v -0.77478361 -3.56959366 -0.55450999
v 0.74568224 -3.78715658 0.06724566
v -1.06988823 -4.15519762 -0.41005855
v -0.5220313 -3.71337723 0.06344291
v 0.68171471 -3.47680282 -0.06905292
v -0.80636739 -3.84581112 -0.12866534
v -0.18443039 -3.80902242 0.21978193
v -0.87439203 -3.73183941 -0.01904637
v -0.1776463 -3.80846118 0.20120275
v -0.87635576 -3.7218275 -0.00621987
v -0.1907861 -3.80676412 0.20261529
v -0.87242448 -3.73279619 -0.00549274
v -0.12656348 -3.29584264 -0.71601814
v -0.69697064 -3.73432922 0.115882
v -0.12485169 -3.28636765 -0.69686567
v 0.00601531 -3.50862622 -0.818587
v -0.79495894 -3.68461799 -0.10266785
v -0.31852349 -3.49076271 -0.83462697
v -0.77542209 -3.69437813 -0.05772558
v -0.7470718 -3.95251607 -0.64669865
v -0.75733029 -3.7141354 -0.02733975
v -0.7071098 -3.88285827 -0.66962099
v 0.93591642 -3.66757535 -0.14902414
v -0.70410019 -3.71002173 -0.6088556
v 0.65797263 -3.57123088 0.03190195
v -0.75241893 -3.86726164 -0.59516519
v 0.57518357 -3.77206468 -0.82263547
v -0.30898228 -3.22514987 -0.52839028
v 0.55126947 -3.86588573 0.13767874
v -0.97021585 -4.16225242 -0.59196633
v -0.36768847 -3.53216052 -0.75749236
v -0.72682815 -3.83641386 -0.74627709
v 0.89743673 -3.9208734 -0.2844668
v 0.8238666 -3.62042379 -0.32085713
v -0.9836024 -4.2855587 -0.13799203
v 0.92698562 -4.1784296 -0.52472096
v -0.01840332 -3.51879096 -0.87298393
v -0.31895056 -3.56256437 -0.91804879
v -0.02589603 -3.5085268 -0.87053483
v -0.28240305 -3.54834151 -0.92605507
v 0.30958655 -3.55954575 -0.85288709
v -0.85734576 -4.31533908 0.10893715
v 0.76672363 -3.78639078 0.05875625
v 0.770464 -3.92400097 -0.52833551
v -0.75872731 -3.68571996 -0.01064093
v -0.67332822 -4.17888307 -0.85671919
v -0.146664 -3.8097558 0.24378326
v -0.28651583 -4.28871917 -0.91658926
v 0.449714 -3.62050652 -0.80339676
v 0.80713546 -4.41476202 0.10000762
v -0.39334446 -3.54691791 -0.89758032
v -0.09791854 -3.77925968 0.12731209
v -0.83791625 -3.56943154 -0.49005967
v -0.75174021 -4.09314966 -0.73979222
v -0.82030141 -3.58781862 -0.48630976
v -0.83124458 -3.57990694 -0.49196317
v -0.81174659 -4.05374574 -0.64748078
v 0.39442038 -3.86993026 0.12448767
v -0.80944657 -3.54265904 -0.29008248
v 0.57400929 -3.69863271 0.13359564
v -0.81786823 -3.55246019 -0.26062858
v 0.55590552 -3.70035266 0.13037172
v 0.78905963 -3.58264303 -0.42946487
v -0.75588256 -3.55693984 -0.62631446
v -0.48995646 -3.86202931 0.14630028
v -0.74224937 -3.55843496 -0.63341933
v 0.51242852 -3.54851317 -0.860201
v -0.73268234 -3.55628109 -0.64761024
v -0.13638214 -3.47524619 -0.8424654
v -0.26003262 -3.64355468 -0.91328108
v -0.60098278 -3.30744504 -0.47565853
v -0.1337011 -3.48762321 -0.85017824
v -0.68071639 -3.3532269 -0.22577863
v -0.04962164 -3.92693924 0.21548998
v 0.76109361 -3.5802617 -0.40814989
v -0.0617409 -3.91880607 0.21398264
v 0.78134697 -3.6080091 -0.39483958
v -0.50011909 -3.85142087 -0.89147776
v -0.91374903 -4.13276624 0.00330089
v -0.49497795 -3.86352014 -0.891613
v -0.64748239 -3.90151405 0.10664061
v -0.50754493 -3.86191749 -0.88438743
v -0.64753216 -3.88347244 0.10167601
v -0.27085518 -3.85211539 0.19922921
v -0.66441917 -3.88597345 0.09807963
v -0.5977121 -3.51658606 -0.780707
v 0.35842061 -3.5464704 -0.917041
v -0.48827439 -3.21777868 -0.46057248
v -0.44263678 -3.4890728 -0.77301144
v -0.47098773 -3.21370458 -0.47673496
v 0.88769352 -3.69735479 -0.13491883
v -0.61368227 -3.83505106 -0.74586331
v -1.01433801 -4.14167451 -0.5105285
v 0.55098772 -3.44195413 -0.78988075
v -0.9934895 -4.25123453 0.0021648
v -0.79024422 -3.64609694 -0.0244664
v 0.72960907 -3.97554731 -0.86656272
v 0.60629749 -3.73441171 0.15718239
v 0.31002157 -3.78906631 0.21673834
v 0.6044588 -3.74280953 0.16256521
v 0.27304917 -3.78719091 0.2161816
v 0.55687034 -3.63941359 0.08976399
v 0.2654629 -3.78396344 0.21407455
v -0.03391335 -3.44287109 -0.79497021
v -0.45992511 -3.86358881 -0.89823901
v -0.0265313 -3.45209646 -0.80902504
v 0.60488879 -3.36008405 -0.64579331
v 1.02978539 -3.90961957 -0.30196702
v 0.22892108 -4.47464227 0.21802653
v 1.02122354 -3.9106872 -0.33551701
v 0.14880292 -4.47601032 0.20615404
v -0.51037013 -3.52589511 -0.86418485
v 0.7576254 -3.52455711 -0.30777344
v -0.83881282 -4.0348072 0.16551975
v -0.81538361 -3.54550576 -0.54000932
v 0.83664435 -3.75475668 0.04701886
v -0.7925198 -3.48953771 -0.54743957
v -0.07555063 -3.90925836 0.16639122
v -0.71984851 -3.44472861 -0.1460185
v 0.34994164 -3.9151349 -0.94380307
v 0.34591165 -3.22525501 -0.60203647
v -0.31969285 -3.45417761 -0.8946101
v -1.05732381 -4.22942447 -0.42832806
v -0.62056493 -3.83379221 0.09659275
v 0.74047249 -4.4310131 0.13126005
v 0.69020992 -4.43916797 0.12469188
v -0.62199717 -3.84332561 0.10349793
v 0.71879959 -4.43934869 0.12845438
v -0.62610143 -3.84640574 0.11599456
v 0.83192676 -3.86648845 -0.29450586
v -0.66122752 -3.83349299 0.10345175
v -0.60792297 -4.43875932 0.11522463
v -0.68968296 -3.8244934 0.09280046
v -0.94253057 -3.86677455 -0.53191208
v -0.65876257 -3.82025361 0.08777841
v 0.46069353 -3.27438068 -0.60504388
v -0.69398105 -3.36958313 -0.22966755
v 0.47934889 -3.25976538 -0.60223054
v -0.69405698 -3.37036132 -0.2431094
v -0.982037 -4.21559095 -0.19549399
v 0.69506776 -3.48643016 -0.04523951
v -0.14661328 -3.3085711 -0.60430657
v 0.6865797 -3.49439954 -0.0410441
v -0.85534113 -3.61453342 -0.0493858
v 0.62805062 -4.16040372 -0.88012033
v -0.84987819 -3.60640859 -0.05157218
v -0.36525547 -3.45122766 -0.87371885
v -0.49318072 -3.39412474 -0.69711965
v -0.91552126 -3.67583751 -0.14747285
v -0.91551137 -3.67798137 -0.13508805
v 0.53792399 -3.48368263 -0.7689678
v -0.79101526 -3.65119862 -0.44497981
v 0.52267241 -3.54758787 -0.80094069
v 0.66694253 -3.96512937 -0.87168115
v -0.02429323 -3.97392129 -0.95920914
v -0.46369886 -3.25322604 -0.4548771
v -0.45787698 -3.31645512 -0.7095353
v -0.51214146 -3.25351214 -0.4331977
v 0.02163774 -3.9425528 0.21188364
v 0.73268872 -4.11565017 0.07967505
v 0.00775461 -3.94326257 0.2001653
v 0.81465357 -3.5368011 -0.06714846
v -0.69604778 -3.80651855 -0.74659526
v -0.63207733 -3.86883831 -0.844751
v -0.13004897 -3.29138255 -0.68856275
v 0.68017429 -3.75270724 0.01946159
v 0.53475838 -3.50874304 -0.81212818
v -0.80195915 -3.63525366 -0.28754824
v 0.74435412 -3.5674057 -0.56781947
v -0.62891668 -3.71951079 0.1293181
v -0.95148092 -3.86366844 -0.1484923
v -0.32144978 -3.84962201 -0.81069874
v 0.61779928 -3.73400259 0.15900711
v -0.71017837 -3.42812299 -0.08686113
v 0.09383563 -3.91968917 0.2225248
v 0.8659659 -3.73213863 -0.02628858
v -0.51014524 -3.74411225 0.10970411
v -0.69105082 -3.69394588 0.13034836
v -0.51973629 -3.70234561 0.10962303
v -0.70055091 -3.69152879 0.12459351
v -0.74166399 -3.6580224 -0.44668155
v 0.49973952 -3.87094283 -0.84612333
v 0.91838747 -4.02962827 -0.29027506
v 0.89656096 -4.00743866 -0.26919534
v 0.92824077 -3.67857337 -0.15416529
v 0.89467185 -3.70076274 -0.14535166
v 0.72001111 -4.15280103 -0.82458961
v -0.91498827 -4.01910734 0.12257704
v 0.04082392 -3.28733539 -0.60990107
v -0.90688592 -4.03208589 0.13515451
v -0.93173587 -4.00933027 0.11720592
v -0.34728303 -3.89504551 0.19633439
v -0.13808465 -3.54821682 -0.87491166
v 0.06733106 -3.59102225 -0.90707171
v -0.38998681 -3.27728366 -0.64431184
v -0.07536937 -3.90167641 0.0927864
v -0.34881645 -3.25932788 -0.65675348
v 0.25191876 -4.04334735 -0.86694538
v -0.72427856 -3.54710149 -0.68826764
v -0.9146294 -3.88121223 -0.59391665
v 0.10072273 -3.77452349 0.13087125
v -0.91272437 -3.87871027 -0.58798629
v 0.83071833 -3.63200235 -0.25477704
v -0.88531959 -3.88186311 -0.61990296
v -0.204472 -3.58749342 -0.81544488
v 0.47838461 -3.65897035 -0.80084192
v 0.81307029 -3.81307768 -0.21847005
v 0.37416368 -3.50778555 -0.80927091
v 0.39132416 -3.5144205 -0.82251811
v 0.85436713 -3.61253833 -0.2988325
v 0.8346616 -3.61589908 -0.32630872
v -0.31672796 -4.04730415 -0.8217234
v 0.8346889 -3.61141014 -0.31139886
v 0.83368945 -3.57424354 -0.28744715
v 0.84398138 -3.60610318 -0.29795268
v -0.01297594 -3.88504862 0.14403127
v 0.83527785 -3.61007499 -0.2987656
v -0.79023814 -3.62142849 -0.16765007
v 0.69287645 -3.60490465 0.07144154
v 0.84229207 -3.70858526 0.00143195
v 0.07653412 -3.90907478 0.24029326
v -0.0506933 -3.64406919 -0.89042329
v 0.17412202 -3.27987337 -0.65644669
v 0.39531055 -3.89739179 -0.94430398
v 0.09217616 -3.90569782 0.23343303
v 0.40534398 -3.87689328 -0.93604952
v 0.18346777 -3.63474583 -0.90340471
v -0.96167659 -3.96280932 0.03972892
v 0.84914928 -3.50514006 -0.37749925
v -0.58568787 -3.63419389 0.11676001
v 0.84357321 -3.50045394 -0.3779056
v -0.55358505 -3.66505003 0.13011439
v 0.80442184 -3.52003645 -0.36095717
v 0.98318356 -4.257236 -0.15562874
v 0.55164909 -4.01999855 0.18390651
v -0.78904724 -3.58095812 -0.4821178
v -0.12114868 -3.93345403 0.21107029
v -1.00321924 -3.86617994 -0.39449709
v 0.4840599 -3.99184918 0.1740694
v 0.74263483 -3.96076035 0.13558033
v 0.66983079 -3.56786418 0.00899609
v 0.76398104 -3.97938275 0.12870794
v -0.4158791 -3.78526592 -0.85831379
v 0.76330924 -3.9636352 0.12892323
v -0.68942719 -3.73358297 0.0382434
v 0.7444722 -3.70135521 -0.00319489
v -0.69715708 -3.72380781 0.03117756
v 0.36981469 -3.78418231 0.08143997
v -0.69076108 -3.72545051 0.0384836
v 0.35729235 -3.83900046 0.08239909
v -0.72096192 -3.73435068 0.0237478
v -0.39805659 -3.70530247 -0.89889025
v -0.12221033 -3.93439006 0.22118347
v -0.59656375 -3.29394078 -0.44324469
v 0.4916318 -3.26334476 -0.59287023
v 0.49209043 -3.26059699 -0.6003834
v 0.25923949 -3.23366737 -0.60564017
v 0.24512282 -3.24116373 -0.60542714
v -0.72330302 -3.80255413 0.10150846
v 0.91082483 -4.32317876 -0.02817485
v -0.74234831 -3.79727077 0.1051701
v 0.91357195 -4.34462928 -0.00784513
v -0.74640619 -3.7922244 0.09339486
v 0.88551491 -4.3357172 0.01057128
v 0.89641624 -4.35075664 0.01193627
v -0.82059836 -3.69027757 -0.05809711
v -0.44608739 -3.84339237 0.19054466
v 0.90135407 -4.33726501 -0.00691635
v 0.91612249 -4.33704853 -0.02188733
v -0.42473998 -3.83932542 0.18551307
v -0.38070416 -4.39908027 0.14732895
v -0.84290725 -3.60740661 -0.41521686
v -0.84378212 -3.62047529 -0.38177508
v 0.24656641 -3.55344677 -0.88252735
v -0.69630575 -3.34640502 -0.35564217
v 0.8376674 -3.98852253 -0.05593603
v -0.71469205 -3.35568618 -0.38407015
v 0.82148087 -3.91414976 0.00020463
v 0.7688834 -3.78596615 0.11080998
v 0.81482559 -3.91746759 0.01671118
v -0.45386636 -3.44907403 -0.84375399
v 0.82767409 -3.74490428 0.06111491
v -1.02990388 -4.22658395 -0.31719911
v 0.82216292 -3.76490187 0.06312515
v 0.35509103 -3.79889845 0.19097748
v 0.83001261 -3.75504398 0.05911534
v -0.90594387 -4.04299545 -0.57677567
v -0.42921984 -3.85048008 0.1903641
v -0.58272391 -3.73927283 0.14224779
v -0.30030632 -3.83164286 0.19417026
v 0.16824463 -3.78759193 0.23510754
v -0.29473024 -3.8446176 0.19424189
v 0.37453508 -3.49260687 -0.82931172
v -0.49971923 -3.28860044 -0.57684785
v -0.64645725 -3.62039637 0.0117209
v 0.78634011 -3.68140363 -0.00254123
v -0.63387787 -3.61620283 0.02421093
v -0.75751715 -3.89413404 -0.01942392
v -0.63138592 -3.61421895 0.0390337
v -0.75858897 -3.83997035 -0.04754424
v -0.91650313 -4.32648181 0.08285237
v -0.77943825 -3.8606112 -0.06624399
v -0.77284365 -3.89697575 -0.03401534
v -0.70690101 -4.17211198 -0.81191968
v -0.14622449 -3.82081937 0.19152078
v 0.6333636 -3.89483857 0.06846451
v -0.0688261 -3.52883434 -0.84350007
v 0.66805046 -3.85154891 0.05397865
v -0.84451061 -4.26398181 0.0767507
v 0.64989656 -3.87070465 0.06161089
v -0.51698333 -3.47082066 -0.64958941
v -0.88601493 -3.71126961 -0.03383641
v -0.5477218 -3.51235699 -0.68049955
v -0.8868426 -3.71527147 -0.07676863
v -0.56626153 -3.49615573 -0.6465125
v -0.24185125 -3.77330923 -0.90112996
v -0.16865234 -3.90185332 0.12494074
v -1.05858707 -4.22546052 -0.46141934
v 0.11432886 -3.77803564 0.22314906
v -0.84961003 -4.07928848 -0.05819327
v 0.10761199 -3.78833055 0.22319069
v -0.81577903 -4.04858541 -0.04481624
v 0.10993339 -3.7992711 0.21472331
v -0.41991555 -3.45048141 -0.86613261
v 0.11977357 -3.79736518 0.20290365
v -0.430626 -3.45428037 -0.8547315
v 0.28106623 -3.52250433 -0.79490542
v 0.62278968 -3.57350421 -0.75667005
v -0.14765767 -3.86521863 0.20220938
v 0.87575221 -3.67288732 -0.16826582
v -0.06164596 -3.94287109 0.24390527
v -0.39245837 -3.53733205 -0.90543329
v -0.72223949 -3.89967966 -0.80406171
v 0.18511501 -3.7978301 0.23535998
v -0.72542703 -3.91090679 -0.80020868
v -0.48846426 -3.28879761 -0.46022856
v 0.60129821 -3.83834457 0.09504123
v 0.62154585 -3.55570459 -0.72025805
v 0.60421043 -3.83187866 0.09050282
v 0.65535843 -3.55638837 -0.68555337
v -0.97971189 -3.8690567 -0.4908154
v 0.78242492 -3.50484371 -0.40755438
v 0.23418979 -3.874547 0.22824928
v 0.79163175 -3.50812172 -0.38936179
v -0.75435119 -3.67030286 0.0897548
v 0.78794002 -3.53526043 -0.43125641
v -0.76369512 -3.66001176 0.07906797
v 0.4105916 -3.80436205 0.1582957
v 0.77578169 -3.53966903 -0.39533436
v -0.82873773 -3.74349117 0.07822886
v 0.70516866 -3.97862958 -0.66731602
v -0.83088213 -3.73551678 0.06927347
v 0.72937703 -3.86980104 -0.57196956
v 0.71187388 -3.71285915 0.05028387
v 0.77966582 -4.40973758 0.12897917
v -0.96293515 -3.8833549 -0.1611956
v 0.7855972 -3.95668816 -0.72482895
v -0.97190356 -3.90606641 -0.16302219
v 0.78265774 -3.95988035 -0.7414838
v -0.97396248 -3.90031004 -0.16496804
v 0.77216857 -3.9720571 -0.7474966
v -0.96767276 -3.88625049 -0.14595475
v 0.27073642 -3.91619682 -0.9444971
v 0.11541818 -3.8927288 0.21061411
v 0.25873562 -3.92052507 -0.9463225
v 0.65697419 -3.92589187 -0.77561944
v 0.12447019 -3.87604093 0.19225227
v 0.67761403 -3.95519328 -0.77032333
v -0.4744139 -3.54913425 -0.83248508
v -0.50196039 -3.55504345 -0.82337713
v 0.14969708 -3.88432669 0.17484526
v -0.53618174 -3.55350494 -0.83799082
v 0.17278634 -3.87374591 0.16061756
v -0.51563799 -3.55625605 -0.83558529
v 0.8967489 -3.70065426 -0.0359832
v -0.20610368 -3.80615592 0.17202559
v 0.91324549 -3.69985365 -0.06988846
v -0.23628458 -3.79417085 0.16324672
v 0.49520754 -3.80172371 0.11769555
v -0.25866192 -3.78740835 0.15008482
v -0.01843688 -3.29217743 -0.65058749
v -0.23254244 -3.75938415 0.11885981
v -0.07140024 -3.28449583 -0.60621613
v -0.22727417 -3.77055597 0.13078862
v 0.80287611 -3.664577 -0.08960586
v -0.08767893 -3.27549028 -0.60685831
v -0.08792507 -3.26849556 -0.61833727
v 0.79941839 -3.66116738 -0.08030569
v -0.08718445 -3.27591419 -0.63612031
v 0.84476035 -3.63826894 0.01009756
v 0.64722448 -3.92875886 -0.7147358
v 0.83394104 -3.62734365 0.01720882
v 0.61288702 -3.92726302 -0.75129151
v -0.8130598 -4.10205841 -0.74939245
v -0.834046 -3.98438382 -0.02334818
v 0.94241786 -4.10579681 -0.48357659
v -0.01109718 -3.8503704 0.16615824
v 0.60017025 -3.36434841 -0.3698706
v -1.07675588 -4.19300746 -0.42448282
v -0.55982494 -3.75959968 0.12420741
v 0.62584424 -3.74592733 0.09382532
v -0.01013498 -3.86779022 0.16144108
v 0.81876218 -3.59609532 -0.46858683
v -0.80241006 -3.6398108 0.03607222
v 0.82965761 -3.60386729 -0.44265532
v -0.75708556 -3.66910815 0.02078907
v 0.841829 -3.59881925 -0.44678235
v -0.75427681 -3.67842865 0.02850475
v 0.00783447 -3.83540487 0.16955705
v -0.39811271 -3.79008746 -0.88094365
v -0.06670906 -3.88117456 0.22151655
v 0.03367904 -3.29970979 -0.6635468
v -0.77132338 -3.42632126 -0.23183965
v -0.68785864 -3.4661374 -0.61759519
v 0.47255295 -3.22688579 -0.50915193
v -0.75193136 -3.40478563 -0.25094428
v -0.74053025 -3.39705443 -0.25756758
v 0.86042708 -3.50666618 -0.32970061
v -0.75726848 -3.4038012 -0.30743295
v -0.47440725 -3.88302373 0.12020368
v -0.80828368 -3.48605585 -0.4412665
v -0.11825674 -4.18187713 0.13961415
v 0.77141696 -3.6648724 0.01925868
v -0.85238224 -3.7225542 0.03556713
v -0.15556353 -4.39887952 0.17898277
v -0.60523676 -3.87991929 -0.75880366
v -0.14083494 -4.41168594 0.17434921
v 0.28963545 -3.54933285 -0.92928981
v -0.14370197 -4.41224861 0.16677564
v 0.30901873 -3.54856681 -0.93186813
v -0.90784323 -4.23543644 0.07966772
v 0.77311664 -3.56994986 -0.03634347
v -0.93473225 -4.21566486 0.05581849
v -0.96006727 -4.25336742 0.04730232
v 0.77740514 -3.5459938 -0.02572176
v 0.77893298 -3.55432891 -0.05302727
v -0.04513928 -3.60612702 -0.82312881
v 0.78745842 -3.53852367 -0.08693909
v -0.8199709 -3.51704764 -0.14073154
v 0.22995729 -3.65010333 -0.88311612
v -0.70696806 -3.77721953 0.13239532
v 0.64126437 -3.77606105 0.17814
v -0.76308143 -3.79494166 0.12938173
v 0.44697365 -3.89819264 0.19563996
v 0.83329939 -3.57059764 -0.48400154
v 0.67091202 -3.5365951 -0.64688122
v 0.11687591 -4.4789915 0.20014078
v -0.7935822 -3.72546434 0.00644546
v -0.16893784 -3.83968663 0.18243813
v 0.69454443 -3.40700006 -0.5651164
v -0.10140606 -3.83581757 0.15907993
v 0.73633211 -3.60646629 -0.02365944
v 0.2252303 -4.08237886 0.09825856
v 0.37334588 -3.618438 -0.8193531
v -0.76292377 -3.78623127 0.0989326
v 0.01591274 -3.5720582 -0.87229323
v 0.2818796 -3.89660096 0.21879918
v 0.4582861 -3.81947946 0.12221127
v 0.37512406 -3.54127144 -0.83224427
v 0.3557136 -3.54395651 -0.85396236
v 0.15059316 -3.92289876 0.21160027
v 0.17940777 -3.8894608 0.23403361
v 0.33599257 -3.54977083 -0.83495962
v 0.15899857 -3.90511775 0.23381316
v 0.34604093 -3.54024457 -0.82707589
v 0.18103553 -3.90829372 0.21811255
v 0.37226656 -3.53864359 -0.8224256
v -0.2389768 -3.26950573 -0.707726
v -0.54238855 -3.83182287 0.11376634
v -0.2049945 -3.28592658 -0.72453862
v 0.54053354 -3.75901579 0.06065318
v 0.10833434 -3.82131457 0.22266516
v -1.03245699 -4.15528011 -0.55401527
v -0.30496504 -3.77880859 0.15156853
v 0.8793773 -4.3654437 0.05593115
v 0.62166607 -3.4816358 -0.7635411
v 0.89146482 -4.3629961 0.03661218
v 0.88310194 -4.36780548 0.03880088
v -0.74422538 -3.77193355 0.07207526
v -0.75734317 -3.78431129 0.08506765
v 0.13448421 -3.79182553 0.11018841
v -0.26981899 -4.37840604 0.13764017
v 0.09989215 -3.82770562 0.10240347
v -0.24198846 -4.31982469 0.14103964
v 0.01334098 -3.86481976 -0.86188703
v 0.38807573 -3.4728856 -0.84004986
v 0.48802509 -3.89625406 0.18203134
v 1.01065111 -4.09658908 -0.37668925
v 0.13122901 -4.25459194 0.18978588
v 1.03414928 -4.13019514 -0.37484678
v 0.19370412 -4.35972833 0.21053865
v -0.85737919 -3.79197835 -0.630719
v -0.28609797 -3.9324212 -0.97070515
v -0.58763521 -3.79283618 0.08311456
v -0.884606 -4.22647333 -0.70040696
v -0.5854873 -3.7861762 0.08350935
v 0.56404745 -3.90997695 -0.78130453
v 0.0598774 -3.57096338 -0.85493016
v -0.78845495 -3.55991315 -0.58258467
v 0.4446474 -4.32942104 0.18647249
v 0.68471604 -3.81666374 0.1450283
v -0.98467588 -3.84514308 -0.45331317
v 0.25554066 -4.49367332 0.19848844
v -0.71514225 -4.20962476 -0.85394066
v 0.84343594 -3.69964575 -0.13610141
v 0.21023526 -3.85839152 0.21935311
v 0.8310436 -3.71581268 -0.07224862
v -0.54665553 -3.86746001 0.14980776
v 0.83042287 -3.71025919 -0.10005289
v 0.69847405 -3.81481051 0.11230833
v 0.29933434 -3.8628261 0.22627151
v 0.72359716 -3.79938268 0.12652689
v 0.49050474 -3.26239204 -0.6155399
v 0.72059691 -3.80438208 0.12275294
v 0.50565779 -3.26521205 -0.59997224
v -0.97302168 -4.28012847 0.04000289
v -0.7162221 -4.28118991 0.14046809
v -0.96096241 -4.22734499 0.03731605
v -0.66156929 -3.80448198 0.17876888
v 0.66463077 -3.61355137 0.09581536
v 0.29742625 -3.7977786 0.16874726
v -0.91713446 -3.66927194 -0.14876106
v 0.21315436 -3.79969453 0.17634859
v -0.91498851 -3.66549396 -0.16477389
v 0.26335117 -3.79341554 0.17852565
v -0.9073717 -3.66297864 -0.18168513
v 0.62727642 -3.83008456 -0.70576882
v -0.91240489 -3.65526819 -0.19167104
v 0.78054475 -3.9200356 -0.01613123
v -0.82938242 -3.50849342 -0.33965414
v 0.16397862 -3.57236623 -0.90715968
v 0.43995791 -3.84285283 0.21059851
v 0.41762253 -3.84040737 0.21349327
v -0.70968663 -3.83143329 -0.72152197
v 0.3817898 -3.24559235 -0.65130686
v -0.40389806 -3.80993199 -0.88538187
v 0.39803129 -3.245826 -0.66204977
v -0.62561118 -3.72347927 0.15624392
v -0.22595715 -3.46231889 -0.90729337
v -0.60293942 -3.73601698 0.16461606
v -0.87072116 -4.208745 -0.72088277
v -0.17471732 -3.46376037 -0.91077071
v 0.18767137 -3.48484277 -0.85996729
v -0.78215491 -4.00614118 0.03177011
v 0.13724446 -3.52344942 -0.84519958
v -0.98677563 -3.87857794 -0.47339716
v 0.11550015 -3.51485967 -0.85121649
v 0.11586897 -3.52163052 -0.84471154
v -0.97456753 -3.84928989 -0.48532062
v 0.09459886 -3.520792 -0.84043848
v -0.28839179 -3.24384307 -0.53470957
v 0.09135363 -3.55302381 -0.89410275
v -0.07268837 -3.57052016 -0.85542827
v 0.60540211 -4.0051651 0.17313498
v -0.72677123 -3.50009489 -0.009152
v 0.44885888 -4.38128995 0.19593757
v -0.71446746 -3.49100184 -0.02038892
v 0.55184537 -3.83131694 0.19871719
v -0.71254253 -3.47801208 -0.03726044
v 0.64944458 -3.87319445 -0.89285987
v 0.42802697 -3.82173061 -0.9600436
v 0.63816541 -3.91819191 -0.90492665
v 0.6189937 -3.50268578 -0.73751473
v 0.22964437 -3.56093621 -0.90554952
v 0.52698326 -3.82173919 0.20034445
v 0.23025777 -3.5589199 -0.91868048
v 0.73152792 -4.08225154 0.07205274
v 0.54881155 -3.85990572 0.11311064
v -0.55762887 -3.79085302 0.11421987
v 0.69911795 -4.00823211 0.0801875
v -0.8442983 -3.62441897 -0.29810643
v 0.83976233 -3.75433921 0.03704414
v 0.76947337 -4.18524265 -0.84228104
v 0.82289934 -3.76311683 0.02929777
v -0.17788633 -4.05566835 0.1960071
v -0.83115112 -4.2023797 0.0646606
v -0.62910902 -3.3034861 -0.49169421
v 0.56749326 -3.6982131 -0.85449075
v -0.61299747 -3.29463863 -0.49207896
v 0.49455231 -3.6578567 -0.8778541
v -0.87070357 -3.99441623 -0.56008398
v 0.43381434 -3.66037392 -0.90591794
v 0.28663134 -3.66517376 -0.88125526
v 0.90435999 -4.24907398 -0.00262114
v 0.56875896 -3.89389181 -0.90765094
v -0.66220736 -3.78526663 0.0983352
v 0.55563187 -3.89025473 -0.90451884
v 1.03915476 -3.91273808 -0.2756915
v 0.54200154 -3.88161301 -0.9049474
v -0.10696722 -3.83249378 0.09265009
v 0.5585612 -3.87479615 -0.91286617
v -0.11510392 -3.88656306 0.09086583
v 0.55691468 -3.88670754 -0.91065239
v -0.72631025 -3.6829772 0.05090916
v 0.78806698 -3.51693916 -0.40725249
v -0.72312462 -3.68219232 0.06039822
v 0.67801904 -3.60235023 0.08623785
v -0.63579201 -3.57880783 0.08492698
v -0.73561447 -3.68098306 0.0431275
v -0.63285613 -3.58811211 0.0711611
v 1.04155802 -4.25831747 -0.2129258
v -0.79638272 -3.61478424 -0.33400544
v 1.01962304 -4.25852966 -0.17368081
v -0.79036766 -3.61100983 -0.33350238
v 0.66157954 -3.98545002 0.04820349
v -0.56014233 -3.89863896 -0.82055497
v 0.87482523 -3.59505868 -0.0611881
v 0.31594792 -3.27253556 -0.64988619
v 0.87346881 -3.82525539 0.02156045
v 0.49186372 -3.44040513 -0.82042282
v -0.17970195 -3.86824464 0.23079559
v 0.49325975 -3.43783283 -0.83228546
v -0.1280304 -3.56841182 -0.89422661
v 0.59954327 -3.73789715 0.11898299
v -0.57742154 -3.53959274 -0.83041816
v 0.10954831 -3.87711525 -0.98370915
v -0.8811835 -3.8250637 -0.24720509
v 0.20281104 -3.46221184 -0.75626224
v 0.28318309 -3.45541334 -0.75236827
v -0.38419446 -3.79605794 0.17977529
v -0.39622187 -3.80015659 0.18592663
v -0.45764574 -4.15358352 -0.83479231
v -0.43562352 -4.08058023 -0.80671095
v -0.6288464 -3.66551733 -0.701496
v -0.3876326 -4.07837486 -0.82080131
v 0.80001115 -4.01561355 -0.5351262
v 0.12943849 -3.89705753 0.17987494
v -0.32927072 -4.01483488 0.16970646
v 0.12401914 -3.90884351 0.16862064
v -0.4335429 -3.73167586 0.13426527
v 0.1149202 -3.90924334 0.17932039
v 0.78162682 -4.20074272 0.04310516
v 0.34619674 -3.89799261 -0.96372014
v 0.3686358 -3.90082931 -0.93993908
v -0.79542541 -3.71368765 -0.08259247
v 0.36675623 -3.90992307 -0.94643187
v 0.88845741 -3.56789207 -0.13562664
v -0.47168377 -3.26154708 -0.60643994
v 0.11605691 -4.397583 0.20831245
v 0.20970429 -3.92176151 0.18039867
v 0.12188347 -4.44440078 0.20885133
v 0.82554286 -3.9437952 -0.53843623
v 0.09578139 -4.4601345 0.20398326
v -0.70068931 -3.37290191 -0.51201689
v 0.10362847 -4.47876548 0.19529596
v 0.95222473 -4.20805406 -0.09470091
v 0.76752603 -3.78579306 0.09560831
v 0.99315673 -4.21634769 -0.14098806
v -0.18044453 -3.52170991 -0.84099602
v -0.81008446 -3.68017458 -0.41171199
v 0.89117682 -3.88053917 -0.49938964
v -0.16462883 -3.79944849 0.22314474
v 0.90375763 -3.89336133 -0.49615332
v 1.04416787 -4.23949813 -0.40059521
v -0.741032 -4.41399478 0.09987832
v -0.50530105 -4.42445802 0.12861932
v 0.72107422 -3.84606337 0.03000131
v -0.67645728 -4.06638908 0.10654158
v 0.73956072 -3.84863901 0.01480813
v -0.89571237 -3.62450027 -0.27278506
v 0.75628346 -3.84817171 -0.00594696
v -0.9038285 -3.63658881 -0.24279196
v 0.74080991 -3.48647713 -0.25473219
v -0.22302343 -3.53929901 -0.84515261
v -0.24709129 -3.5320878 -0.85864889
v -0.0072303 -3.66236114 -0.90125066
v -0.22663489 -3.54752945 -0.85003268
v -0.01865855 -3.64378905 -0.89649254
v 0.75176364 -3.56167435 -0.41712009
v -0.03442384 -3.62700629 -0.89236223
v -0.55242896 -3.88508415 0.11629016
v 0.84120559 -3.85102772 0.06064301
v 0.29484289 -4.20343065 -0.91440314
v 0.58561694 -3.62190389 0.08530003
v 0.22462096 -4.16631841 -0.91963177
v 0.65044486 -3.62629365 0.04064815
v 0.22365841 -4.22617483 -0.90788686
v -1.03401279 -4.13085031 -0.29610997
v -0.73815649 -3.49315166 -0.25570458
v -0.76963216 -3.91719722 -0.76843708
v 0.62635886 -4.09545278 -0.90302693
v -0.78487271 -3.91989755 -0.75282388
v 0.86363017 -3.8088901 -0.48760312
v 0.20309004 -3.90583109 0.21660204
v 0.04219635 -3.94384908 0.18893761
v 0.20412713 -3.91411614 0.2117424
v 0.35470876 -3.79665708 0.12218939
v 0.85880744 -3.68856763 -0.15808525
v 0.81042528 -3.66659522 -0.04828484
v 0.84611684 -3.69059491 -0.15764737
v 0.85149633 -3.69316721 -0.15749752
v 0.18430979 -3.78024959 -0.87127572
v 0.86467969 -3.69249725 -0.14397941
v 0.52160561 -3.77426672 -0.86610478
v -0.99953639 -4.23206186 -0.25454253
v 0.55284595 -3.79051017 -0.86536353
v -0.99440324 -4.24768686 -0.23949071
v 0.57925319 -3.34983515 -0.39578869
v 0.03184376 -3.77083945 0.25979927
v 0.50170218 -3.29953408 -0.45614954
v 0.07707032 -3.93616414 0.1584426
v 0.49859446 -3.34946775 -0.51603567
v 0.52762293 -3.92721509 0.09863144
v -0.54896712 -3.84158015 0.11342263
v 0.88604962 -3.66754579 -0.1876081
v 0.80263567 -4.41458463 0.11564226
v -0.37974828 -3.32881569 -0.75822782
v -0.06773218 -3.90723419 0.21438531
v 0.49422502 -3.77698421 0.14585763
v -0.21371024 -3.55700922 -0.92766672
v -0.85167825 -3.74477553 -0.02072423
v -0.36891084 -4.27508592 -0.88114517
v -0.85174816 -3.74932479 0.00172662
v -0.75384819 -3.4595313 -0.14755722
v -0.47068053 -4.14055967 -0.86549413
v 0.18441049 -4.4932661 0.18956762
v 0.80482548 -3.92597293 -0.66223144
v 0.2101185 -4.49385404 0.19188535
v 0.80893111 -3.9159286 -0.67554867
v -0.06317905 -4.30350685 0.16535075
v 0.22425249 -4.50249958 0.204269
v 0.22489932 -4.50305271 0.19778038
v 0.01476496 -4.34725952 0.17186746
v 0.66317439 -3.94021153 0.14424181
v 0.11241846 -4.46321487 0.18248318
v -0.98212021 -4.2838664 -0.15330193
v 0.59968137 -3.29782009 -0.50726199
v -0.27967962 -4.29078769 -0.86917436
v 0.58323049 -3.29190969 -0.52430373
v -0.27298548 -4.30769109 -0.86820119
v 0.40113443 -3.24452471 -0.64648699
v 0.4227612 -4.1254692 -0.90137898
v 0.41631221 -3.24560117 -0.63857483
v 0.39712494 -4.08387327 -0.89335137
v 0.15635506 -3.80476355 0.24768249
v -0.84104526 -4.02770614 -0.08850609
v -0.3178502 -3.22500014 -0.54954457
v -0.96411323 -4.05069732 -0.37341746
v -0.12238534 -3.96397304 -0.98936605
v -0.28735768 -3.22844314 -0.5544101
v -0.11498788 -3.97422432 -0.97860455
v -0.37685775 -4.04719352 0.08900091
v 0.38017809 -4.21491336 -0.8945508
v -0.6464492 -3.31080532 -0.43228554
v 0.8029049 -3.49823665 -0.11271709
v -0.6912626 -3.33568596 -0.403566
v 0.79167389 -3.50078964 -0.10371897
v -0.66277682 -3.3188405 -0.41644603
v -0.25694245 -3.24073362 -0.56946182
v -0.67903864 -3.32917547 -0.38692385
v 0.16178555 -3.81846523 0.19938436
v 0.62591499 -3.82706236 0.08418158
v -0.74364596 -3.55282878 -0.59296786
v 0.1434129 -3.84064865 0.18535262
v 0.24028226 -4.27475976 -0.88094711
v -0.614012 -3.93758821 0.19509261
v 0.52518928 -3.8261559 -0.79153233
v -0.5373221 -3.92611098 0.19799216
v -0.91563236 -3.69339013 -0.10460187
v -0.61575925 -3.82421422 0.00962761
v -0.91588163 -3.6892178 -0.12542828
v -1.04063224 -4.14893341 -0.42439082
v 0.61522042 -3.84718394 -0.79007071
v 0.79722154 -3.68827104 -0.14621169
v -0.32988804 -4.23513126 -0.93910449
v 0.84804576 -3.74469518 -0.28588607
v 0.58848267 -3.60402083 -0.69813603
v 0.83785593 -3.76650142 -0.17076852
v 0.70943892 -3.52401566 -0.01280721
v 0.85256797 -3.79464626 -0.20005296
v 0.68098747 -3.71235537 0.08320035
v -0.25781828 -4.31222629 -0.86686718
v 0.1034151 -3.86709666 0.10528573
v 0.8521735 -3.896703 -0.5731402
v 0.66448503 -3.71868443 0.02377189
v 0.43508723 -3.26816105 -0.68316763
v 0.64341181 -3.75813698 0.03560405
v 0.84541136 -3.59232044 -0.13608962
v 0.33364146 -3.55004096 -0.85970997
v -0.12421642 -3.57293462 -0.90491533
v 0.37621563 -3.54105901 -0.84924638
v 0.65400463 -3.52948498 -0.53015333
v -0.27403134 -3.92955565 -0.95654332
v -0.99084234 -3.8519988 -0.27949065
v -0.25779482 -3.94515967 -0.96482724
v -0.17848222 -3.88100242 0.22773298
v -0.09059187 -3.3545289 -0.77324032
v -0.19848538 -3.89251661 0.20780509
v 0.44692376 -3.9042654 0.21124219
v -0.18624073 -3.88171291 0.21778056
v -0.6751396 -4.00940752 -0.7501074
v -0.19176974 -3.88458681 0.20976659
v 0.80003142 -3.55023479 -0.32211178
v -0.89621311 -3.64652013 -0.24307847
v 0.81088244 -3.52803254 -0.33061903
v -0.02769224 -3.69376754 -0.8738318
v 0.8022412 -3.53509521 -0.34995636
v -0.7123481 -3.68302345 0.10533866
v 0.76169121 -3.50332784 -0.46261513
v 0.75801944 -3.50548696 -0.47615993
v -0.71211707 -3.68252134 0.11696554
v 0.80661433 -3.77526164 -0.03819444
v -0.72405618 -3.67929124 0.11025325
v -0.47823494 -3.70546174 0.13238304
v -0.76674276 -3.70858168 0.10106404
v -0.47737753 -3.71310949 0.14233744
v -0.5063228 -3.71011447 0.143537
v -0.18223461 -3.8572216 0.16788357
v 0.44446134 -3.21598649 -0.53419554
v -0.46111875 -3.72605514 0.14643469
v 0.44621652 -3.20964574 -0.52027028
v -0.43626454 -3.50541281 -0.83242172
v -0.24432781 -3.91849613 0.17747217
v -0.49781936 -3.87478494 0.19544656
v -0.66417032 -3.84878087 0.14697143
v 0.77819812 -3.78185701 0.05008979
v -0.57772386 -3.68690514 0.02428402
v 0.77762359 -3.77518463 0.04430437
v -0.60321909 -3.6620109 0.0233711
v 0.78851008 -3.78014254 0.04881791
v 0.7417804 -4.24622488 -0.85182893
v -0.77124995 -3.99967408 -0.01954398
v 0.72998642 -4.24216079 -0.83836495
v -0.75295329 -4.022511 -0.00147946
v 0.14235229 -3.77532649 0.22408467
v 0.17966002 -3.50745868 -0.87056887
v -0.14435237 -3.53083801 -0.84156435
v -0.39287611 -3.93073844 0.12005998
v -0.32403472 -4.28304386 -0.92577058
v -0.05156189 -3.29882884 -0.6801474
v -0.4270938 -3.38725352 -0.72883743
v 0.16047969 -3.47289419 -0.90879017
v -0.83403295 -4.22365903 -0.77726686
v 0.35428017 -3.83168363 -0.97907555
v 0.77916181 -3.65692353 0.07627273
v 0.30173894 -3.83106613 -0.98341578
v 0.75451076 -3.55134201 -0.394921
v -0.90424555 -3.69221305 -0.07734027
v -0.01022094 -3.87333273 0.13773579
v -0.47341653 -3.81938505 -0.8406561
v -0.74512279 -3.74274134 0.10012827
v -0.98122537 -4.19094038 -0.08652596
v -0.737154 -3.55939912 -0.47232517
v -0.75004673 -3.55906319 -0.48371654
v 0.15704311 -3.91534972 0.22095967
v 0.14547592 -3.91618394 0.23133654
v -0.76683759 -3.57117199 -0.48323744
v 0.11652314 -3.93669796 0.2312662
v 0.34868395 -4.46484184 0.22947609
v -0.50773942 -3.88587355 0.1794326
v 0.69473838 -3.81759023 0.14095974
v -0.20246121 -3.55960345 -0.88741046
v 0.68124169 -3.83419156 0.14921793
v 0.75817471 -3.98693633 -0.68129837
v -0.84029638 -4.01252365 -0.63355904
v 0.22888277 -4.12069749 -0.9205687
v 0.67936831 -3.52671766 0.00896358
v 0.67021793 -3.53806018 0.01311674
v -0.98898953 -4.15641021 -0.18473883
v -0.27014213 -3.98523592 0.16117112
v 0.06819646 -3.57902526 -0.94168537
v 0.82829415 -4.10420036 -0.00371538
v -0.68930596 -4.02411317 0.17561234
v 0.78439068 -4.08033132 0.03704914
v -0.07049112 -3.78479862 0.25946968
v 0.66345715 -3.53898716 0.05251088
v -1.04331362 -4.1810956 -0.55022007
v -0.12694628 -3.80719494 0.17643639
v -0.7578147 -3.42933917 -0.18148493
v -0.01776548 -4.1556549 -0.85328668
v 0.41800698 -3.85444831 -0.96132034
v 0.56155693 -3.44278407 -0.79652059
v 0.42605373 -3.78719759 0.1705165
v 0.53895533 -3.44122266 -0.80859738
v 0.39741081 -3.79256296 0.17091625
v -0.78532803 -3.50164532 -0.06641617
v 0.18591049 -3.8853929 -0.87588119
v -0.71223932 -3.6893785 -0.05304606
v 0.23472301 -3.91938662 -0.88027286
v -0.71684485 -3.65820431 -0.06329123
v 0.26640808 -3.8632617 -0.86828506
v -0.93624848 -4.11817741 -0.15596205
v -0.75567144 -3.53732347 -0.47280734
v -0.01872042 -3.29663085 -0.68364024
v -0.55098915 -3.85336732 0.14405117
v 0.63428688 -3.78629159 -0.81223744
v -0.5508365 -3.84428978 0.13854861
v 0.38365793 -3.50874757 -0.81000411
v -0.55932986 -3.84693479 0.12626281
v 0.81084221 -3.83479952 -0.16754508
v -0.10361645 -3.72340226 -0.88690245
v 0.78545463 -3.84323382 -0.06594229
v -0.7908616 -3.53213834 -0.04800224
v 0.79824692 -3.84331512 -0.11176368
v 0.86923557 -4.18097353 -0.53467416
v 0.41120159 -3.88204813 0.12518024
v 0.78929549 -3.94789838 -0.71104401
v 0.42685931 -3.88262462 0.13116967
v -0.81061887 -3.62700772 -0.06419316
v 0.42428207 -3.87037563 0.14944738
v -0.79962855 -3.64841938 -0.03759588
v 0.69380974 -4.23772811 -0.89589798
v -0.8097704 -3.6353414 -0.04016523
v 0.47674694 -4.0395317 0.20431453
v -0.80409967 -3.63946962 -0.04916131
v 0.50443404 -4.04033279 0.19469183
v -0.22420123 -3.78817892 -0.91338825
v -0.21070654 -3.51178431 -0.82481962
v -0.26625108 -3.78259754 -0.90552794
v 0.53168559 -4.00921869 0.17578639
v -0.72319555 -3.44475936 -0.16181668
v 0.53597378 -4.0259304 0.18408517
v 0.14798308 -3.89458513 0.24675166
v 0.83317977 -4.14525127 -0.65677905
v 0.83763665 -4.10368537 -0.62638032
v -0.45505994 -3.97008276 -0.82002574
v -0.1836546 -3.76934909 0.12810052
v -0.54801207 -3.97420668 -0.8213886
v -0.20986546 -3.52585697 -0.87418055
v 0.9729864 -3.82008338 -0.29506239
v 0.75199008 -4.00111532 -0.80444097
v -0.02359334 -3.42896461 -0.83825355
v 0.74908256 -4.00445604 -0.82137125
v -0.59205353 -3.32402586 -0.36343485
v -0.3503555 -3.55651402 -0.88568776
v -0.59751421 -3.30764746 -0.34906515
v 0.77210009 -3.66264009 -0.01306659
v 0.68374413 -3.70197677 0.13442322
v -0.8074032 -3.88136887 -0.72660428
v -0.80703198 -3.55879783 -0.55555254
v 0.69052296 -3.69747495 0.12424796
v 0.69385457 -3.98104429 -0.89039397
v 0.67884701 -3.71179533 0.14085067
v 0.0235075 -3.96957325 0.13735766
v 0.66941887 -3.70855593 0.13728763
v 0.65954798 -3.71631145 0.14610309
v 0.39371097 -4.3740797 0.21918247
v 0.6446166 -3.72008919 0.14740313
v -0.68791937 -3.57354116 -0.02408636
v -0.72283452 -3.47130012 -0.56247609
v 0.50171172 -3.25847435 -0.51360172
v -0.74290657 -3.49375367 -0.52812254
v -0.7360565 -3.49527072 -0.54902964
v 0.71061492 -3.80969548 0.09444917
v 0.73287284 -3.7992177 0.07775344
v -0.75031209 -3.48040175 -0.53694003
v 0.74506211 -3.79655981 0.08169109
v -0.72842317 -3.48139715 -0.54988431
v 0.72961151 -3.80412721 0.08645672
v -0.79685354 -3.64806103 0.04678743
v -0.82650315 -3.5882523 -0.30855864
v -0.78886997 -3.64782667 0.03923916
v -0.80942899 -3.54973077 -0.30827385
v -0.77848482 -3.65469002 0.03129082
v -0.76787543 -3.673141 -0.67014932
v -0.76567637 -3.66174984 0.01443394
v -0.79165881 -3.66702842 -0.63386762
v 0.22393579 -4.27442312 -0.88335275
v -0.44230788 -4.2268877 -0.89778673
v -0.21769556 -3.87357854 0.14929536
v 0.67443543 -3.46087598 -0.13570293
v -0.42275241 -4.25629425 -0.89795756
v 0.68217682 -3.44230175 -0.10452976
v -0.42302978 -4.24134922 -0.91198742
v 0.67403173 -3.44631195 -0.132079
v -0.43451696 -4.24163818 -0.89799726
v 0.67722564 -3.42993712 -0.13349086
v 0.88431555 -3.99605917 -0.25319603
v 0.73565375 -3.56069183 -0.59708243
v 0.52524322 -3.36394858 -0.72831958
v 0.53765082 -3.29326081 -0.41201642
v -0.38423866 -4.24329423 -0.93484056
v 0.74469476 -3.47065639 -0.57173377
v -0.95517784 -3.86863017 -0.09603855
v 0.75581157 -3.47254443 -0.57038867
v 0.51827228 -3.50607538 -0.6906858
v -0.96029865 -3.88343811 -0.10132505
v -0.67004829 -3.66679 0.10300756
v -0.95940214 -3.86462426 -0.12092083
v 0.56409829 -3.90499281 0.18868567
v 0.85478436 -4.3801527 0.06425073
v 0.94192737 -3.87634563 -0.0697102
v -0.83057475 -3.84070658 -0.342271
v 0.01237363 -4.01283979 -0.88682925
v 0.21316497 -4.30156993 0.20182579
v -0.1576097 -3.84996557 0.15202474
v 0.27280664 -3.25888061 -0.67812943
v -0.05033507 -4.42848968 0.18906933
v 0.85277301 -3.95816969 0.07528163
v -0.6683653 -3.73660087 0.0613115
v 0.44142574 -3.79941344 0.14941176
v -0.66007363 -3.74557542 0.05354159
v 0.87420582 -4.09857654 -0.08565239
v -0.26519936 -3.50064539 -0.81075751
v 0.46988081 -4.26025533 0.16201353
v -0.77715748 -3.57803201 -0.4778414
v 0.50639408 -4.19864797 0.14324933
v -0.56594079 -3.85285615 0.19395393
v -0.59994751 -3.97136521 0.1972119
v 0.90539169 -4.19027185 -0.49922254
v -0.67695736 -4.00596904 0.19453172
v 0.13656085 -3.25903081 -0.60851001
v 0.8630833 -3.95622682 0.07027579
v -0.39870339 -3.77419114 0.12911868
v 0.89318615 -3.94023919 0.03996293
v -0.40209412 -3.78977513 0.12909169
v 0.94107687 -3.91285133 -0.02551444
v 1.04302823 -4.21919965 -0.34987416
v 0.92591273 -3.92305374 -0.00266786
v 0.93178248 -3.91348195 -0.01944052
v 0.40639489 -3.50535106 -0.83858138
v 0.92244094 -3.88685512 -0.03522181
v -0.20245945 -4.22363042 -0.86491727
v 0.80160313 -3.879992 -0.6229158
v 0.74818372 -3.63387298 -0.02397569
v 0.28928965 -4.06198215 -0.86832559
v 0.42831164 -3.75148677 -0.94522219
v -0.49469691 -3.65743851 -0.85949671
v -0.0760089 -3.91664552 0.13598112
v -0.45394444 -3.64782548 -0.87416172
v -0.04747191 -3.83343195 0.24377653
v -0.82437199 -3.63155818 -0.40139555
v -0.26702699 -3.91936326 0.07187159
v 0.8141911 -4.17417621 -0.00528016
v -0.20509637 -3.3124268 -0.7101345
v 0.49744975 -3.94674444 0.14027829
v 0.73134833 -3.78938961 -0.6305927
v 0.51662337 -3.77570605 0.12588937
v -0.7619577 -4.33327388 0.13107436
v 0.74662315 -3.80176067 -0.61628341
v -0.67271167 -3.90899276 0.09580356
v 0.85087281 -3.64209508 -0.32210582
v -0.70182031 -3.55517911 -0.67981159
v 0.31551513 -3.28842616 -0.73684471
v -0.91318225 -4.00830507 0.11669433
v 0.76702874 -3.78899145 0.06950058
v 0.04466551 -3.48845291 -0.8102265
v 0.70052552 -4.12864589 0.09756261
v 0.77774632 -3.785218 0.06034185
v 0.32103514 -3.80381894 0.14464004
v 0.40903475 -3.95031046 -0.85312974
v 0.84059321 -3.74430251 0.04742495
v 0.5672217 -3.9720726 -0.85333317
v 0.44496578 -3.94182229 -0.84856021
v -0.21296034 -3.41909933 -0.80483931
v 0.56782364 -4.01107931 -0.86904835
v 0.83216494 -3.58019447 -0.48314896
v 0.71159339 -3.98095297 0.07425754
v 0.84057432 -3.56908845 -0.47067034
v 0.42597958 -3.89228701 0.13852606
v 0.17343826 -3.28365516 -0.60881489
v 0.75531977 -3.69476127 -0.00655992
v 1.05008554 -4.25625991 -0.37953984
v 0.75377994 -3.70102477 -0.01507197
v -0.18873247 -4.21756458 -0.90982711
v -0.15621671 -4.19520425 -0.90465593
v 0.76032501 -4.24325084 -0.78714263
v 0.05342791 -3.6291182 -0.94036233
v 0.769526 -4.25074338 -0.78882694
v 0.76324808 -4.25028991 -0.79219073
v -0.09229576 -3.81275796 0.21177783
v 0.75957572 -4.25067424 -0.80466574
v -0.09991402 -3.80230474 0.20152637
v -0.09372437 -3.8011105 0.20584814
v 0.70284307 -3.55519747 0.04129119
v -0.10115729 -3.79945397 0.21153795
v -0.19497306 -4.04888057 0.18695993
v -0.12737192 -3.29187631 -0.60054248
v 0.12518149 -3.5560956 -0.86506891
v -0.04644634 -3.92490863 -0.95200902
v 0.12273227 -3.55559396 -0.85398042
v 0.02777646 -3.87839031 -0.9440819
v 0.12399911 -3.54863905 -0.84545445
v 0.0234196 -3.61373901 -0.87477004
v -0.83186537 -3.62154221 -0.0400793
v -0.29391303 -3.86280226 0.19596436
v -0.35043746 -3.77235579 0.14295382
v -0.00778459 -3.93936395 0.23537512
v 0.3347021 -3.25000047 -0.66828823
v -0.00598247 -3.94456052 0.22413356
v 0.6825996 -4.0828166 0.05069658
v 0.31886923 -4.22893714 -0.90043193
v 0.48415061 -3.88629341 0.14527332
v 0.36192688 -4.22361898 -0.89217656
v 0.78608328 -3.49992609 -0.40823939
v -0.73916208 -3.38464736 -0.30370348
v 0.77919906 -3.50428819 -0.41984441
v -0.14705769 -4.10712242 -0.89061814
v -0.72419953 -3.37401008 -0.30324953
v -0.73923391 -3.38177418 -0.32521396
v 0.92648381 -4.14610242 -0.51942902
v 0.76090478 -3.42816114 -0.22887128
v 0.24036851 -3.91693162 0.16711682
v -0.39980536 -4.19492101 -0.87817925
v 0.67821371 -3.80383729 0.08268748
v -0.40451842 -3.81916499 0.18728651
v 0.65171933 -3.81632185 0.07281702
v 0.66547143 -3.81156444 0.06999932
v 0.31427547 -3.4121015 -0.84740907
v 0.69867086 -3.79355359 0.0703285
v -0.77533954 -3.77773165 0.03776329
v 0.68872481 -3.79955339 0.08332301
v -0.14778047 -3.51978731 -0.86112785
v -0.92598694 -3.99202799 0.096081
v -0.17117334 -3.81930971 0.1700637
v 1.06991517 -4.1890645 -0.28550094
v -0.90787029 -3.63603425 -0.19789828
v 0.65239787 -3.4530487 -0.70784074
v -0.87252956 -3.56750226 -0.16295026
v -0.44612157 -3.72682976 0.14426228
v -0.86360079 -3.57020616 -0.16253112
v 0.80025601 -3.46856594 -0.16460615
v 0.12392466 -3.47264075 -0.87582767
v 0.54549288 -3.84995794 0.17286355
v 0.86658924 -3.85855913 -0.19973805
v -0.78474813 -3.4529469 -0.38912591
v -0.84150785 -3.59682202 -0.45347565
v -0.06360158 -3.82780909 -0.98388218
v 0.78545367 -3.92094135 0.04782305
v 0.05565048 -4.28943252 -0.83366143
v 0.84824657 -3.5811429 -0.16789013
v 0.8548752 -3.57384681 -0.16667142
v 0.05974114 -3.54918479 -0.84893202
v -0.14868894 -3.86970901 0.13637475
v 0.05061572 -3.56099081 -0.85103559
v -0.18197989 -3.86913585 0.14743375
v 0.04979189 -3.55053806 -0.84581553
v 0.71715772 -3.66247749 -0.6906045
v -0.8614161 -4.22471618 0.09880008
v 0.6589322 -3.56743121 -0.71528357
v 0.02693864 -3.50604796 -0.89800286
v 0.68056458 -3.62129545 -0.71409732
v -0.45573025 -3.85492754 -0.90726161
v -0.04282302 -3.85571169 0.24570711
v 0.87138086 -3.77948904 0.0049126
v -0.06062489 -3.91737198 0.164332
v -0.55927425 -3.84820985 0.13634923
v -0.7192617 -3.49460959 -0.64038437
v 0.44411435 -3.88620734 0.08774855
v 0.89889341 -3.65608024 -0.21871246
v 0.71730506 -3.56862711 -0.24120551
v 0.87327373 -3.63567686 -0.25616788
v -1.00016963 -3.87054681 -0.30959007
v 0.86326754 -3.6293559 -0.25449734
v -1.00409531 -3.88068628 -0.33365792
v -0.21569077 -3.5338397 -0.86062765
v -0.99461668 -3.86820864 -0.34040483
v 0.42903047 -3.68341517 0.10481716
v -0.98899376 -3.85166478 -0.3629387
v -0.77459228 -4.24206352 -0.83420276
v 0.17987015 -3.48630523 -0.86359131
v -0.91524404 -3.67945694 -0.1229982
v 0.44246041 -3.45553374 -0.80904346
v -0.91760957 -3.69134378 -0.11555285
v 0.4289982 -3.34064912 -0.76755571
v -0.87554413 -3.60257005 -0.37438842
v -0.55174458 -3.76040291 0.10441474
v -0.8737325 -3.59036684 -0.3745155
v -0.60134637 -3.75646042 0.09725928
v -0.86223053 -3.59286093 -0.41927421
v 0.75327748 -3.80111026 0.1137692
v -0.86014694 -3.58201813 -0.43293929
v 0.75267463 -3.78744459 0.10419073
v 0.7743051 -3.7667787 0.07734698
v 0.52959847 -3.99104142 0.13291722
v 0.78661912 -3.56352472 -0.31045356
v 0.08387835 -3.26116204 -0.63049864
v 0.79922205 -3.5708642 -0.29935318
v -0.18659977 -3.77442145 0.10907145
v 0.78799855 -3.58281993 -0.3344205
v -0.71626055 -3.71575427 0.0266568
v 0.31280636 -3.7241733 0.10391348
v 0.96633261 -4.28678703 -0.0919738
v 0.17727424 -3.80153107 0.16450132
v 0.97133863 -4.30249452 -0.11357707
v 0.06979635 -3.96072721 -0.95464557
v -0.30497613 -3.91538429 0.16870099
v -1.01376617 -4.10354852 -0.51048916
v 0.7330091 -3.80105638 0.11578307
v 0.98864394 -3.87985682 -0.40548881
v 0.88631159 -3.89822149 -0.31986996
v 0.38687592 -3.79128503 0.21081052
v 0.87761068 -3.90197992 -0.36712428
v -0.41577988 -3.75657272 0.1535774
v 0.39156252 -3.80142712 0.21372713
v -0.42882156 -3.73286438 0.14495807
v 0.67039555 -3.86201834 -0.82696634
v -0.41602045 -3.74104261 0.14672398
v -0.84171313 -3.7145369 -0.06296937
v 0.84086209 -3.50379371 -0.36505743
v 0.81505197 -3.79952979 -0.2769275
v 0.02915003 -3.59868645 -0.82613337
v 0.52286237 -3.27040696 -0.58583098
v -0.5208671 -3.85349321 -0.78666245
v -0.48269948 -3.87553238 -0.78909719
v 0.82519203 -3.63010883 -0.21075654
v -0.38302746 -3.93599534 -0.78913164
v -0.96012783 -3.91629791 -0.05259641
v -0.77294188 -3.70106124 -0.03423468
v -0.95879083 -3.90065193 -0.06890597
v -0.77904808 -3.71095323 -0.0363456
v 0.40899303 -4.45671081 0.21983861
v 0.12860003 -3.77016735 0.23247961
v 0.84087777 -3.75394988 0.02365151
v 0.03871835 -3.61589527 -0.87562489
v 0.07471598 -3.91314697 0.17338737
v 0.84774172 -3.74376201 0.03757685
v 0.09795415 -3.91289973 0.17495276
v -0.00695285 -4.30341148 -0.81280314
v -0.64031916 -3.82032442 0.18411079
v 0.04258457 -3.47503757 -0.90517431
v 0.67966264 -3.6132512 0.00474443
v 0.69226717 -3.36155486 -0.48167881
v 0.66640299 -3.61232423 0.02477802
v 1.06824386 -4.17647647 -0.33292815
v -0.73127132 -3.61655759 -0.36700341
v 0.51270437 -4.31027364 0.16629099
v -0.68914079 -3.51457715 -0.30079037
v 0.39034515 -4.41436195 0.19063517
v -0.0626786 -3.80034279 0.25565752
v 0.40038752 -4.44613266 0.19144827
v 0.5942555 -3.73685813 0.12638333
v 0.37975236 -4.43570566 0.19569967
v 0.38271293 -4.46329021 0.19535717
v 0.62812459 -3.7272427 0.11208197
v 0.49960511 -3.78532266 0.11241737
v 0.11948746 -3.85419464 0.20422545
v 0.43108114 -3.80952596 0.12643511
v 0.30635479 -3.6612215 -0.91051805
v 0.46028506 -3.79774332 0.12298373
v 0.30152818 -3.69728636 -0.92267417
v -0.06108129 -3.92209744 0.17815038
v -0.78814518 -3.60383701 -0.40558368
v -0.45347234 -4.03610801 -0.78869038
v -0.16056087 -3.91355204 0.14901003
v -0.46002799 -4.07230091 -0.79901599
v -0.18080517 -3.90017342 0.14957785
v -0.06049178 -3.77703833 0.12397569
v -0.09604773 -3.81461477 0.17127797
v -0.09469445 -3.81998443 0.16024749
v -0.04503111 -3.79312753 0.10594857
v 0.43836712 -3.32531929 -0.55696022
v -0.30847737 -4.09336233 -0.84022975
v -0.74445962 -4.14418649 0.11585845
v 0.82988733 -3.70131635 -0.10782615
v 0.80550456 -3.63886642 -0.33054485
v 0.77230662 -3.87544465 0.08726518
v 0.24120026 -3.27546548 -0.60479849
v -0.49196451 -4.19469213 -0.84197163
v -0.61037462 -3.85336637 0.16033415
v -0.4919784 -4.21214866 -0.84773004
v -0.58114898 -3.86205172 0.14927662
v 0.53731173 -3.74836659 -0.78238767
v -0.60239356 -3.85587501 0.14817363
v 0.58930164 -3.85353946 0.1871109
v 0.73467451 -3.47347354 -0.61222082
v 0.6101706 -3.84912538 0.17948247
v 0.6194992 -3.82112121 0.18759501
v -0.65524411 -4.03174495 -0.77057522
v 0.63340783 -3.83404636 0.17836594
v 0.02197026 -3.94910359 0.21546892
v -0.85115057 -3.89039135 -0.21123305
v -0.83483886 -3.64586305 -0.38924866
v -0.85077428 -3.61442279 -0.04075898
v -0.35369259 -3.76467871 0.14841869
v -0.97419768 -3.87971377 -0.5038703
v -0.91194367 -3.64573407 -0.19108709
v 0.47413578 -3.91580009 0.1971433
v 1.03375554 -4.22335815 -0.37220147
v -0.15261726 -3.80218505 0.09778937
v 0.99152523 -4.26299572 -0.43269982
v -0.96371173 -3.96274876 0.02287264
v -0.9631108 -3.97188043 0.0227365
v 1.01207518 -4.21036005 -0.40115937
v -0.07330732 -3.4875555 -0.86624223
v -0.47141739 -3.263484 -0.59443068
v -0.81241953 -3.63245153 -0.0696209
v -0.04173757 -3.70573091 -0.87872636
v -0.81802684 -3.61399459 -0.08630285
v 0.65745502 -4.12244796 -0.90980893
v 0.20208461 -3.80081796 0.22729636
v 0.37649184 -4.42679643 0.23219558
v 0.22877971 -3.79952955 0.22098206
v 0.3783214 -4.44657611 0.23192133
v -0.68814766 -3.44549751 -0.06755387
v -0.04145423 -4.4178338 0.17734421
v -0.68405932 -3.45966815 -0.06917484
v 0.69863075 -3.94583129 0.13090901
v -0.68257737 -3.47256279 -0.07235829
v -0.56887644 -3.65232563 0.1251339
v -1.04598403 -4.11937618 -0.35571366
v -0.79341018 -3.66214656 -0.49066183
v -0.83321416 -3.69349789 -0.00473836
v 0.84705948 -3.59350132 -0.211673
v 0.55842363 -3.93018865 0.09609609
v -0.28768223 -4.14008712 0.14935635
v 0.54940807 -3.94884252 0.09608848
v -0.76979774 -4.05637693 -0.69224429
v 0.91904163 -3.98702502 -0.2395945
v -0.66752123 -3.54708528 -0.69229358
v 0.97299325 -4.04517793 -0.26596179
v 1.02937829 -4.11056041 -0.26965332
v -0.30122458 -3.82254457 0.14267444
v 1.01141405 -3.84721803 -0.34248065
v 0.70574522 -3.56843352 -0.44840189
v 0.75206315 -3.78367424 -0.64747953
v -0.45502433 -4.05615615 -0.83355617
v -0.80600571 -3.69031047 -0.4568817
v -0.41987472 -4.03250408 0.18919844
v -0.98865425 -3.82704877 -0.38030996
v 0.70910161 -4.38479805 0.15230278
v -0.9682427 -3.78780245 -0.33397164
v 0.89189642 -4.09278583 -0.53907775
v -0.90027105 -3.67300701 -0.23246727
v -0.13002815 -4.05615472 0.19254054
v 0.02102824 -4.07004594 0.20131389
v -0.86587268 -3.60473418 -0.25933539
v -0.20701201 -3.41455817 -0.67552316
v -0.86794149 -3.63876438 -0.39758682
v -0.148888 -3.37394404 -0.65047854
v 1.03880286 -3.9003694 -0.31092542
v 0.74050921 -3.38479375 -0.30447781
v -0.10018334 -3.92577433 -0.83123523
v 0.78947424 -3.60803628 -0.39550754
v 0.78199559 -3.60613346 -0.38603049
v 0.12050876 -4.28758049 -0.85022163
v 0.79008638 -3.61241507 -0.38484883
v -0.19387748 -3.77511549 -0.88508909
v -0.17883564 -3.77435278 -0.88584816
v 0.78719663 -3.60785007 -0.37541073
v -0.16215407 -3.77508401 -0.88339304
v 0.79256379 -3.61619377 -0.37366306
v 0.67188286 -3.80861115 0.16925048
v 0.13584438 -3.77155137 0.23811841
v 0.71270221 -3.8315041 0.14213089
v -0.1379074 -4.30380249 -0.84946215
v 1.0466485 -4.20903873 -0.29943299
v 0.8655042 -4.24044847 -0.57094329
v 0.47221222 -3.79130935 0.12568524
v -0.37997126 -3.53857278 -0.85900396
v 0.46089595 -3.80818271 0.12059009
v -0.39965733 -3.54860329 -0.85776126
v 0.4385108 -3.80393242 0.12576733
v -0.64494758 -3.3150084 -0.34553057
v 0.43225523 -3.80567574 0.13382345
v 0.81499886 -4.21307277 -0.62587767
v -0.61691033 -3.85292291 -0.85018217
v 0.44734811 -3.24066352 -0.48654753
v -0.5837357 -3.86507892 -0.86100351
v 0.44671768 -3.22491741 -0.49375498
v 0.46199864 -3.86561203 -0.92475497
v 0.43344456 -3.20965814 -0.51241135
v 0.75559347 -3.81725168 0.11793933
v -0.21744066 -3.2723968 -0.70492559
v -0.80996602 -3.58044028 -0.3280816
v -0.64788591 -3.58566808 0.09149002
v -0.79757273 -3.58054065 -0.33122754
v 0.13603188 -3.25256896 -0.61868774
v -0.4545992 -3.62532258 -0.8015483
v 0.08440613 -3.26069283 -0.61739462
v 0.67039561 -4.28743791 0.11936532
v 0.04309896 -3.26522898 -0.62959706
v 0.62549144 -4.27161026 0.1207407
v 0.1191635 -3.27158188 -0.64588099
v 0.1300683 -3.53720116 -0.84123188
v 0.04799374 -3.27288579 -0.64044088
v 0.37421736 -3.49928546 -0.81541937
v 0.66628646 -3.77375364 0.16883064
v 0.46761828 -3.8672831 0.12456133
v -0.23169732 -4.30697202 -0.87823963
v -0.03539357 -3.94531798 0.24166518
v 0.74089473 -4.2054286 -0.88436347
v -1.06246709 -4.192245 -0.35569918
v 0.73878359 -4.24162006 -0.86685121
v -1.06816422 -4.21386814 -0.39640575
v 0.7351526 -4.22689294 -0.88336539
v 0.01330879 -3.91939163 0.25394162
v -0.86582058 -4.07020664 -0.01517218
v -0.91485011 -4.11293458 -0.02950497
v 0.6310482 -3.72706866 0.15761393
v 0.03896894 -3.53737092 -0.86551159
v -0.28759461 -4.40666914 0.1460503
v 0.05146058 -3.54704928 -0.85429441
v 0.77625095 -3.79285836 -0.61216485
v -0.55276107 -3.29417634 -0.52219498
v 0.42805737 -4.3998599 0.21230427
v 0.6167671 -4.1413269 0.08376748
v 0.42809072 -4.41615104 0.21359378
v 0.58863925 -4.1029663 0.08074925
v 0.41368216 -4.41590118 0.22220847
v 0.30587557 -3.81957006 0.16796113
v -0.26317018 -3.93649196 -0.81087893
v 0.37735232 -3.80065059 0.15535122
v -0.69524174 -4.02388811 0.18983787
v -0.36569002 -4.40796136 0.13338336
v -0.59771752 -3.2774434 -0.38319093
v -0.39635452 -4.38213968 0.12275005
v -0.84918236 -3.59066748 -0.45592099
v -0.37520715 -4.39657068 0.12633884
v 0.85654664 -4.12496614 -0.03115006
v -0.38451585 -3.96580433 0.08453556
v 0.82687348 -3.97088122 -0.02608863
v -0.33938339 -4.02010107 0.08663541
v -0.39924031 -4.27913045 -0.88239634
v 0.29320982 -3.90658068 0.11535576
v 0.6530779 -3.54565811 0.06720389
v 0.65301603 -3.54757881 0.05297979
v 0.71079653 -3.78890872 -0.66360187
v -0.44421225 -4.22768974 -0.85637861
v 0.04425868 -3.57037305 -0.88317203
v -0.5052548 -4.14554691 0.13147656
v 1.0337218 -4.28008508 -0.2184177
v 1.02769136 -4.28216409 -0.21347963
v -0.58051425 -4.03261661 0.11820836
v 0.55321383 -3.61187768 -0.73632443
v -0.56656128 -4.06677675 0.12194125
v -0.7570706 -4.24721097 -0.81976264
v -0.21176955 -3.80871105 0.20256982
v 0.80666518 -3.62503099 -0.34727817
v -0.25628006 -3.49897337 -0.91924738
v 0.81057882 -3.62412571 -0.3552891
v 0.10577696 -3.88490104 -0.93976396
v -0.49182617 -3.43023634 -0.6950618
v -0.64240247 -3.62108254 -0.76930439
v -0.16225767 -3.91398406 0.07851722
v -0.93688094 -4.1593585 0.00849121
v 0.28206345 -3.46514296 -0.88131201
v -0.93371212 -4.13876247 -0.01568517
v -0.66301953 -3.82460022 0.06624759
v 0.76727068 -3.4985063 -0.46200621
v -0.13021294 -3.92734694 0.23112054
v 0.76966679 -3.5028119 -0.44621932
v 0.77407395 -3.50667405 -0.43028956
v -0.16746753 -3.8919835 0.22990332
v 0.79082882 -4.09495449 -0.02745461
v 0.96128684 -4.23857212 -0.48661771
v 0.7555949 -3.56910014 -0.53919827
v 0.94736665 -4.25714016 -0.48985388
v 0.71137112 -3.54701852 -0.59585529
v 0.8035078 -3.75455522 0.00180278
v 0.72049629 -3.55638766 -0.60473907
v 0.47102347 -4.0358777 0.18814754
v 0.71326494 -3.5548408 -0.62550514
v 0.04075051 -3.64695286 -0.89825385
v -0.72195977 -4.03616714 0.18205581
v -0.69171047 -4.03322219 0.18323753
v -0.67387723 -3.34847807 -0.33008858
v -0.67878365 -4.03262519 0.18669219
v -0.43145018 -3.91022753 0.18044559
v -0.67937022 -4.03368616 0.18165704
v -0.01913548 -3.9307003 0.16750395
v 0.79868012 -3.72795271 -0.04603295
v 0.74760222 -3.50549793 -0.31488668
v 0.52004432 -3.55832529 -0.81928938
v 0.21280612 -3.76281571 0.1360425
v 0.77896332 -3.62141728 0.0334657
v 0.1984158 -3.7494421 0.13274964
v 1.05633735 -4.26045417 -0.24832214
v -0.70909136 -4.24135923 -0.83848476
v -0.15036183 -3.8415637 0.20371991
v -0.6470285 -4.15443325 -0.82130646
v -0.20542722 -3.8411827 0.15501146
v -0.6140443 -4.02414226 -0.78241896
v -0.16172201 -3.82983613 0.18168962
v -0.18008124 -3.83111763 0.16792187
v 0.43858462 -3.54402589 -0.84488874
v 0.41936796 -3.53655266 -0.84792393
v -0.90313512 -3.73406744 -0.21593959
v -0.95945382 -3.80394244 -0.46176073
v 0.75898176 -4.27008914 0.12820361
v 0.08217707 -3.93589997 -0.83233624
v 0.75998705 -4.34228706 0.14118766
v -0.78154814 -3.48050785 -0.08952333
v 0.78954345 -4.24304246 -0.72970283
v -0.74874544 -3.46163415 -0.22991378
v -0.60190779 -3.34738111 -0.36470603
v -0.7333579 -3.4783709 -0.23208473
v -0.72334611 -3.7174592 0.01299521
v -0.60962003 -3.41929435 -0.46223121
v 0.48298347 -4.20472002 -0.89438855
v 0.7091912 -4.07220172 0.03606063
v -0.57129496 -3.77994489 0.1230601
v -0.14664162 -3.42947793 -0.7589097
v 0.35766163 -4.15395641 -0.91089808
v 0.34538453 -4.09707164 0.21600848
v -0.73026192 -3.82309866 0.1287139
v 0.30078011 -4.10183191 0.22040215
v 0.13882957 -3.8093748 0.10513819
v 0.77610272 -3.75189161 0.02734929
v -0.68626612 -3.72368145 0.06656277
v 0.78823089 -3.74911069 0.01602894
v 0.78968071 -3.75322055 0.0228645
v -0.8540005 -3.90485405 -0.36116889
v 0.8265798 -3.62350249 -0.05845883
v -0.42434421 -3.87738251 0.1716701
v 0.81077849 -3.64791345 -0.0857668
v -0.45169287 -3.89074993 0.17845755
v -0.07783304 -3.80802917 0.24296078
v 0.82982301 -3.62559032 -0.26892706
v 0.2053658 -3.56731462 -0.92251545
v 0.82160073 -3.62088346 -0.27471336
v -0.67095291 -4.02414846 0.19055846
v 0.81773936 -3.61632943 -0.25836309
v -1.00471425 -4.29281139 -0.07367627
v -0.76958167 -3.53323984 -0.01584078
v -1.00727236 -4.27735233 -0.05118817
v 0.83377695 -3.62773466 -0.08034721
v -0.78419864 -3.60899639 0.00300719
v -0.07011178 -3.43042516 -0.79390168
v -0.80733388 -3.58555102 -0.04015215
v -0.78360247 -4.36601972 0.12268905
v 0.71384251 -3.78657341 0.12779384
v 0.70058238 -3.77608728 0.13513115
v 0.77738636 -3.49212265 -0.29187366
v -0.40020799 -3.4344573 -0.77891361
v -0.65436506 -3.33013176 -0.34726053
v -0.09206593 -3.94589805 -0.99150359
v -0.65945756 -3.33280801 -0.33350107
v -0.049433 -3.9631896 -0.97871714
v 0.9051066 -3.64843893 -0.17926368
v 0.76658999 -3.7557156 0.03810329
v 0.89669781 -3.62170839 -0.2189538
v 0.80687815 -4.07677221 -0.0602064
v 0.27088037 -4.47620964 0.19576802
v 0.22012428 -4.02421093 -0.86279755
v 0.38967564 -3.54680275 -0.90570545
v 0.35185211 -3.83980035 -0.81766963
v 0.38142338 -3.53881907 -0.91218745
v 0.23671855 -3.83810925 -0.82970339
v -0.83803188 -4.02250099 -0.58473157
v 0.23907478 -3.91759729 -0.8391776
v -0.87196052 -4.10377025 -0.63743996
v -0.42434001 -3.48931765 -0.76787251
v -0.41034394 -3.2025249 -0.49158471
v 0.06716089 -3.97240352 -0.94233781
v -0.33028975 -3.87671279 0.07737658
v 0.04033227 -3.96033358 -0.93861872
v -0.85129708 -3.88855075 -0.445232
v 0.04169835 -3.9717307 -0.94424504
v 0.68341338 -3.66808724 0.10293602
v -0.49482667 -3.94910526 0.13110709
v 0.30946016 -3.2232902 -0.58013999
v 0.70955288 -3.88028049 0.12700638
v 0.96695417 -4.0642991 -0.23049515
v 0.84573316 -3.58386254 -0.1502089
v 1.01185774 -4.09677743 -0.25287127
v 0.68956112 -3.78600668 0.15590952
v 0.69299268 -3.77810049 0.14808173
v 0.85506856 -3.58599948 -0.13353733
v -0.04430971 -3.87278437 0.245432
v 0.84304821 -3.59823274 -0.10064672
v 0.72402846 -3.55414676 -0.62296176
v 0.83430272 -3.60693502 -0.08334801
v 0.71038156 -3.55308294 -0.63605278
v 0.83821368 -3.60222291 -0.10177289
v -0.35879132 -3.78717207 0.16384875
v -0.69629442 -3.50917244 -0.00970587
v 0.22777137 -3.91565561 0.1994019
v 0.22355762 -3.54636025 -0.81098383
v -0.19838336 -3.85948658 -0.98195362
v 0.37487846 -3.52857542 -0.81411421
v -0.17650149 -3.89642858 -0.99272239
v 0.37467259 -3.51793909 -0.81011021
v -0.49122244 -3.58727169 -0.77408683
v 0.36381149 -3.52969074 -0.81788289
v -0.06926322 -3.49462127 -0.86734986
v -0.0912832 -3.85639786 0.20254053
v 0.28136283 -3.31683754 -0.62672418
v -0.09649679 -3.85120582 0.19317358
v -0.11101809 -3.32780933 -0.61988872
v -0.09720019 -3.85227727 0.18008153
v -0.90303343 -3.90039491 -0.32626378
v -0.32659491 -4.2611804 -0.88818335
v -0.96756357 -4.02655887 -0.40854257
v -0.22288152 -4.04232072 0.12811076
v 0.75290358 -3.44533348 -0.28726041
v -0.60062223 -3.61867737 0.08726523
v -0.90795201 -4.14182424 -0.63314479
v -0.06886844 -3.51907682 -0.86556661
v -0.15664495 -3.54583811 -0.88217175
v -0.06026293 -3.50511717 -0.87125396
v 0.16553008 -3.60847997 -0.83338093
v -0.12330263 -3.5172708 -0.86411923
v 0.69827234 -3.70036625 0.13062521
v 0.58570772 -3.98553156 0.07795519
v 0.71146363 -3.69873666 0.12434073
v 0.56399548 -3.99632215 0.08218191
v -0.53868877 -3.50182271 -0.84288728
v -0.48566648 -3.46161699 -0.79165083
v 0.81973457 -3.85465979 -0.64437031
v -0.48043584 -3.47247386 -0.79810482
v 0.85857385 -3.86369347 -0.57447171
v -0.45014631 -3.47186088 -0.81076633
v -0.23997169 -3.8032248 -0.87227672
v -0.44252017 -3.46301651 -0.81302619
v -0.20814746 -3.79141426 -0.87875855
v 0.89543169 -3.63410186 -0.31290397
v -0.20895008 -3.80392575 -0.87709641
v 0.93881422 -3.70259928 -0.26273846
v 0.38165828 -4.21073436 -0.87864279
v 0.92216306 -3.62458682 -0.25040799
v 0.73413646 -3.91251087 -0.84665578
v 0.90801703 -3.6131339 -0.29815957
v 0.82064175 -3.91086077 -0.64380884
v 0.90906077 -3.63052988 -0.26685729
v -0.04276274 -3.92834234 0.18745787
v 0.90772604 -3.62222051 -0.28459799
v 0.9152224 -3.62303519 -0.27221936
v -0.14710715 -3.5405395 -0.87608844
v 0.36742901 -4.06962966 0.20226325
v -0.05448076 -3.86162424 -0.99071377
v -0.07483743 -3.79197311 0.24630875
v -0.09036174 -3.92605137 -0.99474591
v 0.03153162 -3.8985033 -0.98630738
v 0.13656033 -3.77972888 0.21303889
v -0.03100464 -3.88100981 -0.99213212
v -0.19198572 -4.41156816 0.16239319
v 0.87061542 -3.56503915 -0.19435206
v -0.17676121 -4.39946985 0.17409828
v 0.29439148 -3.72944688 0.10661873
v -0.00603586 -3.82986617 -0.82194608
v -0.68469083 -3.55603027 -0.68849629
v -0.42988354 -3.73001003 0.08083956
v -0.68955975 -3.54738187 -0.67104893
v -0.41698759 -3.73164868 0.07358792
v -0.47842264 -3.85902214 0.06125053
v 0.04246128 -3.30244445 -0.61457967
v -0.45630079 -3.88762402 0.07431945
v -0.50449925 -3.46224618 -0.78129452
v 0.12637126 -3.91377949 0.15166291
v -0.50849914 -3.45493984 -0.7865259
v -0.07227205 -3.83518958 0.16296808
v -0.49617341 -3.54810714 -0.86388498
v 0.69083207 -4.09605979 -0.88330066
v -0.42552363 -3.55458879 -0.87503987
v -0.63744229 -3.60180664 0.05780755
v -0.78575474 -3.49693298 -0.42846623
v -0.67817246 -3.76173877 0.0388571
v -0.08286401 -3.89241933 0.146097
v -0.07126854 -3.90811395 0.14818668
v 1.01419019 -4.16986131 -0.37431106
v -0.04027479 -3.92626667 0.1736034
v -0.76137936 -3.56888628 -0.37423986
v -0.00186086 -3.94333982 0.17776636
v -0.41144615 -3.89732265 -0.83013272
v 0.74662137 -3.69094657 0.03946036
v -0.00553883 -3.6860094 -0.83366715
v 0.75698053 -3.69051146 0.02951432
v -0.63236224 -3.87776517 -0.84378385
v 0.56475687 -3.28621578 -0.38770729
v 0.23395395 -3.49694633 -0.85365986
v 0.42493373 -3.90456557 0.21809499
v 0.24070118 -3.47532844 -0.86210143
v 0.42495361 -3.91288948 0.2022034
v 0.23385159 -3.48407745 -0.86020076
v 0.3796308 -3.88104581 -0.96539264
v -0.98568105 -4.30226802 0.02328782
v 0.40416818 -3.88540625 -0.95607382
v -0.54748541 -3.83056211 0.09578534
v 0.39731115 -3.89419841 -0.95245027
v 0.71630144 -3.43436193 -0.27714857
v -0.54915016 -3.84134459 0.10213094
v 0.67879682 -3.5195775 -0.06238705
v -0.90828585 -3.63517618 -0.22254473
v 0.67748028 -3.502213 -0.07008683
v -0.9074769 -3.63541507 -0.23287484
v 0.67818385 -3.48843717 -0.07008217
v -0.76986134 -3.6689372 0.00956942
v 0.67677879 -3.49183464 -0.09854778
v 0.79079246 -4.2292428 -0.70029336
v 0.58912533 -4.04982519 0.11745469
v 0.80438673 -4.24109363 -0.6948862
v 0.54118114 -4.04255724 0.12460155
v 0.80306208 -4.24138832 -0.71041709
v 0.45991179 -4.10211181 0.12910491
v -0.14589552 -3.86695122 0.15859633
v 0.39315846 -4.10320949 0.13009807
v 0.41990524 -3.64779496 -0.81941795
v -0.41480901 -3.90412354 0.19747671
v -1.06623435 -4.22297096 -0.47791481
v -0.058053 -4.29204797 -0.80983424
v 0.77519667 -3.47664022 -0.53715938
v 0.49388769 -4.4009428 0.13676197
v 0.78884619 -3.67940282 -0.05722858
v -0.67102229 -3.44311857 -0.12633742
v -0.0615877 -3.46889329 -0.90806543
v -0.92589169 -3.94034528 -0.3173241
v -0.10764078 -3.4649682 -0.90938353
v -0.99222338 -4.23970079 -0.18946448
v -0.30052259 -3.88584494 0.20036837
v -0.99609035 -4.21517658 -0.19460789
v -0.31031578 -3.2653706 -0.70467889
v -0.83833032 -3.8875823 0.13875879
v -0.3697566 -3.28118825 -0.70860469
v -0.15937544 -3.48521208 -0.86814773
v 0.61727273 -3.66787433 0.05266146
v -0.14967525 -3.48212647 -0.86646765
v 0.15963695 -3.71070766 -0.9714567
v 0.8151471 -3.79914045 -0.3182604
v -0.65780985 -3.57165288 0.02448513
v -0.37952402 -3.75350165 0.09629958
v -0.65969348 -3.59953522 0.00643815
v -0.84373992 -3.62241745 -0.32000279
v 0.0232367 -3.93862915 0.17666439
v -0.83239394 -3.60710549 -0.32438051
v -0.86069548 -3.72435522 -0.06318073
v -0.65427923 -3.57845211 0.03792555
v -0.18315206 -3.92086958 0.20123368
v -0.54235893 -3.83288598 0.07831734
v -0.14548812 -3.26249241 -0.61674737
v -0.48595565 -3.84806799 0.10282932
v -0.95768129 -3.96208024 0.05502397
v -0.60041749 -3.74042296 0.11522296
v -0.84297108 -3.86192846 -0.08712355
v -0.22221866 -3.88355135 0.14972645
v 0.67744422 -3.58762264 0.08718973
v -0.21167254 -3.89501881 0.14518627
v 0.54547488 -3.66015696 0.11118977
v -0.48793488 -3.55569005 -0.8414632
v 0.9328143 -3.64878845 -0.17810751
v 0.10046017 -3.78876376 0.23363599
v 0.66198444 -3.77075481 -0.77277779
v -0.44223049 -3.51900935 -0.86273801
v -0.1990796 -3.87287569 0.2034109
v -0.05550608 -3.28475713 -0.60625731
v -0.77360993 -3.58175039 -0.3338302
v -0.08397395 -3.30000758 -0.60703355
v -0.05597368 -3.94722962 0.21540774
v -0.08821836 -3.2887237 -0.60345208
v -0.03007813 -3.94802808 0.20834225
v -0.78653359 -3.61427879 -0.3853892
v -0.70697271 -3.70069718 0.06496075
v 0.01038142 -3.97421169 0.17689231
v -0.713346 -3.70844364 0.04978144
v -0.93595945 -3.8696866 -0.56501632
v 0.77883315 -3.56068921 -0.32346817
v 0.81843251 -3.63415384 -0.04057266
v 0.77706724 -3.55326604 -0.32975506
v 0.82364511 -3.62795639 -0.03811929
v 0.62417501 -3.88010287 0.066973
v 0.26895341 -3.89884114 -0.9380899
v 0.42445698 -3.91371178 0.18476194
v 0.82444346 -3.6386795 -0.08414568
v 0.44279071 -3.91099119 0.19029583
v 0.09888757 -4.47297668 0.18626959
v 0.18128059 -3.79320979 0.10532976
v 0.08514663 -4.4643917 0.18481633
v 0.23878938 -3.83055067 0.08596201
v 0.44615244 -3.957304 -0.80975443
v 0.95662438 -3.90111684 -0.44405007
v 0.03676386 -3.85556244 0.25582179
v -0.11160039 -3.36337399 -0.70117294
v -0.66665947 -3.83074498 0.15779563
v -0.47871738 -3.94846797 0.12815728
v -0.79524767 -3.74189043 0.10304623
v -0.6638689 -3.81922149 0.17708219
v -0.79239833 -3.76456379 0.11626646
v -0.6756041 -3.81960105 0.16903564
v 0.86643475 -3.61416244 -0.08927843
v -0.67626267 -3.80880761 0.1756785
v 0.11961358 -4.07159519 0.21975812
v -0.66330355 -3.82838726 0.16822969
v -0.71351492 -3.79850459 0.16454036
v -0.31660747 -3.92125487 -0.95563912
v -0.68774795 -3.81780815 0.1599162
v -0.03527126 -3.81779408 0.12980589
v -0.7301082 -3.80090093 0.14138838
v -0.07815995 -3.77888727 0.12884736
v -0.43972349 -3.45338988 -0.86366653
v -0.4391205 -4.28579664 0.15750905
v -0.44085621 -3.45797252 -0.83725708
v -0.77894938 -3.54922461 -0.41764754
v 0.93072778 -4.22554016 -0.5175684
v 0.83037614 -3.61193656 -0.37309074
v 0.55539059 -3.71192455 0.14452287
v -0.78967654 -4.26697683 -0.81220805
v -0.41481575 -4.26683998 -0.86890435
v -0.78556609 -4.2602458 -0.8071686
v -0.41562447 -4.25815248 -0.86770409
v -0.77046012 -4.26698017 -0.82877278
v -0.40006363 -4.25965309 -0.87497198
v -0.77437818 -4.26799964 -0.82225644
v 0.74421095 -3.66926693 0.04784461
v -0.28509131 -3.47095012 -0.71803492
v -0.16401875 -3.84846186 0.13076525
v -0.61303407 -3.54127192 -0.80663746
v -0.68074673 -3.76414012 -0.02055231
v 0.41861087 -3.46785259 -0.82613408
v 0.40907043 -3.46766138 -0.83332264
v 0.03915582 -3.5785706 -0.81806677
v 0.54660648 -3.54013991 -0.84196525
v 0.21223098 -3.51798486 -0.83678185
v 0.64516264 -3.9823358 -0.82344824
v -0.70303177 -3.39699292 -0.14580208
v 0.76971977 -3.60066771 -0.02259234
v -0.69472432 -3.38075041 -0.16946813
v 0.70363199 -4.28149175 0.14956858
v -0.72528159 -4.17894983 -0.84522622
v 0.68519216 -4.24262905 0.14405961
v -0.1660472 -4.19420051 -0.85887241
v 0.7140451 -4.17067527 -0.84173131
v -0.12832664 -4.17723751 -0.85633957
v 0.71183794 -4.23004388 -0.85162812
v 0.63411951 -3.61629867 0.11047904
v 0.69684845 -4.19325923 -0.86304485
v 0.31339293 -3.91276884 0.18952421
v -0.90251213 -3.70169305 -0.07296544
v 0.83664256 -3.72589612 -0.37358304
v -0.97776436 -3.87562894 -0.22525981
v 0.78664958 -4.42335414 0.11635207
v -0.75517195 -3.61714577 -0.65404534
v -0.0857824 -3.30109906 -0.66007041
v 0.76529502 -4.05130243 0.04719455
v 0.15565949 -3.49461674 -0.86540716
v -0.81460642 -3.66365003 -0.07412494
v -0.85436308 -3.5977571 -0.07948971
v 0.14738909 -3.91043996 0.13783335
v -0.36783403 -4.22365999 -0.89086628
v 0.80183988 -4.23828983 -0.72651004
v -0.56155645 -3.51748323 -0.80549615
v -0.44498604 -4.08559227 0.12734739
v -0.32432165 -3.75395464 0.11042071
v 0.52771425 -3.76262879 0.18979458
v -0.32522031 -3.74676609 0.10234138
v -0.86267477 -3.5915296 -0.12718763
v 0.89109969 -3.91131639 0.04072061
v -0.61313116 -3.78767967 0.00322549
v -0.84598863 -3.60442781 -0.11132385
v -0.75731337 -3.58044624 -0.43643552
v 0.51960194 -3.92755794 0.14677402
v -0.75601369 -3.57996082 -0.45851773
v -0.34653905 -3.88458991 -0.92754828
v -0.76776081 -3.58435678 -0.46105498
v 0.81052613 -3.76874113 0.03824621
v 0.70300197 -3.60644841 -0.50864458
v 0.80927491 -3.76550722 0.02823588
v 0.54298639 -3.91203379 0.09560891
v 0.79954457 -3.76478862 0.02807837
v 0.72931212 -3.89328384 -0.77008152
v -0.11321374 -3.8639369 0.13776746
v -0.10473351 -3.86394953 0.13065549
v -0.82563746 -3.83509326 -0.05801074
v -0.83278852 -3.8827238 -0.05865301
v 0.90028363 -3.76570129 -0.39536792
v -0.28263023 -3.87799906 -0.96937674
v 0.86934274 -3.70571064 -0.38296103
v 0.50837212 -3.5547471 -0.74289846
v -0.67287975 -4.23596096 0.1450378
v 0.50065887 -3.57180857 -0.75915825
v -0.10048858 -3.57815861 -0.93223834
v -0.53457278 -3.97170639 -0.78130698
v 0.09446397 -3.76536703 0.25541681
v -0.20762813 -3.97097873 -0.97912174
v -0.02146527 -3.80533099 0.10001347
v -0.20783893 -3.96932411 -0.98560512
v -0.98521119 -4.28688049 -0.14817154
v -0.20443385 -3.96361947 -0.98951399
v 0.07813555 -3.93081188 0.25154876
v -0.52784884 -3.44245863 -0.81926375
v 1.06216239 -4.26204299 -0.26982501
v -0.52799016 -3.44144964 -0.80926775
v -0.64674496 -3.60279989 0.0974427
v -0.51485443 -3.43949556 -0.82205462
v -0.63414287 -3.58757543 0.09273678
v -0.55483245 -3.25015974 -0.4282689
v 0.46219533 -3.25647521 -0.47550475
v -0.5588932 -3.25489568 -0.44344076
v -1.01479005 -4.22966814 -0.26799804
v 0.35031688 -3.22021007 -0.55651426
v -1.01710557 -4.24223947 -0.29129612
v -1.00989794 -4.24121856 -0.27336984
v 0.78588855 -3.9475131 -0.74603158
v -0.00788091 -3.56761908 -0.87809419
v 0.0221235 -4.07792806 0.20808529
v 0.47525841 -4.02478599 0.20551024
v 0.08286488 -4.06981897 0.20171502
v -0.89545315 -4.36943197 0.07289453
v 0.05512429 -4.0816946 0.20922154
v -0.58304202 -3.70061612 0.05420985
v 0.08128408 -4.06773424 0.21809122
v -0.19728478 -3.89471554 0.12810505
v 0.08368976 -4.08109903 0.2113628
v 0.57181698 -3.75091719 0.13599753
v 0.58939975 -3.86134338 0.15390391
v 0.72105431 -4.10020875 -0.8592565
v 0.62906503 -3.84540462 0.14686669
v -0.65841913 -3.96505022 0.09741808
v -0.60026025 -3.9821639 0.11692128
v 0.63727676 -3.84105825 0.13519141
v 0.18953967 -3.88646507 0.22615024
v -0.78969442 -3.57660484 -0.53679674
v 0.18310864 -3.86827278 0.24171938
v 0.84564685 -3.60779404 -0.18381321
v 0.83071154 -3.59504652 -0.46568825
v -0.13547454 -3.85356092 0.21124452
v 0.85285693 -3.58261132 -0.45026239
v 0.50732535 -3.76720404 0.19108136
v 0.21693511 -3.95682835 0.17914018
v 0.07467038 -4.12708425 -0.90410393
v -0.61968988 -3.33107399 -0.5786243
v 0.01027801 -4.12689828 -0.89976203
v 0.36543244 -3.7738018 0.18189288
v -0.30700644 -3.77030324 -0.87033724
v -0.44537597 -3.26394033 -0.60761606
v -0.30966329 -3.78663611 -0.86364215
v -0.43219634 -3.258574 -0.61717492
v 0.36691781 -3.72016286 0.09607566
v 1.00364852 -4.24472713 -0.4166733
v 0.31356501 -3.73883438 0.09595891
v 0.24690656 -3.80099606 -0.98702508
v 0.72380936 -4.00931167 -0.85357642
v 0.7679941 -3.68789815 0.018105
v 0.7362473 -4.00939416 -0.84830975
v 0.58899146 -3.78801178 -0.80513948
v 0.73846495 -3.99731302 -0.85346722
v -0.67790639 -3.55674815 -0.71685838
v 0.74880588 -3.66952705 0.04023321
v -0.68220698 -3.55768537 -0.70141261
v -0.78023058 -3.88013887 -0.75612843
v -0.54083854 -3.9432733 0.07897228
v -0.53384268 -3.92780494 0.07744123
v -0.79777371 -3.88286352 -0.73941707
v 0.24829074 -4.03035974 0.12750227
v 0.34813937 -4.08679866 0.22012861
v -0.63314741 -3.4609127 -0.68320542
v 0.76243192 -4.2443819 -0.82152408
v 0.81867867 -3.65913057 -0.12437191
v 0.10162924 -3.92032218 0.21323406
v -0.29049432 -3.8013606 0.12391608
v 0.13523387 -3.55415415 -0.88838785
v -0.68203985 -3.94651675 0.19515211
v -0.70012974 -4.06157016 0.09828518
v 0.8020879 -3.4553132 -0.20832239
v 0.82982331 -4.41087579 0.09732364
v 0.80475914 -4.00573349 0.00941957
v 0.8359704 -4.40496492 0.08770774
v 0.79232072 -3.95876884 0.03815984
v 0.57042968 -3.95746398 -0.79555374
v 0.16662338 -4.4277296 0.18245299
v -0.84519529 -3.85967755 -0.2814624
v -0.59348744 -3.48647666 -0.60407817
v -0.09328103 -3.79702425 0.22422395
v 0.84638232 -3.56989526 -0.22349499
v -0.09606516 -3.79130196 0.22532767
v 0.84534835 -3.58373403 -0.23218537
v 0.7867943 -3.52343082 -0.33266857
v 0.86046135 -3.79101491 -0.32975927
v -0.16095306 -3.55014729 -0.93560296
v 0.19529645 -4.22080278 0.14092916
v -0.14388184 -3.55883503 -0.93613004
v -0.01983704 -3.83127999 0.24989298
v -0.14422595 -3.83087039 0.13169705
v -0.3657161 -3.47626495 -0.81689846
v -0.0142273 -3.84970617 0.24591966
v -0.74491936 -3.66722464 0.08185343
v -0.74414545 -3.66923236 0.09361505
v -0.45937055 -3.71937561 0.06849107
v 0.81391871 -3.5132606 -0.41051343
v -0.44560349 -3.72847509 0.07789247
v -0.86317741 -3.6013844 -0.40571647
v -0.84750837 -3.8013854 -0.41290259
v -0.30802863 -4.21862125 -0.88716191
v -0.87288975 -3.61063098 -0.34354421
v -0.38496178 -3.44931078 -0.87676483
v -0.8584215 -3.61794662 -0.37283396
v -0.36399307 -3.45285821 -0.88409411
v 0.29691976 -4.45068264 0.19804291
v 0.83145177 -3.60720086 -0.39945703
v -0.61897838 -3.61633157 0.07369469
v -0.75507879 -3.73980903 -0.10138362
v 0.03812213 -4.27277946 -0.82571232
v -0.75154435 -3.69019269 -0.12720665
v -0.39951595 -3.76932168 0.06312485
v -0.95758628 -3.99185252 0.06924146
v 0.36895036 -3.77251005 0.16895338
v 0.81173491 -3.72116208 -0.06429781
v -0.07058487 -3.91613316 0.20139166
v 0.84494274 -3.59611892 -0.1161459
v -0.56996983 -3.66630363 0.13012631
v 0.87459021 -3.5827496 -0.11040923
v -0.37459796 -3.92809701 0.14413251
v -0.55107241 -3.68117094 0.1355929
v -0.52602815 -3.68674469 0.13679465
v -0.82424926 -3.70724439 -0.53967177
v 0.70087683 -3.81371521 0.09761501
v -0.74680048 -3.43967366 -0.5233857
v 0.67617636 -3.81712484 0.10307089
v -0.59311509 -3.57133889 -0.69547724
v 0.70035958 -3.81072235 0.12367922
v -0.57263827 -3.55160975 -0.70015645
v -0.5573281 -3.53546881 -0.69739347
v 0.68076318 -3.8210814 0.12260501
v 0.67123842 -3.42655658 -0.16503411
v 0.66431415 -3.82533574 0.11314044
v 0.67258423 -3.44581794 -0.15639905
v 0.62660008 -3.83081007 0.10333527
v 0.67482268 -3.43029689 -0.14664162
v 0.88967287 -3.69454717 -0.02526202
v -0.45718899 -4.23483562 0.15037031
v 0.8548966 -3.73451852 0.02990916
v 0.76693868 -3.69765567 -0.0411298
v 0.8846327 -3.72028112 -0.02776368
v 0.75506043 -3.6398735 -0.05504481
v 0.89129066 -3.71069192 -0.02796438
v 0.8857817 -3.71105527 -0.01653393
v 0.81483447 -3.52047443 -0.32696425
v 0.88176953 -3.71995902 -0.01458636
v 0.00474723 -3.80708122 0.25948572
v 0.86785227 -3.72404122 0.01063299
v -0.42922398 -3.90477538 0.19556731
v 0.31024661 -3.25675368 -0.6947236
v 0.29006844 -3.23266172 -0.6180619
v 0.31287431 -3.23242473 -0.61642575
v -0.43367388 -3.9115622 0.1692713
v -0.10355096 -4.29273843 -0.81397485
v 0.75877189 -4.01475954 -0.00607981
v 0.77097773 -3.57200765 0.01190239
v 0.79123467 -4.04069042 -0.04461449
v 0.78376752 -3.55067753 -0.01955366
v 0.77270174 -4.03361415 -0.02143844
v 0.79973942 -3.5574007 -0.02634188
v -0.78356957 -3.50684738 -0.58530306
v -0.53004539 -3.71506571 0.03185947
v 0.56852406 -3.32964897 -0.39127582
v -0.02525392 -3.53093123 -0.83970612
v 0.79456228 -3.76630044 0.09238081
v 0.03479733 -3.53200984 -0.85000705
v 0.80477255 -3.77385234 0.08497753
v 0.90218848 -3.9853053 -0.20717358
v 1.02515161 -3.89795589 -0.23330809
v 0.9011293 -4.04643297 -0.16686245
v 0.68265014 -3.48640728 -0.05794578
v 0.75959068 -4.00262117 0.05073306
v 0.98454141 -4.29802417 -0.14815759
v 0.77333843 -4.01836872 0.03989122
v 0.95351475 -4.29705333 -0.10410654
v -0.79295945 -3.53766417 -0.39408889
v -0.69569903 -3.71152901 0.05002516
v -0.66670036 -3.32135224 -0.4546042
v -0.71584409 -3.72375845 0.05366635
v 0.18973119 -3.27783298 -0.69774901
v -0.22047086 -4.05040264 0.18695741
v 0.04115124 -3.47641086 -0.89317786
v -0.15137416 -3.26022481 -0.60136669
v -0.08832571 -3.94907641 -0.95933353
v -0.04254927 -3.77389574 0.25848385
v -0.02582121 -3.96111536 -0.95075267
v -0.05039047 -3.77634549 0.26096111
v -0.0642813 -3.97500562 -0.97234696
v -0.04367812 -3.97424364 -0.96202755
v -0.33524397 -3.45927953 -0.85544508
v 0.66350418 -3.86245799 -0.66731262
v 0.4974676 -3.98482036 0.08715011
v -0.38134208 -3.75433182 0.07267041
v 0.41118353 -3.94520235 0.08206512
v -0.49593025 -3.73809504 0.03945369
v 0.19086124 -3.75787067 0.12147516
v -0.57756817 -3.98227429 -0.77913576
v 0.21820001 -3.76615071 0.10735075
v 0.65082836 -4.20814228 -0.91861778
v 0.3905003 -3.89331245 0.13901218
v -0.68365877 -3.48396253 -0.07701896
v 0.45126581 -3.8938632 0.14679826
v 0.4386143 -3.88705563 0.13441547
v -0.27849477 -3.47659111 -0.86410999
v 0.45069855 -3.88871288 0.13528338
v -0.78333938 -3.5092287 -0.39812225
v 0.97892439 -4.25993108 -0.11073372
v -0.79654854 -3.50981736 -0.38708126
v 0.39806026 -3.9058249 0.16488961
v 0.54923689 -3.85189318 0.10764489
v 0.70210814 -3.53931498 0.02502076
v 0.51341986 -3.85228395 0.1146101
v -0.93079733 -3.97454857 -0.19857287
v 0.61570358 -3.72943782 0.13780756
v 0.52905321 -3.9897809 0.17260009
v -0.71140086 -3.68605279 0.09032642
v 0.55578565 -3.97389078 0.17137995
v -0.74650949 -3.68889761 0.07178413
v 0.60622626 -4.02616739 -0.81903201
v 0.69530558 -4.00072431 -0.87598657
v 0.64967966 -4.09813356 -0.8480578
v 0.85132575 -3.50551247 -0.3645187
v -0.32895329 -3.8057003 0.14972302
v 0.85472875 -3.50213146 -0.34038889
v -0.76715874 -3.65857577 0.0586726
v 0.85976618 -3.50821852 -0.3400371
v -0.71056658 -3.77545428 0.03437214
v 0.81972098 -3.63621616 0.03641104
v -0.72138965 -3.7570815 0.01784173
v 0.7638151 -3.6620748 0.08736403
v 0.92815655 -3.64366149 -0.20785595
v -0.02421904 -4.28939819 -0.81114894
v -0.85362035 -3.66801357 -0.35873031
v 0.82853668 -3.72703313 -0.04091382
v -0.40183734 -3.80040979 -0.85100829
v -0.75475108 -3.5616436 -0.59384381
v -0.76605284 -3.5626347 -0.60205864
v -0.985044 -3.89279317 -0.22084829
v 0.61646294 -3.58841896 0.08586053
v -0.98439788 -3.86895418 -0.22754213
v 0.61845719 -3.60096931 0.0732053
v 0.19188734 -4.25686216 -0.89200079
v -0.68519187 -3.52523517 -0.00746988
v 0.63788271 -3.37565565 -0.26274994
v -0.99078822 -3.8677752 -0.30831912
v 0.8446154 -3.89431929 -0.57376742
v -0.81554102 -3.60006642 -0.16154027
v 0.78806579 -3.52368402 -0.10156628
v -0.05265525 -3.69868326 -0.9001199
v -0.73775041 -3.67168593 -0.10185873
v 1.03859567 -4.21903991 -0.20048373
v 1.02906322 -4.20315933 -0.19013208
v -0.63692939 -3.45665574 -0.68265557
v 1.03316736 -4.1777172 -0.20694211
v -0.95421171 -4.12903738 -0.57952898
v -0.54893183 -3.77956628 0.12795193
v -0.80779159 -3.60020017 -0.34838143
v 0.34186932 -3.48288726 -0.84263336
v 1.07603824 -4.22524023 -0.30045467
v 0.35247355 -3.47337961 -0.84716308
v 0.85193008 -3.50781226 -0.32352638
v -0.94890731 -3.9604423 0.0767306
v -0.78506732 -3.91681218 -0.75564891
v -0.47766166 -4.21217918 -0.84754556
v 0.21337983 -3.27312254 -0.60684049
v -0.46303629 -4.22726249 -0.85263145
v 0.83317571 -3.73602891 -0.40060427
v 0.69481229 -3.69462561 0.07537849
v 0.71226567 -3.68628144 0.07200145
v -0.81273704 -3.94939351 -0.61423158
v 0.71496659 -3.68901801 0.06449471
v -0.78926926 -3.92008185 -0.65006989
v 0.64247411 -3.57220602 0.05754391
v -0.09677188 -3.95418691 0.08726905
v 0.35120892 -3.27359318 -0.63716483
v 0.27550908 -3.91501736 -0.8741554
v 0.1369062 -3.82244205 0.13895677
v 0.12070453 -3.83858299 0.14523273
v -0.19966943 -3.82200813 0.20912149
v -0.75510138 -3.49513578 -0.03098277
v -0.79967927 -3.61305308 -0.38451594
v -0.74162495 -3.48411536 -0.04194952
v -0.78124976 -3.61072516 -0.3966932
v -0.1161578 -3.93037247 0.1292746
v -0.77636122 -3.60165667 -0.3936226
v -0.81738418 -3.7578659 0.08618438
v 0.87784588 -3.85832524 -0.01058383
v 0.42704233 -4.15128278 -0.90435963
v 0.85724198 -3.92588686 0.05212197
v 0.47443309 -4.15596342 -0.90336054
v 0.90008121 -3.93035125 0.02477764
v -0.23777219 -3.29267501 -0.69885772
v 0.88509702 -3.9265666 0.03080571
v -0.24127651 -3.27090787 -0.68883574
v 0.81963312 -3.48424148 -0.4297603
v -0.25929242 -3.26365256 -0.6870774
v -0.41775998 -3.48096585 -0.88483667
v -0.8549472 -3.72069931 -0.06752033
v 0.38101518 -4.00109577 -0.83083069
v 0.7417854 -3.72819805 -0.07975469
v 0.8881762 -4.2227807 -0.52372133
v -0.2409098 -3.65532541 -0.83160799
v 0.00430321 -3.94912767 0.20030598
v 0.59696602 -3.7961564 0.04737058
v -0.76467722 -4.18309545 -0.82932108
v 0.56172072 -3.79871535 0.05677108
v 0.12919677 -3.83806872 0.19345736
v 0.65007311 -3.91742515 0.12108005
v -0.95690155 -3.97824573 0.07020727
v 0.35752806 -3.25969219 -0.56161969
v 0.80552423 -3.91407275 -0.64437997
v -0.996113 -4.10397577 -0.54235875
v 0.79605639 -3.91532135 -0.66034239
v 0.64769709 -3.54750728 -0.68229156
v 0.08799427 -3.91155767 0.14829051
v -0.16955718 -3.54567503 -0.84428775
v 0.11586462 -3.90802335 0.1477008
v -0.17863369 -3.54857277 -0.8445723
v 0.64553451 -3.61650657 -0.6278947
v -0.67240011 -3.45533824 -0.64491224
v 0.47756689 -3.23056125 -0.48218584
v -1.07646954 -4.17848205 -0.4243634
v 0.71629381 -4.44016313 0.12371461
v -0.16459439 -3.91220593 0.11968337
v -0.4820441 -3.62540531 -0.79323548
v -0.78972208 -4.0430088 -0.02307628
v 0.79538655 -3.48676323 -0.49922469
v -0.2861078 -3.98192405 0.19591909
v 0.75584596 -3.49713826 -0.49489384
v -0.36906248 -3.95649075 0.18995653
v -0.14023555 -3.91656255 0.23160386
v 0.93404072 -3.65554237 -0.17988865
v -0.77080243 -3.5106523 -0.03362369
v 0.92723429 -3.65965127 -0.18148009
v -0.79088479 -3.52442956 -0.38569319
v 0.79568421 -3.87581467 0.03563748
v -0.57022678 -3.27751255 -0.38863033
v -0.80874896 -4.02405548 0.01265729
v -0.53951239 -3.28978896 -0.41753673
v 0.83301854 -3.90857124 -0.60236662
v 0.58348965 -3.74800109 0.15790185
v 0.83927941 -3.89985394 -0.59834563
v -0.60133642 -3.44148087 -0.75956946
v -0.7736448 -3.84171032 -0.64613926
v -0.61108148 -3.44073629 -0.7593134
v -0.99982374 -4.05132865 -0.3194054
v -0.68878293 -3.44557523 -0.69113266
v -0.66058671 -3.45488309 -0.73057222
v 0.91242009 -3.60357928 -0.28397345
v -0.69011735 -3.48658084 -0.71775084
v 0.91976922 -3.61478996 -0.25921469
v 0.10382126 -3.77933359 0.25927901
v 0.02107713 -4.45461034 0.19241294
v 0.02150876 -4.44767427 0.19837062
v -0.35036417 -4.2889409 -0.87864542
v 0.79417353 -4.24554967 0.09927697
v 0.07931952 -3.92963767 0.19900064
v 0.22586955 -3.69277143 -0.96858871
v -0.68552464 -3.42484712 -0.62698912
v -0.50768667 -3.97637486 0.17043747
v -0.66102308 -3.42454767 -0.65976536
v 0.85296106 -3.71416568 -0.06871873
v -0.46111303 -3.81455421 -0.86931008
v 0.84481275 -3.70887947 -0.08514332
v 0.57922744 -3.76605176 0.11727331
v -0.40223205 -3.84386992 0.06971844
v 0.56062847 -3.76621198 0.12701225
v -0.8076837 -3.83003711 -0.71004968
v 0.04970736 -3.47447633 -0.82107371
v -1.06406271 -4.14169597 -0.43614894
v 0.44200435 -3.77848196 0.19161707
v -0.8030554 -3.76254129 0.01446665
v 0.57326901 -3.77207756 0.09547868
v -0.97415667 -3.84372425 -0.40927738
v -0.3358604 -4.01403474 0.12569692
v -0.70774245 -3.79439544 0.10090169
v -0.66229158 -3.8034954 0.10878117
v -0.77148991 -4.00688839 -0.72971606
v -0.31518578 -4.30696344 -0.88072645
v -0.08824333 -3.81971406 0.16601528
v -0.35124123 -4.29692316 -0.88267755
v -0.12378391 -3.80803513 0.16905334
v -0.9165945 -4.21561861 -0.6521002
v 0.5696696 -3.73385739 0.15000747
v 0.81996935 -3.94963789 -0.43660539
v 0.8875221 -3.96049237 -0.19054898
v -0.59223854 -3.68710064 -0.74280655
v 0.80546516 -3.45851326 -0.3267585
v -0.50475543 -3.91700077 0.13249495
v 0.80467885 -3.46996307 -0.36586108
v -0.48931545 -3.89687848 0.13025361
v -0.95429605 -4.22635698 -0.0060238
v -0.50462663 -3.89910841 0.12867644
v 0.68388742 -3.97493076 0.14094738
v -0.52084457 -3.91879797 0.13458323
v -0.43623668 -4.35842847 0.15403011
v -0.54221278 -3.44031071 -0.80483913
v -0.57099676 -3.44011068 -0.78695744
v 0.79821348 -3.61565017 -0.35402774
v -0.5605871 -3.44116854 -0.78957259
v -0.36533835 -3.495754 -0.78681469
v 0.57192492 -3.52082538 -0.65498429
v 0.76394593 -4.25119066 0.07754436
v -0.98883003 -4.24501037 -0.14276833
v 0.73605549 -3.49400711 -0.51071631
v 0.68043035 -3.80415058 -0.7106316
v 0.74274754 -3.48703622 -0.51570725
v 0.69265049 -3.3885169 -0.30607023
v 0.74381178 -3.49379587 -0.50452745
v 0.74434465 -3.76431655 0.03865901
v -0.64146769 -3.71616268 -0.70214599
v 0.73148417 -3.77453017 0.03905655
v -0.70063424 -3.38432478 -0.2148752
v 0.70165622 -3.79173851 0.0485549
v 0.71583676 -3.78579139 0.04849698
v -0.69380915 -3.37007665 -0.21633005
v 0.01508125 -3.74215889 -0.82903444
v -0.67869752 -3.36255741 -0.19936604
v 0.51474916 -3.69815278 0.1114627
v 0.48597651 -3.4492104 -0.6541019
v 0.44548097 -3.3677876 -0.59322619
v 0.41403511 -3.55453658 -0.88715261
v 0.79355025 -3.92728185 -0.72329616
v 0.64503157 -4.32611036 0.12688934
v -0.79237294 -3.62293982 -0.1809518
v 0.72372174 -3.7027018 0.05793626
v -0.40698856 -3.83958983 0.18901987
v -0.79526722 -3.62281155 -0.20724499
v 0.81310606 -4.23113203 -0.70519435
v -0.93548977 -3.97706842 0.07307018
v 0.82076776 -4.21396827 -0.69985574
v 0.72611564 -3.80270433 0.12583863
v 0.84197253 -4.19742679 -0.6492415
v 0.4651373 -3.74290823 0.15337944
v -0.23011444 -4.29018688 -0.85415238
v -0.92077016 -4.02327919 0.12854129
v -0.63640284 -3.51663541 -0.57415503
v -0.89635777 -4.00339317 0.148036
v -0.64601039 -3.52585125 -0.70681315
v -0.91639351 -4.00721788 0.1334194
v -0.61318022 -3.49385356 -0.7242825
v -0.74563819 -3.46746015 -0.08675339
v 0.26586449 -3.486768 -0.91963779
v -0.13161999 -3.94601726 -0.99481153
v -0.66379916 -3.47178149 -0.38527962
v -0.29812714 -3.91907811 0.17744532
v -0.82816577 -3.5905888 -0.16159258
v 1.01792371 -3.89672589 -0.19542555
v 0.99436932 -3.84725117 -0.2588202
v -0.83251291 -3.59149932 -0.20067535
v 0.89621025 -3.70700407 -0.20464208
v -0.82867264 -3.58199429 -0.21124731
v -0.82511019 -3.57228899 -0.21401056
v -0.70006245 -3.82308316 0.16085709
v -0.38278996 -4.24173116 -0.88771182
v -0.71118563 -3.80442428 0.15090584
v -0.38271549 -4.20550727 -0.88577449
v -0.74211525 -3.85367417 0.16279652
v -0.38358673 -4.22543048 -0.8889054
v -0.76816254 -3.91530847 0.17950418
v 0.58345085 -3.87488031 -0.7598052
v 0.77578926 -3.76120615 0.03911856
v -0.58128815 -3.8607769 0.17802174
v 0.7998768 -3.59265804 -0.41937619
v 0.72435027 -4.25269794 0.13588808
v 0.78779232 -3.59143662 -0.41795203
v -0.36647072 -3.74262046 0.09408968
v 0.7780677 -3.60275244 -0.40667605
v -0.76026189 -3.55867528 -0.56460857
v 0.70939028 -3.47568225 -0.07058821
v -0.86296975 -3.53752493 -0.25655797
v 0.04041746 -3.93914127 0.24374702
v -0.54125899 -3.82313633 0.09335496
v 1.06044387 -4.24489259 -0.24842326
v 0.52094316 -3.90854787 -0.79732298
v 0.82924372 -3.8871088 -0.63131493
v 0.49037671 -3.9418869 -0.8055827
v -0.05114107 -3.28648829 -0.64582639
v -0.61371088 -3.55690932 -0.75195765
v -0.15580031 -3.39957451 -0.73076993
v -0.62356853 -3.55671787 -0.76351106
v -0.57756948 -3.82222652 -0.86250138
v 0.70871526 -3.82243537 -0.5876826
v 0.70200395 -3.77091789 -0.58094114
v 0.51896393 -4.15488433 -0.90600121
v 0.78890717 -3.4876728 -0.49652057
v -0.49177187 -3.71081399 0.14311687
v -0.88065195 -3.71174335 -0.06960544
v -0.85606789 -4.10842943 -0.70100718
v -0.82926946 -4.13930225 -0.7537679
v 0.21319556 -3.52524304 -0.83686316
v 0.11863028 -3.88424778 0.20201352
v -0.94533234 -4.08088016 -0.14882043
v -0.36196401 -3.83129048 0.07558777
v -0.52808404 -4.00792121 0.19433884
v 0.64896261 -3.9952197 0.16172456
v -0.50308966 -4.02338075 0.18220745
v -0.60612458 -3.82759761 0.06434021
v -0.5031628 -4.02235603 0.18997779
v 0.84517115 -3.78835225 -0.40261355
v -0.47769117 -4.02142858 0.19057248
v -0.47729855 -4.02253866 0.18148192
v 0.84098523 -3.87713527 -0.45858508
v 0.64348852 -3.54005217 -0.76168066
v 1.01475882 -4.22799015 -0.20702293
v -0.21848782 -3.80890393 0.08969042
v -0.52849531 -3.83116722 0.1890245
v -0.48994177 -3.80515456 0.15888777
v 0.48586377 -3.76551556 -0.8536219
v -0.46374353 -4.41634416 0.11737161
v -0.75714552 -3.7994101 0.10108745
v 0.93638509 -4.04027366 -0.2169834
v -0.63302129 -4.02404546 0.19015397
v -0.61761987 -4.02681922 0.18210284
v -0.04937402 -3.91866922 0.22653348
v -1.01608371 -4.12457132 -0.46546924
v 0.19772119 -3.82545375 0.22629392
v -0.08654856 -3.8622725 -0.87321031
v 0.20133638 -3.86295533 0.22366221
v -0.8719607 -3.9297831 -0.21249266
v -0.11318106 -3.78323364 -0.88198471
v 0.66851341 -3.46680927 -0.62695592
v -0.73733538 -4.17312812 -0.79841059
v -0.71431863 -3.44788861 -0.60708171
v 0.92754495 -3.69156956 -0.09360452
v 0.67912268 -3.53651261 0.05290986
v 0.79795271 -3.77583527 0.04889036
v 0.93191087 -3.68632245 -0.12818473
v 0.80734664 -3.58500981 -0.4962995
v 0.92510861 -3.69684076 -0.09109251
v -0.44067981 -3.45206046 -0.8539958
v 0.38756465 -3.98469567 -0.86336565
v 0.42888411 -3.83340597 0.21036754
v -0.18057014 -3.27889847 -0.62626373
v 0.42906355 -3.84338712 0.20912942
v -0.46530222 -3.72776055 0.12228502
v -0.19768115 -3.25723409 -0.60378623
v -0.41917747 -3.73981618 0.13598391
v -0.1830618 -3.25327348 -0.59939014
v -0.64857888 -3.86877179 0.09504434
v 0.73321133 -3.9613955 -0.86240398
v -0.68095761 -3.85776066 0.08392103
v -0.32751995 -3.55740094 -0.91930127
v -0.68057239 -3.87283897 0.08883158
v -0.50693005 -3.71313476 0.06549909
v 0.3971979 -4.08082246 -0.85514205
v -0.67184788 -3.33582472 -0.28664329
v 0.34308826 -4.07668352 -0.86193418
v 0.78716844 -4.11927938 0.04788249
v -0.66326499 -3.32408046 -0.2878524
v -0.45447266 -3.21441817 -0.49258109
v 0.80146563 -4.08994865 0.02358431
v -0.73502737 -3.74975967 -0.0654609
v -0.48564538 -3.21749639 -0.47079807
v -0.79003167 -3.66538453 -0.10380151
v -0.51319557 -3.24064064 -0.47600415
v -1.0544151 -4.15033197 -0.50875753
v -0.14403766 -4.27334308 -0.88033181
v -0.9844582 -4.19511795 -0.04542433
v -0.73231852 -3.8825047 0.06172362
v -0.74582266 -3.9138875 0.05271034
v 0.40642905 -3.52715635 -0.84287059
v -0.65152257 -4.06943559 -0.83175826
v -0.88253581 -4.24063396 -0.69137847
v 0.87755489 -4.24274253 -0.56924688
v 0.00984907 -3.50325632 -0.76249641
v 0.82279717 -3.84469151 -0.03187818
v -0.0038143 -3.41685485 -0.68907988
v -0.16471259 -4.25335645 -0.8963269
v -0.00276189 -4.2592678 -0.8682686
v 0.76508528 -3.79889106 -0.05083802
v -0.07685115 -4.27228403 -0.86654961
v -0.70080035 -3.55150508 -0.66811323
v 0.57933765 -3.76841259 0.1816848
v -0.7226094 -3.55334425 -0.66872716
v -0.70192152 -4.33858776 0.13894055
v 0.62048602 -3.30111861 -0.34199616
v 1.03367745 -4.10888385 -0.29254078
v 0.00651468 -4.05691146 0.21463717
v 1.01126456 -4.07795333 -0.30570915
v 0.05112077 -4.07392501 0.21325872
v 0.14739598 -3.79483699 0.18965768
v -0.77080977 -3.46866416 -0.54985719
v 0.13651563 -3.78926396 0.20199918
v -0.76135563 -3.45362234 -0.58214056
v 0.64449167 -3.48654365 -0.70337271
v -0.76476359 -3.45772028 -0.57158446
v 0.34640184 -3.53878808 -0.92304521
v -0.7786473 -3.46836948 -0.54859215
v 0.67797559 -3.72286796 0.08239793
v -0.30496355 -3.56814551 -0.90709805
v 0.62278533 -3.30879521 -0.38316541
v -0.20568352 -3.5642178 -0.91894191
v -0.291561 -3.56078338 -0.91815739
v -0.83035671 -3.71346664 -0.06011341
v -0.27743622 -3.56818819 -0.9057666
v 0.19073212 -3.87966013 0.15076465
v -0.27344077 -3.56364345 -0.91650682
v 0.183467 -3.9067595 0.15341161
v -0.24176965 -3.56214571 -0.91827338
v -0.02266176 -3.63184046 -0.87454003
v 0.69335514 -3.98639607 0.14745317
v 0.01091718 -3.65670275 -0.87432777
v -1.03923547 -4.16586113 -0.4907718
v -0.11724985 -4.3159008 -0.81966066
v -0.2835932 -3.46417403 -0.90272909
v -0.69910872 -3.40547967 -0.57811123
v 0.05113895 -4.00706291 0.21711032
v -0.81237679 -3.54912996 -0.27978184
v 0.05162631 -4.07110548 0.20181334
v 0.62637376 -4.02056312 -0.86236202
v -0.65222352 -3.82797312 0.17626108
v -0.25897127 -3.25083661 -0.58193743
v -0.76650953 -3.55874919 -0.40753543
v 0.92539602 -4.24128723 -0.51565635
v -0.76824593 -3.55341482 -0.41819873
v -0.73404955 -3.8879702 -0.00651353
v 1.02938151 -4.25582981 -0.22950437
v 0.74730861 -3.9959948 -0.83868056
v 1.02667748 -4.21102571 -0.23460567
v 0.31796675 -3.84964847 0.22264769
v -0.73520594 -3.52119278 0.0150737
v 0.3285931 -3.83083844 0.22255098
v -0.54920667 -3.7524786 0.17017026
v -0.86387628 -4.1063528 -0.04165586
v -0.40645852 -3.22478675 -0.51937115
v 0.18649198 -4.0070424 -0.85684979
v -0.37892562 -3.21252584 -0.52023017
v -0.21329902 -3.8516643 0.15311633
v 0.80197751 -4.2149291 -0.65734195
v -0.19846069 -3.85534691 0.15814533
v 0.57525396 -3.76951456 -0.83132016
v 0.9181509 -4.2129898 -0.10149035
v 0.31780916 -3.25139546 -0.68090343
v 0.882963 -4.02715683 -0.2188927
v 0.76899319 -3.54927659 -0.3449938
v 0.87609493 -4.14140987 -0.1190655
v 0.31506842 -3.44205164 -0.73484748
v 0.20161832 -3.46242117 -0.88728886
v 0.60522824 -3.35659408 -0.34573724
v 0.4699952 -4.09623956 -0.85566955
v 0.61638689 -3.33790302 -0.30522048
v 0.1671524 -4.0966506 0.2187615
v -0.81468355 -4.19559097 -0.79486107
v 0.617904 -3.31014967 -0.31937998
v 0.62010908 -3.32207441 -0.30626237
v -0.22324332 -3.81975317 0.14768873
v -0.90878206 -3.66605258 -0.12409631
v 0.07134868 -3.93817114 0.24726077
v 0.86426192 -3.64905238 -0.25459069
v 0.82843297 -3.48952555 -0.20184017
v -0.48741138 -3.38678145 -0.55885249
v 0.58658832 -3.77371811 -0.8125441
v 0.30750814 -4.08466482 0.2229435
v -0.99071365 -4.28852748 -0.02543124
v -0.98404401 -4.28661203 -0.00986294
v 0.8040958 -3.77307748 -0.55261993
v 0.50209295 -3.53852367 -0.86752283
v -0.6465522 -3.99664402 -0.81142395
v 0.72746068 -3.84436869 -0.81373661
v -0.6109575 -4.0043621 -0.82135206
v -0.92200183 -3.75156617 -0.13165213
v 0.77155578 -3.90616345 -0.77757477
v -0.16314019 -3.5286436 -0.83564138
v 0.11279524 -3.92611503 0.14131827
v -0.82311129 -3.5451281 -0.27483323
v -0.56590867 -3.3080101 -0.39691525
v -0.66823136 -3.70361185 0.140101
v 1.02759313 -3.88371944 -0.19785065
v 1.03407406 -3.90089035 -0.20885571
v -0.64197105 -3.7198863 0.11582221
v -0.66251134 -4.02168417 0.05266133
v 0.34981039 -4.22936821 -0.8810321
v -0.5766744 -3.55376887 -0.81593549
v -0.08509384 -3.93011164 0.13897778
v -0.07605694 -3.75778174 -0.9620862
v 0.14976251 -3.94987964 -0.94316625
v 0.03962094 -3.79498338 -0.98139721
v 0.16850616 -3.94203519 -0.94415742
v 0.72347313 -3.68318033 0.11114907
v -0.32295933 -3.81202912 -0.90500956
v 0.73293089 -3.67456054 0.0611847
v 0.15687467 -3.53666639 -0.84225869
v 0.72273683 -3.68128681 0.06104784
v 0.15614655 -3.53024125 -0.85138005
v 0.50747919 -4.03547525 0.18694859
v 0.18835651 -3.51998257 -0.84847241
v 0.06051526 -3.94476676 0.20053811
v 0.15656656 -3.52534246 -0.8642444
v 0.83017671 -4.02909278 -0.03152074
v -0.73363649 -3.66280508 -0.70377308
v 1.00897085 -3.82942318 -0.21116522
v -0.44309034 -3.74759411 0.054663
v 0.93509048 -3.71375203 -0.1729768
v 0.86678063 -4.36655426 0.07007204
v -0.45928314 -3.72776341 0.05689843
v -0.15555395 -3.28014826 -0.69480872
v 0.25786414 -4.09912824 -0.91924703
v -0.19740817 -3.27443313 -0.69499868
v -0.09868713 -3.29029274 -0.64760184
v -0.19845375 -3.28479528 -0.69243615
v 0.73228162 -4.05302763 0.06696572
v 0.75161802 -3.77843761 0.12071292
v 0.83191812 -3.62520146 -0.07075279
v -0.07911609 -3.56069493 -0.8514691
v 0.81502103 -4.38050222 0.11442627
v -0.38152846 -4.40901374 0.13528874
v 0.84943211 -3.60174417 -0.13528561
v 0.49447298 -3.44537997 -0.84002387
v 0.80093854 -3.5899868 -0.46003958
v 0.50251716 -3.43916034 -0.82041907
v 0.05182755 -3.66302204 -0.87773239
v 0.54073959 -3.44055438 -0.7991811
v 0.73137462 -3.46395635 -0.26431056
v 0.51934677 -3.44017553 -0.81077641
v 0.5037378 -3.44136047 -0.83141273
v 0.0850197 -3.5823884 -0.90557819
v 0.51333588 -3.43926096 -0.82093149
v 0.09521868 -3.57468271 -0.90208214
v 0.52376079 -3.44302797 -0.82092618
v 0.49779012 -3.55641317 -0.8246209
v -0.80263304 -4.07892608 -0.00929932
v -0.1726517 -3.85758495 0.12352886
v 0.02399568 -3.67238783 -0.90648859
v -0.22622264 -3.89488744 0.11290599
v 0.78572523 -3.57041502 -0.46472165
v -0.87291711 -3.89315819 -0.64540636
v -0.80135583 -3.71190238 -0.01310633
v -1.05497705 -4.18425083 -0.445196
v 0.14276535 -4.00366258 0.09402638
v -0.08206523 -3.29421615 -0.68191736
v 0.09096231 -3.96748137 0.09525013
v -0.06673993 -3.30167865 -0.6589666
v 0.12019064 -3.88427662 0.10539499
v -0.74448049 -3.542701 -0.47314411
v 0.04504289 -3.89431428 0.10271297
v -0.7465136 -3.54731464 -0.48149752
v 0.00703307 -3.84983229 0.09285628
v -0.74422413 -3.3869543 -0.35811874
v -0.62493121 -3.90347528 0.19010636
v -0.95677745 -3.91058945 -0.03419078
v -0.68942564 -4.03037691 0.09315817
v 0.84119749 -3.55779409 -0.22645112
v -0.12276091 -3.62418961 -0.82741558
v 0.07822676 -3.93984651 0.17217879
v -0.67942595 -3.88866543 0.09219385
v -0.66426348 -3.90301919 0.1002756
v -0.10344 -3.55747461 -0.89165258
v 0.93073838 -4.00418472 -0.38752847
v -0.84991246 -4.38718652 0.08521841
v -0.15248337 -3.80436611 0.21260039
v -0.52967023 -3.36880612 -0.6027916
v 0.86986875 -3.61185097 -0.33915671
v 0.94086426 -3.88192749 -0.43762323
v 0.88195431 -3.86339902 -0.49856662
v 0.75975745 -3.80221056 -0.64638435
v 0.87460076 -3.89078807 -0.52986466
v -0.60365682 -3.65207672 0.12131586
v 0.39445659 -4.19745349 -0.87690949
v 0.78363972 -3.54096221 -0.4174762
v 0.9115628 -4.27205658 -0.05185951
v 0.78843128 -3.54077196 -0.42814913
v 0.72365677 -3.78116321 0.06051128
v 0.76695334 -3.89699792 0.09398822
v 0.71174389 -3.78912353 0.07098621
v 0.71413439 -3.80016517 0.08345775
v -0.64536571 -3.30708456 -0.44744533
v 0.43195504 -4.39538478 0.17140185
v 0.6741358 -3.66403102 -0.74598372
v -0.47660765 -3.44183182 -0.84257304
v -0.39773801 -4.25536918 -0.92533123
v -0.38296759 -4.25894451 -0.93105816
v 1.02082228 -4.12880611 -0.22708973
v 0.51837343 -3.27296638 -0.4305399
v 0.84974157 -3.55275821 -0.21189004
v 0.1416438 -3.80553555 0.18362112
v -0.81602758 -4.24061441 -0.80010777
v -0.72427099 -3.77248311 0.07650961
v 0.03618086 -3.53839588 -0.84152013
v 0.03755188 -3.54843115 -0.84480661
v -0.0583654 -4.04625797 0.10552249
v -0.76784277 -3.56048464 -0.38251063
v -0.63356792 -4.03582859 -0.78101092
v -0.79284602 -3.54684829 -0.38339197
v -0.60695439 -3.44366622 -0.73334187
v -0.0923851 -3.80748987 0.22374716
v 0.87269818 -4.23886394 -0.55422741
v -0.78577077 -3.65514755 -0.01516225
v 0.64936834 -3.81792807 0.17723377
v -0.81576746 -3.66994047 -0.0472159
v -0.79333949 -3.91396427 -0.73998427
v 0.69943743 -3.61398911 -0.05387973
v -0.7852776 -3.47400045 -0.54872447
v 0.94046598 -4.00301218 -0.35804575
v -0.14510552 -3.81347298 0.19466947
v 0.91908305 -3.9692707 -0.34139099
v 0.36950328 -4.06770801 0.21954581
v -0.78791827 -4.02151823 0.16618932
v 0.38362085 -4.07126283 0.21557265
v -0.77236384 -3.76927232 0.13167434
v 0.52730071 -3.93962216 0.14755286
v 0.73293745 -3.77205157 0.12516644
v 0.83292311 -4.06065702 -0.11508192
v 0.72524166 -3.7829473 0.12602198
v 0.69854366 -3.80767512 0.03334613
v -0.7124747 -3.4657557 -0.59168058
v 0.80715835 -3.608361 -0.30741667
v -0.49516621 -3.43841981 -0.83106887
v -0.58809292 -3.73722648 0.16576275
v 0.71609699 -3.78916645 -0.7142167
v -0.60771471 -3.72845435 0.15985496
v 0.71275931 -3.85329961 -0.7698605
v -0.59138947 -3.73425436 0.15750552
v -0.48981845 -3.47755885 -0.76443743
v -0.46121072 -3.46101784 -0.77150458
v -0.63688409 -3.71570968 0.1462813
v 0.5959829 -3.30007743 -0.42440491
v -0.51192289 -3.88133978 0.1203828
v -0.51797413 -3.68772292 0.11502001
v -0.7515819 -3.78539085 0.14591866
v -0.64111423 -3.37090492 -0.26800605
v 0.24151074 -4.49147892 0.21259716
v -0.20698162 -4.05081939 -0.82780391
v -0.66224688 -3.39875984 -0.18415986
v -0.27939182 -4.05879497 -0.82863813
v -0.65495461 -3.39741706 -0.23039311
v 1.07403934 -4.24012279 -0.32701978
v -0.66070789 -3.38363552 -0.1972382
v -0.19165171 -3.86916661 0.14860759
v 0.18771278 -3.53736281 -0.84201556
v -0.18360604 -3.86542296 0.15644508
v 0.89633083 -3.70994639 -0.09447045
v -0.91971528 -3.84430289 -0.57587164
v 0.93033051 -3.68877649 -0.11233343
v -0.71041429 -3.36090946 -0.32457381
v 0.92736661 -3.6812725 -0.10520376
v -0.63330572 -3.30499124 -0.44743531
v 0.56118905 -3.57727265 -0.81152844
v -0.82951206 -4.06785774 0.02052306
v 0.62077593 -3.64976024 -0.79174727
v -0.84797602 -4.03945255 -0.02006571
v 0.55949574 -3.64939975 -0.83830666
v 0.6543073 -4.16091537 -0.87570881
v -0.86108791 -4.22825574 -0.69676196
v 0.64204061 -4.18927907 -0.88312912
v 0.1436122 -3.56194973 -0.89654505
v -0.83434999 -4.25927448 -0.75943696
v 0.91286557 -3.88219595 -0.49887538
v -0.82557904 -4.25949716 -0.7776035
v 0.85195279 -3.74427509 0.02683174
v 0.1551104 -3.47713542 -0.89687186
v -0.99428319 -4.23440933 -0.24118578
v -1.00185775 -4.25923156 -0.07285848
v 0.44554194 -3.87679505 -0.94182646
v -0.99919998 -4.2745161 -0.08741061
v 0.46117824 -3.8745203 -0.93275392
v -0.72619414 -3.45144939 -0.63086849
v 0.16851392 -3.79819512 0.24153766
v -0.70349794 -3.44262909 -0.65699666
v -0.67706447 -3.32500934 -0.4161421
v -0.73075163 -3.45095443 -0.63323998
v -0.97019636 -3.9017868 -0.1462216
v -0.82506108 -3.77861738 0.03007596
v 0.49869385 -3.24323439 -0.49821743
v -0.13470654 -3.92765021 0.22169935
v -0.30992993 -3.56141376 -0.92009955
v 0.69965094 -3.72293567 0.13364379
v -0.41641202 -4.19457149 -0.87078434
v 0.8873378 -3.60035681 -0.34861883
v -0.41623109 -4.17834186 -0.86532694
v -0.55251586 -3.64651441 -0.76209276
v -0.82098442 -3.63726711 0.01564231
v -0.52258873 -3.67874622 -0.78767311
v -0.81045758 -3.63635587 0.02485644
v -0.27111086 -3.88760066 0.07303117
v -0.80111789 -3.63902854 0.01622756
v -0.49034073 -3.26978731 -0.44719818
v -0.07182829 -4.05855464 0.14772585
v -0.72379392 -3.44354391 -0.1761439
v -0.06793146 -4.17206335 0.17929749
v -0.74367201 -3.43145775 -0.19647365
v -0.8301295 -3.8838613 0.09993159
v -0.17140224 -3.92496442 0.18599988
v 0.11763253 -3.81016683 0.20257596
v -0.20825603 -3.9216032 0.17921352
v 0.0717799 -3.65067529 -0.89951831
v -0.26394093 -3.48327827 -0.8590582
v -0.22443224 -3.91687059 0.16894012
v -0.88669329 -3.97278571 0.14722587
v -0.24616584 -3.48336052 -0.8628273
v -0.65747398 -3.54957866 -0.57486146
v 0.84309655 -3.56334066 -0.20039038
v -0.656035 -3.41053271 -0.24601544
v 0.62193334 -3.44132947 -0.7435832
v -0.7267791 -4.40089178 0.12418868
v -0.79012042 -3.61608648 -0.34864968
v -0.75984287 -4.4145379 0.1128422
v -0.72776544 -4.42776775 0.10440348
v -0.73491871 -3.4820261 -0.54170435
v -0.7007969 -4.43200206 0.11246031
v -0.76047283 -3.56767797 -0.39264038
v -0.51841008 -3.55632829 -0.81960046
v 0.60342764 -3.90005374 -0.90677928
v -0.4863739 -3.54778885 -0.8248828
v 0.86661273 -3.62160825 -0.30741646
v 0.60821414 -4.10107231 0.11765484
v 0.57839644 -3.97478985 0.16800899
v 0.87515139 -3.52930212 -0.25850489
v 0.4568299 -3.76148033 -0.89853167
v 0.88207942 -3.53029632 -0.26200693
v 0.508901 -3.76962208 -0.87769109
v 0.35745444 -4.38382864 0.22600023
v 0.78790271 -3.50891828 -0.10185139
v 0.31432992 -4.36968183 0.223083
v -0.41399985 -4.15829134 -0.90280586
v -0.9862771 -4.03911685 -0.38025385
v -0.3992919 -4.18746852 -0.92197245
v 0.54088002 -3.92133975 -0.79403585
v 0.31599873 -3.85718226 0.14109379
v 0.55615437 -3.87657833 0.1838323
v -1.02229356 -4.18832922 -0.54776722
v -0.85995096 -4.16220665 0.0252802
v 0.56152755 -3.77305388 -0.76626288
v -0.83668899 -4.1036477 -0.01498846
v 0.88770419 -3.58221268 -0.10870125
v -0.3339512 -3.2554512 -0.67836117
v 0.17817744 -3.49542808 -0.86565494
v -0.3181504 -3.25739955 -0.67173451
v 0.67772531 -3.72632169 0.04854942
v 0.18440209 -4.22912359 0.18368625
v 0.76572305 -4.10769796 0.00677863
v -0.35484615 -3.52754831 -0.913522
v -0.73224061 -3.39969945 -0.48397389
v -0.7889508 -3.56174111 -0.33902239
v 1.01237094 -3.89600682 -0.17391176
v -0.76375883 -3.49769878 -0.4790875
v 0.6852917 -3.7331202 0.13915959
v -0.80995756 -3.48352813 -0.47444382
v 0.67660301 -3.74565887 0.1408355
v -0.39418444 -3.79190492 0.17236024
v 0.56039357 -4.19724178 -0.90791821
v 0.08018734 -3.91918039 0.23410531
v 0.62032753 -4.21375799 -0.91385215
v -0.63429629 -3.71762037 0.15382033
v -0.57415074 -3.84760928 -0.77101689
v -0.80177921 -3.60094738 -0.56207639
v -0.28570807 -4.15670824 -0.91155606
v -0.77435183 -3.60007262 -0.61449843
v -0.1690689 -3.86666011 0.17082513
v -0.82039129 -3.6014676 -0.44874683
v 1.04888808 -4.17152309 -0.38684833
v -0.83105009 -3.60206461 -0.44698053
v -0.63846278 -3.60107135 0.038662
v -0.83047038 -3.59476709 -0.46739533
v -0.82816785 -3.85964322 -0.48837283
v 0.75654125 -3.5878756 0.03342883
v -0.51437634 -3.49233174 -0.7927255
v -0.62907153 -3.6080842 -0.67582351
v 0.74965405 -3.53707361 -0.6115157
v -0.26387491 -3.80800533 0.14452287
v 0.74319088 -3.54947733 -0.61294615
v -0.2618564 -3.81649875 0.144561
v -0.43111312 -4.32416915 0.15800301
v -0.29061269 -3.81028795 0.14349976
v -0.52241122 -4.28255319 0.15108405
v -0.30070218 -3.80545043 0.15357177
v -0.12674017 -3.80276775 0.22513049
v -0.30257308 -3.80975341 0.1408018
v -0.00903444 -3.55675101 -0.84990018
v 0.45935607 -3.83382892 0.12817776
v -0.00559696 -3.53181409 -0.84154188
v 0.07441078 -4.42883157 0.2074733
v -0.01079288 -3.53883981 -0.8413819
v 0.04770227 -4.43025636 0.20620741
v 0.53712695 -3.94505643 0.17547899
v -0.44494733 -3.52821683 -0.89008623
v 0.75047785 -3.74933409 -0.47611248
v -0.79671132 -3.77364015 0.05907622
v 0.12705642 -3.28451204 -0.60841369
v -0.60387504 -3.76276087 0.09092049
v -0.43636211 -3.91242241 0.18311995
v -0.73392665 -3.7982347 0.05722868
v 0.2627846 -3.50635337 -0.9014039
v 0.69967472 -3.40169525 -0.17725074
v 0.10358682 -3.83384227 0.22940439
v -0.95596069 -3.9446361 0.04091745
v 0.09250649 -3.86540651 0.23636511
v -0.8108735 -3.90006303 -0.458662
v -0.67980444 -3.40294265 -0.11968943
v -0.77903747 -3.90463185 -0.54663455
v -0.80035895 -3.9273951 -0.52005022
v -0.68157196 -3.37509059 -0.16920389
v -0.74811756 -3.53752398 -0.65792495
v -0.68282055 -3.3891263 -0.134447
v 0.55880183 -3.85810208 0.11427208
v -0.71500396 -3.53824091 -0.71153122
v -0.48184815 -3.87448263 0.19702081
v 0.78424233 -3.56976509 -0.31968388
v -0.45975291 -3.88449668 0.19893726
v 0.0226869 -3.55023002 -0.85279309
v -0.36204981 -3.4996643 -0.87858724
v -0.77873826 -3.79994797 -0.1004379
v -0.78220075 -3.66665053 -0.00366241
v -0.7135958 -4.24829053 0.10303636
v 0.32697284 -3.71147584 0.11769854
v -0.04674292 -3.50023388 -0.7587049
v 0.07019306 -3.91802835 0.23879128
v -0.15545111 -3.49943995 -0.76370644
v 0.78179395 -3.64957499 0.00698435
v -0.30866438 -4.38254642 0.16057364
v 0.80102515 -3.63942623 -0.00336732
v -0.3169794 -3.53781271 -0.8314228
v -0.14526042 -3.87886071 0.14886492
v 0.75927579 -3.44320082 -0.24306945
v -0.83383339 -3.55945539 -0.49751916
v 0.61898046 -4.118155 -0.91185808
v -0.31459116 -4.05455684 -0.86595684
v -0.97189986 -4.06640338 -0.26621833
v -0.56896185 -3.78675198 0.11370121
v -0.80060672 -3.5811274 -0.51441347
v 0.99289846 -4.27006006 -0.43447309
v -0.95862066 -4.30167293 0.05485357
v 0.47204083 -3.75766992 0.17017418
v 0.10705418 -3.87627244 0.22686614
v 0.66282188 -3.33848452 -0.2890526
v 0.106136 -3.85203695 0.22665296
v -0.639894 -3.82962751 -0.72297966
v -0.59012746 -4.43197584 0.10826222
v -0.63435614 -3.92630887 -0.74952304
v -0.62492483 -4.4391303 0.10798959
v 0.62839537 -3.3714199 -0.29199615
v 0.94029808 -3.80761885 -0.44154831
v -0.98306512 -4.27041244 -0.18147972
v -0.22061739 -3.89100408 0.20658759
v 1.04057526 -3.89895749 -0.23880682
v -0.76461893 -3.91786932 -0.01791394
v 0.89396405 -3.6990683 -0.26601535
v -0.5658341 -3.99032592 0.1738332
v 0.82371759 -3.56108093 -0.30088359
v 0.81948626 -3.58699798 -0.2779302
v 0.95343852 -3.89584946 -0.43300032
v 0.8237921 -3.57217574 -0.29545444
v 0.54873055 -3.4530313 -0.81228631
v 0.38271665 -3.90066671 -0.94246482
v -0.09597241 -3.83500337 0.18073993
v -0.16520993 -3.72748231 -0.84386611
v -0.09545943 -3.83395075 0.14921128
v -0.78317683 -3.64830112 -0.01625068
v -0.09431875 -3.84138965 0.15700787
v -0.09460412 -3.84525561 0.14469406
v 0.39748686 -3.48222112 -0.83777189
v 0.61338526 -3.83206605 0.09192426
v 0.70269107 -3.77609348 0.04024905
v -0.78859496 -3.5263431 -0.40880712
v 0.70295488 -3.78808093 0.04304885
v -0.74442416 -3.54226398 -0.45732188
v 0.79622888 -3.52579712 -0.15111808
v -0.33359527 -4.30239391 -0.89663302
v 0.53276193 -3.8399074 0.20213428
v 0.76110947 -3.43119931 -0.43903175
v 0.71154367 -3.81030178 0.11228026
v 0.96558845 -3.90797686 -0.43100178
v -0.22614024 -3.86258745 0.15156334
v -0.55208951 -3.68718099 0.05080694
v -1.05230164 -4.1801114 -0.40619629
v -0.56870847 -3.68226528 0.05054849
v -1.04345142 -4.18469619 -0.3560881
v 0.48067486 -3.26251673 -0.63000762
v -0.68193721 -3.98560118 0.08748049
v 0.44386351 -3.24927616 -0.63289904
v 0.8951562 -3.99811959 -0.30340749
v -0.74137783 -3.80498051 0.06158943
v 0.8381797 -3.65771508 -0.1955816
v -0.73413074 -3.80696725 0.06269528
v 0.20770829 -4.27680778 -0.85510563
v -0.04768058 -3.8197515 0.2458536
v 0.20209853 -4.26246833 -0.85727953
v 0.88184636 -3.53300046 -0.24154238
v -0.44499468 -3.7874732 0.17033547
v 0.30094474 -3.82820868 0.22377559
v 0.37386256 -3.47330045 -0.84344887
v 0.30251592 -3.8489871 0.22214864
v 0.39738619 -3.47180175 -0.83586007
v 0.28817808 -3.86279964 0.22761574
v 0.79864347 -3.8842442 0.07328782
v -0.14354875 -3.53746247 -0.84218096
v 0.79814106 -3.84480166 0.05943432
v -0.14431369 -3.54635429 -0.85373199
v -0.12692147 -3.54743862 -0.84586036
v 1.02803659 -4.18161201 -0.25779563
v 0.00712103 -4.44299697 0.18536268
v -0.86282444 -3.64864921 -0.25399094
v -0.00788243 -4.4402709 0.18438676
v -0.86535024 -3.64604234 -0.26507753
v 0.55396807 -3.93569397 -0.79349172
v 0.83848053 -3.70789623 -0.11240661
v 0.21537156 -3.40194606 -0.83355641
v -0.71747034 -3.82353115 0.05594382
v 0.92124354 -4.32062053 -0.00982802
v -0.95841455 -4.27889061 0.05384512
v 0.32926002 -4.21386957 -0.90480488
v -0.98272573 -4.19900846 -0.1140816
v 0.63541609 -3.8262093 0.0922123
v -0.76970076 -3.55741596 -0.50459599
v 0.6252802 -3.83040428 0.09236507
v 0.30242714 -4.09780931 0.09580135
v 0.61955696 -3.97844553 0.17351231
v -0.88183343 -3.60224366 -0.32887202
v -0.42442929 -3.37157225 -0.78127306
v 1.05560088 -4.23879051 -0.38229522
v 0.02425276 -3.28707456 -0.64923971
v 0.05099833 -4.26868009 -0.86481052
v 0.07033885 -3.28647327 -0.65461462
v 0.06548785 -4.28487825 -0.84963309
v -0.50255107 -3.88411831 0.18649303
v -0.08939684 -3.7248156 -0.90931242
v 0.94824236 -4.26548862 -0.47880113
v 0.71252441 -3.96517038 -0.88092517
v -0.10246019 -3.71416282 -0.89980411
v 0.67965889 -3.95656442 -0.89789205
v 0.82045882 -3.71259284 -0.08015273
v 0.75710773 -3.9903357 -0.59292137
v 0.81685191 -3.70046377 -0.08628258
v -0.23037862 -3.88326072 0.07415339
v -0.69618386 -3.38000488 -0.18388161
v -0.7749713 -3.7253344 -0.04284546
v -0.70661377 -3.39966797 -0.19661401
v 0.54342991 -3.83908844 -0.78304815
v -0.70434635 -3.75780487 0.15227961
v 0.33724212 -4.23057937 -0.89378345
v -0.70224928 -3.79003524 0.16780945
v -0.78787416 -3.61518526 -0.36809071
v 0.79437446 -3.81099939 -0.13150697
v -0.79824936 -3.57404351 -0.54944741
v 0.40694004 -3.51675891 -0.8398773
v -0.78794109 -3.57287645 -0.55926889
v -0.35997867 -4.07163333 -0.8667196
v -0.7770853 -3.56891059 -0.53932535
v -0.43356692 -4.0812931 -0.84918278
v -0.78774315 -3.57448411 -0.55010807
v -0.79753851 -3.57012796 -0.55748868
v -0.32611158 -3.29443287 -0.68488562
v 0.54906904 -3.75911498 0.14631976
v -0.09163113 -3.77590513 0.2535173
v -0.74341148 -4.05612421 -0.72159951
v -0.72293585 -4.00379371 0.16916519
v 0.82017934 -3.48691058 -0.4155873
v -0.75700205 -4.0227251 0.17056275
v 0.76963597 -4.15265989 -0.8261342
v 0.41098523 -3.89132499 -0.94433373
v 0.72402137 -3.63250017 0.07402978
v 0.62891626 -3.71415686 0.04093335
v -0.83194702 -3.63329291 -0.15650856
v 0.1939958 -3.86779546 0.23386307
v -0.79041838 -3.67883181 -0.49306339
v -0.55269056 -3.57000088 -0.73008489
v -1.02891349 -4.20839595 -0.31621825
v -0.54730409 -3.59536981 -0.74716579
v -0.15219429 -4.38303089 0.15741954
v -0.71159207 -3.50889968 0.00279113
v 0.26139918 -3.78914308 0.19034837
v 0.58292406 -3.7466135 0.12625411
v -0.67628502 -3.94336628 0.16248524
v 0.58212006 -3.74416399 0.13662874
v -0.10022206 -3.89414572 0.15686701
v -0.97410678 -3.89700222 -0.17703647
v 0.53531497 -3.99116087 0.08687788
v 0.56500399 -3.29985404 -0.38186562
v 0.76015687 -3.68097257 -0.02563547
v -0.44674357 -3.3622837 -0.54933452
v 0.91925829 -3.69931578 -0.08208629
v -0.76982468 -3.86990094 0.03430193
v 0.49397483 -3.97546291 0.17274223
v -0.30371314 -3.25871372 -0.68123829
v 0.46865463 -4.36548614 0.17968894
v -0.69518792 -3.5723176 0.06660377
v 0.49097561 -4.36798048 0.1680662
v 0.74643003 -4.39410018 0.11384819
v -1.00303793 -4.30031013 -0.05696975
v 0.73890847 -4.43088245 0.11989293
v -0.32507675 -3.99745512 -0.84569579
v 0.74172878 -4.41281509 0.11642255
v -0.27840358 -4.01033067 -0.8556962
v -0.23811291 -3.90719652 0.16124686
v 0.03950386 -3.60356593 -0.88837373
v 0.70059597 -4.17241001 0.11227528
v -0.77749449 -3.57117462 -0.3340089
v 0.13108913 -4.08472061 0.21851405
v -0.76992201 -3.57213926 -0.33557498
v 0.17781946 -3.87883138 0.24156756
v -0.39861106 -4.40905237 0.13258773
v 0.16902947 -3.89046859 0.24060317
v -0.41483074 -4.41032218 0.13403411
v 0.16971233 -3.90568804 0.22564508
v -0.64426112 -3.73953461 0.09070242
v -0.72713899 -3.8483603 -0.70788651
v -0.63670802 -3.73447418 0.10056021
v -0.93031954 -4.3510437 0.05646943
v 0.44995117 -3.27876663 -0.58540815
v -0.06698856 -3.89274454 -0.8711856
v -0.10781842 -3.86166119 0.13501951
v -0.70375371 -3.83111381 0.13761638
v -0.51353985 -4.14892482 -0.86140739
v -0.87480133 -3.93631815 -0.35705062
v -0.50820541 -4.18442392 -0.86854785
v -0.88479572 -3.97727513 -0.41113644
v -0.0061572 -3.88335585 0.25069817
v 0.25624766 -3.79391145 0.12562005
v -0.06615188 -3.83267617 0.24856482
v 0.63570886 -4.16183948 0.12600225
v 0.75764054 -3.74458932 -0.00445552
v -0.07249243 -3.9187138 0.18988892
v -0.06266707 -3.92327117 0.18963781
v 0.75635087 -3.75719022 0.02814632
v -0.02594839 -3.7920022 0.13212257
v 0.76634514 -3.75308227 0.0163163
v 0.7587952 -3.754184 -0.00155883
v 0.12488847 -3.43204951 -0.8437494
v 0.76139974 -3.75533437 0.0037284
v 0.06596543 -3.41123819 -0.8178327
v 0.10641874 -3.37561631 -0.78899425
v 0.7666378 -3.75259971 0.02777474
v 0.10723476 -3.81843018 0.19826342
v 0.66327416 -3.77287745 -0.72520679
v 0.18113111 -3.80444574 0.19610728
v -0.03907384 -3.58046865 -0.89725929
v -0.58332312 -3.85143852 0.10428222
v -0.00402708 -3.5820136 -0.89964169
v -1.05301475 -4.16562509 -0.52640605
v -0.00489138 -3.56793069 -0.88657462
v 0.91016769 -3.66299271 -0.19326725
v -0.03631741 -3.56752705 -0.88779717
v -0.77742719 -3.67790007 0.00420497
v -0.36147519 -4.17767953 -0.87767171
v 0.81918948 -3.97271204 0.10074451
v -0.9468441 -4.02484941 -0.34485718
v 0.60637486 -3.54807305 -0.72907245
v -0.29968553 -3.47254705 -0.853087
v -0.79789167 -3.54593873 -0.57562542
v -0.31153047 -3.48089194 -0.85225075
v 0.88013827 -4.15681839 -0.03906873
v 0.10590735 -3.76560807 0.24569366
v 0.45045706 -3.88583469 0.21813227
v 0.61327171 -3.80202817 -0.78517854
v 0.55444413 -3.9795432 -0.80957168
v 0.04913161 -3.93323445 0.20124633
v 0.78925681 -3.53537654 -0.36690709
v 0.87733399 -3.98507022 -0.34908062
v 0.52929019 -3.44268703 -0.79922097
v 0.88078928 -4.00466585 -0.37823319
v -0.88340246 -3.71834087 -0.1130668
v -0.70718061 -4.00584745 -0.72369051
v -0.66742318 -3.55591011 -0.69859045
v -0.83340096 -3.60706615 -0.12757165
v -0.87517702 -3.71933484 -0.08119202
v 0.07745599 -3.94081449 0.24329397
v -0.8731504 -3.71991848 -0.10158738
v -0.47369334 -4.19699049 -0.87877053
v -0.66757947 -4.40165376 0.13035169
v 0.66467303 -3.76493287 0.16392131
v 0.67677342 -3.77502799 0.16262544
v -0.11358041 -3.80084753 0.23353131
v 0.68698787 -3.75867462 0.13662037
v -0.16705396 -3.80219984 0.22954765
v 0.68743157 -3.76962876 0.14582091
v -0.87742668 -4.02195882 0.15970732
v 0.73627269 -4.02460479 0.01271194
v 0.98497164 -3.86623024 -0.11004412
v 0.7232424 -3.99433922 0.02028164
v 0.67804896 -3.52798461 -0.02583796
v -0.80712246 -3.58712363 -0.18302148
v -0.56825095 -3.25691247 -0.42850023
v -0.65933311 -4.42978715 0.11911985
v -0.69674408 -4.204288 0.10109381
v 0.64959967 -3.59855508 0.10605397
v -0.18202751 -3.27549767 -0.69371235
v -0.14734675 -3.87332296 0.19167512
v 0.6077575 -3.75739741 0.16845612
v 0.20179946 -4.10146188 0.21445098
v 0.5792852 -4.00551939 0.12329734
v 0.67341131 -3.47595095 -0.61438089
v 0.32178413 -3.21723055 -0.59560322
v -0.68917149 -3.50414133 -0.05480902
v -0.06342005 -3.7792778 -0.92585891
v -0.46384817 -3.39653444 -0.78564846
v -0.21970717 -3.92876339 -0.95908379
v 0.75910985 -4.22787618 -0.85101562
v 0.59716218 -3.89100146 -0.88143116
v -0.78073817 -4.04424762 0.04418183
v -0.77308046 -4.06903219 0.06287693
v -0.82664644 -3.90922641 -0.11979731
v 0.25011932 -3.91085171 0.15913614
v -0.86496722 -3.98824167 -0.14147274
v 0.17023299 -3.91851639 0.15734168
v 0.2139627 -3.89543366 0.14929714
v 0.19274824 -3.89552116 0.15114812
v -0.97435009 -4.12089061 -0.54417067
v 0.22687465 -3.55573344 -0.92949283
v -0.85610258 -4.01980733 -0.55374103
v -0.91436243 -4.05945205 -0.5274586
v 0.4107753 -3.79331708 0.16170868
v 0.47782963 -3.98196458 0.12923191
v -0.98766613 -3.85323429 -0.26279208
v -0.79615879 -3.81745386 -0.6704728
v -0.80052787 -3.5124607 -0.37412771
v -0.80059224 -3.53875756 -0.34256374
v 0.80966526 -4.0365076 -0.07776331
v -0.7934091 -3.52061677 -0.34522783
v -0.76975655 -3.76136779 0.09884239
v 0.48872724 -3.77032446 0.18690566
v -0.6199665 -3.69670486 -0.80620831
v 0.03132724 -3.94255495 -0.94050246
v 0.16388863 -3.80157136 0.19231709
v -0.46043044 -3.30333423 -0.55627501
v 0.7195059 -3.43364048 -0.23266881
v -0.47151282 -3.33602452 -0.58234918
v -0.09271866 -3.78614997 0.23448333
v -0.42978704 -3.81924152 -0.84472978
v 0.80507904 -3.55955815 -0.52814853
v -0.2227301 -3.83617758 0.14554749
v 0.77569681 -3.5602293 -0.56887137
v -0.18011423 -3.52457571 -0.83740556
v 1.00672912 -4.13898611 -0.34650817
v -0.85708254 -3.89248871 -0.2350482
v 0.06389232 -3.79107284 -0.82249653
v 0.48975473 -3.39525222 -0.5831511
v -0.01328462 -3.52618527 -0.90983593
v -0.43047702 -3.45185756 -0.86553585
v 0.33738571 -4.06135559 0.12949587
v 0.34082603 -3.80484557 0.13993834
v -0.22494116 -3.38969922 -0.8337745
v 0.78690445 -3.97814703 0.11726873
v -0.55903708 -3.66325712 0.09992399
v 0.71390241 -4.1977148 0.07623867
v -0.57050621 -3.64696383 0.09839612
v 0.84359777 -3.54053592 -0.26355743
v -0.58380478 -3.66533231 0.08894734
v -0.34775123 -3.27527761 -0.6626178
v -0.63344758 -3.54858136 -0.62494385
v 0.78330957 -3.64963007 -0.02420588
v -0.23732665 -3.93920064 -0.8530972
v 0.7570486 -3.55756974 -0.58997547
v 0.77499634 -3.5472505 -0.57473403
v -0.30919838 -3.93596243 -0.84141868
v -0.99295401 -4.25884532 -0.10862212
v -0.27021941 -3.97084093 -0.84973532
v -0.19753545 -3.49310207 -0.85167336
v -0.16792644 -3.95433855 -0.86118799
v -0.17841143 -4.40203189 0.15495243
v 0.33666366 -3.82029199 -0.86022836
v 0.60361892 -3.31820702 -0.33307731
v -0.45959672 -4.17417907 -0.88272327
v 0.59721559 -3.3413515 -0.34798359
v 0.77990716 -3.57930207 -0.53565532
v -0.03671049 -3.89440417 0.24608492
v 0.76313203 -3.56917309 -0.52023112
v 0.84256768 -3.61552333 -0.15951734
v 0.77641862 -3.57844233 -0.51717144
v -0.51511883 -3.54846954 -0.83770144
v 0.7678523 -3.57612395 -0.53299051
v 0.81436443 -3.52643966 -0.32171511
v 0.82959055 -3.58768725 -0.47876182
v 0.82132303 -3.52770996 -0.31013244
v 0.76768028 -3.40981626 -0.33817377
v 0.3537729 -3.90248775 0.07743603
v 0.74744957 -3.38760185 -0.33400324
v 0.77890688 -3.68297958 -0.02679167
v -0.24380998 -3.24709248 -0.56186235
v 0.75733518 -3.69443011 -0.01963353
v -0.41691073 -3.45167946 -0.84211766
v 0.76630818 -3.68838214 -0.02564495
v -0.4953407 -3.45776295 -0.81453204
v 0.4013977 -3.86784648 0.08391014
v -0.46865022 -3.47212481 -0.83439129
v -0.53842008 -3.85224843 0.14412711
v -0.79827654 -3.47617244 -0.50616055
v -0.56005859 -3.85430192 0.14190454
v -0.79460787 -3.47549772 -0.52002608
v -0.56804287 -3.85420656 0.13816425
v 0.80330777 -3.96207284 0.11142525
v 0.11730334 -4.04869937 -0.85450553
v 0.75430554 -3.93711018 0.1296371
v 0.027504 -4.04422903 -0.84966003
v -0.22292596 -3.54706072 -0.88110923
v 1.03860914 -3.88278269 -0.26194825
v -0.65359717 -3.70612525 0.11928852
v 0.78041756 -3.78024411 0.10497009
v -0.22633852 -3.41908764 -0.85613185
v 0.16514827 -4.49127101 0.20320299
v 0.07571949 -3.7029109 -0.87300276
v 0.47603344 -3.55801844 -0.852934
v 0.07044956 -3.6820383 -0.87352228
v 0.72500765 -3.57467412 -0.01022781
v -0.73662817 -3.72151494 0.00648451
v 0.94690513 -3.88337683 -0.0382553
v 0.30045983 -3.78703928 0.21478684
v 0.30997175 -3.78359842 0.21282376
v 0.91931647 -3.89817404 0.00503095
v 0.32027381 -3.78703641 0.21420115
v 0.9223752 -3.92645263 0.00722161
v -0.11787715 -3.38616418 -0.75882494
v 0.69701343 -3.90819144 -0.88029378
v -0.03423214 -3.29889869 -0.69873708
v -0.22305311 -3.45166397 -0.87639367
v -0.0349083 -3.29695177 -0.68387097
v 0.92829394 -3.63338255 -0.20371499
v -0.03675948 -3.30012321 -0.66053396
v -0.01909223 -3.30146169 -0.66170406
v 0.26070734 -4.47884941 0.21961207
v -0.8099007 -3.60155248 -0.33385425
v 0.53733634 -3.46174502 -0.7583872
v -0.79791319 -3.60494875 -0.3318929
v -1.03378415 -4.2216978 -0.55231869
v 0.52961808 -3.45489549 -0.76320701
v -1.03787851 -4.21236944 -0.5545957
v 0.50616276 -3.46306896 -0.779769
v -0.72519457 -3.36672902 -0.33652359
v 0.50775218 -3.45408654 -0.77750343
v -0.81188178 -3.90261507 -0.57772845
v -0.73785346 -3.95163941 0.19183313
v -0.79998976 -3.81250357 -0.57694149
v -0.62903475 -3.89934086 0.11096637
v -0.57057482 -3.79228878 0.08769685
v -0.63216394 -3.88218879 0.10299183
v 0.74784797 -3.52692174 -0.18191453
v -0.4731023 -3.77956056 0.14289163
v -1.04381179 -4.21146106 -0.35564756
v 0.82226288 -3.6222105 -0.36557543
v 0.80626469 -3.76838755 -0.30260258
v 0.71187973 -3.43637943 -0.56724959
v 0.75636637 -3.65476346 -0.3849084
v -0.72177773 -3.81024861 0.08107712
v -0.54006201 -3.67988681 0.10571511
v -0.35285157 -3.54904508 -0.90783923
v 0.76188755 -3.78385615 -0.57427269
v -0.33973145 -3.54883337 -0.91637522
v 0.79086917 -3.58003521 -0.46843299
v 0.75113755 -3.80193638 -0.60194641
v 0.79962492 -3.58809638 -0.48468601
v -0.69390964 -3.37250328 -0.19945275
v -0.37727069 -3.90557837 0.18875066
v 0.79356807 -4.13029956 -0.62852913
v -0.66929054 -4.07727003 -0.82941609
v -0.25473192 -3.91696953 0.18948784
v 0.01962368 -3.83557796 -0.94175195
v -0.85236382 -3.58170342 -0.45844984
v 0.78399229 -3.51986789 -0.42230397
v -0.83017015 -3.88939094 -0.50294113
v 0.41940486 -3.55794167 -0.87209069
v -0.34070721 -4.01473474 -0.8071351
v 0.41706031 -3.55672597 -0.86526793
v 0.30092659 -3.95778203 -0.87801289
v -0.08171181 -3.88393902 0.20135441
v -0.60243088 -3.44762039 -0.77669769
v -0.07217781 -3.88359165 0.21494412
v -0.27932986 -3.33460211 -0.78596174
v 0.74787771 -3.50392603 -0.49486604
v -0.72437405 -3.78594446 0.08856615
v -0.73925322 -3.78571915 0.09027364
v -0.32127788 -4.0405488 0.19279055
v -0.08838596 -3.82150101 0.22266964
v -0.30120945 -4.03843355 0.19646765
v -0.09268281 -3.82070016 0.19977279
v -0.95953434 -4.0493288 -0.18939632
v 0.74031961 -3.81529617 0.12688633
v 0.80146193 -3.48299503 -0.13648763
v 0.73929089 -3.80092144 0.12058027
v 0.66504716 -3.62963247 0.09409265
v -0.09355454 -3.83355021 0.20297701
v -0.13105776 -3.52147007 -0.85083413
v -0.08748845 -3.84150648 0.21441987
v -0.31628549 -3.46615338 -0.8458203
v -0.13219113 -4.38648319 0.18697118
v -0.72351801 -3.45466041 -0.27547484
v -0.0942607 -3.50195598 -0.87452417
v -0.06701902 -4.37839078 0.19868335
v 0.23623801 -4.05910253 0.22431068
v -0.05650619 -4.39876937 0.19791312
v -0.04932093 -4.41573476 0.19521451
v -0.76428216 -3.94351053 -0.01344559
v -0.03686185 -4.43131542 0.19106717
v 1.0095843 -3.88407087 -0.37420839
v 0.81019735 -3.59406518 -0.47212547
v 0.763143 -3.4612081 -0.27319535
v -0.02750561 -3.4148035 -0.74381524
v -0.12489474 -3.86869502 0.13809888
v -0.18462622 -4.3132596 -0.84677904
v -0.9045856 -3.64586067 -0.23291647
v -0.22610932 -4.31279993 -0.85492658
v 0.30079665 -3.55515837 -0.87140005
v -0.24258086 -4.30469322 -0.85622763
v 0.28088191 -3.55679941 -0.87289673
v -0.21165391 -4.3133564 -0.85117662
v -0.744623 -3.98545289 -0.74435627
v -0.16404777 -4.31424379 -0.82807457
v -0.19450838 -4.31321477 -0.84103071
v -0.45876613 -4.21107101 -0.88652467
v 0.34923043 -3.70862102 -0.95846116
v -0.12141914 -3.86767149 0.17148441
v -0.12737077 -3.87241649 0.18064974
v 0.66930896 -3.55692172 -0.53517758
v -0.13532947 -3.87521314 0.19046241
v -0.80179387 -3.65671634 -0.38664302
v 0.87570023 -3.64880347 -0.21121375
v -0.5220136 -3.89514207 0.19131934
v 0.86519652 -3.63718581 -0.22752551
v -0.55202537 -3.88027763 0.18712177
v 0.86177676 -3.64270019 -0.21699112
v -0.5479505 -3.89432597 0.19171302
v 0.21151548 -3.36781811 -0.67607551
v -0.93806755 -3.8221817 -0.5300436
v -0.80653339 -4.37244415 0.09179353
v 0.81182056 -3.65329384 -0.33210393
v -0.78916823 -4.38723802 0.09396629
v -0.900065 -4.1985259 0.02605466
v -0.63355338 -3.31052804 -0.37805652
v 0.10900539 -3.92882633 0.2492979
v -0.62977492 -3.31269645 -0.39645975
v -0.8704915 -3.71467304 -0.11365304
v -0.94053161 -3.89776468 -0.05283979
v -0.87465751 -3.72064948 -0.1135445
v -0.03604433 -3.65115547 -0.87267875
v 0.86166423 -4.39157152 0.06985612
v 1.01938223 -4.2576189 -0.20895424
v 0.6051647 -3.29343175 -0.3505826
v 0.70849812 -3.79160594 0.11875259
v 1.04150211 -4.27570295 -0.25401675
v 0.81771892 -3.5154562 -0.1038238
v 0.86857706 -3.91512489 -0.4093455
v 0.37938579 -4.47952079 0.19746527
v 0.86702883 -3.94346332 -0.4411067
v 0.36466172 -4.47827291 0.19722887
v 0.94499987 -4.06828737 -0.44984775
v -1.07715034 -4.17610883 -0.45454728
v 0.8822276 -4.0631051 -0.53159439
v -1.07164597 -4.18193149 -0.49092587
v 0.8804028 -4.02088975 -0.49742409
v -1.07454693 -4.1944313 -0.48220124
v 0.15340958 -3.91931557 -0.87875133
v -0.54770469 -3.75942421 0.13647899
v 0.55879777 -3.84385371 0.19972987
v -0.53584647 -3.76732397 0.12751412
v -0.75864726 -3.44906115 -0.13390784
v -0.44667404 -3.79260325 0.13437758
v -0.75389313 -3.46017456 -0.13239744
v -0.47219172 -3.78508257 0.13231059
v -0.66714811 -3.33496999 -0.30773782
v -0.49311915 -3.78501844 0.13080908
v 0.14759767 -3.86962294 0.18018816
v 0.67787134 -3.7970829 0.16638498
v -0.61816531 -3.76992034 0.07234038
v -0.19008521 -3.80684447 0.21129459
v 0.16320854 -3.80240011 0.17159473
v -1.04783582 -4.12990522 -0.48858842
v -0.11543906 -3.95084881 0.12665702
v 0.08596879 -3.54911398 -0.94515323
v -0.1122858 -3.96487236 0.12644353
v -0.05000798 -3.55294084 -0.94393336
v -0.05923611 -3.92893028 0.13757
v 0.08483718 -3.5588479 -0.94928884
v 0.42046415 -3.9844284 0.20966115
v 0.09160607 -3.30909109 -0.71608257
v -0.80025553 -3.67768669 -0.03792103
v 0.09042391 -3.29377603 -0.69325268
v -0.79219889 -3.68496513 -0.03900412
v 0.05930098 -3.29417944 -0.68441557
v -0.78812325 -3.69192433 -0.05592919
v 0.05286982 -3.30106067 -0.69922733
v -0.7896589 -3.68739223 -0.04924931
v -0.00412609 -3.2951858 -0.68048059
v 0.79633516 -4.13104534 -0.01409146
v 0.02538661 -3.29615569 -0.68030613
v 0.56945502 -3.8533945 0.11442151
v 0.41149047 -3.5390973 -0.90206021
v 0.55939102 -3.85299778 0.10676389
v 0.37309497 -3.54956913 -0.90750801
v 0.83134895 -3.61501336 -0.18316504
v 0.40844965 -3.54922032 -0.8964045
v 0.8953278 -3.63956785 -0.25920766
v 0.82217055 -3.62925481 -0.15761627
v 1.04551005 -4.13694906 -0.35419172
v 0.84022587 -3.52397394 -0.14584854
v 0.15229354 -3.90253377 0.24124403
v 0.91069722 -3.92883396 0.02167076
v -0.15791651 -3.79983043 0.22300668
v 0.59230494 -3.8304696 0.15966042
v 0.87199914 -3.84462904 -0.29653015
v -0.01206198 -3.94031405 0.19267427
v -0.16663597 -3.90326118 0.22074396
v 0.24683217 -3.95536923 0.08019901
v -0.1560826 -3.91786289 0.21758955
v 0.65936291 -3.74172592 0.05495053
v -0.70353138 -3.64545917 -0.56220722
v -0.74718123 -3.70283126 0.0143801
v 0.1347664 -3.77697587 0.24592582
v -0.73036027 -3.70214796 0.0433351
v -0.49871999 -3.34085845 -0.71191799
v -1.02438473 -4.21201372 -0.2719503
v -0.14021685 -4.29067325 -0.82266193
v 0.00859981 -3.48469543 -0.83472347
v 0.18614475 -3.57193923 -0.91609191
v 0.03803823 -3.9333949 0.18861722
v -0.16745653 -3.80235338 0.21453797
v -0.30912953 -3.78569507 0.11890691
v 0.65213865 -3.83349728 0.15590164
v -0.66669708 -3.64994478 -0.00753698
v -0.50449669 -4.21343898 -0.86403358
v -0.69693207 -3.68756866 -0.03627845
v -0.50734806 -4.19917964 -0.86881458
v -0.71524083 -3.72255778 -0.05256769
v 0.78801733 -3.67178773 0.00416746
v -0.41697725 -3.75760603 0.1278477
v 0.48037105 -4.31884765 0.17131336
v 0.47792318 -4.34542512 0.17451988
v -0.66560185 -3.4338355 -0.20870918
v 0.91866529 -3.68959116 -0.07717301
v 0.64880079 -3.5729165 -0.5930407
v 0.29843527 -3.4927926 -0.91890448
v 0.5800485 -3.88427281 -0.82196545
v 0.49379226 -4.00725698 0.12687382
v 0.5279321 -3.99207019 -0.86208397
v 0.81129121 -4.12982416 -0.59545135
v -0.81822961 -3.63086032 0.01434487
v -0.82184469 -3.62907767 0.00436135
v -0.81478309 -3.9173448 -0.0002745
v -0.75576823 -3.4762299 -0.21208618
v -0.82599848 -3.94916796 -0.01382346
v -0.73812234 -3.48976874 -0.22280784
v -0.8214547 -4.00092983 -0.00630884
v 0.4062854 -3.27301383 -0.53838419
v 0.77868038 -3.90422558 -0.01490122
v -0.665973 -3.39528989 -0.16897299
v -0.40355938 -4.21477508 -0.88135623
v 0.68211591 -3.41294241 -0.1479922
v -0.9216941 -3.96747517 -0.39477989
v -0.86478513 -3.93877935 -0.4768868
v -0.76305139 -3.5034511 -0.56330865
v 0.19004821 -3.25388932 -0.63284045
v -0.83045131 -3.94414067 -0.57040733
v -0.31283929 -3.88155198 -0.93186837
v -0.84246504 -3.50995779 -0.3288435
v -0.84260672 -3.5190885 -0.30782246
v -0.43934455 -3.20411133 -0.47915649
v -0.85968184 -3.53341865 -0.26490914
v -0.44084376 -3.21023559 -0.46869027
v -0.81143015 -3.59751462 -0.44925123
v -0.85234123 -3.52909541 -0.28499394
v 0.1785894 -3.56706476 -0.86502873
v -0.12423649 -3.86661148 0.19112172
v 0.16145309 -3.56345462 -0.86652767
v 0.7844693 -4.0512681 0.03210729
v 0.14667183 -3.55662894 -0.87878817
v 0.04399951 -3.61416673 -0.89198267
v 0.76579999 -3.55887699 -0.00716946
v 0.85267627 -3.70391631 -0.09128272
v 0.76143682 -3.56964492 -0.00582117
v 0.8639034 -3.70439624 -0.09092076
v 0.85135287 -4.38429546 0.08454857
v -0.10290911 -4.29654359 0.19523204
v -0.57950234 -4.22347974 -0.85232031
v -0.78599053 -3.59508609 -0.32914453
v -0.32144683 -4.32072782 0.16847376
v -0.27378201 -3.42484712 -0.80581885
v -0.22992759 -4.35975551 0.1762225
v 0.02151896 -3.48982238 -0.80986213
v -0.45351225 -3.27388763 -0.65210741
v 0.7308005 -3.72400403 -0.05753298
v 0.60403031 -3.73308587 0.14480333
v -0.32855525 -3.52204036 -0.86467754
v -0.89744436 -4.37936115 0.07939122
v -0.82297837 -3.64449262 -0.44148084
v -0.66055196 -3.75329327 -0.01266814
v -0.77308702 -3.96342849 0.15482708
v 0.47807899 -4.11315059 0.0893004
v -0.93211543 -3.84605884 -0.52049249
v 0.88466572 -3.71748065 -0.06839767
v -0.50559026 -3.86412596 0.19589053
v -0.78859001 -3.57258415 -0.33252924
v -0.53584349 -3.86359524 0.19600589
v -0.5400815 -3.53886508 -0.71306955
v -0.54260462 -3.85499572 0.19616723
v -0.54155409 -3.55656862 -0.72864127
v 0.58154857 -3.44048595 -0.77629184
v -0.58331245 -3.83840084 0.19297738
v 0.56972801 -3.44013977 -0.78762304
v 0.35284581 -3.41008567 -0.84221875
v 0.57061088 -3.44051265 -0.77800333
v -0.84309935 -3.70506334 -0.06832741
v -0.6831029 -4.07509422 0.06217585
v 1.06848669 -4.22638416 -0.26731386
v 0.64922714 -3.72445821 0.15253394
v 0.9627062 -3.87720251 -0.10004349
v 0.20872652 -4.05986642 -0.91144847
v -0.86173856 -3.59553337 -0.11432536
v -0.75758779 -4.41388893 0.09916131
v -0.74106454 -4.42566394 0.10644276
v 0.90732336 -3.60326576 -0.30855298
v 0.62635362 -3.5515778 -0.77023732
v 0.38539648 -3.51544475 -0.81033086
v -0.13746246 -3.7839694 0.12959376
v 0.51286143 -3.31181955 -0.6806665
v 0.5360344 -3.54956007 -0.84220242
v 0.48108565 -3.28677916 -0.67463761
v 0.39802023 -3.80529737 0.14378011
v -0.46875679 -3.48830151 -0.81245833
v -0.58417022 -3.78181576 0.09423727
v -0.87419021 -3.62864875 -0.17644512
v 0.85300296 -3.62434005 -0.26374885
v -0.23389217 -3.94394826 0.11296584
v 0.86436057 -3.62463951 -0.2748931
v 0.82676267 -3.61019802 -0.12613293
v 0.80298602 -3.671278 -0.02865976
v -0.4640761 -3.45237875 -0.80943465
v 0.81209647 -3.66552186 -0.03719531
v -0.60258996 -3.62093782 0.11123799
v 0.76185578 -3.68012309 0.02950824
v -0.5887013 -3.62524581 0.11174569
v -0.80131173 -3.55984711 -0.33486378
v 0.7828871 -3.87154436 0.04706274
v 0.50987243 -3.39142298 -0.76343631
v -0.98353302 -4.25790309 -0.10298837
v 0.08455039 -3.56712269 -0.9503088
v -0.97491574 -4.24318552 -0.1142556
v 0.32132041 -4.24350547 -0.88074052
v 0.44517147 -3.4829247 -0.82094627
v -0.69496333 -3.37826132 -0.26757773
v 0.77671754 -3.47947502 -0.23064065
v 0.2197687 -3.78629303 0.21248439
v -0.61889612 -3.29296946 -0.3817085
v 0.20340319 -3.79042935 0.21308283
v 0.3181338 -3.47392964 -0.85214757
v -0.10557792 -3.89049029 0.13008517
v 0.22650848 -3.90732169 0.21292594
v -0.09404043 -3.87839651 0.13458465
v 0.40429315 -3.58955502 -0.89366352
v 0.77626192 -3.54128694 -0.40729117
v 0.3406566 -3.57501316 -0.90807223
v 1.04748296 -4.14330387 -0.26328322
v -0.76500231 -3.5429213 -0.51769012
v -0.54075527 -3.24512815 -0.432213
v -0.62342852 -3.74351024 0.10361199
v -0.39268189 -3.7958908 0.14726714
v -0.19841656 -3.5099802 -0.85823559
v -0.39450752 -3.79193472 0.18235972
v -0.10046477 -4.41223907 0.17056185
v -0.87935614 -3.70650315 -0.17246517
v -0.35619381 -3.91478347 0.1371805
v -0.35964435 -3.92841935 0.12127035
v -0.14508307 -3.87400555 0.16332699
v 0.58139133 -3.64040017 0.07608044
v -0.29440781 -3.80707335 0.19220188
v 0.56130665 -3.64716386 0.0810903
v -0.31126922 -3.84188509 0.19454328
v 0.57711702 -3.68197083 0.06223207
v -0.3087989 -3.8544929 0.19519498
v 0.82482326 -3.90915203 -0.61251032
v 1.0404154 -3.91171884 -0.25921475
v 0.21759301 -3.55586409 -0.85567545
v -1.03355693 -4.21263694 -0.54003644
v 0.22099198 -3.55766964 -0.865579
v -1.02351737 -4.21941566 -0.56389677
v 0.70340335 -3.55874609 -0.16268025
v 0.03643949 -3.93132114 0.23528087
v -0.76068085 -3.91144466 -0.76465266
v 0.82636755 -4.04860734 -0.51703578
v -0.74253916 -3.91430139 -0.78797853
v 0.87784802 -3.60056662 -0.36037933
v -0.74252212 -3.89982795 -0.7898432
v 0.86711299 -3.59994077 -0.3825418
v -0.75329363 -3.91848707 -0.78163319
v 0.88027477 -3.59238672 -0.37805807
v -0.74772042 -3.48837399 -0.51317167
v 0.71502339 -3.51654076 -0.03645173
v -0.73943847 -3.48671984 -0.52856349
v -0.87578535 -3.6250751 -0.30253997
v -0.74999356 -3.49246144 -0.50585275
v 0.14347524 -3.83874845 0.20305566
v 0.7531107 -3.90223217 0.06879311
v 0.78486895 -3.89393186 0.04877871
v 0.77755969 -3.86960291 -0.02592755
v 0.80017113 -3.90242981 0.03550958
v 0.79388594 -3.88007378 -0.08249712
v -0.40031227 -4.3974924 0.14539583
v 0.80281269 -3.61535739 0.00860976
v -0.43127608 -4.00904369 0.19498969
v -0.87096709 -3.79890418 -0.32129657
v -0.44897925 -4.02430343 0.19119601
v -0.73645269 -3.55646657 -0.62057256
v -0.6738767 -4.17332267 0.09672219
v -0.37179964 -3.81106567 0.13860382
v 0.06257353 -3.76651215 0.25600272
v 0.78465718 -4.04607629 -0.68554937
v 0.04613855 -3.76925945 0.25807833
v 0.50399172 -3.78377318 -0.84803974
v 1.04659962 -4.28372001 -0.33954972
v -0.55806881 -3.84107923 0.09955214
v -0.29487758 -4.25779247 -0.93213951
v -0.55680096 -3.82937264 0.09543617
v -0.27784785 -4.24115324 -0.9308018
v -0.76890838 -3.46747255 -0.09319403
v -0.06900405 -3.93604826 -0.87344807
v 0.86422634 -3.51041126 -0.31186595
v 0.86589193 -3.51457023 -0.29964417
v 0.59605419 -3.28911805 -0.40273866
v 0.87098211 -3.51905536 -0.30747461
v -0.71076804 -3.77491569 -0.03580195
v -0.33653056 -3.21414709 -0.52104008
v 0.93066632 -4.1771183 -0.09282104
v 0.46792072 -3.91070699 -0.84704804
v 0.95259964 -4.17289257 -0.12189485
v 0.54244881 -3.94143819 -0.84691703
v 0.66253405 -3.55201101 0.0259983
v -0.75656688 -3.71237111 -0.01412468
v -0.75732725 -3.70525455 -0.01432581
v -0.40274325 -3.78224277 0.09592942
v 0.03048702 -3.82587885 0.09589795
v 0.91287863 -3.61331033 -0.28682011
v 0.35069423 -3.23538994 -0.55521577
v 0.23368951 -3.50805711 -0.83173531
v -0.49792534 -3.40332388 -0.64835166
v 0.22485189 -3.50298976 -0.85464358
v -0.84082496 -3.75311136 0.00268004
v 0.8283993 -3.89500069 -0.36248895
v -0.84130102 -3.75366354 0.02798344
v -0.62699902 -3.85011982 0.17521508
v -0.8523823 -3.74848222 0.01642333
v 0.11939135 -3.95352673 0.09404799
v -0.54644674 -3.86223173 -0.87226229
v -0.12790188 -3.86327672 0.20181472
v 0.94432675 -3.99891781 -0.30946221
v 0.28792506 -3.2592833 -0.66818684
v -0.90662276 -3.70724177 -0.09684126
v -0.88742125 -3.66465878 -0.21762019
v 0.60470581 -3.69667291 0.13266916
v -0.92882549 -4.27866649 0.04291141
v 0.77622687 -3.77242183 -0.58718252
v 0.85746961 -3.78369665 -0.25968518
v -0.80954456 -3.82806992 -0.02970402
v 0.12302425 -3.33738994 -0.64285367
v -0.87616902 -3.95280909 -0.1923138
v -0.66637963 -3.37087249 -0.19516216
v -0.78667843 -3.75841379 0.12011245
v -0.64435792 -3.8732419 0.02050664
v 0.5701304 -3.77357864 0.10473892
v 0.42970511 -3.58027029 -0.79319381
v 0.56478619 -3.77564144 0.09581984
v -0.09502404 -3.86631918 0.14670693
v 0.36280298 -3.51891207 -0.81405615
v -0.52786308 -3.93837642 0.13664503
v 0.02993388 -3.94741249 0.22428768
v -0.60816329 -4.00882482 0.11330623
v 0.83214336 -3.78704929 -0.12557488
v -1.06318771 -4.20824623 -0.50931483
v 0.8660258 -3.91330814 -0.15642386
v -0.74143093 -3.46606659 -0.57336878
v 0.84071773 -3.82325983 -0.11979179
v -0.0766391 -3.56217885 -0.86390918
v -0.79972255 -3.70892572 0.04271455
v -0.5220564 -3.7153685 0.14492435
v -0.56558227 -3.46832227 -0.61134064
v -0.4848673 -3.725914 0.14798983
v -0.82449579 -3.56516695 -0.22378902
v -0.45800307 -3.73964405 0.15035373
v 0.6729061 -3.55534005 -0.00569935
v -0.4519155 -3.78985858 0.16011968
v -0.42947575 -3.74195456 0.14975294
v -0.2968471 -3.36529779 -0.81111413
v -0.40955045 -3.77442979 0.15837328
v -0.58823978 -4.42875766 0.12464091
v -0.43353584 -3.75743818 0.15432979
v -0.58862853 -4.43824815 0.11459137
v 0.53523463 -4.05103635 0.08372953
v -0.67591816 -3.94836115 0.02862116
v -0.10467531 -3.54663848 -0.84659493
v -0.62814056 -3.919312 0.04495753
v 0.7091366 -3.94120168 -0.88052207
v -0.29169964 -3.55194044 -0.90171408
v 0.22464956 -3.45673036 -0.90459656
v -0.19602926 -3.61955142 -0.9170311
v -0.41770961 -3.90904307 0.15849517
v -0.16677081 -3.92486333 0.20099669
v -0.16800968 -3.93737149 0.11747863
v -0.96100342 -4.20206689 0.02193005
v 0.52502095 -3.8680973 0.12571515
v 0.81114119 -3.4849801 -0.43448519
v 0.53274881 -3.86173105 0.11573847
v -0.4393467 -4.12291479 0.09079224
v -0.70857679 -3.55779838 -0.10556288
v 0.0907797 -3.77374076 0.25990414
v -0.87405639 -3.90080738 0.11961995
v 0.10520912 -3.76755857 0.25384283
v 0.44114247 -4.29403495 0.13696222
v -0.8520537 -3.62496924 -0.44253885
v 0.46304106 -4.30707216 0.1361808
v -0.81152206 -3.49248027 -0.49028733
v 0.48411279 -4.2966876 0.13069653
v 0.6286726 -3.44646215 -0.72494763
v -0.84295964 -4.17032003 -0.69762653
v 0.63662529 -3.44649338 -0.7318865
v 0.76394677 -3.47640681 -0.55992186
v 0.62569779 -3.4420669 -0.73442351
v -0.04745499 -3.94674348 0.24098068
v -0.92768734 -3.9758377 0.1148428
v -0.04808868 -3.9284327 0.24442029
v -0.96601492 -4.03917455 -0.21073688
v 0.36454185 -3.89958572 -0.95950079
v -0.04783322 -3.94054365 0.24443629
v 0.77685892 -3.49599456 -0.45027372
v -0.77201342 -4.07284069 0.01054526
v 0.17035071 -3.77116918 0.13800761
v 0.39936173 -3.69541311 0.11746999
v 0.13025978 -3.77367758 0.11919072
v 0.39339888 -3.7191112 0.12005838
v 0.16814102 -3.76358413 0.12088857
v 0.38274681 -3.71083974 0.11902812
v 0.15211716 -3.76190757 0.13012024
v -1.05904698 -4.19615745 -0.52614897
v -0.84465265 -3.62453413 -0.30917197
v -0.85378968 -3.62524032 -0.31967365
v 0.43731841 -3.89615011 0.14742906
v -0.8633331 -3.62755727 -0.30932593
v -0.8479402 -3.96677684 -0.56261414
v -0.85357987 -3.62942934 -0.30889737
v 1.05199456 -4.18039178 -0.23870004
v -0.80957841 -3.82280516 -0.39622679
v -0.99449336 -3.86753869 -0.44251102
v 0.39788627 -4.44716072 0.22811619
v 0.76940619 -3.8790903 0.0594042
v -1.00320792 -3.87926816 -0.34469395
v 0.10117779 -3.84864759 0.16609683
v -0.43966057 -3.510782 -0.88822954
v 0.62726044 -4.22090244 -0.91051244
v -0.54541343 -3.7570765 -0.78566354
v -1.00964129 -4.10557699 -0.34056395
v 0.47865793 -3.73330855 0.15867769
v -1.03495693 -4.14093828 -0.3815163
v -0.48569324 -3.55352497 -0.83200883
v -1.03760552 -4.14787197 -0.44978201
v -0.50063496 -3.55672907 -0.83122319
v -1.04867506 -4.16378736 -0.42285832
v 0.89498406 -4.3017044 -0.01808463
v 0.92585241 -3.64364576 -0.15482342
v -0.04254505 -3.90297365 -0.99228698
v 0.93286758 -3.66810083 -0.1381451
v -0.01821761 -3.85596418 0.2501558
v 0.93569159 -3.67916631 -0.13689696
v -0.82217335 -3.98103976 -0.5521937
v -0.00338301 -3.84100675 0.2545703
v -0.7931028 -3.94934368 -0.5615887
v -0.83225143 -3.74588203 -0.02297766
v -0.52721273 -3.80420708 0.07206109
v -0.82996857 -3.73345375 -0.04440289
v -0.46764576 -3.89562487 0.18920418
v -0.12581174 -3.85235643 0.20343782
v 0.6897875 -4.14492702 -0.85270643
v 0.82606035 -3.99709987 -0.0270752
v 0.69935548 -4.17357301 -0.85796815
v -0.78371119 -3.84975695 -0.7028805
v 0.85491436 -3.89364743 0.06556516
v -0.74177074 -3.84080791 -0.73723399
v 0.61078548 -3.72812628 -0.7111327
v -0.55232465 -3.45773363 -0.74980759
v -0.68148082 -3.47268056 -0.62936663
v -0.55073809 -3.45533585 -0.75547516
v -0.78349077 -4.02850627 -0.6531021
v 0.80803334 -3.49439764 -0.48029917
v -0.81873422 -3.79336905 -0.30135136
v 0.79974842 -3.48665714 -0.4827401
v 0.00791899 -3.9310894 0.16858518
v 0.80694401 -3.4862411 -0.47073587
v 1.01323878 -4.27704429 -0.19617795
v 0.48051506 -3.88192296 0.13586746
v 0.04129096 -3.94696593 0.19973696
v 0.28698834 -3.49703383 -0.83324205
v 0.26269528 -3.49320054 -0.84901821
v -0.81770986 -3.52905631 -0.11157751
v 0.26558858 -3.48409414 -0.85940283
v 0.75880312 -3.74377441 0.10852585
v 0.7511146 -4.31442737 0.14234966
v 0.63533264 -3.94572401 -0.89805668
v -0.20354872 -3.34451699 -0.73704105
v -0.17087814 -3.93840098 -0.9961493
v -0.14423407 -3.96184659 -0.99234861
v -0.52768039 -3.54793 -0.85313832
v 0.29181966 -3.78738498 0.17704339
v 0.72759187 -3.94314885 -0.69770169
v -0.24531413 -4.24394989 -0.87481921
v -0.62371468 -3.86576461 0.09254206
v -0.42647451 -3.27194213 -0.62194943
v -0.65010315 -3.85500741 0.08672372
v 0.70583409 -3.4830935 -0.56045693
v 0.11829578 -3.30352544 -0.61873638
v 0.70075905 -3.4817512 -0.572254
v -0.40004873 -4.27301883 -0.87325793
v 0.67512613 -3.35283088 -0.26439961
v 0.74526119 -3.48572802 -0.60090744
v 0.93198102 -3.72578144 -0.14112639
v -0.01351133 -3.81943988 0.19181677
v -0.80678784 -3.9123578 -0.72700703
v -0.04635619 -3.82178902 0.18932034
v 0.27657792 -3.35836291 -0.80327975
v -0.83093041 -3.75453281 0.05712508
v 0.36492341 -3.22978067 -0.59908938
v 0.67760878 -3.50297498 -0.08396625
v 0.74411195 -4.10788679 -0.83500284
v 0.56438577 -3.4399147 -0.78741717
v 0.52220743 -4.32970333 0.13177363
v 0.56891894 -3.44404292 -0.76708585
v 0.59189051 -3.44083452 -0.75605583
v 0.83035886 -4.19597864 -0.67708736
v 0.58042955 -3.44368577 -0.75663197
v -0.69223856 -3.78713703 -0.79365849
v 0.28766304 -3.74242782 -0.93526297
v 0.12279411 -3.93123722 0.15859887
v -0.90675354 -3.69943261 -0.12425225
# The following MRGB block contains ZBrush Vertex Color (Polypaint) and masking output as 4 hexadecimal values per vertex. The vertex color format is MMRRGGBB with up to 64 entries per MRGB line.
#MRGB ffc6e7deffc6e7dfffc6e7dfffc6e7dfffc6e7dfffc6e7dfffc6e7dfffc6e7dfffc6e7dfffc6e7dfffc6e7dfffc6e7dfffc6e7dfffc6e7dfffc6e7dfffc6e7dfffc6e7dfffc6e7dfffc6e7dfffc6e7dfffc6e7dfffc6e7dfffc6e7dfffc4e5dcffc5e7deffc6e7dfffc6e7dfffc6e7dfffc5e6deffc6e7dfffc6e7dfffc6e7dfffc6e7dfffc6e7dfffc6e7dfffc6e7dfffc6e7dfffc6e7dfffc6e7dfffc6e7dfffc6e7dfffc6e7dfffc6e7dfffc6e7dfffc6e7dfffc6e7dfffc6e7dfffc6e7dfffc6e7dfffc6e7dfffc6e7dfffc6e7dfffc6e7dfffc5e6dfffc6e7dfffc6e7dfffc6e7dfffc6e7dfffc6e7dfffc6e7dfffc6e7dfffc6e7dfffc6e7dfffc6e8e0
#MRGB ffc6e7dfffc6e7dfffc6e7dfffc6e7dfffc6e7dfffc6e7dfffc5e6deffc6e7dfffc5e7deffc6e7dfffc6e7dfffc6e7dfffc6e7dfffc6e7dfffc5e6deff8aa8a1ffc3e4dcffa8c7c0ff9cbbb4ff90aea7ffbcdcd4ff45605aff39534dff38524cff38524cff38524cff38524cff38524cff38524cff38514cff37524cff38524cff38524cff38524cff38524cff38524cff38524cff38524cff38524cff37514bff37514bff37524cff38524cff38524cff38524cff38524cff38524cff38524cff38524cff37524cff37514bff38514cff37514bff38524bff37524cff37514bff38504cff37514bff38524cff38524cff38524cff38524cff37524cff37524c
#MRGB ff38524cff37524bff37514bff36504aff37514bff38524cff38524cff36514aff38524cff38524cff38524cff38524cff38524cff38524cff38524cff38524cff38524cff37514bff37514bff38524cff38524cff36504bffc6e7dfffc6e7dfffc6e7dfffc6e7dfffc5e6deffc6e6deffc6e7dfffc6e7dfffc6e7dfffc6e7dfffc6e7dfffc4e6ddffc5e6dfffc3e4dcffc6e7dfffc6e7dfffc5e6deffc6e7dfffc6e7dfffc6e7dfffc6e7dfffc6e7dfffc6e7dfffc5e6deffc6e7dfffc6e7dfffc5e6deffc6e7dfffc6e7dfffc6e7dfffc6e7dfffc6e7dfffc6e7dfffc4e5ddffc6e7dfffc6e7dfffc6e7dfffc6e7dfffc5e6deffc6e7dfffc6e7dfffc5e6de
#MRGB ffc6e7dfffc6e7dfffc6e7dfffc6e7dfffc6e7dfffc5e6deffc4e6deffc5e7dfffc6e7dfffc6e7dfffc6e7dfffc6e7dfffc6e7dfffc6e7dfffc6e7dfffc6e7dfffc6e7dfffc6e7dfffc5e6deffc6e7dfffc6e7dfffc6e7dfffc6e7dfffc5e6deffc6e7dfffc6e7dfffc6e7dfffc6e7dfffc6e7dfffc6e6dfffc6e7dfffc5e7dfffc5e6deffc4e5ddffc6e7dfffc6e7dfffc5e7deffc5e7dfffc6e7dfffc6e7dfffc5e6deffc6e7dfffc5e7dfffc6e7dfffc6e7dfffc6e7dfffc6e6dfffc6e7dfffc5e7dfffc5e6deffc5e7dfffc6e7dfffc6e7dfffc5e7dfffc6e7dfffc5e6deffc6e7dfffc6e7dfffc6e7dfffc4e5deffc6e7dfffc9e8e0ffc6e7dfffc5e7df
#MRGB ffc6e7dfffc5e6deffc6e7dfffc5e7dfffc6e7dfffc6e7dfffc6e7dfffc5e7dfffc5e6ddffc6e7dfffc6e7dfffc6e7dfffc6e7dfffc6e7dfffc6e7dfffc6e7dfffc6e7dfffc5e6dfffc6e7dfffc4e5ddffc5e6deffc5e6deffc6e7dfffc6e7dfffc6e7dfffc6e7dfffc6e7dfffc6e7dfffc6e7dfffc5e7dfffc5e7dfffc6e7dfffc5e7dfffc6e7dfffc5e7dfffc6e7dfffc6e7dfffc6e7dfffc5e7dfffc6e7dfffc6e7dfffc6e7dfffc6e7dfffc5e6ddffc6e7dfffc6e7dfffc6e7dfffc6e7dfffc6e7dfffc5e7deffc6e7dfffc6e7dfffc5e6deffc5e7deffc6e7dfffc6e7dfffc6e7dfffc6e7dfffc6e7dfffc6e7dfffc5e6deffc6e7deffc4e5dcffc4e5dd
#MRGB ffc3e5dcffc6e7dfffc6e7dfffc6e7dfffc6e7dfffc6e7dfffc5e6deffc5e6deffc5e6deffc6e7dfffc6e7dfffc5e7deffc4e5ddffc6e7dfffc6e7dfffc6e7dfffc5e6deffc6e7dfffc6e7dfffc5e6deffc6e7dfffc6e7dfffc5e6deffc6e7dfffc6e7dfffc6e7dfffc5e6ddffc6e7dfffc6e7dfffc6e7dfffc6e7dfffc6e7dfffc5e6deffc4e5ddffc6e7dfffc6e7dfffc6e7dfffc5e7dfffc4e4dcffc6e7dfffc6e7dfffc5e7dfffc5e7dfffc6e7dfffc6e7dfffc6e7dfffc6e7dfffc6e7dfffc6e7dfffc6e7dfffc6e7dfffc6e7dfffc6e7dfffc6e7dfffc6e7dfffc6e7dfffc5e5ddffc6e7dfffc3e4dcffc5e6deffc5e7deffc4e4dcffc6e7dfffc5e6de
#MRGB ffc5e7deffc5e6deffc4e5deffc5e6deffc6e7dfffc4e5ddffc6e7dfffc6e7dfffc3e4dcffc5e6deffc3e6deffc6e7deffc6e7dfffc5e5ddffc6e7dfffc5e6deffc5e6ddff38524cffc4e6deffc4e5ddffc4e5ddffc6e7dfffc4e6deffc3e4ddffc4e5dcffc6e7dfffc6e7dfffc4e5ddff37524bffc6e7deffc5e5deff38524cff37514bff38524cff37514bffc5e6deffc4e5ddffc4e7ddffc6e6deffc5e7dfffc6e7dfff38524cffc6e7dfffc5e6deffc3e5ddffc4e5ddffc6e7dfff37514cffc5e6deffc5e6deffc4e5deff37514bffc6e7dfff38524cff38524cff37514bffcce9e2ff36514bffc6e6deff37514bffc6e7dfffc6e7dfffc5e6deff38524c
#MRGB ff36504affc4e5ddffc6e7dfff35514aff38514bff38514bff37524bff38524cffc4e6deffc4e5deff37514affc6e7dfffc5e5deffc4e5ddffc4e5ddffc4e5ddffc4e5ddffc5e6deffc5e5ddffc5e6ddffc5e6ddff354f49ffc4e6dcffc4e5ddffc6e7dfffc4e5ddffc4e5deffc6e7dfffc6e7dfffc6e7dfffc5e6deffc6e7dfffc5e6dfffc5e7deff36504affc5e6deff38524cffc6e7deff37514bffc6e6deffc5e6ddffc4e5ddffc4e5ddffc6e7dfffc6e7dfff364f49ffc5e5ddffc5e6dfffc5e6deffc6e7dfffc6e7dfffc4e5deffc6e6dfffc6e6deffc5e6ddff37514bffc6e7dfffc5e6deff36504aff37514bffc6e7dfff36504aff38524bffc4e5dd
#MRGB ffc5e6deffc4e5ddffc5e6deffc4e6ddffc5e6deffc6e7dfffc5e5dcffc4e4ddffc5e5deffc5e6dfffc4e6ddffc6e7dfffc5e6deffc5e5deffc6e7dfffc6e7dfffc6e6dfffc5e6deffc6e7dfff38524cff38524cffc6e7dfffc6e7dfff38514bffc4e5ddff37514cff37514bffc6e7dfff38524cffc6e7dfff38524cff38524bff36504affc5e6deffc6e7dfffc6e7dfffc4e5ddffc6e7dfffc4e5dfffc4e5ddffc5e6deffc5e5deffc6e7dfffc5e6deffc6e7dfffc6e7dfffc5e6deffc6e6dfffc4e5dfffc6e7dfffc5e6dfffc6e7dfff38524cffc4e5ddff38524cffc4e6ddff37514bffc6e7dfffc5e6dfffc5e7deff37514bffc6e7dfff37514bffc4e5dd
#MRGB ffc4e4ddffc5e6dfffc6e7dfffc5e6deffc6e7dfff37514bffc4e5ddff38524cff3e5852ffc5e6deffc4e4ddffc5e6deffc6e7dfff37514bff38524cffc6e7dfffc6e7dfffc6e7dfff38524cffc6e7dfffc5e6deffc6e6ddffc4e5ddffc6e7dfffc5e6ddffc6e7dfffc5e6deffc5e5deff37514bffc6e7dfffc5e6deffc4e5ddffc6e7dfff37524bff38524cffc6e7dfff37514bffc6e7dfff38524cffc3e5ddff37524bffc4e5ddffc3e5dcffc4e5ddffc6e7dfffc3e4deffc5e6deff36504bffc5e6deffc5e6deff36514aff36504affc6e7dfffc4e6deffc4e6deffc4e5deffc6e7dfffc6e7dfffc4e6deffc4e5dfffc3e4dcff364f4affc4e5deffc4e6dd
#MRGB ffc4e5ddffc6e7deffc5e6deffc5e6deffc5e6deffc4e6ddffc3e4ddff38524cffc6e7dfffc5e6ddffc6e6dfffc4e6ddffc5e6deffc6e5ddffc6e7dfffc5e6ddff37514bff38524bff37504affc6e7dfff38524cffc5e6deff37514bffc5e5ddffc6e7dfffc4e5ddffc4e5ddff38524cff38524cffc5e6deff37514cffc5e4deffc5e6deff38524cff36504affc6e7dfffc6e7dfffc6e7dfff38524cffc4e5ddff37514bff38524cff38524cffc6e7deff38524cffc6e7dfffc5e6deffc4e7dfffc6e7dfffc6e7dfffc4e5ddffc6e6dfffc6e7dfffc4e5ddff37514bffc4e4ddffc5e6deffc5e6deff37514bffc6e6dfff38524bffc4e5deffc4e4dcffc6e7df
#MRGB ffc6e7dfff36514bffc6e7dfffc5e5deffc6e7dfffc5e6deffc5e7deffc6e7dfffc5e6ddffc6e7dfffc4e4ddffc4e5dcffc6e7dfffc6e7dfffc4e4dcffc6e7dfff37514bffc6e7dfffc3e4ddffc6e7dfffc3e4dcffc6e7dfff38524cffc5e6deff37514bffc6e6deff38524cffc6e5dfffc3e5ddff38524cffc6e7dfff95b4acffc3e5ddffc4e5ddff38524cff37524bff38524cff3c5650ffc5e6deffc6e7dfffc5e6deffc6e7dfffc6e7dfffc6e7dfffc5e6deff36514affc6e7dfffc5e6deffc6e7dfff38514bffc6e7dfff38524cffc5e6dfff37514bffc6e7dfff38524cffc6e7dfffc6e7dfff38524cffc6e7dfff37524cffc6e7dfff38524cffc4e5df
#MRGB ff37514bff36504affc5e5deff37514bffc6e7dfffc4e5dcffc6e7dfffc5e6deffc6e7deffc6e7dfff38524cff38524cffc5e5deffc4e4ddffc6e7dfffc6e7dfff38524cffc6e7dfffc6e6dfffc6e7dfffc6e7dfffc3e4ddffc6e7dfffc6e6deffc6e7deffc5e6deffc4e5deffc5e5ddffc6e7dfffc6e7dfffc6e6deffc4e5deffc6e7dfffc6e5ddffc4e5ddff324c46ffc6e7dfff38524cff38524cff37514bff37514bff37514cffc6e7dfffc5e6deffc4e6ddffc6e7dfff38514cffc6e7dfff38524cffc4e5deffc5e5deffc6e7dfffc6e7dfffc5e6deffc6e6dfffc5e6deffc5e6ddffc6e7dfffc6e6deffc6e7dfffc6e7dfffc5e6deffc3e4ddffc6e6de
#MRGB ffc5e6deffc6e7dfffc6e6deffc5e6ddffc6e7dfffc5e6deffc5e6deff38524cff37514bffc5e5deffc6e7dfffc5e6deffc5e6deffc4e4ddffc5e6deffc5e6deffc6e7dfffc5e6deffc5e6deffc3e4ddffc6e7dfffc5e5ddffc6e7dfffc6e7dfffc6e6deffc5e6deffc6e7dfffc5e6deffc4e5deffc5e5deffc4e5ddffc5e6deff38524cffc5e6deff37504bffc4e5ddffc5e6deffc6e7dfffc6e7dfffc4e6ddffc5e6deffc4e5ddffc6e7dfff37514bffc6e7dfff3b554fffc5e6deffc6e6deff38524cffc6e7dfffc4e6deffc6e7deffc5e5ddffc5e6deffc6e7dfffc6e7dfffc3e6deffc6e7dfffc6e7dfff38524cff37514bffc5e6deff37514bffc6e7df
#MRGB ff37524bffc5e6deffc6e7dfffc5e6deff354f49ffc6e7dfffe0fffaffc6e6deffc5e5deff37514bffc5e6ddffc5e6deffc6e7deffc6e7dfffc4e6ddffc6e7dfffc5e6dfffc6e7dfff38524cffc6e7dfffc6e7dfffc6e7dfffc4e5deffc6e7dfff37514bffc6e6dfffc5e6deffc5e6ddffc5e6deffc5e6deff38524bff38524cff38524cffc5e6deffc5e7dfff37504affc6e7dfffc6e7dfffc6e7dfffc5e5deffc6e7dfffc6e7dfffc6e7dfffc6e7dfff38524cffc6e7dfffc4e5ddffc4e5ddffc6e7dfffc5e6deffc5e6deff38514cffc6e6dfffc6e7dfffc6e7dfffc6e7dfff37514cffc6e7dfffc5e7ddffc4e5dcffc5e6deffc5e5ddffc5e6deffc4e5dd
#MRGB ffc6e7dfffc6e7dfffc6e7dfffc6e7dfffc6e7dfffc6e7dfffc5e6deffc6e6dfffc6e7dfffc6e7dfffc5e6deffc6e7dfffc6e7dfffc6e7dfffc6e7dfffc5e6deffc6e7dfffc5e6ddffc4e5ddffc6e7dfffc5e6ddffc5e7deffc5e5ddffc6e7dfffc6e7dfffc6e7dfff38524cffc6e7dfffc5e6deffc6e6deffc5e6deffc6e7dfffc6e7dfffc5e6deffc5e5ddffc4e6deffc5e5deff38524cffc6e6deff38524cffc6e7dfffc6e7dfffc6e7deffc6e7dfffc6e7deffc6e7dfffc6e7dfffc5e7dfff38524cffc4e5ddffc5e7deff36514affc4e4dcffc6e7dfff37514bffc6e6dfff38524cff38524cff36504affc6e7dfff38524cffc6e7dfffc5e7deffc6e7df
#MRGB ffc5e6deffc6e7dfff38524cffc5e5deffc5e5ddff37514bffc4e5ddff37524cffc4e6ddff38514bffc6e7dfffc6e7dfffc6e6dfffc4e5ddffc5e6ddffc5e6deffc5e7deffc5e6deffc6e7dfffc6e7dfffc4e5ddffc5e6deffc4e5ddffc6e7dfffc6e7dfffc4e5ddff38524cffc6e7dfff38524cffc6e6deffc5e5deffc5e6deff37524bffc5e6deffc5e6deffc4e6ddffc6e7dfffc5e6deffc6e7dfffc5e5ddffc6e7dfff38524cffc5e6deff37514bffc4e5ddffc6e7dfffc6e7dfffc6e7dfff38524cffc6e7dfffc5e6deffc5e6deffc6e7dfffc5e6deffc6e7dfff38524cffc6e7dfffc6e7dfffc6e7dfffc6e7dfffc6e7dfffc5e6deffc4e5ddff38524c
#MRGB ff37514bff38524cffc3e4ddff38524cffc5e6deff38524cffc6e7dfffc5e5deffc5e5deffc6e7dfffc5e6deffc4e5ddffc4e5ddffc5e5ddffc6e7dfffc5e6deffc6e7dfffc5e6deff37504affc6e7dfffc5e7ddffc5e7deff37514bffc6e7dfff38524cffc6e7dfffc5e6ddffc6e7dfffc6e7dfffc6e7dfffc6e7dfffc5e6deff38524cffc5e6deff38524cffc5e5ddff8aa8a0ffc5e6deffc6e7dfffc6e7dfff37514affc6e7dfff37524cffc6e7dfff38524cffc6e7dfffc6e7dfffc5e5ddffc6e7dfffc6e7dfffc6e7dfffc4e5deffc5e6deffc5e6ddffc6e7dfffc3e4dcffc4e5deffc6e7dfffc6e7dfffc6e7dfffc6e7dfffc6e7dfffc5e7dfffc6e7df
#MRGB ffc6e7dfff37504aff38524cffc6e7dfff364f49ff37514bffc6e7dfffc6e7dfffc6e7dfffc6e7dfffc6e7dfffc4e5deff37514bffc6e7dfffc4e5ddffc5e6deffc5e6deffc4e5deff37514bffc6e7dfffc5e5ddffc4e5ddffc6e7dfffc6e7dfffc6e7dfffc4e5ddff38524cffc4e6ddff38524cffc4e6dfffc3e6dcffc6e6dfffc6e7dfffc6e7dfff38524cffc4e5ddffc6e7dfffc6e7dfffc6e7dfffc6e7dfffc6e7dfffc5e6deffc4e6deffc6e7dfffc6e7dfffc4e4ddffc4e5ddffc6e7dfffc6e7dfffc6e7deffc6e7dfffc5e5deffc6e7dfffc6e7dfffc5e6deffc6e7dfffc6e7dfff38524cffc5e6deff38524cff37514cff38524cffc5e6deff37524c
#MRGB ff38524cffc4e5deffc4e5deffc5e5deffc6e7dfffb6d7cfffc6e7dfff37514bffc4e5ddff37514cffc4e5ddff37514bffc4e6deffc6e7dfffc6e7dfffc6e7dfff37514bffc6e7dfffc5e6deffc6e7dfffc6e7dfffc6e7dfffc6e7dfffc5e6deffc6e7dfffc6e7dfffc3e6deff38524bffc6e7dfffc6e7dfffc6e7dfffc5e6deffc5e6deffc6e6deffc6e7dfff37514cffc4e6ddffc6e7dfffc6e7dfffc6e7dfff36504affc5e6deffc6e6dfffc5e6deffc4e6ddffc4e5ddff38524cffc3e4ddff36514affc6e7dfff37514bffc6e6deffc6e7dfffc6e6dfffc5e6deffc6e7dfffc6e7dfffc5e6deffc5e7dfffc6e7dfffc4e5dfffc6e7dfffc3e4dcffc5e6de
#MRGB ffc5e6deffc6e7dfffc5e6deffc5e6deffc6e7dfffc5e6deffc6e7dfffc6e7dfffc6e7dfffc6e7dfffc6e7dfffc6e7dfffc6e7dfffc5e6deffc4e5deffc6e7dfffc5e5ddffc6e7dfffc5e6deffc4e4ddff354f4affc6e7dfffc6e7dfffc4e6ddffc6e7dfffc6e7dfffc4e5dfffc5e6deffc6e7dfffc6e7dfffc6e7dfffaecec6ff38524cffc5e7deff3b544eff3f5952ffc6e7deffc6e7dfffc5e6deffc6e7dfffccede5ffc6e7dfff36504affc6e7dfffc6e7dfffc6e7dfffc6e7dfff37514bffc5e6deff38524cffc5e7deff354f49ffc6e7dfff38524cffc6e7dfffc5e6deffc6e6ddffc3e5ddffc5e6deffc5e6deffc6e7dfffc5e6deffc6e7dfffc6e7df
#MRGB ff38524cffc6e7dfffc4e5ddffc6e7dfffc6e7dfffc3e4ddffc6e7dfff38524cffc5e7dfffc5e6deffc5e6deffc6e7dfffc5e6deffc6e6deffc6e7dfffc5e5ddff38524cffc6e6dfff38524cff36524bffc5e6dfff36504affc6e7dfffc5e5deff36504affc6e7dfffc3e6dcffc6e7dfffc5e6deffc6e7dfffc4e5ddffc6e7dfff38524cffc6e7dfffc5e6deffc6e7dfff7d9b94ffc5e6deffc6e7dfffc6e7dfffc6e7dfffc5e6deffc5e5ddffc5e6deffc5e5deff37504bffc4e4ddffc6e7dfffc4e5deffc5e6deffc6e6dfffc6e7dfffc5e6deff37514bffc6e7dfff38524cffc5e6deffc6e7dfffcdefe7ffc6e7dfffc5e6dfffc6e7dfffc5e5deffc5e6de
#MRGB ffc4e5ddffc6e6dfffc6e7dfff38524cff38514bff37514bff9dbcb5ffc6e7dfffc4e5ddffc5e6deffc6e7dfffc5e5ddffc6e7dfffc5e7deffc6e7dfffc4e6ddffc6e7dfffc6e7dfffc6e7dfff37514bffc6e7dfff38524cffc6e7dfffc6e7dfff76938cffc6e7dfff38524cffc6e7dfff36504affc6e7dfffc6e7dfffc6e7dfffc5e6deffc6e7deff38524cffc4e5ddffc5e6deff38524cffc4e5deff38524cffc5e6deff37514bffc6e7dfffc6e7dfffc5e6deffc6e7dfffc5e6deff37514affc6e7dfffc5e6dfffc5e6deffc6e7dfffc6e6deffc6e7dfffc6e7dfffc6e7dfffc6e7dfffc6e7dfffc6e7dfffc5e6deffc4e5ddffc6e7dfffc6e7dfffc5e5dd
#MRGB ffc6e7dfffc6e7dfffc5e5ddffc5e6deffc5e6ddffc4e5ddffc6e7dfffc5e7deffc4e6ddffc5e6dfffc6e5dfffc6e7dfffc5e6deffc6e7dfff37514bffc6e7dfff38524cffc6e7dfffc5e7deffc5e6deffc6e7dfffc5e6deffc6e6deffc5e6deffc4e7deffc4e6ddffc6e7dfffc6e7dfffc4e4ddff38524cffc5e5ddffc6e7dfffc5e7dfffc6e7dfffc4e6ddffc4e5ddffc6e7dfffc6e7dfffc6e6dfff38514bff38524cffc5e7dfffc3e4dcffc4e5ddffc6e7dfffc4e5ddffc5e6deff37504bffc4e5ddff38524bff37514bff38524cff38514bffc4e6deff83a19affc5e6deff36504aff37514bffc6e7deffc6e7dfff37514bffc6e7dfffc6e7dfffc6e7df
#MRGB ffc6e6ddff37514bff37514bff37514bffc5e6deff37504bff37524cffc3e4ddff37524cffc5e5dcffc6e7dfffc6e7dfffc5e6deffc6e7dfffc6e7dfffc6e7dfffc6e7dfffc6e7dfff37514cff37514bffc6e7dfffc4e4dcffc6e6deff38524cffc4e6deff37514bffc4e5deffc6e7dfffc4e5ddff37514bffc6e7dfff37514bffc6e7dfffc5e6deffc6e7dfffc6e7dfffc4e4ddffc6e7dfffc5e6ddffc5e6deff38524cff37514bffc6e7dfffc5e6deffc5e6ddffc5e7deff38514bffc6e7dfffc5e5ddffc6e6deffc5e7dfff37514bffc4e5ddffc6e7dfffc6e7dfffc6e7dfffc5e6dfffc6e7dfff38524cff37524bff38514bffc5e5ddffc6e7dfffc4e5de
#MRGB ffc5e6dfff37514bff37514bffc6e7dfffc5e5deffc5e6deffcaebe3ffc5e6deff36504aff37514bffc6e7dfff37514bffc5e6deffc6e7dfffc4e5ddffc4e5ddffc6e4deffc4e5ddffc5e6deffc6e7dfffc6e7dfffc5e7deffc6e7dfffc6e7dfffc5e7dfffc6e7dfffc6e7dfff37514bffc6e7dfff37514bffc6e7dfffc6e7dfff37514bffc5e6deffc5e6dfffc6e7dfffc4e5ddffc4e5ddffc6e7dfffc6e7dfffc4e5ddffc6e7dfffc6e7dfff37504affc5e6deffc6e7dfffc6e7dfffc6e7dfffc5e4ddffc6e7dfffc5e6deffc6e7dfffc5e6deffc6e7dfffc5e6deffc5e6deffc5e5ddffc6e7dfffc6e7dfffc6e7dfffc6e7dfff37524bffc6e7dfffc6e7df
#MRGB ff37514bff37514bffc6e7dfffc6e7dfffc6e7dfffc4e5ddffc6e7dfffc5e6ddffc5e6deffc5e6deffc6e7dfffc5e6ddffc5e6deffc5e5deffc6e7dfffc6e7dfffc6e7dfffc6e7dfffc4e5ddffc6e7dfffc6e7dfffc6e7dfffc6e5deff38524cffc5e6deff37524cffc4e5deff36514affc5e6deff38524cffc6e7dfff38524cffc6e7dfffc6e7dfffc5e5deffc6e7dfffc6e7dfffc4e4ddff37514bff3f5a54ffc5e5deffc5e6deffc4e5dcffc5e6deffc5e7dfffc5e5deffc6e7dfffc5e6deffc6e7dfffc4e5deffc5e6deffc6e7dfffc6e7dfffc6e7dfffc6e7dfffc6e7dfffc6e7dfffc6e7dfffc6e7dfffc4e5ddffc6e6dfffc5e7deffc5e6deffc6e7df
#MRGB ffc6e7dfffc6e7dfffc6e7dfffc6e7dfffc5e6deffc5e6deffc5e6dfffc5e6deffc6e7dfffc5e7deffc6e7dfffc4e5ddffc5e6deffc6e7dfffc5e6deffc6e7dfffc6e7dfffc4e5ddff38524cffc5e6dfffc6e7dfffc6e7dfffc5e6deffc6e7dfffc4e5ddffc6e7dfffc6e7dfffc6e7dfffc6e7dfffc5e6deffc5e6deffc6e7dfffc4e6deff37514bffc5e6deffc6e7dfff38524cff38514bff37514bff38524cff36504aff37514bff38524cff38524cffc6e7dfffc6e7dfffc6e7dfffc6e7dfffc6e7dfffc6e7dfffc6e7dfffc6e7dfffc6e7dfffc6e7dfffc4e6ddffc6e7dfffc5e6deffc6e7dfffc6e7dfffc5e6ddffc6e7dfffc6e7dfffc5e6deffc5e5dd
#MRGB ffc6e7dfffc6e7dfffc6e7dfffc6e7dfffc6e7dfffc6e7dfffc6e7dfffc6e7dfffc5e6deffc4e5ddff38514cffc5e6deff36514affc6e7dfffc6e7dfffc6e7dfffc6e7dfffc4e5dcffc5e7dfffc5e6deff38514cffc6e7dfff38524cffc6e7dfff37514affc6e7dfffc4e5ddffc6e7dfffc4e4dcffa3c2bbffc6e7dfffc6e7dfffc6e7dfffc4e6deffc5e6deffc6e7dfffc5e6deffc4e5ddffc6e7dfffc6e7dfff36514bffc6e7deffc4e6ddffc5e6deffc6e6deffc5e7deffc6e7dfffc6e7dfffc6e7dfff37514bffc4e5ddff37514bffc6e7dfffc4e6deffc5e6deffc6e7dfffc5e6dfffc6e7dfffc5e6deff37514bffc4e6dfffc4e5ddffc5e6deffc6e7df
#MRGB ffc6e6dfffc6e7dfffc6e7dfffc6e7dfffc6e7dfffc5e7ddffc6e7dfffc6e7dfffc5e6deffc6e7dfffc5e6deffc6e7dfffc5e6deffc6e6dfffc6e7deffc6e6deffc6e7dfffc6e7dfffc5e6deffc3e4dcffc4e5deff38524cffc6e7dfff36504affc6e7dfffc6e7dfffc6e7dfff37514bff38524cff37514bff37514bff38524cffc6e7dfffc6e7dfffc5e6dfffc6e7dfffc6e7dfffc5e6deffc6e7dfffc6e7dfff37514bffc5e6deffc6e7dfffc6e7dfff38524cffc6e7dfff38514cffc6e7dfffc6e7dfffc3e5dcffc6e7dfffc6e7dfff37514cffc5e6deff38524bff38524cffc6e7dfffc5e6dfffc6e7dfffc6e7dfffc6e7dfffc6e7dfffc5e6deff38514c
#MRGB ffc6e5deff37514bffc5e6dfffc6e7dfff38524cffc6e7dfff37524cffc6e7dfff38524cffc6e7dfffc6e7dfffc4e5ddff38524cffc5e6deffc6e7dfffc4e5ddffc6e7dfffc6e7dfffc6e7dfff36504affc6e6dfffc6e7dfffc5e6deffc5e6deff39534dffc4e6deff37514bffc6e7dfffc4e5ddffc5e6deffc3e4dcffc6e7dfffc6e7dfffc6e7dfffc6e7dfffc6e7dfffc6e7dfffc6e7dfffc4e5ddff36504aff38524bffc6e7dfffc5e6deffc4e5deffc4e5ddffc6e7dfffc6e6deffc4e5ddff37514bffc6e7dfffc6e7dfffc6e7dfff38524cff3a544effc6e7dfffc5e7dfff38524cffc6e7dfff38524cffc6e7dfffc6e7dfffc6e7dfff38524cffc6e7df
#MRGB ffc5e6deffc4e5ddffc6e7dfffc6e6deffc6e7dfffc5e6deff37514bffc6e7dfffc6e7dfffc6e7dfffc6e7dfffc3e4dcffc6e7dfffc5e5ddffc5e6deffc6e6deffc6e7dfffc5e6deffc6e7dfffc6e7dfffc5e6deffc5e6dfffc6e7dfffc6e7dfffc6e7dfffc6e7dfffc6e7dfffc6e7dfffc6e7dfffc6e7dfffc4e5ddffc6e7dfff37514bffc5e6deff37514bff38524cff37514bff38524cffc6e7dfffc0e1d9ffc6e7dfffc5e6deffc6e7dfffc4e5ddffc6e7dfffc6e7dfffc6e7dfffc6e7dfffc6e7dfffc6e7dfffc6e7dfffc5e6deffc5e6deffc6e7dfffc4e5ddff38524cff37514bffc6e7dfff5c7871ffc6e7dfffc6e7dfffc6e7dfffc6e7dfffc6e7df
#MRGB ffc5e6deff38524cffc3e4dcff37524cff354f49ff37524bff37514bff38524cff38524bffc6e7dfffc6e7dfffc6e7dfff38524cffc5e6deff38524cffc6e7dfff38524cffc5e6dfffc5e5ddffc6e5ddffc5e6deffc4e5ddffc6e7dfffc3e5ddffc6e7dfffc6e7dfffc6e6deffc6e7dfffc6e7dfffc6e7dfffc5e6dfffc6e7dfffc5e6deffc6e7dfffc6e7dfffc6e7dfff38514cffc5e7deffc5e6deffc5e6deffc6e7dfffc5e6deffc6e7deffc5e6deffc5e6deffc6e7dfffc6e7dfff38524cffc6e7deffc6e7deffc5e7deffc5e6deffc6e7dfffc5e5ddffc6e7dfffc5e5deffc6e7deffc4e5ddffc6e7dfffc5e6deffc5e7dfffc6e7dfffc6e7dfffc6e7df
#MRGB ffc6e6dfffc6e7dfffc6e7dfffc6e7dfffc6e7dfffc6e7dfffc6e7dfffc6e7dfffc6e7dfffc6e7dfffc6e7dfffc4e5deffc6e7dfffbeded7ffc6e7dfffc6e7dfffc5e6deffc6e7dfffc6e7dfffc6e7dfffc6e7deff38524cffc6e6dfff38524cffc4e5ddff38524cffc5e6deffc6e7dfff38524cffc3e4dcff37514bffc5e6deff37514bff37524bffc6e7dfffc6e7dfff344e49ffc6e7dfff38524cffc6e7dfffc6e7dfff36504bffc6e7dfffc6e7dfffc6e7dfffc6e7dfffc6e7dfffc5e7deffc4e6deff38524cff36504affc7e9e1ffc6e7dfffc3e4deffc6e7dfffc4e5ddffc6e7dfffc4e6deffc6e7dfffc4e6ddffc4e6ddffc3e5dcffc6e7dfffc6e7df
#MRGB ff36504affc5e6ddff37524bffc4e5ddff38524cffc3e4dcffc6e7deffc5e6deffc6e7dfffc6e7dfffc6e7dfffc4e5ddffc6e7dfffc6e7dfffc6e7dfffc5e6deffc6e7dfffc5e6deff38524cffc5e6deff37514cffc5e6deffc4e6ddffc6e7dfffc6e7dfffc5e6deff38524cffc6e7dfffc6e7dfffc5e6deffc6e7dfffc6e7dfffc6e7dfffc5e6deff627e78ffc5e6deffc6e7dfffc5e6deffc5e6deffc6e7dfffc6e7dfffc5e5deffc6e7dfff38524cffc5e5ddff38524cffc3e5deffc6e5dfffc5e6deffc6e7dfffc4e6deffc6e7dfffc6e7dfffc6e7dfffc6e7dfffc6e7dfffc6e5dfffc6e7dfffc4e6ddffc6e7dfffc6e7dfffc5e7dfffc6e7dfff38524c
#MRGB ffc6e7dfffc6e7dfffc6e7dfffc6e7dfffc6e7dfffc4e5ddffc6e7dfffc6e7dfffc6e5ddffc6e7dfffc6e7deffc6e7dfffc6e7dfffc6e7dfffc6e7dfffc6e7dfffc6e7dfff37514aff38534dffc6e7dfffc6e7dfff3e5852ffc5e5ddffc6e7dfffc5e6deffc6e7dfffc6e7dfffc5e6ddffc6e7dfff324c46ffc6e7dfffc6e7dfffc5e6deffc6e7dfffc5e6deffc6e7dfffc6e6deffc6e7deffc5e6deffc6e7dfffc6e7dfffc6e7dfffc5e6deffc6e7dfff354f49ffc6e7dfff38524cffc6e7dfff334d47ffc6e7dfffc5e6deffc4e5ddffc6e7dfffc6e7dfffc6e7dfffc6e7dfffc6e7dfff37514bffc6e7dfffc6e7dfffc6e7dfffc4e5deffc6e7dfffc5e6dc
#MRGB ff38524cff38524cffc6e7dfffc5e6deffc4e5ddffc5e6deffc6e6deffc6e7dfffc6e7dfffc5e6ddffc6e7dfffc6e7dfffc5e6deff38524cffc6e7dfffc9e7e0ffc5e7deffc4e6deffc6e7dfffc5e6deffc6e7dfffc6e7dfffc6e7dfffc5e6deffc6e7dfffc6e7dfffc6e7dfffc5e5ddffc6e7dfffc5e5ddffc4e5ddffc5e6deffc6e7dfffc5e6deffc6e7dfffc6e7dfffc5e7dfffc6e7dfffc4e5deffc5e6deffc5e6deffc4e5ddffc6e7dfffc4e4ddffc6e7dfffc6e7dfffc6e7deffc5e7dfffc5e6deff38524cffc6e7dfffc6e7dfffc6e6dfffc6e7dfff38524cffc5e6deff38524cffc6e7deffc6e7dfffc4e7deffc6e7dfffc6e7deffc6e7dfffc5e6de
#MRGB ff37514cffc5e6dfff38524cff38524cff37514bff37514bff38524cff38524cff4c6761ff36504aff85a39cffc6e7dfffc6e7dfffc6e7dfffc6e7dfffc6e7dfffc5e5ddffc6e7dfff38524cffc6e6deff37514bffc6e7dfff38514bff37514bffc6e7dfff365049ffc6e7dfff38524cffc6e7dfff38524cffc5e6deff38524cffc5e6deff37514bffc5e6deff38524cff36504bff38524cff38524cffc6e7dfffc6e7dfffc6e7dfffc5e6deffc6e7dfffc6e7dfffc6e7dfffc4e5ddffc6e7dfffc5e6deff37514bffc6e7deffc6e7dfff36514bff38524cff38524cffc5e7deffc6e7dfff38524cffc6e7dfffc6e7dfffc6e7dfffc6e7dfffc6e7dfffc6e7df
#MRGB ffc5e6deffc5e6deffc6e7dfffc6e7deffc6e7dfffc6e7dfffc4e5ddffc6e7dfffc6e7dfffc6e6deff37514bffc6e7dfffc5e6deffc6e7dfffc6e7dfffc6e7dfffc6e7dfffc6e7dfffc5e5ddff37514bff38524cff38514bff38524cff38524cffc5e6deffc5e6deffc6e7dfffc4e5ddffc6e7dfffc5e6deffc5e6deffc6e7dfff38524cff38524cffc6e7dfff38524cffc5e6dfffc6e7dfffc6e7dfffc6e7deffc6e7dfffc6e7dfffc5e6deffc5e7deffc6e7dfff37514bffc5e7deffc6e7dfffc5e7dfffc6e7dfffc6e7dfffc6e7dfffc4e6ddffc6e7dfffc6e7dfff36504affc6e7dfffc5e6deffc6e7dfffc5e6deffc4e5ddffc6e7dfff38524cffc6e7de
#MRGB ffc5e6deffc6e7dfffc6e7dfffc5e6deff355049ffc5e6deff38524cffc5e7deffc4e5ddffc4e5ddffc6e7dfffc6e7dfffc6e7dfffc6e7dfffc6e7dfffc6e7dfffc6e7dfffc6e7dfffc6e7dfffc6e7dfffc6e7dfffc5e6deffc6e7dfffc6e7dfffc6e7dfffc6e7dfffc6e7dfffc4e5deffc6e7dfffc6e7dfffc6e6dfffc6e7dfffc5e6deffc6e7dfffc6e7dfffc5e6deffc6e7deffc4e5deffc6e6deffc5e6deffc6e7dfffc6e7dfffc6e7dfffc6e7dfffc6e7dfffc6e7dfffc6e7dfffc6e7dfff38524cff38524cffc4e5ddffc5e6deffc6e7dfffc6e7dfffc6e7dfffc4e6deffc6e7dfffc4e6deffc6e7dfffc5e6ddffc6e6deff37514bffc5e6deff37504a
#MRGB ffc6e7dfffc5e5ddffc6e5dfffc4e5ddffc4e6deffc6e6deffc6e7dfffc6e7dfffc5e7dfffc5e6ddffc6e6dfffc4e5ddffc4e5ddffc5e6deffc5e6dfffc6e7dfffc6e7dfffc6e7dfff38524cffc6e7dfffc6e7dfffc5e6ddffc5e6deff38524cffc6e7dfffc6e7dfffc4e5ddffc6e7dfffc6e7dfffc6e7dfffc5e7deffc6e7dfffc6e7dfffc6e7dfffc6e7dfffc6e7dfffc6e7dfffc6e7dfff38524cffc6e6deff38514bffc5e6ddff38524cffc6e6deff37524cff37514bff37504affc5e6deff38524cff79968fffc5e6dfff38524cffc5e7dfffc6e7dfffc6e7dfffc6e7dfffc5e6deffc4e5ddffc6e7dfffc5e6deffc6e7dfff37504affc6e7dfffc6e7df
#MRGB ffc5e5ddffc6e7dfffc5e5ddffc4e6deffc5e6deffc5e6deff37514cffc5e6deff38524cffc5e6deffc6e7dfffc5e6deffc6e7dfffc6e7dfffc6e7dfffc6e7dfffc4e5ddffc6e7dfffc6e7dfffc6e7dfff38524cffc6e7dfff37514bff38524cff38524cffc6e7dfff38514cffc5e6deff374f4affc5e6deffc4e5ddffc6e7dfffc6e7dfffc5e6deffc5e6deffc5e7deffc5e6deff38524cffc5e6dfffc6e7dfffc6e7dfffc6e6dfffc6e7dfffc6e6dfff38524cffc4e5deffc4e5ddffc6e7dfff38514bffc6e7dfffc5e7deffc6e7dfffc5e6deffc5e6deffc6e7dfff38524cffc6e7dfffc6e7dfffc5e6deffc6e7dfffc6e7dfffc6e7dfffc6e7dfffc6e7df
#MRGB ffc6e7dfffc6e7dfffc5e7dfffc6e7dfffc6e7dfff37514bffc6e7dfffc5e6deffc6e7dfffc4e5ddffc5e7dfffc6e7dfffc6e7dfffc6e7dfffc6e7dfffc6e7dfffc5e6deffc5e6deffc5e6deff37514bffc6e7dfffc6e7dfffc4e5ddffc4e6deffc5e5ddffc6e7dfffc6e7dfffc6e7dfff38524cffc6e7dfffc6e7dfffc6e7dfffc6e7dfffc5e6deffc6e7dfffc6e7dfff38524cffc6e7dfff38524bffc6e7dfffc4e5ddffc5e6ddffc5e6ddffc6e7dfffc6e6deffc6e7dfffc6e7dfffc6e7dfffc4e5ddffc6e7dfffc6e7dfffc6e7dfffc6e7dfffc5e6ddffc6e7dfff38524cffc6e7dfff37514bffc6e7dfffc6e7dfffc6e7dfffc6e7dfffc3e5dcffc4e6dd
#MRGB ffc6e7dfffc6e6deffc5e7dfff36504affc6e7dfffc6e7deffc6e7dfffc5e6ddffc6e7dfffc6e7dfffc4e5ddffc3e5dcffc6e7dfff38524cffc5e6ddff38514cffc6e7dfff38524cffc6e7dfffc6e7dfffc5e6deffc6e7dfffc5e7deffc6e7dfffc6e7dfffc6e7dfffc6e7dfffc6e7dfffc6e7dfffc6e7dfffc6e7dfffc6e7dfffc5e6dfffc5e6deffc6e6deffc4e5ddffc4e5ddff37514cffc5e6ddffc5e6deffc5e5ddffc4e7ddffc6e7dfffc5e6dfffc6e7dfffc6e7dfffc5e6deffc6e7dfffc6e7dfffc5e6deffc6e7dfffc6e7dfffc5e6deffc6e7dfffc6e7dfffc6e7dfffc5e6deffc6e7dfffc5e6deffc6e7dfffc6e7dfffc6e7dfff38524cffc5e7df
#MRGB ffc6e7dfffc5e6deffc6e7dfff38514cffc6e7dfff38524cffc6e7dfff4a6560ffc5e6ddff37514affc6e7dfff38524cffc6e7dfffc4e5ddffc6e7dfffc4e5ddffc6e7dfffc3e5ddffc6e7dfffc6e7dfffc6e7dfffc6e7dfffc6e7dfffc6e7dfff38524cffc6e7dfff38524cff38524cffc6e7dfff37524bff38524cff38524cffc6e7dfffc5e6deff38524cffc6e7dfffc6e7dfffc6e7dfffc6e7dfffc6e7dfffc6e7dfffc6e7dfffc6e7dfffc5e7deffc6e7dfffc5e6dfffc6e7dfffc6e7dfff37514bffc6e7dfff38524cffc5e6deff37514bffc6e7dfff38524cffc6e7dfffc6e7dfffc6e6deffc6e7dfffc6e7dfffc6e7dfffc4e4ddffc5e7dfffc5e6de
#MRGB ffc6e7dfffc6e7dfffc6e7dfffc6e7dfffc6e7dfffc6e7dfffc6e7dfff4a665fffc6e7dfff37514bffc3e4dcffc5e6deffc4e6ddffc7e8e0ffc4e5ddffc5e6deffc3e4dcffc4e5ddff38524cffc6e7dfffc6e7dfffc6e7dfff334d47ffc6e7dfffc6e7dfffc4e5ddff37514bff37504bffc6e7dfffc6e7dfffc5e5ddff37504affc6e7dfff37514bff37514bff38524bffc4e6deffc6e7dfffc6e6dfffc6e7dfffc6e7deffc5e6deffc5e6deffc6e7dfffc6e7dfffc6e7dfffc4e6deffc5e6deffc6e7dfffc6e7dfff36504affc6e7dfff38524cffc5e6ddffc5e6deffc4e5ddffc5e7deffc5e6deff37514bffc6e7dfff37514bffbbdbd3ffb9d9d1ff38524c
#MRGB ffc6e7dfffc6e7dfffc6e7dfffc5e6deffc5e5ddffc6e7dfffc6e7dfffc6e7dfffc6e7dfffc5e6deffc6e7dfffc5e7deffc4e5dcffc5e6deff37514bff38524cffc5e6deffc6e7dfffc6e7dfffc4e5ddffc4e5deff38534dffc6e7dfffc5e6deffc6e7dfffc6e7dfffc6e7dfffc4e5ddffc6e7dfffc5e6deffc6e7dfff38524cffc6e7dfff38524cffc6e7dfffc6e7dfffc6e7deff38524cffc3e4dcffc6e7dfffc6e7dfffc6e7dfff38524cffc6e6deffc6e7dfffc6e7dfff38514cffc6e7dfffc6e7dfffc5e6deffc6e6deffc6e7dfffc6e7dfffc6e7dfffc6e7dfffc6e7dfff38524cffc6e7dfff38524bff38524cffc5e7dfffc6e7dfffc6e7dfffc5e6de
#MRGB ffc6e7dfffc5e6deffc4e5dcffc4e5ddffc6e7dfffc6e7dfffc4e6dfff38524cffc6e7dfff38524cffc6e7dfffbadad3ffc6e7dfffc6e7dfffc5e7deff37514bffc6e6deff38524cffc6e7dfffc6e7dfffc6e7dfffc6e7dfffc5e6dfffc6e7dfffc5e6deffc3e5ddffc4e5ddffc6e7dfffc6e7deff38524cffc4e7deffc6e7dfffc6e7dfffc5e6deff37524cff38524cffc5e6deff38524cffc5e5deffc6e7dfffc5e6ddffc6e7dfff38524cffc6e7dfffc6e7dfffc6e7dfffc5e6dfffc6e7dfffc6e7dfffc5e6dfffc6e7dfffc6e7dfffc5e6deffc5e6deffc6e7dfffc4e5deffc5e6deffc6e7dfffc6e7dfffc6e7dfffc6e7dfffc6e7dfffc6e7dfffc6e7df
#MRGB ff38524cffc6e6dfffc6e7dfff3b554fffc6e6deffc6e6deffc6e6deffc6e7dfffc5e6deffc6e7dfffc6e7dfffc4e5ddffc6e7dfffc6e7dfffc6e7dfffc4e6deffc6e7dfff38524cff86a49dff38524cffc6e7dfff38524cff37514bffc6e7dfff38524cffc4e6deffc6e7dfffc6e7dfffc4e4ddffc6e7dfffc4e6ddffc6e7dfffc6e7dfffc4e6ddff37514bffc5e6deffc5e6deffc4e5ddffc5e6deffc6e7dfffc5e6deffc6e7dfffc6e7dfff38524cffc6e7dfff38524cff36504bff37514bffc4e6deffc6e7dfffc4e5ddffc6e7dfffc5e6deffc6e7dfffc5e6deffc6e7dfffc6e7dfffc6e7dfffc6e7dfffc5e6deffc6e7dfffc6e7dfffc6e7dfffc5e6dd
#MRGB ffc6e7dfffc6e7dfffc6e7dfffc6e7dfffc6e7dfffc4e5ddffc6e7dfff38514bffc5e7dfff38524cff37514bffc6e7dfffc5e7deffc4e5ddffc4e5deffc6e7dfffc6e7dfff38524cffc5e6deffc6e7dfffc5e6deffc5e6deffc4e6deffc6e7dfffc8e7e0ff38514cffc6e7dfffc6e7dfffc6e7dfffc5e6deffc5e6deffc6e7dfff37504bffc6e7dfff38524cffc4e6deffc5e5deff38524cffc6e7dfffc5e6deff38514cffc5e6deff37514bffc4e5ddff344e48ffc6e7dfff38524cffc5e7dfff37514bffc6e7dfff38524cffc6e7dfff37514bffc6e7dfffc4e7deffc6e7dfffc6e7dfffc6e7dfffc5e6deffc6e7dfffc5e6deffc6e7dfffc5e6deffc6e7df
#MRGB ffc5e6ddff38524cffc6e7dfffb8d9d1ffc6e7dfffc6e7dfffc5e6deffc6e7deffc6e7dfff38524cffc6e7dfff38524cffc6e7dfff38524cffc5e6deff37514bff38524cff37514affc6e7dfffc3e3dcffc5e6deff39534dffc6e7dfff4c6760ff37514bff5d7a73ff38524cff36504aff38524cffc6e7dfffc6e7dfffc6e6deffc6e7dfffc6e6deffc4e5ddffc6e7dfffc5e6deffc2e3dbffc6e7dfff36504bffc6e7dfffc6e7dfffc6e7dfffc4e6ddffc6e7dfffc6e7dfffc6e7deffc6e7dfffc6e7dfffc5e6deff38524bffc6e7dfff38524cffc5e6dfff38524cff37514cff38524cff37514bff37514bff38524cff38524cff38524cffc5e6dfffc6e7df
#MRGB ffc6e7dfff38524cffc6e7dfffc6e7dfff37514affc6e7dfffc6e7dfff38524cffc6e7dfff37514bffc6e7dfffc5e6deffc4e5ddffc6e7dfffc5e6deffc6e7dfffc6e7dfffc6e7dfffc5e6ddffc6e7dfffc6e7dfffc6e7dfffc6e7dfffc5e6deffc6e7dfffc6e7dfffc6e7dfffc6e7dfffc6e7dfffc6e7dfffc6e7dfffc6e7dfffc6e7dfffc6e7dfffc6e7dfffc5e6deffc6e7dfffc5e6deffc6e7dfffc5e6deffc4e5ddffc6e7dfff37514bffc6e7dfffc6e7dfffc6e7dfffc6e7dfffc5e6deffc5e6deffc5e6deffc6e7dfffc6e7dfffc6e7dfff38524cffc6e7dfffc5e6deffc6e7dfffc4e5ddffc6e7dfffc6e7dfffc6e7dfffc6e7dfff36504affc6e7df
#MRGB ffc5e6deff38524cffc6e7dfffc6e7deffc5e6dfffc6e7dfffc4e5dcff38524cff38524cffc5e5deff37514bffc5e5deffc6e7dfffc5e5deffc6e7dfffc6e7dfff37514bffc5e6deff37514bffc5e6deffc5e5ddffc4e5ddffc6e7dfffc5e6deffc6e7dfffc6e7dfffc6e7dfff37514bffc6e7dfffc6e7dfffc6e7dfffc6e7dfffc6e7dfffc4e5ddffc6e7dfff38524cffc6e7dfffc6e7dfffc6e7dfffc6e7dfffc4e5ddffc5e7deff38524bffc6e7dfffc6e7dfffc6e7dfff38524cffc6e7dfff38524cffc6e7dfffc6e7dfff37514bffc5e6deffc6e7dfffc6e7dfffc6e7dfffc6e7deff37524cffc6e7dfff37514bffc6e7dfff37514bffc5e6deffc6e7df
#MRGB ffc6e7dfffc6e7dfffc6e7dfffc5e6deffc6e7dfffc6e7dfffc6e7dfff38524cffc6e7dfff37514bffc6e7dfffc4e5deffc5e6deff334d47ffc6e7dfffa3c3bbffc6e7deffc6e7dfffc6e7dfffc6e7dfffc6e7dfffc5e5deffc5e6deff38524cffc6e7dfffc6e7dfffc6e6deffc5e6dfffc6e7dfffc6e7dfffc6e7dfffc5e6deff37514affc6e7dfffc6e7dfffc4e5ddffc6e7dfffc5e5ddffc5e6ddff37524bffc6e7dfffc6e7dfffc6e7dfffc6e6dfff36504affc4e5deff38524cffc6e7dfffc5e6ddff37514bffc5e6deff38524cffc6e7dfff37514bffc5e6deffc6e7dfffc6e7dfffc4e4ddffc6e7dfff37514bffc6e6dfff37514affc6e6dfff38524c
#MRGB ffc5e5deffc6e7dfffc6e7dfffc6e7dfffc6e7dfffc6e7dfffc6e7dfffc6e7dfffc6e7dfffc6e7dfffc5e6deffc6e7dfffc5e6deff38514cff37514bff36514aff37514bffc5e6deffc6e7dfffc6e7deff38514cffc6e7dfffc6e7dfffc5e6deffc6e7dfffc4e4ddff38524cffadcdc6ffc3e5deffc9ebe2ffc4e6deffc6e7dfffc4e5ddffc6e7dfff38524cffc6e7dfff38524cffc6e7dfffc5e6deffc4e5deffc5e6deffc4e6ddffc6e7dfffc4e5ddffc5e6deffc5e6deffc6e7dfffc5e7dfffc6e7dfffc6e7dfffc4e5ddffc5e6deffc4e5ddffc6e7dfffc5e5deffc6e7dfffc6e7dfffc6e7dfff37514bff37524bffc4e5dcff37514bff38524bffbfe0d8
#MRGB ffc6e7dfffc4e4dcffc6e7dfffc6e7dfffc6e7dfffc4e5ddffc6e7dfff38524cffc6e7dfff38524cffc6e7dfffc5e6deffc6e7dfffc6e7dfff38524cffc5e6deffc6e7dfffc6e7dfffc6e7dfffc6e6deffc4e5ddffc6e7dfffc5e5dfffc5e5deffc6e7dfffc4e5ddffc6e7dfff38524cffc6e7dfff38524cffc6e7dfff38524cffc6e7dfffc6e7dfffc6e7dfff38524cffc6e7dfffc6e7dfffc6e7dfffc6e7dfffc6e7dfffc5e6dfff38514bffc6e7dfff38524cff38524cffc6e7dfffc6e7dfff37514bffc5e6deffc6e7dfffc6e7dfffc5e6deffc6e7dfff37514bffc6e7dfffc5e6deffc6e7dfff37514bffc6e7dfffc7e7dfffc6e7dfffc6e7dfffc5e5de
#MRGB ffc6e7dfff38524cffc6e6deffc4e5deffc5e4dcffc6e7dfffc6e7dfffc4e6ddffc6e7dfffc6e7dfffc4e5ddffc5e6deffc5e6deffc6e7dfffc5e5ddffc6e7dfffc6e7dfffc6e7dfffc6e7dfffc6e7dfffc6e7dfffc4e5deffc6e7dfffc6e7dfffc6e6deffc5e6deffc6e7dfffc6e7dfffc6e7dfffc6e7dfffc6e7dfffc6e7dfffc5e5ddffc6e7dfffc5e6deffc6e7dfffc6e7dfffc4e6deffc6e7dfffc5e6ddffc5e6deffc6e7dfffc6e7dfffc4e5ddffc6e7dfff38524cffc4e6ddffc4e5ddff37514bffc6e7dfff38524cffc5e6deffc6e7dfff38524cff36514bffc6e7dfffc4e6ddffc6e7dfffc5e6deffc6e7dfffc6e7dfffc4e5ddffc6e7dfffc6e7df
#MRGB ffc6e6dfffc5e7dfffc6e7dfffc6e7dfffc4e5ddffc6e7dfffc6e7dfffc5e6deffc6e7dfffc6e7dfffc6e7dfffc6e7dfffc6e7dfffc6e7dfffc4e5deff37514bffc4e6ddffc6e7deffc5e5deffc4e6ddffc6e7dfffc5e7deffc6e7dfff38524cffc6e7dfff37524cffc6e7dfff37514bffc6e7dfffc6e7dfff38524cffc5e5ddff38524cffc6e7dfffc6e7dfffc6e7dfffc6e7dfffc6e7dfffc5e7dfff3b564fffc6e7dfffbadad3ffc6e7dfffc6e7dfff3b554fff37514bffc6e7dfffc5e6deff3c5751ffc6e7dfff38524cffc6e7dfffc6e7dfffc6e7dfffc6e7dfffc6e6dfffc6e5ddffc5e7deffc6e6deffc3e5ddffc6e7dfffc6e7dfffc6e7dfffc5e6de
#MRGB ffc6e7dfffc3e6deffc6e7dfffc5e6deffc6e7dfffc5e6deffc4e5ddffc6e7dfffc5e6deffc6e7dfffc6e7dfffc6e7dfffc6e7dfffc6e7dfffc6e7dfffc6e7dfffc5e6deff38524cffc4e6ddffc6e7dfffc6e7dfffc5e6deffc6e7dfffc6e7dfffc5e6deffc6e7dfff38524cff38524cffc6e7dfffc6e7dfffc5e6deffc6e7dfffc6e6dfffc6e7dfffc6e7dfffc6e7dfffc6e7dfffc6e7dfffc4e5deff37514bffc4e6ddff37524bff38514bffc5e7ddffc5e6deffc4e5ddff8eaca5ffc6e7dfffc6e5ddffc6e7dfffc6e7dfffc6e7dfffc6e7dfffc6e7dfffc6e7dfffc5e7deffc6e7dfffc6e6dfffc3e5ddffc6e7dfff38524cffc6e7dfffc6e7dfff37524b
#MRGB ff38524cff38524cffc6e7dfff38524cffc6e7dfffc5e7deffc6e7dfffc6e7dfffc6e7dfffc3e4ddffc4e5ddffc6e7dfff6d8a83ff38524cffc5e7ddffc5e6deff38524cffc5e6deffc6e7dfffc6e6deffc6e6dfffc6e7dfffc6e7dfffc5e7deffc6e7dfff38524cffc6e6deffc6e7dfffc4e7deff37514bffc6e7dfffc5e7dfff36504affc5e6deff3a544eff37524cff38524cff38524cff37514bffc6e7deffc6e7dfffc6e7dfffc6e7dfffc4e6ddffc5e6deffc3e4dcffc4e6deffc6e7dfff38524cffc5e6deffc6e7deffc5e6deff68847dff38514bff38524cff506b65ff38524cff38524cff38524cff38524cff37524bff38524cffc6e7deff38524c
#MRGB ffc4e5ddffc6e7dfffc4e5dfffc5e5deff38524cffc6e7dfffc5e6deffc5e6deffc6e7dfffc6e7dfffc4e5ddffc6e7dfff38524cffc6e7dfffc4e7dfffc5e6deff38524cff37514bff37514bff37524bff37514affc6e7dfffc6e7deffc6e7dfffc5e6deffc6e7dfffc5e6deffc6e7dfff37514bffc6e7dfffc6e7dfffc5e6deff38524cffc6e7dfffc4e5ddff38524bffc6e7dfff38524cffc6e7dfffc6e7dfffc5e6deff375149ffc6e7dfffc6e7deff38524cffc4e5ddff37514bffc6e7dfffc4e5ddffc5e6deffc6e7dfffc5e6deffc6e7dfffc6e7dfffc5e7deffc5e6deffc5e6deffc4e5ddffc5e7dfffc5e7dfffc4e5ddffc6e7dfffc6e7dfffc6e7df
#MRGB ffc5e7deffc6e6deffc6e7dfffc4e6deff37524bff3d5751ffc6e7dfff3b554fffc4e5ddffd2f4ecffc6e7dfff49645eff38524cffc6e7dfffc6e7dfffc6e7dfffc5e6deffc6e7dfffc6e7dfffc6e7dfffc6e7dfffc6e7dfffc6e7dfffc6e7dfff38524cffc6e7dfffc6e5dfffc4e6deffc5e6deffc5e6deffc6e7dfff37514bffc6e7dfffc6e7dfffc6e7dfffc6e7dfffc5e6dfffc6e7dfffc4e5ddffc6e7dfffc4e5ddffbadbd3ff38524cffc4e5ddffc6e7dfffc6e7dfffc5e6deff38524cffc5e5dcff38524cffc5e6deffc5e6deffc6e7dfffc5e6deffc6e7dfffc6e6deffc6e7dfff37524cffc6e7dfffc6e7dfffc6e7dfffc6e7dfffc6e7dfffc5e6df
#MRGB ffc6e7dfffc6e7dfffc5e6deffc6e7dfffc5e7dfffc6e5deffc4e5ddffc5e6deffc6e7dfffc6e7dfffc5e6deffc4e5ddff38524cffc5e5deffc6e7dfffc6e7dfffc6e6dfffc6e7dfffc4e5ddffc5e5ddff38524cffc4e6ddff38524cffc6e7deffc6e7dfff38524cffc6e7dfff38524cff38524cff36504bffc4e5ddffc5e6dfffc6e7deffc6e7dfffc6e7dfffc5e6deffc6e7dfffc6e7dfffc6e7dfffc4e5deffc5e6deffc4e6ddffc4e5ddffc6e7dfffc5e6deffc6e7dfffc6e7dfffc6e7dfff38524cff36504affc4e5ddffc6e6deffc4e5ddff36504affc4e5deffc6e7dfffc6e7dfffc6e7dfffc6e7dfffc6e7dfffc6e7dfffc6e7dfffc5e6deffc4e5dd
#MRGB ffc6e7dfffc6e7dfffc6e7dfff38524cffc6e7dfffc6e7dfffc4e6deffc6e7dfffc5e6deffc6e7dfffc6e7dfffc6e7dfffc5e6deffc6e7dfffc6e7dfffc6e6deffc6e7dfff364f49ffc6e7dfffc6e7dfff37514bffc6e7dfffc6e7dfffc6e7dfff445e58ffc6e7dfff38524cff435e58ffc6e7dfff3e5952ffc6e7dfffc4e5ddffc6e7dfffc6e6deff38524cff37514affc3e6deffc5e6deffc5e6deffc5e7deffc5e6ddffc6e7dfffc6e7dfffc6e7dfffc5e6dfffc5e6deffc6e7dfff38524cff77948dff37514bff37504bffc6e7dfffc5e6deffc5e5ddffc6e7ddffc6e7dfffc4e6ddffc4e5dcffc6e7dfffc4e5dcff37514bffc5e5ddff364f4affd2f3eb
#MRGB ffc6e7dfff445f59ffc6e7dfff46625cffc5e6deffc6e7dfffc6e7dfffc6e7dfffc6e7dfffc5e6deff38524cffc5e6deff38524cff38524cffc6e7dfffc5e6deff38524cffc5e6deffc5e6deffc6e7dfffc5e6deffc6e7dfffc6e7dfffc5e6deffc5e6deffc6e7dfffc6e7dfffc5e7dfffc6e7dfffc6e7dfff37514bffc6e7dfffc4e5deffc6e7dfffc6e7dfffc6e7dfffc5e7deff37514bff37514bffc6e6deffc6e7dfffc5e7deffc6e7dfffc5e6deffc4e5ddffc6e7dfffc6e7dfffc6e7dfffc3e5deffc6e7dfffc6e7dfffc6e6dfff37514bffc5e6deff38524cffc6e6deffc6e7dfffc6e7dfffc5e5ddffc6e7dfff37514bffc6e7dfff4a655fffc6e7df
#MRGB ff4a645eff38524cffc6e7dfff37514bff38524cff38524cffc6e7dfffc6e7dfffc6e7dfffc4e5deffc6e7dfffc5e6deffc6e7dfff38524cff38524cffc6e7dfffc6e7dfffc6e7dfffc6e7dfffc6e7dfffc6e7dfffc6e7dfffc6e7dfffc6e7dfffc6e7dfffc6e7dfff36514aff37514bff37504bffc6e7dfff37524bffc4e5ddff38524cffc6e7dfffc5e6ddffc6e7dfffc6e7dfffc6e6deffc6e7dfffc5e5ddff38524cffc6e7dfff37514bff38524cff37524cff38524cff37514bff37514bffaac9c2ffc6e7dfffc6e6deffc6e7dfffc5e6deffc6e7dfff37514bffc6e7dfff37514bffc5e6deffc5e6deffc6e7dfffc6e7dfffc6e7dfffc5e7deffc6e7df
#MRGB ffc6e7dfffc4e6ddffc6e7dfffc6e7dfffc6e7dfffc6e7dfffc6e7dfffc6e7dfffc6e7dfffc6e7dfffc6e7dfffc5e6deffc6e7dfffc6e7dfff37504affc6e7dfffc4e5ddffc6e7dfffc4e5ddffc6e7deffc6e7dfffc6e7dfffc5e6deffc6e7dfffc6e6deffc6e7dfffc6e7dfffc5e6deff38524cffc5e7deff38524cffc5e6deffc6e7dfffc6e7dfff37514bffc5e6deffc4e6ddffc5e6deffc6e7dfffc5e6deffc5e6ddff38524cff37524cff36504aff37514bffc6e7dfffc6e7dfff37514bffc7e7dfffc6e7dfffc6e6deff38514bffc6e7dfffc6e7dfffc6e7dfff37524cffc4e5ddffc6e7dfffc5e6dfffc5e6deffc6e7dfffc6e7dfffc5e6deff38524c
#MRGB ffc6e7dfff38524cffc4e5ddffc6e7dfffc5e6deff37524bffc6e7dfffc4e6ddffc5e7dfffc6e7dfffc6e7dfffc4e6dcffc6e7dfffc6e7dfffc5e7dfffc6e7dfffc6e7dfffc6e7dfffc6e7dfffc6e7dfffc6e7dfffc6e7dfffc6e7dfffc6e7dfffc5e6deffc4e5ddff38514bffc6e7dfff37514bffc4e6deffc6e7dfffc6e7deffc8e9e1ffc5e6dfffc6e7dfffc6e7dfffc6e7dfffc6e7dfffc6e7dfff37514affc5e6deffc6e7dfffc5e6deffc4e7ddffc6e7dfff37524cffc6e7dfff38524cffc6e7dfff38524cffc6e7dfff38524cffc4e4dcff38524cff38524cffc6e7dfff38524cffc6e7dfffc5e6deff38524cffc5e6deff38524cffc6e6deffc6e7df
#MRGB ffc6e7dfffc6e7dfffc5e6dfffc6e7dfffc4e5ddffc6e7dfffc6e7dfffc4e5ddffc6e7dfffc5e6deffc6e7dfffc6e7dfffc6e7dfffc5e6deffc6e7dfff38514cff38524cff37504bffc6e7dfffc6e7dfffc5e7deffc5e6deffc5e6deffc6e7dfffc5e6deffc5e6deffc6e7dfffc5e6ddffc6e7dfffc6e7dfffc6e7dfffc6e7dfffc6e7dfffc6e7dfffc6e7dfffc6e7dfffc6e7dfff38524cffc4e5ddffc5e6deff38524cffc6e7dfffc3e5ddffc6e7dfffc5e6deffc5e6deffc6e7dfffc3e5ddffc6e7dfffc4e5ddffc5e6deffc6e6dfffc6e7dfffc5e6dfffc6e7dfffc6e6deffc6e7dfffc6e7dfffc6e7dfffc6e7dfffc6e7dfffc5e6deff38524cffc6e7df
#MRGB ff37524cffc4e5ddff38524cffc5e6deffc6e7ddffc6e7dfffc6e7dfff37514bffc6e6deffc5e6deffc6e7dfffc6e6deff36504aff37524cff37514bff38524cffc4e6deff38524cff354f49ffc5e6dfffc4e5ddff37514bffc5e6deff38524cff38524cffc6e7dfffc5e6deffc5e6dfffc6e7dfffc6e7dfffc6e7dfffc6e7dfffc6e7dfffc5e7dfffc4e6deffc6e7dfffc3e4ddffc4e6ddffc4e5ddffc5e5deffa8c8c0ffc4e4dcffc6e7dfff3c5650ffc6e7dfff37524cffc5e6deffc5e6deffc6e7dfffc4e5deffc5e7deffc5e6deff38524cffc4e7ddff38524cff37514aff38524cffc4e5ddffc5e6deffc6e7dfffc5e6deffc6e7dfffc6e7dfffc6e7df
#MRGB ffc6e7dfffc4e7deffc4e5ddffc6e7dfffc5e5ddffc5e6deffc6e7dfffc6e7dfffc6e7dfffc6e7dfffc6e7dfffc6e7dfffc6e7dfffc5e5deff38524cff38524bffc4e5ddffc5e6deffc5e6deff37514aff38524cff36504affc6e7dfffc3e5ddffc5e6ddffc5e6deffc6e7dfffc4e5ddffc6e7dfffc6e7dfffbeded6ffc6e7dfff37514bffc6e7dfff37514bffc6e7deffc6e7dfffc5e5deffc5e6deffc6e7dfffc5e6deffc6e7dfffc4e5ddffc5e5deffa0bfb8ff38524cffc5e6deffc4e5ddffc6e7dfffc6e7dfff38504cffc6e7dfffc6e7dfffc6e7dfffc6e7dfffc5e6deffc5e7deffc6e7dfffc6e7dfffc6e7dfffc6e7dfffc6e7dfffc5e6deffc6e7df
#MRGB ffc5e6deffc6e7dfffc6e7dfffc6e7dfffc6e7dfffc5e5dfffc5e5deff37514bff334d47ff37514aff38524cffc6e7dfff37514bffc5e6deffc5e6deffc6e7dfffc6e7dfffc6e7dfffc6e7dfffc4e5ddffc6e6deffc4e5ddffc4e5ddff38524cff38524cffc6e7dfff37514bffc6e7dfff37514bffc6e7dfffc6e7dfffc6e7dfffc5e6deffc4e6deffc6e7deffc6e7dfff36504affc6e7dfff38524cffc6e7deff38524cffc6e7dfffc6e7dfffc6e7dfffc6e7dfffc6e7dfffc5e5ddff37504bffc6e7dfff38524cffc6e7dfff38524cff38524cff38524cff38524cff37514bff38524cff37514bffc4e5ddff37514bffc5e6deff37514bffc6e7dfffc6e7df
#MRGB ffc6e7dfffc6e7deffc6e7dfffc6e7dfffc5e6deff37514bffc6e6dfffc4e5deffc5e6dfff38524cffc6e7dfff38524cffc2e3dbffc6e7dfffc5e6deffc6e7dfffc5e6deffc6e7dfffc5e6deffc6e7dfffc4e5ddffc5e6deffc6e7dfffc6e7dfffc4e5ddff37514bffc6e7dfffc6e7dfffc6e7dfffc4e5ddffc6e7dfff37514bffc6e7dfffc5e6deffc4e6ddffc4e5deff38524cffc4e7dfffc6e7dfffc5e6deffc5e7dfffc5e6deff38524cffc4e6ddff38514bffc5e6deff38514cffc6e7dfffc5e7deffc6e7dfffc6e7deffc6e7deffc5e5deffc6e7dfffc5e6deffc6e7dfff38524cffc5e6deff37514bffc6e7dfff37504bffc6e7dfffc6e7dfffc6e7df
#MRGB ffc6e7dfffc6e7dfffc5e6deffc5e6deff37514bffc6e7dfff38524cffc6e7dfffc6e7dfff37514cffc5e6deff37514bff38524cff37514bff38524cff37514bffc6e7dfff37514bffc6e7deff38524cffc6e7dfffc5e6deffc6e7dfffc4e5ddffc6e7dfff37514bffc5e6deffc6e7dfffc5e6deffc6e7dfffc5e6deffc5e6deffc6e7dfffc5e6dfffc6e7dfffc6e7dfffc5e6deffc4e5ddffc4e4ddff38524cffc4e6ddff38524cffc6e7dfffc5e6deffc6e7dfffc6e7dfffc6e7dfffc5e6dfffc5e5deffacccc4ffc4e5deffc6e7dfffc4e6deff37514bffc6e7dfff38524cffc5e6deffc6e7dfffc6e5dfffc6e6dfffc5e5ddffc6e7dfffc6e6deffc6e7df
#MRGB ffc6e7dfffc4e5deffc5e6deffc6e7dfffc6e7dfffc5e7dfffc5e6dfffc6e7dfff37514cffc6e7dfff38524cffc6e7dfff38524cffc6e7dfff38514bffc6e7dfffc6e7deffc4e5ddffc5e6deffc4e6deffc6e7dfffc6e7dfffc5e6ddff36504bff38524cff38524cffc5e6deff38524cffc6e7dfffc6e7dfffc3e4ddffc6e7dfffc5e6deffc6e7dfffc5e6deffc5e6deffc6e7dfffc6e7dfffc5e6deffc6e7dfffc6e7dfff38524cffc5e5dcffc6e7dfffc6e7dfff38524cff38524cff38524cff38524cff38524cffc6e7deff365049ffc6e7dfffc6e7dfffc5e6deffc6e7dfffc6e7dfffc6e7dfffc6e7dfffc5e7deffc6e6deffc4e6deffc4e6ddffc6e5de
#MRGB ffc3e5ddffc5e6deffc6e7dfffc6e7dfffc5e6deffc6e7dfffc5e6deffc5e7dfffc5e6deffc6e7dfffc6e7dfffc6e7dfffc6e7dfffc6e7dfffc6e7dfffc6e7dfffc6e7dfffc5e6deffc5e6deffc6e7dfff38524cffc6e7dfffc6e7dfffc5e5ddffc4e5ddffc6e7deffc6e7deffc4e5ddffc6e7dfffc6e7dfffc6e7dfffc6e7dfffc6e7dfff38524cffc6e7dfffc5e6deffc6e7dfffc5e7deffc6e7dfff38524cffc6e7dfff38524cffc5e7deff38514cffc5e7deffc6e7dfffc5e6deff38524cffc6e7dfff38524cffc5e6deff6f8d86ffc4e5ddffc5e6deff37514bffc6e6deff37514bffc6e7dfffc6e7dfffc6e7dfffc6e7dfffc6e7dfffc6e7dfffc6e7df
#MRGB ffc5e7dfffc4e5deffc6e7dfffc6e7dfffc5e6deff38524cffc2e3dbff38524cff38514cffc6e7dfff37514bffc5e6deffc6e7dfffc6e6dfffc5e6deff38524cffc6e7dfff37524bffc6e7dfffc6e7dfff37514bff37514bffc4e5ddff38524cffc5e6deffc6e7dfffc4e5ddffc6e7dfffc4e5ddff3f5a54ffc6e7dfff38524cffc6e7dfffc6e7dfffc5e7deffc6e7dfff37514bffc5e6ddffc6e7dfff37514cffc6e7dfff37504affc6e7dfff38524cffc6e7dfffc6e7dfffc5e6deff37514bff37514bffc6e7dfffc5e6ddffc6e7dfffc5e6deffc6e7dfffc0e1d9ffc5e6deffc6e7dfffc5e6deff37514bff37514bffc6e7dfffc6e7dfff38524cffc5e5dd
#MRGB ff38524cffc5e6deffc5e6deffc5e7deffc5e6deffc6e7dfffc6e7dfffc6e7dfffc6e7dfffc5e5ddffc6e7dfffc5e6deffc6e7dfffc5e6deffc6e7dfffc6e7dfffc5e7deffc5e6deffc6e6dfff36514bffc6e7dfff3c5650ffc6e7dfffd5f7eeffc5e6deff3e5852ffc6e7dfffc4e7ddffc6e7dfff38524cffc5e6deffc6e7dfffc4e6ddffc6e7dfffc6e7dfffc5e7dfffc5e6deffc6e7dfffc6e7dfffc5e7deffc6e6dfffc6e7dfffc3e5dcffc5e6deffc5e6deffc5e6deffc5e5ddffc6e6dfffc4e5ddffc5e6deffc5e6deffc6e7dfffc5e6deffc6e7dfff38524cffc5e6deff38524cffc6e7dfffc4e6deffc6e7dfffc5e6deff37514affc5e6ddff37504b
#MRGB ffc6e7dfffc6e7dfff38524cffc6e7dfffc5e6deffc6e7dfffc6e7dfffc5e6deffc6e7dfffc5e6deffc6e7dfffc5e6deffc6e7dfffc5e6ddffc5e6deffc6e7dfffc6e7dfffc6e7dfffc5e6deffc4e5ddffc6e7dfff324c46ffc6e7dfffc6e6dfffc5e6deffc6e7dfffc6e7dfffc4e5ddffc6e7dfffc6e7dfffc6e6deff38524cff38524cffc4e5ddffc5e7dfffc6e7dfffc6e7dfffc6e7dfffc6e7dfff37514bffc6e7dfff36504aff38524cff38524cff38524cff38524cff38514bffc5e6deff38524bffc6e7dfffc6e7dfff37514bffc6e7dfffc5e6deff38524cff38524cffc5e7dfffc4e5ddffc6e7dfffc6e7dfffc4e5ddffc6e7dfffc6e6deffc5e6de
#MRGB ffc5e7deffc6e7dfffc6e7dfffc6e7dfffc6e7dfffc6e7dfffc6e7dfffc6e7dfff38514bffc5e6deffc4e5deffc5e7dfff38524cff38524cffc6e7dfff37514bffc6e7dfffc6e6deffc6e7dfff37514bffc5e6deffc6e7dfffc6e7dfffc6e7dfffc6e7dfffc5e6deffc6e7dfffc6e6dfffc6e6deffc6e7dfff37504affc5e6deff37514bffc6e7dfff37524bffc4e5ddff38514cffc4e5ddff37514bffc5e6deff38524cffc5e6deff38524cffc6e7dfff37514bffc6e7dfff37514bffc6e7dfff37514bffc4e5ddffc6e7dfffc6e5dfffc6e7dfffc6e7dfff37514bffc6e6dfff38524cff37514cff38524cffc6e7dfff38524bffc6e7dfffc4e5ddff38524c
#MRGB ffc5e5dcffc6e7dfffc6e7dfffc6e7dfffc6e7dfffc6e7dfff38524cffc6e7dfff37514bffc6e7dfff38524cffc6e7dfff38524cffc6e7dfff37514bff37514bffc6e7deff38524cffc6e7dfff38524cff37514bffc4e6ddffc6e7dfffc6e7dfffc5e6deffc6e7dfffc6e7dfffc6e7dfffc6e7dfffc6e7dfffc6e7dfffc6e7dfffc6e7dfffc6e7dfffc6e7dfffc5e6deffc6e7dfffc4e5ddffc6e7dfffc4e5ddffc6e7dfff37524bffc5e5deffc5e6deffc4e5ddffc5e6deffc3e4dcffc6e7dfffc6e7dfffc4e5ddffc6e7dfff38524cff37514bffc6e7dfff37524cffc5e6deff36504affc4e6deffc6e6ddff37524cffc4e5ddff37514bffc5e6deffc6e7df
#MRGB ffc4e6deffc5e6dfffc6e7dfffc5e6deffc6e7dfff38524cffc6e7dfffc5e6deffc6e7dfffc5e5ddffc5e6dfffc6e7deffc6e7dfffc3e5dcffc5e7deffc5e6deffc6e7dfffc5e6deff38524cffc6e7dfff36504bffc6e7dfffc6e6deffc5e6deffc6e7deff38524cff38524cffc5e6deff38524cffc6e7deffc6e7dfffc5e5deff38524cffc6e7dfff37514bff37514bffc6e7dfffc6e7dfffc5e5ddffc5e6deffc4e5ddffc5e6deffc5e6deffc5e7dfffc5e6deffc6e6deffc5e7deffc6e7dfffc6e7dfffc6e7dfff36504affc5e6dfff36514aff37514bff38524cffc4e6ddff38524cffc6e7dfffc5e7dfffc6e7dfffc4e5ddff37514bffc6e7dfffc6e7df
#MRGB ffc5e6deffc5e7dfffc6e7dfffc6e7dfffc5e6deffc6e7dfff38524cffc5e6deff38524cffc5e6deff38524cff38524cffc5e6deffc6e7dfffc6e7dfffc6e7dfff37514cffc5e6deffc4e5ddffc5e6deffc6e7dfffc6e7dfffc5e6deffc5e6deff37514bffc6e7dfff37514affc5e6deff38524cff38524cff38524cff38524cffc6e7dfffc6e6deff37514cff37524cff38524cff38524cffc5e7deff38524cffc5e6deffc6e7deffc5e6deffc6e7dfffc6e7dfffc6e7dfffc6e7dfffc6e7dfff37514bffc4e4ddff38524cffc5e6deff38524cff38524cffc6e7dfffc6e7dfffc5e6deffc3e4dcffc5e6deffc6e7dfffc4e5ddff36514affc5e6deff39534d
#MRGB ffc4e5ddffb5d5cdffc4e6ddffc6e7dfffc5e5ddffc6e7dfffc4e5deffc6e7dfffc5e6deff36504affc5e7deff85a39cffc6e7dfffc6e7dfff405a54ffc6e7dfff3a534dff364f4affc6e7dfff38524cffc6e7dfffc5e5ddffc4e6deffc6e7dfff38524cffc6e7dfffc6e7dfffc6e7dfffc5e6deffc6e7dfffc6e7deffc6e7dfffc6e7dfffc6e7dfff354f49ffc6e7dfffc6e7dfffc5e7deffc6e7dfffc6e7dfff38524cff36504bff38524cffc6e7dfff37514bffc6e7dfffc5e6deff37504affc6e7dfffc3e5dcffc6e7dfff37514affc6e7dfff86a49dffc6e7dfffc5e6deffc6e7dfffc5e7dfffc6e7dfff36504bffc6e7dfffc4e5deffc6e7dfffc6e7df
#MRGB ffc6e7dfffc5e5deffc5e6deffc4e5dfffc6e6dfffc3e4dcffc4e6deffc5e6deff36504affc5e6deffc6e7dfffc5e6deffc6e7dfff38524cffc5e6deffc5e6deff38524cffc5e7deff38524cffc6e7dfffc6e7dfffc6e7dfffc6e7dfffc5e7dfffc6e7dfffc5e6deffc5e7dfffc6e7dfffc6e7dfffc3e5ddffc5e6deffc6e7dfffc4e5ddffc6e7dfffc6e7dfffc6e7dfffc6e6dfffc6e7dfffc6e7dfffc5e6deff37514bffc5e6deff38524cffc4e6deff37514bffc5e6deffc5e6deffc6e7dfffc5e7deffc5e6deff38524cffc5e6deff38524cff37514cffc5e6deff37514bffc6e7dfffc5e6deffc6e7dfffc6e7dfffc5e6deffc6e7dfffc6e7dfffc5e6de
#MRGB ffc5e6deffc6e7dfff37514bff36504aff38524cffc6e7dfffc4e5ddffc6e7dfff37524cffc5e7deffc5e6deff38524cffc6e7dfff38524cffc4e5ddff38524bffc6e7dfff38524cff38524cffc6e7dfff37514bffc6e7dfff38524cffc5e6deff354f49ffc6e7dfff75928bff37514bff37514bffc5e7dfff36504affc5e6deff38524cffc6e7deffc6e7dfffc6e7dfffc4e5ddffc6e7dfffc6e7dfffc5e6dcffc6e7dfffc4e5ddffc6e7dfffc4e5ddffc5e6deffc6e7dfff37514bff38524cff37524cffc6e7dfff38514cffc6e7dfffc6e7dfff38524cffc5e6deff38524cff38524cffc5e6deffc6e7dfffc3e5ddffc5e7deffd0f1e9ffc5e6deffc5e6de
#MRGB ffc6e7dfffc6e7dfffc6e7dfffc6e7dfff36504bffc5e6dfffc6e7dfff36504affc6e7dfff37514bff37514bffc4e5ddff38524cff38524cffc6e7dfffc6e7dfffc6e7dfff37524cffc4e6ddffc6e5ddffc6e7dfffc4e6deffc6e7dfff38524cff37514bff37514bffc5e6deff38524cff37514bffc6e7dfffc5e6deff36504affc6e7dfff37514bffc4e5ddffc6e7dfffc6e7deffc6e7dfff37514bffc6e7dfff38514bffc6e7dfffc4e4dcffc6e6dfffc4e4dcffc3e4ddff36514affc3e5ddffc6e7dfffc6e7dfff38524cffc6e7dfffc6e7dfffc6e7dfffc4e5ddffc4e5deff38524cffc5e6deff38524cffc5e6deffc6e7dfff37514bffc4e5ddffc6e7df
#MRGB ffc3e5deffc6e6dfff38524cffc5e6deff36504affc6e7dfff38524cffc6e7dfffc5e6deff38524cffc6e7dfff38524cffc6e7dfff38524cffc6e6dfff38524cffc2e3dbff37514bffc5e6deff3f5953ffc6e6deffc5e5deffc4e6ddffc4e5dcffc6e7dfffc6e6deffc6e7dfffc5e5ddffc6e7dfffc6e7dfffc6e6dfffc6e7dfffc5e6deffc6e7dfffc5e6deffc6e7dfff38524cff37514bffc5e6dfff38524cffc4e6ddffc6e7dfffc6e7dfffc6e7dfffc6e7dfffc6e7dfffc6e7dfffc6e7dfffc6e7dfffc6e7dfffc6e7dfff5f7b75ff38524cffc5e6ddff38524cff37514bff37514bffc5e6ddff38524cff38524cffc6e7dcffc6e7dfffc6e7dfffc5e6de
#MRGB ffc6e7dfffc5e6dfffc5e7deffc4e5deffc6e7dfffc6e7dfffc4e6ddffc6e7dfff37514bffc4e6dcffc6e7dfffc4e6ddffc4e5deffc5e6deffc6e7dfffc6e7dfffc6e7dfffc6e7dfffc4e6deff38524cff36504bffc5e6deff37514bffc5e6deff38524cffc6e7dfff38524cffc5e6deffc6e7dfffc5e6ddffc6e7dfffc5e7dfffc6e7dfffc6e7dfffc4e6deffc5e6deffc6e7dfffc5e6deffc5e5deffc6e7dfffc5e7dfff38524cffc5e5ddffc6e7dfffc4e5ddffc5e6deffc4e5ddffc6e7dfffc6e7dfffc5e6deffc6e7dfffc5e6deffc6e7dfffc6e7dfffc6e7dfffc6e7dfffc6e7dfffc5e6deffc6e7dfffc4e5ddffc6e7dfffc6e7dfffc6e7dfffc5e6de
#MRGB ffc6e7dfff38524cffc5e6dfffc6e7dfffc6e7dfffc6e7dfffc4e6deffc5e6deff37524cffc6e7dfff36504bffc6e7dfff38524cffc6e7dfffc6e7dfff37524bffc6e7dfffc5e6deffc6e7dfffc6e7dfffc4e5ddff37504bffc5e7deff37514bffc5e4deff38524cffc6e7dfffc6e7dfffc6e7dfff38524cffc6e7dfffc4e6deffc6e7dfffc6e7dfffc4e6ddffc6e7dfffc5e5deffc4e5ddffc4e5deffc3e4dcff38524cffc6e7dfffc6e7dfffc5e5ddffc6e7dfffc6e7dfffc6e7dfffc6e7dfffc4e6dfffc4e6dfff38524cffc6e7dfff36504bffc6e7dfffc6e7dfffc6e7dfffc5e6dfffc5e5deffc6e7dfffc6e7dfffc6e7dfffc6e7dfffc5e5deffc6e7df
#MRGB ffc6e7dfffc6e7dfffb9dad2ffc6e7dfffc6e6dfffc4e5ddffc4e4ddffc6e7dfff38524cff38524cffc5e6deff37514bffc6e7dfffc5e6dfffc6e7dfffc5e6deffc4e5ddffc5e6deffc4e6deffc6e7dfffc4e5ddffc6e7dfffc6e7dfffc6e7deff36504affc6e7dfff36504affc5e6deff36504aff35504aff38524cff38524cffc5e6ddff38524cffc5e6deff38524cffc5e6deffc6e7dfffc6e7dfffc5e7dfffc6e7dfffc6e6deff38524cff38524cffc6e6dfffc3e4deffc4e5ddffc6e7dfff36504affc5e7deff38524cffc6e7dfff38524cffc6e7dfffc6e7deffc4e5ddffc6e7dfffc5e6deffc5e6deffc4e5ddffc5e6ddff38524bffc6e7dfffc5e6de
#MRGB ff37524cffc6e7dfff38524cffc6e7dfffc6e7dfffc6e7dfffc5e6dfffc6e7dfffc6e7dfffc5e6deff354f49ffc6e7dfffc6e7dfffc5e6deffc6e7dfffc6e7dfff38524cffc4e5ddff36504affc5e6deff38524cff37514bffc6e7dfff38524cffc5e6deff38514bff38524cff38524cffc5e6dfff37514bff38524cff38524cffc3e6ddff38524cff38514cffc6e7dfff36514bffc6e7dfffc6e7dfffc6e7dfff38524cffc6e7deff38524bffc5e5ddff38524cffc4e5ddff38514cffc4e5ddff38524cffc5e5ddff38524cffc5e5ddffc5e6deff38524cff38524cff36504aff37514bffc6e7deffc5e7dfffc5e6deffc5e6dfff37514bffc5e6dfffc5e7df
#MRGB ffc4e5ddffc6e7dfffc5e5deffc6e7dfffc4e6deffc5e6deffc5e6dfffc6e7dfffc4e5ddffc5e6deffc4e6deff38524cffc5e6ddffc6e7dfffc6e7dfffc5e7dfffc6e7dfffc6e7dfffc6e6deffc4e5ddff38524cffc6e7dfffc6e6dfffc5e6deffc5e6ddffc6e7dfffc5e6deffc6e7dfffc6e7dfffc5e7dfff38524cffc6e7dfffc6e7dfffc6e7dfff38524cffc6e7dfffc5e6ddff38524cffc5e6deffc5e6deffc6e7dfffc5e7deff38524cffc4e5deffc6e7dfffc5e6deffc6e7dfffc5e6deffc6e7dfffc6e7ddffc6e7dfffc6e7dfffc3e4dcffc4e5ddffc6e7dfffc4e5ddffc5e7deffc6e7dfffc5e6dfffc6e7dfffc5e7deffc6e7dfffc4e6deffc5e6de
#MRGB ff37514cffc6e7dfffc4e6deffc6e7dfffc6e7dfffc6e7dfffc5e6deffc6e7dfffc8e9e1ffc6e7dfffc6e7dfffc4e5ddffc6e7dfffc6e7dfffc6e7dfffc4e6deff36504bffc6e7dfff37504bffc6e7dfffc6e7dfffc6e7dfffc6e7dfffc6e7dfffc6e7dfff37514cffc6e7dfff38524cffc5e6deffc6e6deff37514bffc5e7deff37524cff38504affc6e6dfffc6e7dfff38524cffc6e7dfffc6e7dfffc5e7deff37524cff38524cffc6e7dfff38524cffc6e7dfff38524cffc6e7dfffc6e7dfffc6e7dfffc6e6dfffc5e7deffc4e6deffc6e7dfffc6e7deffc4e5ddffc5e6ddffc6e7dfffc6e7dfff37514bffc6e7dfffc6e7dfffc6e7dfffc6e7dfffc6e7df
#MRGB ffc6e7dfffc6e7dfffc5e6deffc5e6deff38524cffc4e5deff37514bffc6e7dfff37514bff38524cff38524bff38524cff6a8780ffc5e6deff37514bffc4e5ddffc4e7dfff37514bffc6e6deff38514bffc5e6dfffc6e7dfffc6e7dfffc5e6deffc6e7dfffc6e7dfff38524cff38524cff38524cff38524cff37514bffc6e7dfff37514cffc6e8dfffc6e7dfffc6e7dfffc5e6deffc6e7dfffc4e6ddffc6e7dfffc5e6deffc6e7dfffc6e6dfffc3e5dcffc5e6deffc5e5ddffc5e6deffc6e7dfffc6e7dfffc6e7dfffc4e6deffc6e7dfff36504aff37524cff38524cff38514bff36504cffc6e7dfffc6e7dfffc6e7dfffc4e5ddffc6e7dfffc5e6deffc6e7df
#MRGB ffc6e7dfffc6e7dfffc6e7dfffc6e7dfffc6e7dfffc6e7dfffc6e7dfffc6e7dfffc4e5ddff37514bffc6e7dfff38514cffc4e6ddffc6e7dfffc6e7dfff38524cffc6e7dfffc5e5ddff36504affc5e6deffc3e4ddffc4e6deffc5e6deffc5e6deffc5e6ddffc6e7dfffc5e5ddffc4e5ddff38524cffc5e6deffc4e5ddffc4e5ddffc5e6deffc4e5ddff38524cffc4e5ddffc6e7dfffc6e7dfffc6e7dfffc6e7dfffc6e7dfffc6e7dfffc6e7dfffc4e6deffc6e6deff37514bffc5e5deffc6e6deffc5e7dfffc6e7dfffc6e7dfffc6e7dfffc6e7dfffc6e7dfffc6e7dfffc6e7dfff38524cff38524cffc5e6ddff38524cff38524cffc5e5deff37514bffc6e7df
#MRGB ff37514cffc6e7dfff38524cff38524cff37514bff38524cff38524cff38524cffc6e7dfffc6e7dfff37514bffc6e7dfffc4e6deffc4e6deffc6e7dfffc5e6deffc6e7dfffc5e6deffc5e6dfffc6e7dfffc6e7deffc6e7dfffc5e7dfffc5e6dcffc5e6deff38524cffc6e7dfff38524bffc4e6deff37514bffc5e5ddffc6e7dfff38524cffc6e7dfff37514bffc6e7dfffc6e7dfffc6e7dfff6a8780ff38524cff3c5651ff38524cff36504affc5e5deffc4e5ddff37514bffc5e7deffc6e7dfff38514cffc4e5ddffc4e4ddffc5e6deffc5e5dfffc5e7deffc4e6deffc6e7dfffc6e7dfffc5e7deffc5e6deffc5e6deffc5e6deffc4e6ddffc5e6dfffc6e7df
#MRGB ffc6e7dfffc6e7dfffc4e5ddffc5e6dfffc5e7dfffc5e6deffc6e8dfffc5e6deffc6e7deffc4e4ddffc6e7dfffc3e5ddffc5e6deffc6e5dfffc5e6deffc6e7deffc6e7dfffc6e7dfffc6e7dfffc4e4dcffc6e7dfffc5e6dfffc5e6dfffc5e7dfffc3e5ddffc5e7deffc6e7dfffc6e7dfffc6e7dfffc6e7dfffc5e6deff37514bff38524cffc6e7dfff37514bff38524cff38524cff38524cff37514bff38524cff38514cff38524cff37514bffc6e7dfff37514bffc6e7dfffc5e5ddff365049ffc4e6deff38524cffc4e5ddff37504bffc6e7dfffc6e7dfff37504bffc6e7dfff38524cffc5e7dfff37514bffc6e7dfff38514bffc6e7dfff38524cffc6e7df
#MRGB ff38524cffc6e7dfff38514cff38524cff37514bff37514bffc4e5ddff38514bffc6e7dfffc6e7dfffc6e7dfff36504affc6e7dfff38524cffc6e7dfff38524bff38524cff38524cff38524cffc6e7dfff37514bffc6e7dfff37514bffc5e6deff38524cffc5e6deff38524cffc6e7dfff38524cffc6e7dfff37524bffc6e7dfff3c5751ff38524cffc5e6deff38524cff37514cff38524cffc5e6deff39534dffc6e7dfffc6e7dfff37514bffc5e6deff38524cff38524cff38524cff36504affc6e7dfffc6e7dfff37514bff37514affc4e5ddff37514bffc3e4deff36504affc5e6deff38524cffc5e7dfff38524cffc5e7deffc6e7dfffc6e7dfffc8e9e1
#MRGB ffc3e5dcff37514bffc6e7dfff39524dffc5e6ddff38524cffc5e6deffc5e6deffc6e7dfffc6e7dfffc6e7dfffc6e7dfffc5e6ddffc6e7dfff37524bffc6e7dfff38524cffc6e7dfff38514cffc6e7dfffc6e7dfffc4e6deffc5e6deff38524cffc5e6deff3e5953ffc5e6deffc5e6deffc4e5ddffc5e6dfffc4e5ddffc6e7deffc6e7dfffc6e7dfffc6e7dfff38524cffc5e6deffc4e6ddffc4e6ddffc6e7dfff37514cff38524cffc4e5deffc5e7dfffc6e7dfff37514bffc6e7dfffc5e6dfff38524cffc5e6deffc6e5dfffc6e7dfffc5e7deffc6e7dfff37514cff37514cffc6e7deffc5e6dfff38524cff38524cffc4e5dfff38524cff38524bff38524c
#MRGB ffc5e6deff38524cffc4e6ddff38524cffaac9c1ffc5e6dfffc6e7dfffc6e7dfff36514bffc5e7deff38524cffc6e7dfffc6e7dfffc6e7dfffc6e7dfffc6e7dfffc6e7dfffc6e7dfffc6e7dfffc6e7dfffc6e7dfffc6e7dfffc4e5deffc4e6ddffc6e7dfffc5e6deffc6e7dfff38524cffc6e7dfffc6e6deffc4e5ddffc4e5ddff37514bffc5e6deffc6e7dfff38524cff38524cff38524cff38524cff38524cffc5e6deff38524cff37514bff38524cffc4e5ddff38524bffc4e4dcffc6e7dfffc6e7dfffc6e7dfffc5e5deffc6e7dfffc6e7dfffc5e7deffc6e7dfffc5e6deff37514bff37514bffc4e5ddffc6e7dfffc5e6deffc6e7dfffc5e6deffc6e7df
#MRGB ffc6e7dfffc6e7dfffc6e7dfffc6e7dfffc6e7dfffc6e7dfffc5e6dfffc6e7dfffc6e7dfffc6e7dfffc6e7dfffc5e7deffc5e6deffc6e7dfffc5e6deffc6e7dfffc6e7dfffc6e7dfffc5e7dfff38524cff38524cff38524cff37514bff38524cff37514bffc4e5ddff37514bffc6e7dfffc6e7dfffc5e6dfff37514bffc6e7dfff38524cffc6e7dfffc5e6deffc6e7dfff38524cff38524cffc6e7dfff38514bff38524bff38524cff354f49ff38524cff38524cff37514bff38524cffc4e6ddffc6e7dfffc5e6deffc6e7dfffc5e6dfffc6e7dfffc6e7dfffc6e7dfffc5e5deffc6e7dfffc5e6deffc6e7dfff38524cff3e5852ffc6e7dfffc5e6deffc6e7df
#MRGB ffc4e5ddffc6e7dfff37514cffc6e7dfff37514bffc6e7dfff37514bff38524cffc6e7dfffc6e7dfffc5e6deff38524bffc6e7dfffc5e6dfffc5e7dfffc5e6ddffc4e5ddffc5e6deffc6e7dfffc4e5deff38524cffc4e6dfff38524cffc5e6dfffc6e7dfffc4e5deffc5e6deff37514bffc6e7dfff37514bffc6e7dfffc6e7dfffc6e7dfffc6e7dfffc6e7dfffc6e7deffb5d6ceffc6e7dfffc6e7dfffc6e7dfff36504aff38524cffc6e7dfff37514bffc5e6ddffc6e7dfffc5e6deffc5e6deff4b665fffc5e6deffc6e6dfffc4e7deffc5e7dfff9dbcb4ffc6e7dfffc3e4ddffc6e7dfffc5e6deffc4e5ddffc4e5ddffc5e6deffc4e5ddffc5e6deff38524c
#MRGB ffc6e7dfff38524cffc6e7dfff38524cffc4e5ddff38514cffc5e6deffc6e7dfffc5e5ddffc6e7dfffc6e7dfffc4e6deff38524cffc6e7dfff38524cff38524cff38524cff37514cffc4e5deffc5e6deffc6e7dfffc5e6deff38524cffc5e6deffc6e7dfffc6e7dfffc5e6deffc5e6dfffc6e7dfffc6e7dfffc6e7dfffc6e7dfffc6e7dfffc4e5ddffc6e7dfff36504affc6e7dfff38524cffc4e6ddffc4e6deffc4e5ddff37514bff37514bff38524cff38524cffc5e6deffc4e5ddff38524cffc6e7dfff38524cffc6e7dfffc6e7dfffc4e5ddffc6e7dfffc6e7dfffc5e6deffc6e6deffc5e7deffc4e5ddffc6e6deffc6e7dfff38524cffc6e6dfff36504b
#MRGB ffc4e5ddff37524bffc6e7dfff37514bff36514aff38524cff37504bffc4e4ddff37524bffc6e7dfffc5e6deffc4e6deff38524cffc6e7dfff37514bffc6e7dfff38524cffc1e2daffc5e6deffc5e6deffc6e7dfffc6e7dfffc6e7dfffc6e7dfffc6e7dfffc6e7dfffc6e7dfff38524cffc5e6deffc5e6deffccede5ffc5e6deff38514cffc6e7dfff37514bffc6e7dfff36504affc6e7dfff38524cffc6e7dfffc6e7dfffc6e7dfffc5e6deffc3e5dcffc6e7dfffc4e5ddffc6e7dfffc4e5ddffc6e7dfffc5e6deff38524cffc6e7dfffc6e6dfffc6e7dfffc5e5deffc6e7dfffc5e6deffc5e6deffc5e7dfffc4e5ddffc4e6deffc3e4dcff38524cffc3e5dc
#MRGB ff809e97ffc6e7dfffc1e2daffc6e7dfffc2e3dbffc6e7dfffc5e6deffc6e7dfffc6e7dfffc6e7dfffc5e6deffc6e7dfffc5e6deffc6e7dfffc6e7deffc6e7dfffc6e7dfff38524cffc4e5ddff38524cffc5e6deffc4e6ddff38524cffc5e6deff37524cffc4e6deff36514affc5e6deffc5e6dfffc6e7dfffc6e7deffc6e7dfffc5e6deffc5e6deffc5e6deffc5e6deffc5e6deffc6e7dfffc5e6deffc6e7dfffc6e7dfffc5e7dfffc5e7deffc6e7dfff37524bffc6e7dfff38514cffc6e7dfff38524bff38524bffc6e7dfffc5e6deff37514bffc5e6deffc6e7dfffc6e7dfff38524cffc5e6deff38524cff38524cffc4e5deff38524cffc6e7dfffc3e5dd
#MRGB ffc4e6ddffc6e7dfffc4e5ddffc3e5dcffc6e7dfffc4e5ddffc6e7dfffc4e6deffc6e7dfff38514cffc4e5ddffc6e7dfffc3e5dcffc4e6deffc5e6deffc6e6dfffc5e7dfffc6e7dfffc6e7dfffc6e7dfffc5e6deffc6e7dfffc6e7dfffc6e7dfffc6e7dfffc6e7dfffc6e7dfff36504affc4e5ddffc5e5deff38524affc5e6dfffc6e6deffc6e7dfff3e5852ff38524bffc5e6ddffc5e6deff38524cffc5e6deffc4e6deffc6e7dfffc6e5dfffc6e7dfffc6e7dfffc6e7dfffc5e6deff37514bffc7e8e0ffc6e7dfff3a554fffc6e7dfff829f98ffc6e7dfffc5e6dfffc5e6deffc6e7dfffc6e7dfffc4e5deffc5e5ddffc6e7dfffc5e5ddffc6e7dfffc6e7df
#MRGB ffc6e7dfff38524cffc6e7dfffc5e6deffc6e5deffc5e6dfff38524cffc4e5ddffc5e6deffc5e6deffc6e7dfffc5e6dfffc4e6deffc6e7dfff36504bffc6e7dfffc6e7dfff38524cffc4e4ddffc5e6deff36504affc4e5ddffc4e5deffc6e7dfffc5e6deffc6e7dfffc4e6deffc6e7dfffc6e7dfffc6e7dfffc6e6dfffc5e6dfffc6e7dfffc6e7dfffc4e5deffc6e7dfffc4e5ddffc5e5deff38524cffc5e6deffc6e7dfffc5e6deffc6e7dfff37514bffc6e7dfffc5e6deff37514bffc6e7dfffc6e7dfff38524cff37524bff37524bff37514bff38524cff37514bff37514bff37514cff38514bff37514cff38524cffc6e7dfff36504affc5e6deffc4e5dd
#MRGB ffc6e7dfff38524cff37514bff38524cffc4e5ddffc6e7dfffc6e7dfffc6e5dfffc6e7dfffc5e7deffc5e6deffc5e6deff37514bffc6e7dfffc6e7deffc5e6dfffc5e5deffc5e6deffc6e7dfffc6e7dfffc4e5ddffc4e5deff36504affc5e6deffc5e7dfff38524cffc6e7dfffc5e7dfffc6e6deffc6e7deffc6e7dfffc5e6deffc6e7dfffc5e6ddffc6e7dfffc5e5ddffc5e7deffc4e6deffc6e6deffc5e6deffc6e7dfffc6e7dfff37514bffc6e7dfff37504bffc6e7dfffc6e7dfff38524cff38524cffc6e6deffc5e5ddffc6e7dfffc6e6deffc5e6deffc5e6deffc6e7dfffc6e7deffc6e7dfff38524cffc6e7dfff37524cffc6e7dfff38524cffc6e7df
#MRGB ff38524bffc5e6deff38524cffc5e6dfff38524cff38514cffc6e7dfff36514bffc6e7dfffc5e6deff37524cffc6e6deffc6e7dfffc6e6dfffc6e7dfffc5e6deffc5e6deff38524cffc6e7dfffc5e6deffc6e7dfffc5e6deffc6e7dfffc6e7dfffc6e7dfffc6e7dfffc6e7dfffc6e7dfffc5e7dfff38524cffc4e4dcff38524cff37514bff38524cffc6e7dfffc6e7dfffc6e6deffc4e6deffc4e6ddffc5e6deff38514cff38524cff37514bffc6e7dfff37514bffc6e7dfff38524cffc6e7dfffc6e7dfffc6e7dfffc5e6deffc6e7dfff38524bffc6e7dfff38524bffc6e7dfff38524cffc6e7dfff38524cff38524cff38524cffc6e7dfffc6e7dfffc6e7df
#MRGB ffc6e7dfffc6e7dfff38524cffc6e7dfff37514bffc6e7dfffc6e7dfffc5e6deff38524cffc6e7dfff38524cffc6e7dfff38524cffc6e7dfffc6e7dfffc6e7dfffc6e7dfff38524cff37514bffc4e5dfff37524bffc5e6deff37514bffc3e5dcff38524cffc6e7dfff37514bffc6e7dfff38524cff38524cffc4e5ddff38524cffc4e5ddff38524cff38524cffc6e7deffc6e6dfffc6e7dfff38524cffc6e7dfff37514bffc5e6deffc4e5deffc6e7dfff37514bffc6e7dfff38524cffc6e7dfff37524cffc6e7dfffc4e5deffc6e7dfffc6e7dfffc6e6deffc5e6deffc6e6dfff37514bffc6e7dfff38524cffc6e7dfff37514bffc5e7deff38524cff38524c
#MRGB ff38524cffc5e6deff3a544effc6e7dfffc6e6dfffc5e7dfffc5e6deffc6e7dfffc5e5deffc6e7dfffc6e7dfffc5e6ddff37514bffc6e6dfff37524cffc6e7dfff37524cff38524cff38524cffc6e7dfff38524cffc4e5ddffc5e6deff38514cff38524cff38524cff38524cff38524cffc4e6deff36504affc6e7dfff36504affc6e7dfffc5e6ddffc6e7dfff36504affc6e7dfffc3e5ddffc6e7dfffc6e7dfff38524cffc4e5ddff38524cff37514bff38524dffc6e7dfff37514bffc5e6deffc5e6deff37514bffc6e7dfff38524cffc6e7dfffc6e6dfffc6e7dfffc5e7ddffc6e7dfffc6e7dfff37514bffc6e7dfffc6e5deffc6e7dfffc6e7dfffc5e6de
#MRGB ff37514bffc5e6deffc4e5deffc6e7dfffc6e7dfffc5e7dfffc6e7dfffc6e6dfffc6e7dfffc5e6deffc5e6deffc6e7dfffc6e7dfffc4e5ddffc6e7dfff38524cffc6e7deffc6e7dfffc6e7dfffc5e6ddffc5e5deffc5e6deffc5e6deffc6e7dfffc6e7dfff38524cffc6e6deffc6e7dfff37514bff38514bffc6e7dfffc6e7dfffc4e5ddff37514bff38524cff38524bff38524cffc5e5ddff37524bffc6e7dfffc6e7dfffc6e7dfff38524cffc6e7dfff38524cff304a44ffc5e6deffc5e7dfffc6e7dfff37514bffc4e5ddff38524cffc6e6dfffc5e5deffc4e5ddffc6e6dfffc4e6deffc5e6deff354f49ff38524cffc6e7dfff38514cff37514bff37514b
#MRGB ffc6e7dfff38524cff38524cffc6e7dfff37514cffc6e7dfffc6e7dfffc6e7dfffc6e6dfffc6e7dfffc6e7dfffc6e7dfffc6e7dfffc6e7dfff38514bff38524cffc6e6deffc6e7dfffc6e6dfffc6e7dfffc5e6deffc5e7deffc4e5ddffc5e6deffc4e5ddffc4e5ddffc5e6deff37514bffc4e6deffc6e7dfffc6e7dfffc5e6ddff38524cffc6e7dfffc5e6dfffc6e7dfffc6e7dfffc5e6deffc5e5ddffc6e7dfffc6e7dfffc6e7dfffc5e5deffc6e7dfffc5e6deff38524cff38524cffc6e7dfffc5e6deff37514bffc5e6deffc6e7dfffc6e7dfff3e5953ff37514bffc6e6deff37524bffc6e7dfffc4e5ddffc6e7dfffc5e6deffc6e7dfffc6e7dfffc6e7df
#MRGB ffc6e7dfffc6e7dfffc6e7dfffc4e5deffc5e7deffc6e7dfffc4e6ddffc6e7dfff37514bffc5e6deff36504affc6e7dfff38524cffc6e7dfff38524cffc6e7dfff37524cff38524cff38524cff38524cff38524bffc6e7dfffc6e7dfffc6e7deff36514aff38524cff38524cffc4e5ddff37514bff38524cffc5e6deff38504bff37514bffc6e7dfff38524cff38524cffc6e7dfffc6e7dfff37514bffc6e7dfff38514bffc6e7dfff37514bffc5e6deff37504bffc6e7dfffc5e5deffc6e7dfff38524cffc5e6deff37524cffc6e7dfffc6e7dfffc3e4dcffc6e7dfffc4e5ddffc6e7dfff37524bffc5e6deffc6e7dfffc4e5deffc6e7dfffc6e7dfffc6e7df
#MRGB ffc6e7dfffc5e6deffc6e6dfff37514bffc5e6dfff37514bffc5e6deffc4e6deffc5e6deffc5e6deff37514bffc6e7dfffc6e7dfffc5e5deffc4e5ddffc6e7dfffc6e7dfff37514bffc6e7dfffc6e7dfffc6e7dfff38524cffc7e6deff37514cffc5e6deff38524cff38524cff38524cff38524cffc5e6deff38524cff38524cffb2d2caff37514bffc6e7dfff37514bff58746dffc6e7dfffc4e6ddffc5e6deffc5e6dfff38524cffc5e7dfffc4e5ddff38524cffc5e5ddffc6e7dfffc6e7dfff38514cffc5e5ddffc6e7dfffc5e6deff38524cff37514bff38524cff37524cffc5e6deff38524cffc5e6deff38524cffc6e7dfffc6e7dfffc4e5dcffc5e6de
#MRGB ffc6e7dfffc6e6deffc6e7dfff38524cffc6e7dfff38524cffc4e5ddffc6e7dfffc5e7dfffc6e7dfffc6e7dfffc4e5deffc5e6deffc6e7dfffc6e7dfff36504affc5e6deff38524cffc5e6deff38524cff38524cffc6e7dfffc6e7dfffc6e7dfff435d57ffc6e7dfffc6e7dfffc6e7dfffc6e7dfffc5e6deff37514bffc6e7dfffc5e6dfff36504affc6e7dfffc6e7dfff36504affc6e7dfffc5e7dfffc6e7dfffc6e7dfffc6e7dfffc6e7dfffc5e7deff38524cff38524cffc6e7dfff37514bffc5e6dfffc6e7dfffc3e5ddffc5e6deff37514bffc4e5dcff38524cffc6e7dfff354f49ffc5e6deff38524cffc6e7dfffc4e5ddffc6e7dfffc4e5dcff38524c
#MRGB ffc6e7deff3a544effc6e7dfff38524cffc6e7deffc6e7dfffc5e6deffc6e7dfffc6e7dfffc5e6dfffc6e7dfffc4e5ddffc6e7dfffc6e7dfffc5e6deffc6e7dfffc5e6deffc5e6deffc6e7dfffc2e3dbffc6e7dfffc6e7dfff39534dff38524cffc5e7deffc5e6deff38524cff37524bff38524cffc6e7dfff37524cff37514bffc6e7dfff37524bffc4e5ddffc6e7dfff38524cffc6e7dfffc4e5dfffc6e7dfff37514bffc6e7dfff37514bffc6e7dfffc6e6deffc6e7dfffc6e7dfffc5e6deffc5e6deffc5e6deffc4e6ddffc5e6deffc4e6ddff38514bff38524cff38524cffb7d7d0ffc5e6deff37514bffc6e7dfffc5e5deffc6e7dfff38524cffc6e7df
#MRGB ffc5e6deff38524cffc5e6deff37524bffc5e7deff36504cff38524cff38524cff37514bff38524cff38524cff38524cff38524cff36504cff38524cff37514bffc2e3dbff38524cffc6e7dfff38524cffc6e7dfffc5e6deffc3e5dcffc6e7dfffc5e6dfffc6e7dfffc5e6deffc4e6ddffc5e6deffc4e5deff37524bff38524cffc6e7dfffc6e7dfff37514bff36504affc4e5deff37514bffc5e6deffc5e6deffc6e7dfff38524cffc6e7deffc6e7dfff36504aff38524cff37514bff37514bffbeded6ff38524cffc5e6deff37514bffc6e7dfff37514bffc6e7dfffc6e7dfffc6e6deffc6e7dfff37524cffc6e7dfffc4e6ddffc6e7dfffc6e7dfffc5e6de
#MRGB ffc6e7dfffc3e4dcffc6e7dfffc5e5deffc6e7dfffc5e6ddffc6e7dfffc6e7dfffc5e7deffc5e6deffc5e7dfffc6e7dfffc5e6deffc6e7dfffc4e5ddffc5e6deff38524cff38524cff36514bff38524cffc6e7dfff38524cffc6e7dfffc4e5ddffc6e7deffc6e6dfff38524cffc6e7dfffc6e7dfffc5e6deff37514bffc5e6dfff36504affc5e6deffc6e7dfffc5e6deffc5e6deffc6e7dfffc6e7dfff37514bffc3e5ddffc6e7dfffc4e5dcffc4e6deffc4e5ddffc6e6dfff3c5750ffc5e5deffc6e7dfff36504aff38524cff38524cff37514bff38524cff38524cffc6e7dfffc5e6deff37514cffc5e6deff37514bff38524cff38524cffc5e5deff38524c
#MRGB ffc6e7dfffc5e6deffc6e7dfffc5e7deffc6e7dfffc6e7dfffc6e7dfff37514bffc5e6deff38524cffc5e6dfffc6e7dfff38524cffc6e7dfffc6e7dfff38524cffc5e5dfffc5e6deffc6e7dfffc6e6dfffc6e7dfffc5e6deffc6e7dfffc5e7dfffc6e6deffc6e7dfffc6e7dfffc6e7dfffc5e6ddff38514cff37514bffc6e7dfff38524cffc6e6deff37514bff37514bff37514cffc4e5ddff37514bffc4e5ddffc6e7dfff37514bffc6e7dfffc4e5ddff38524cff38524cffc5e6deffc6e7dfffc4e5ddffc4e5ddffc5e6deffc6e7dfffc6e6deffc5e7dfffc5e6deffc6e7deff37514bffc6e7dfffc5e6deff38524cff37514bffc4e6ddffc6e7dfff37514b
#MRGB ffc6e7dfffc5e6dfffc6e7dfffc5e6deff36504aff37514bff38524cffc6e7dfff38524cff38524cffc6e7dfff38524cffc6e7dfffc6e7dfffc6e7dfffc6e7dfffc4e5ddffc5e6deffc6e7dfffc5e6deffc6e7dfffc5e6deffc5e6deff37514bffc6e7dfff36524bffc5e6deff37514bff37514bff38524cff38524cffc5e6ddff38524cffc6e7dfff36504affc6e7dfff38524cff38524cff38524cff38524cff38524cff38524cffc4e5ddff38524cffc6e6deff38524cffc4e5deff38524bffc6e6deffc4e5ddff37524cffc3e5ddff37524cff38524cffc5e7dfff37514bffc5e5deff38524cffc5e6deff38524cff354f49ff38524cffc6e7dfff38524c
#MRGB ffc4e5ddffc6e7dfffc4e4ddffc6e7dfffc6e7dfffc5e6deffc6e7dfffc6e5dfffc6e7dfff37514bffc6e7deff38524cff37524cff37524cff37514bffc6e7dfffc6e7dfffc5e6deffc6e7dfffc6e7dfffc5e5ddffc5e6dfff36504affc5e7dfffc4e5ddffc5e6ddff38524cffc5e6deff38514bffc6e7dfff37504affc4e4dcffc6e7dfffc6e7dfffc6e7dfffc5e6deffc6e7dfffc5e5ddffc6e7dfffc6e7dfffc6e7dfffc6e7dfffc6e7dfffc6e7dfff334c46ffc4e5ddff38514cff38524bffaecec7ffc6e7dfff38524bffc6e7dfffc5e6ddff38524cffc3e5ddff46615bff38524cffc6e7dfffc4e5ddffc5e6deffc6e7dfffc3e4ddffc6e7dfffc6e7df
#MRGB ffc4e6deffc4e6ddffc6e7dfffc5e6deffc5e6deff36514affc6e7dfff36514bffc6e7dfffc6e7dfffc6e7dfffc6e7dfffc5e7dfffc6e7dfffc4e5ddffc6e7dfffc3e5ddffc6e7dfffc6e7dfffc6e7dfffc5e6deffc6e7deffc9e8e0ffc4e5ddffc6e7dfffc5e6ddffc3e4ddffc6e7dfff38504affc5e6deff36504affc6e7dfffc6e7deff415c56ffc4e6dfffc5e6deffc5e6dfffc4e6deffc5e6deffc6e7dfffc6e7dfff38524cffc6e7dfff38524cffc4e5deffacccc4ffc4e5ddff38524cffb8d9d0ffc5e6deff38524cffc6e6deffc4e6deff38514bffb3d3ccff37504bffc4e5ddffc6e7dfffc6e7dfffc6e7dfffc6e7dfffc0e1d9ffc5e7deffc4e5dd
#MRGB ffc6e7dfffc5e5deffc6e7dfffc5e6ddff38524cffc5e6deff38524cffc5e5deffc6e7dfffc4e6deff37514bff37514bffc6e7dfffc5e6deffc5e6deffb3d3cbffc5e6deffc5e6deff37514bff37514bffc4e5ddff37514bff38524cff37514bff38524cff37514bff38524cff37524cff38524cffc6e7dfffc6e7dfffc6e7dfffc4e5ddffc5e6deffc6e7deffc5e6deffc5e6deff38524cffc5e6deff37524cff38524cffc6e7dfff37514bffc6e7dfffc6e7ddffc6e7dfffc5e6deff38524cff37524bffc4e5deff354f4affc6e6deffc8eae2ffc6e6deffc6e7dfff38524bffc6e7dfff38524cffc4e6ddff38524cffc5e6deff38524cffc6e6deff456059
#MRGB ffc3e4dcff36514bffc4e5deffc5e6deffc5e7deffc6e6deffc5e6deffc6e7dfffc6e7dfffc6e7dfffc6e7dfffc6e7dfffc5e6ddffc6e7dfff38524cff38524cff37514cffc6e7dfff37514cffc5e6deffc6e7dfffc6e7dfffc5e6deffc6e7dfffc5e6deffc6e7deffc6e7dfffc4e6ddffc6e7dfff37514bffc5e5dfffc4e5ddff38524cffc5e6deffc6e7dfffc4e5deffc6e7dfffc5e6deffc5e6deffc5e6deff37514bffc5e7dfffc4e5ddff37514bffc5e6deff38524cff37514bff37514cff37514cff38524cffc6e7dfff38524cffc6e7dfff38524cff37514bff38524cff38524cff38524cff38524cff38524cff37514bff38524cff37514bff38514c
#MRGB ffc6e7dfff38524cffc5e6deff38524cff38524cff38524cffc5e6deff38524cffc6e7dfff38524cffc6e7dfff38524cffc6e7dfffc6e7dfffc6e7dfffc6e6deffc6e7dfffc5e6deffc6e6deffc4e6deffc6e7dfffc6e7dfffc3e4ddffc4e5ddff38524cffc4e5ddffc5e6deff38524cff37514bffc6e7dfff38524cff37514bffc4e5ddffc4e6ddffc4e5ddffc6e7dfff37514bffc6e7dfffc6e7dfff37514bffc6e7dfff37514bffc4e4ddffc6e7dfffc6e7dfffc5e5deffc4e6dfffc4e6deff38524cffc6e7dfffc4e6deffc6e7dfffc6e6dfff38524cffc5e4dcff38524cff38514bffc6e7dfffc4e5ddffc4e5deffc4e5ddffc5e6deffc5e6deffc6e7df
#MRGB ffc6e7dfffc6e6dfffc6e7dfffc4e7ddffc5e6deff38524cffc5e6deff37524bff38524cff38524cff38524cffc6e7dfff37524cff38524cff37524cff38524cffc5e6deffc6e7dfffc6e7dfffc5e6ddff2f4842ff38524bff38524cff38524cff38524cff38524cffc5e6deffc5e6deffc6e7dfffc5e6deffc6e7dfffc5e6deffc5e6deffc5e6deffc6e7dfffc5e7deff38524cffc4e6dcffc6e7dfffc4e5ddffc6e7dfffc5e6deff37514bffc6e7dfffc5e6deffc6e7dfffc5e6dfff38524cffc5e7dfffc6e7dfff38514cff38524cff38524cff37514bff38524bffc4e6deff38524cffc5e6ddffc6e7dfffc5e6deffc6e7deffc5e6deffc6e5deffc6e7df
#MRGB ff37514bffc6e7dfff37514cffc5e6deff37514bff37514bffc6e7deffc5e6deff38524cffc6e7dfff38524cffc6e7dfff38524cff37524cffc5e6deff38524cff37514bff37514bffc5e6deffc4e5dcffc6e7dfffc6e7dfffc6e7dfff99b8b1ff38524cff405b55ff38524cffc6e7dfffc5e6deffc6e7dfffc6e7dfffc6e7dfffc6e7dfff546f68ffc6e7dfffc5e6deff37514bffc6e7dfffc6e7dfffc6e7dfff38524cffc6e6deffc6e7dfff37514cffc5e6deff38524cffc6e7dfffc1e2daff38524cffa6c5bdff37514bffc6e7dfff37514bffc6e7dfffc6e6dfffc6e7dfffc4e6ddffc4e6deffc5e6deffc4e6dfffc5e6deff36504affc4e5ddffc5e6de
#MRGB ff37514cff38524cff37514bff38524cffc4e7ddffc6e7dfffc5e6deff37514bffc5e6dfff37514bffc6e7dfffc6e7dfff38524cffc5e6deff37514bffc5e6deff38524bffc5e6deff37514bffc6e7dfff37514bffc6e7dfffc6e7dfffc6e7dfffc6e7dfffc5e6deffc6e7dfffc5e6ddffc6e7dfff38514cffc4e5ddff38524cff37514bffc6e7dfff38524cff38524cff37504affc6e6deff37514bffc5e5ddffc6e7dfffc5e6deffc4e5deffc6e7dfff9cbbb3ffc5e6deff38524cffc5e6deffc6e7dfffc6e7dfffc5e6deffc6e7dfffc5e5ddffc5e6deff38524bffc4e5ddffc6e7deffc5e5ddffc6e7dfffc6e7dfffb6d6ceff38514cffc5e6deff38524c
#MRGB ffc5e6deff38524cffc3e5ddffc4e6ddffc5e6deffc5e6deff37514cff37514bffc5e6dfffc6e7dfffc5e6deffc6e7dfffc6e7dfff37514bff38524cff36504affc5e6deffc5e5deffc6e7dfffc6e6dfff37504bffc5e6deffc6e7dfffc5e6deff37514bffc6e7dfffc4e5ddffc5e6deffc4e5ddff38524cff38524cff38524cff38524cffc5e6deff38524cff38524cff38524cffc6e6deff38524cffc6e7dfffc6e7dfffc5e6dfffc5e6deffc6e7dfffc6e7dfffc6e7dfffbedfd6ffc6e7dfffc5e6deffc6e7dfff37514bffc6e7dfff37514bffc6e7dfff38524cffc4e6ddffc6e7dfff37514bffc3e4dcffc6e7dfffc6e6deffc6e7dfffc6e7dfffc5e6de
#MRGB ffc6e7dfffc6e7dfff37514bff38524cff38524cffc4e5deff38524cffc4e5ddff37514bffc5e6ddffc6e7dfffc6e6dfffc6e7dfffc6e7dfffc6e7dfffc6e7dfff37514bffc6e7dfff38524cffc6e7dfff37514bffc6e7dfffc6e7dfff38524cff48645dffc6e7dfffc6e7dfffd5f7eeffc6e7dfff37524cff38524cff37524cffc6e7dfffc6e7dfffc5e6deffc5e6deff36504affc6e7deff38524cff36514affc6e7dfff38524cffc7e7deff38524cffc4e5dfffbeded6ffc5e5ddff3e5952ff91afa8ffcff0e8ff38524cffc6e7dfffc5e7dfff37514bffc5e6dfffc5e6deffc6e7dfffc5e7dfffc6e7dfffc6e7dfffc4e5deffc4e6ddff38524cffc5e6df
#MRGB ff37524bffc6e7deffc4e5deffc6e7deffc6e7dfff38524cffc5e6deff38514bffc4e5deffc6e7dfff36504bffc6e7dfffb6d6ceffc6e7dfff76938cffc5e6dfff5b7871ff38524cffb7d7cfff38524cffc4e5ddffc5e6deff38524cff38524cffc6e7dfff38524cffc6e7dfff4c6761ffc6e7dfffc6e6deff38524cff37514bff37514bff38514cffc6e7dfff38524cff37514cff38524cff38524cff38514bff38524cffc5e6dfff38514cff37514cffc5e6deff37514bffc5e6deff37514cffc5e6deffc6e7dfffc6e7dfffc6e7deffc6e7dfffc6e7dfffc6e7dfffc6e7dfffc6e7dfff37514bffc6e7dfffc5e6deff38524cffc5e6deff38524cff37514c
#MRGB ff37514bff37514bff36514bff37514aff38524cffc5e6deff38524cffc6e7dfffc6e7deffc6e7dfffc5e6deffc6e6deffc6e7dfffc6e7dfff36504affc6e7dfffc6e7dfff37514bffc6e7dfff37514bffc4e6deff37514bffc6e6dfffc5e7deffc5e7deffc4e6deffc5e7dfffc5e5deffc6e7dfff38524bff38524cffc6e7dfff37514bff37514bff37514bff37514bff38524cff37514bffc5e7deffc6e7dfffbcdbd4ffc6e6deffc4e7dfff38524bffc6e7dfffc6e7deffc6e7dfff37514bffc5e6deffc6e7dfff37514bffc4e5ddff37514bff36504affc5e6deffc5e6deffc5e6deff37514cffc5e6deff38524cffc4e6dfffc6e7dfffc5e5dfffc6e7df
#MRGB ffc6e7dfffc6e7dfffc5e6deffc6e7dfffc5e6deffc6e7dfffc6e6deff37514bffc4e7dfffc4e5ddff37524bff38524cffc6e7dfffc6e7dfff37524cffc6e7dfff445f58ffc6e7dfffc4e4ddffc4e5ddff36504aff38524cff36514bffc6e7dfff38524cff38524cff7a9790ffb7d7d0ff38524cffc5e6deff37514bff36504aff38524cffc6e7dfff38524cffc5e7dfffc4e5deff3c5651ffc5e6deffc6e7dfffc6e7deff37504bffc6e7dfffc6e7dfffc9e8e1ffc6e7dfffc5e6ddffc5e6deffc5e5deffc3e4dcffc4e6deff38524cff37514bffc5e6dfffc4e5ddffc4e6ddffc4e5ddffc3e5dcffc6e7dfff37514bffc6e7dfff38524bffc5e7dfff37514b
#MRGB ff37514bffc6e7dfffbdddd6ffc5e7dfffc6e7dfffc5e6dfff37514bff38524cff37514bff37514bff38524cff3e5852ff87a59effafcec7ffc6e7dfffabcac3ffc6e7dfffc5e6deffc4e6ddffc6e7dfff37514bffc6e7dfff38524cff38514cff38524cff37514bff37514bff37514bffc4e6ddff38524cffc6e7dfff38524cff37514bffa2c2baffc7e8e0ffc6e7dfffc6e7dfffc4e6ddffc6e7dfff38524cff36504aff37514cffc6e7dfff36504aff38524cffc5e6ddffc6e7dfffc5e6deffc6e7dfffc6e7dfffc6e7dfffc6e7dfffc6e7dfff38514bff37514cffc6e7dfffc6e7dfffc6e7dfffc5e6deffbcdcd5ffc6e7dfffc5e6deffc5e6deffc5e6de
#MRGB ffc5e5deff38524cff415c56ff37524bffc5e6dfff38524cff38524cffc5e6deff37514cff38524cffc4e5ddff38524cffc6e7dfffc5e6deffc6e7dfffc4e5ddffc6e7dfffc5e6deffc4e5ddffc4e5ddffc6e7dfffc6e6deffc6e7dfffc5e6deffc6e7dfffc6e7dfffc6e7dfffc6e6deffc6e7dfffc4e6ddffc6e7dfff38524cff38524cff38524cffc6e7dfffc6e7dfff38524cffc6e7dfffc5e6deff38524cffc6e7dfff38524cffc4e5ddffc5e6deff37514bffc5e6deffc5e5ddff37514bff9ab8b1ff38524cff38524bff39534dff36504bffc5e6deffc6e7dfffc5e6deffc5e6deff37524cff37514bffc4e6dfffc6e7dfffc4e5deffc4e5ddffc4e6de
#MRGB ff38524cffc4e5ddff38524cffc5e7deff38524cffc4e6deffc5e6deffc6e7dfffc4e5ddffc6e7dfff37514bffc5e7dfffc5e6deff37514bffc4e5ddffc5e5dcffc5e6deffc6e6deffc6e7dfffc4e6deffc6e7dfffc5e6ddff37514bffc6e6deffc6e7dfff546f69ffc6e7dfffc6e7dfffc5e6deffc6e7deffc6e7dfffc4e4dcffc5e6deff38524cffc4e6deff38524cffc5e6deffc6e7dfffc6e7dfffc6e7dfffc6e7dfffc6e7dfff38524cffc6e7dfffc6e7deffc5e6deffc6e7dfffc6e7dfffc4e5ddffc6e7dfffc5e6deffc4e7deffc6e7dfffc6e7dfffc6e7dfffc6e6dfffc3e4dcff37514bff36504aff38524cffc6e7deff38524cff38524cff37514b
#MRGB ff38524cffc5e6deff38524cffc6e7dfffc6e7dfffc5e7deffc6e7dfffc5e6deffc6e7dfffc4e6deff38514bffc5e6deffc5e6deff38524cff38524cffc6e7dfffc4e5ddff324c46ff37524bff37514bff38524cffc6e7dfff37514bffc6e7dfffc6e7dfffc5e6deffc6e7dfffc6e7dfffc6e7dfffc5e5ddffc6e7dfffc6e7dfffc4e5ddffc5e7deffc5e6deffc5e7dfffc6e7dfffc5e5ddffc6e7dfffc6e7dfffc6e7dfffc5e7deffc6e7dfffc5e6deffc5e7dfffc6e6deffc6e7dfffc6e6deffc6e7dfffc6e7dfffc5e6deffc4e5ddffc6e7dfffc6e7dfffc6e7dfffc6e7dfffc6e7dfffc6e7dfffc6e7dfffc6e7dfffc6e6dfff38524cff38524cff3a534e
#MRGB ffc5e6deffc5e7dfffc6e7dfffc3e5ddff37514bffc5e6ddff38524cffc6e6dfffc5e6deffc4e4dcffc4e5ddffc5e5ddffc4e5dfffc4e5ddffc6e7dfffc5e6ddff38524cffc6e7dfffc4e7ddffc6e7dfffc5e6deffc6e6dfffc4e5ddff38524cff37514bff37514cff37514bffc4e6ddffc6e7dfffc6e7dfffc5e6deff75928bffc3e5dcff38524cff38524cff38524cffc6e6deff38524cff38524cff38524cff38524cffc6e7dfff37514bff37514bff38524cff38524cff36504bffc6e6deff37514bffc6e7dfff36504affc6e7dfffc6e7dfff38524cffc6e7dfffc6e7dfffc6e7dfff36504aff36524bff37524cffc5e6deff38524cffc5e6deff38524b
#MRGB ffc5e6deff38524cffc6e7dfffc6e6dfffc6e7dfffc6e7dfffc6e7dfff38524cff38524cffc6e7dfffc6e7dfffc6e7dfffc4e5dcff37514bffc5e6deffc6e6dfff37514bffc6e6deff37524bff37514bffc6e7dfffc6e7dfffc6e6deffc6e7dfff37514bff38524cffa7c6bfffc6e7dfff38524cffceefe7ffc6e7dfff37524bffc6e7dfff38514cffc6e7dfffc5e6deffc5e6deffc4e5ddffc6e7dfffc6e7dfffc6e7dfffc4e5ddff37514bffc5e6deffc5e6deffc6e6dfffc6e7dfffc6e7dfffc6e7dfffc5e6deffc6e7dfffc4e6deffc5e6deff38524cff36504aff38524cff37514bffc5e6deffc4e6deffc6e7dfffc5e6deffc6e7dfffc5e6deffc3e4dc
#MRGB ff38524cffc6e7dfff38524cffc6e7dfff38524cff38524cff38524cffc5e6deffc6e7dfffc5e6ddffc4e5dfffc4e5deffc5e6dfffc6e7dfffc6e7dfffc6e7dfff38524cffc6e7dfff38524cffc6e7dfff37514bffc6e7dfff38524cffc6e7dfffc6e7dfffc5e6dfffc6e7dfffc5e7dfffc6e7dfffc6e7dfffc5e6deffc5e5ddffc4e5deffc4e6deffc6e7dfffc5e6dfff38524cffc5e5ddffc6e7dfffc4e5ddffc6e7dfffc5e6deff38524cffc6e7dfffc6e7dfff38524cffc6e7dfff38524cff37514bffc6e7dfff38514bffc6e6deff37514bff37514bffc5e6deff36504affc6e7dfff37514cffc5e6dfff38524cff36504aff38524cff37514bff38524b
#MRGB ff38524cff38524cff37514bff36504aff37514bff38524cff38524cff36504affc4e6ddff38524cffc5e6deffc6e6dfffc6e7dfff38524cffc6e7dfffc6e7dfffc6e7dfffc6e7dfffc6e7dfffc6e7dfffc6e7dfffc5e6deff37514cffc4e5ddffc5e6deffc6e7dfff38524cffc5e6deff38524cffc6e7dfffc6e7dfffc4e5ddffc6e7dfffc5e6dfffc6e7dfffc5e6deffc5e6deffc4e5ddffc5e5deffc6e7dfffc6e7dfffc6e7dfffc6e7dfff38524cff38524cff38524cffc5e7dfffc4e6deffc4e5ddff37514bffc4e5deff38524cffc5e6deffc5e5ddffc5e6deffc6e7dfffc6e7dfffc5e6deffc6e7deffc6e7dfffc6e7dfffc5e7dfffc5e6deffc6e7df
#MRGB ff38524cffc4e5dfffc5e6ddffc3e5dcffc6e7dfffc5e5deffc5e5ddffc4e6ddff38524cffc5e6deffc6e7dfffc6e7dfffc5e7deffc5e6ddffc4e5ddffc6e6dfffc6e7dfff38524cffc3e4dcffc6e7dfffc5e7deffc5e5ddff38524cffc4e5deffc5e6deff38524cffc6e7dfffc6e6dfff38524cff38524cffc6e7dfff38524cffc4e5dfffc5e5deffc5e5deffc5e6deff38524cffc5e6deff37504bff37514bffc5e6deff38524cffc5e7dfff37514bffc4e5ddffc5e6deffc5e6deffc3e4ddffc6e7dfffc6e7dfffb2d2caffc6e7dfffbbdbd3ffbfe0d8ffc5e7dfffc6e7dfffc6e7dfffc5e6deff38524cffc5e6deff38524cffc5e5deff38524cffc6e7df
#MRGB ff37514bffd2f4ecffc6e7dfffc6e7dfffc6e7dfffc6e7dfffc4e6deffc5e7dfffc6e7dfffc5e6deff37514bffc6e7dfff38524cffc4e5ddffc6e7dfffc6e7dfffc5e6deffc6e7dfff36504affc6e7dfff38524cff3c5650ff37524bff38524cffc5e6deff38524cff38524cff38524cffc6e7dfffc6e7dfff38524cffc6e7dfff37514bff38524bff37514bffc6e7dfff36514bffc6e7dfffc4e6deffc5e6deffc5e6deffc4e5ddff37514bffc4e5ddffc6e7dfffc6e7dfff38524cff38524cff38524cff38524cff38524cff38524cff38524cffc4e4ddffc4e5deffc4e5deffc5e6deffc5e7deffc6e7dfffc6e7dfffc5e6deff38524cff38524cffc4e6de
#MRGB ffc4e6ddff37524bffc4e5ddff37524cffc6e7dfff37524cffc5e6deffc6e7dfffc6e6dfffc5e6dfffc6e7dfffc6e7dfff38524cff38524cff36504bff38524cffc5e7deff37514bffc5e6deff38524cffc4e5ddff37514bffc6e7dfff36504bffc6e7dfffcdeae3ffc5e6deff38524cffc6e7dfff38524cffc6e6deff36504bff37514cffc6e6deffc6e7dfff324c46ffc6e7dfffc5e6deff37514bffc5e6deff38524cffc5e6dfffc4e5ddff37514bffc6e6deffc6e7dfff334e47ffc6e7dfffc4e5ddffc6e7dfff38524cff38524cffc5e6deffc5e6ddffc6e7dfffc4e5ddffc5e6ddff37504bffc5e5ddffc6e7dfff38524cffc6e7dfff38524cffc6e7df
#MRGB ffc6e7dfff37514cffc6e7dfffc6e7dfff38524cffc6e6dfffc6e7dfff37514cff36514bffc5e5ddffc5e6deffc6e7dfffc6e7dfffc4e5dcffc6e7dfffc4e5ddffc4e7deffc5e6deffc6e7dfff5c7872ffc5e6deffc6e7dfff36504bff38524cff38524cff37514bffc5e7dfff38524cffc6e6deff38524cff38524cffc4e6dfffc6e7dfffc4e6deffc5e6deffc5e6deffa9cac1ff698680ffc5e7dfffc5e6ddffc6e7dfffc4e6deff37514bffc6e7dfffc6e7dfffc6e7dfffc6e7dfff38524cffc6e7dfff38524bffc4e6deff37514cff37514bff37514bff38524cff37514bffc4e5ddff37514bffafcfc7ffc6e7dfffc6e7dfff38524cffc6e7dfffc6e7df
#MRGB ff38524cffc5e6deffc4e5ddffc4e6deffc6e7deffc6e7dfffc6e7dfffc5e6deff37514bffc6e7dfff37514affc6e7dfff37514bffc5e6deff37514bffc6e7dfff38524cffc5e6deffc6e7dfffc6e6deffc6e7dfffc6e7dfffc6e7dfffc6e7dfffc5e6deffc6e7dfffc5e6deff38524cffc6e7dfffc5e6deffc4e5ddffc5e6deffc5e5dfff38524bffc5e6dfffc6e7dfff37514bffc5e7deffc4e6ddffc6e7dfffc4e6deffc4e6deffc6e7dfffc4e6deffc4e5deffc4e6ddffc6e6ddffc6e6deffc5e6deffc5e6deffc4e5ddffc4e5ddffc4e5deffc5e6deffc5e6deffc6e7dfffc5e6ddff38514bff37514bffc6e7dfff38524cffc6e7dfffc6e7dfff37514b
#MRGB ffc6e7dfff38524cff37514bffc5e6deffc5e6deffc5e6deffc5e7dfffc6e7dfff38524cff37524bff38524cff37514bff37524cffc6e6deff37514bffc5e6deffc6e7dfffc6e7dfffc6e7dfffc6e7dfffc6e7dfffc6e7dfffc5e6dfffc5e6deff38524cffc6e7dfff38524cffc6e7dfffc4e7ddffc5e6deffc4e5ddffc5e6deffc5e6deffc6e6dfff38524cffc6e7dfff38524cff38514bff37514bffc5e6deffc5e6deffc6e7dfffc6e7dfffc6e7dfffc6e6deffc6e7dfffc4e5ddffc6e7dfffc6e6deffc1e1d9ffc6e7dfffc6e7dfffc6e7dfffc6e7dfffc6e7dfffc6e7dfffc6e7ddffc6e7dfffc4e5deffc6e7dfffc4e5ddffc4e5ddff38504cffc5e6df
#MRGB ffc6e7dfffc6e7dfffc4e6deff37514bffc6e7dfffc5e6deffc4e4ddffc5e7dfffc4e7deffc6e7dfffc5e6deffc6e7dfffc6e7dfffc6e7dfffc6e7dfff38524cffc3e4dcffc6e7dfffc6e7dfffc6e5ddffc4e5ddffc5e6deffc5e7deff38524cff37514bff36504aff37524bffc4e6ddffc6e7dfffc5e5deffc5e6deffc5e6deffc4e5deffc5e6deffc6e7dfff37514bffc6e7dfff38524cff38524cffc6e7dfffc6e7dfffc6e7deff38524cffc6e7deff37514bffc6e7dfff37514cffc5e6deff38524cffc6e7dfffc6e7dfffc6e7dfffc6e7dfffc6e7dfff38524bffc6e7dfff38524cff37524cffc6e7dfff36514affc5e7deffc5e6deffc6e7dfffc5e6de
#MRGB ffc4e5ddff38524cffc4e5ddff38524bffc4e5ddff37524cff38524cff37514bff38524cffc4e6ddffc5e5ddffc5e5deffc4e5ddffc5e6deffc6e7dfffc6e7dfffc6e7dfffc6e7deffc6e6deff38524cffc4e5ddffc5e6deffc5e7deff38524cffc5e6deffc5e6deffc5e6deffc6e7dfffc6e7dfffc5e6deff38524cffc6e7dfff38524cff38524cffc5e6ddff37514bffc5e6deff38524cffc6e6dfffc6e7dfff37514bff37524bff37514bffc6e7deff37524bffc6e7dfffc6e7deffc5e6deff38524cffc5e6ddffc5e6deffc4e5ddffc6e7dfffc6e7dfffc5e6deffc6e7dfffc4e5dfffc6e7dfffc6e7dfffc6e7dfffc6e6deffc9e7e0ff38524cffc8e7df
#MRGB ffc5e6deffc6e7dfffc4e6ddff38514bffc4e5ddff38514bffc5e6deffc5e6deffc5e5ddffc5e5dfffc5e7dfffc6e7dfffc5e6deffc5e6ddffc6e7dfffc4e6dfffc6e7dfffc5e7dfffc6e7dfffc6e7dfffc6e7dfffc6e6deff37514bffc6e7deff38524cff3a544eff38524cffc5e6deff38524cff38524cff37504aff37514cff38524cffc6e7dfffc6e7dfff37514bffc5e6deffc5e5ddff38524cffc6e7dfff38524cffc6e7dfff38524cff38524cff405a55ffc5e6ddff516c66ffc5e6deff46615bffc6e7deffc5e6deffc5e6deffc4e5ddffc6e7dfffc5e6dfffc5e6deff38524cff37514bff37514bffc4e7deff38524cff37514cffc6e7dfff37514b
#MRGB ffc6e6dfff365049ff38524cffc6e7deff37504bffc6e6dfff37524bffc6e7dfff38524cffc6e7dfffc3e6ddffc6e7dfffc4e5deffc6e7dfff37514bffc5e6deff38524cffc6e7dfff37514bff37514bff38524cff38524cff38524cffc6e7dfffc5e6deffc6e7dfffc6e7dfffc5e6deffc6e7dfffc4e6ddffc6e7dfffc9e7e0ffc5e6deffc6e7dfffc4e5ddff38524cffc5e6dfff37514bffc6e7dfffc6e6dfffc5e6deffc6e7deff38524cff38524cff37514bffc6e6deff37514bffc5e6deff36504affc6e7dfff37514bffc5e5deff38524cff38524cffc6e7dfffc6e7dfff37514bffc5e6deffc5e6deff38524cffc5e6ddff38524cffc6e7dfffc6e7df
#MRGB ff38524cff37514bff37514bff37514bff38524cffc6e7dfffc6e7dfffc6e6dfff38524cffc6e7dfffc6e7dfff38524cffc6e7dfff38524cffc6e7dfff38524cffc6e7dfff38524cffc6e7dfffc6e7deffc5e6deffc6e7dfffc5e6ddffc6e7dfffc3e5dcffc6e7dfffc5e6deffc5e6deff38524bffc6e7dfffc6e7dfff38514cffc6e7deff38524cffc6e6deff38524cffc6e7dfff36504affc5e7deff38524cffc6e7dfffc6e6deffc4e5ddffc5e6dfff38514bffc5e6deff38524cffc3e4dcffc5e6deffc6e7dfffc5e6dfffc5e6deff38524cff38524cff38524cff38524cffc6e6dfff36504affc5e5dfffc6e7dfffc5e6ddffc6e7dfff38524cffc5e6dd
#MRGB ff38524cffc6e7dfff38524cffc6e7dfff38524cff37514bff97b6afffc6e7dfffc4e6deff37504bffc6e7dfff38524cffc6e7dfffc2e3dcffc6e7dfff9abab2ff38524cff38524cffc5e6deff38524cffc6e7dfff37524bff38524cff37524cff38524cffc6e7dfffc6e7dfff36514aff38524cff37514cffc6e7dfffc5e6deffc6e7dfffc5e6deffc6e6dfffc6e7dfffc5e6deffc6e7dfff37514bffc6e7dfff38524aff38524bff38524bff38524cffc6e7deff38524cffc6e7dfff37514bff38524cffc6e7dfff37514bffc4e6ddff37514bffc6e6deff38524cffc5e5ddff37514bff38524cffc5e6deff37514bffc6e7dfffc6e7dfffc6e7dfffc6e6de
#MRGB ffc6e7dfffc6e7dfffc6e7dfffc6e7dfff38524cffc4e5ddffc6e7dfff37514bffc6e7dfff38524cff37524bffc4e6deff38524cff38524cffc5e6deffc6e7dfffc5e7dfffc6e7dfffc5e6deffc5e6ddffc6e7dfffc4e5ddffc6e6deffc4e5ddffc6e7dfffc6e7dfffc6e7dfff36514aff38514cffc4e6ddffc6e7dfffc6e7dfffc4e4dcffc6e7dfffc5e6deff37514bffc6e6deff37514bffc5e6deffc6e7dfffc6e7dfffc4e7dfffc4e5ddffc5e6deff37514bffc5e6deff37514cffc5e6deffc5e6dfff38524bff38524cffc6e7dfff38524cffc6e7dfff38524cff38524cffc4e5deff38524cffc4e5deff38524cffc4e5ddff37514bff38524cffc5e6de
#MRGB ffc5e6deffc5e6deffc5e6deffc5e6deffc5e5deffc4e6deffc6e7dfff37514bffc4e6deffc6e7dfffc6e7dfffc6e7deffc6e7dfffc5e6deffc6e7dfffc5e6deff37514bffc6e7dfff38524cffc6e6dfff38524cffc6e7dfffc6e7dfffc6e7dfffc5e7deffc5e7dfffc5e6deffc6e7dfffc5e7dfffc6e6deff37514bffc6e7dfffc6e6deffc5e6deffc6e7dfffc6e7dfffc6e7dfffc5e6deff37514bffc5e6deff3a554eff37514bffc4e5ddff37514bffc6e6deffc6e7deff36514aff56716bff38524cffc5e5ddff37524bff38524cff415c55ff37514bff38524cffc4e5ddffc4e5deffc6e6deffc4e5deffc5e6deffc6e7dfffc6e7dfffc6e7dfffc6e7df
#MRGB ffc5e7dfffc5e6dfffc6e7dfffc3e5ddffc6e7dfff38524cffc6e7dfffc5e6deffc6e7dfff37514bff38524cff38524cffc5e6deffc6e5dfffc4e6ddffc6e7dfffc5e6deffc6e6dfff36504affc6e7dfff37514bff55706affc6e7dfff38524bffc4e6deffc6e6deffc5e5ddffc6e7dfffc6e7dfffc6e7dfffc6e7deffc5e6deffc3e4dcffc5e6deffc5e6deffbeded7ff38524bffbfe0d8ff37514cffc6e6deffc5e5ddff37514bffc3e5dcff37514bffc6e7dfffc6e7dfffc6e7dfffc5e6dfff38524cff38524cffc6e7dfffc4e6deffc6e7dfff38524cffc4e5ddffc5e6deff38524cff38524cff37514bff38524cffc4e5ddff38524cffc6e7dfffc6e7df
#MRGB ffc5e6deffc5e5deffc5e5deffc6e7dfffc5e6deff37524cff38524cff37514bffc5e6dfff38524cffc5e6deffc5e7dfffc5e7dfffc6e7dfff38524cffc4e6deff38524cffc5e7deffc1e2daffc6e7dfffc6e7dfff304943ffc6e7dfff37514bffc5e7dfff38524cffc6e7dfff37504affc3e4dcff38524cffc6e7dfff38524cffc4e5ddff38524cff37524cff38514cff37514cffc6e7dfff38524cff38514cffc6e7deffc6e7dfffc6e7dfff38514bffc5e6deffc6e7deffc6e7dfffc5e6deffc5e6deffc5e6dfffc6e7dfff35504affc5e6deffc6e7dfff36524bff37514bff37514bff37514bffc6e6deffc5e6deffc5e6deffc6e7dfffc6e7deffc6e6df
#MRGB ffc5e6dfffc6e6dfff38524cffc6e7dfffc4e7deffc7e7e0ffc6e7dfffc5e6deff36524bffc6e7dfffc4e5ddffc5e6dfffc5e7dfffc6e6dfffc6e7dfffc6e7dfff38524cffc5e6deffc4e6deffc6e7deffc5e6deffc6e7dfffc6e7dfffc4e5ddffc5e7dfffc5e6deff37514bffc4e5ddff38524bff38524cff38524cff38524bff38524cffc5e6deff37514bffc6e7deff38524cffc6e7dfff38524cffc6e7dfff48635dffc5e6deffc5e6dfffc6e7dfffc6e7dfffc5e5deffc6e7dfffc6e7dfff36504aff37514bff38524cff38524cff37514bffc6e7dfff36504affc5e6deff37524bff38514bffc6e7dfffc4e5deff38514bffc6e7dfff38524cff38524c
#MRGB ffc5e6deffc6e7dfffc6e7dfffc6e7dfffc5e6deffc6e7dfffc5e6deffc6e7dfffc6e7dfffc6e7dfffc6e7dfffc6e7dfffc5e6deffc5e6deffc6e6dfff36504affc5e6deffc4e5ddff38514cffc6e7dfff38524cffc5e6deff37524cff37524bffc4e5ddffc6e7dfffc6e7dfffc5e6dfffc6e7dfffc6e6dfff38524cff37524cffc5e5deff38524cffc5e6deffc6e7dfffc5e6deffc6e7dfffc4e5ddffc6e7dfffc6e7dfff38524cffc6e7dfff38524cffc6e7dfff38524cffc6e7dfff38524cff37504bffc5e6ddffc5e7dfffc5e6deffc4e5ddffc6e7dfffc6e7dfffc6e7dfffc6e7dfff37514bffc5e6deff36514bff38524cffc5e6deffc4e5ddffc5e6df
#MRGB ffc5e5deff37514bffc6e7deffc4e5ddffc6e5ddff405b55ffc6e7dfffc6e7dfffc5e6ddffc6e7dfffc5e6deffc6e7dfff37514bffc6e7dfff38524cffc5e6deff38524cffc5e6deff38514cffc6e7dfffc6e7dfffc5e7deffc5e6deffc5e7ddffc5e6dfff37514cffc5e5deff36504bffc4e5ddffc5e6deff38524cffc6e7deff38524cff38524bffc6e7dfffc6e7dfffc6e7dfffc5e6deffc6e7dfff58736dffc6e7dfff38524bffc6e7dfff37514bffc6e6deff38524cff37524bff37514bff36504aff37514bffc5e6deffc6e7dfffc6e7dfffc6e7dfffc5e6ddff37514bffc5e5deffc6e7dfffc5e6deffc5e6deff37514bffc6e7dfff37514bff38524c
#MRGB ffc5e6deff38524cffc5e6deffc6e7dfffc5e6deff38524cff37514bff38524cffc5e5ddffc5e6ddffc5e6deffc6e7dfffc5e5deffc5e6deffc6e7deffc6e7dfffc5e6deffc6e7dfffc5e6deffc4e5ddffc5e5ddffc4e6ddffc4e6ddffc6e7dfffc5e5ddffc6e7dfffc5e6deffc5e7dfffc5e6deffc6e7dfffc4e6deff37514bff37514cff37514aff36514bffc5e6deffc5e5deffc5e6deffc5e6dfff355049ffc5e6deff38524cffc6e7dfff38524cff38524cffc4e5deff38524cffc6e7dfff38524cff37524cffc6e7dfffc4e5ddffc6e7dfffc6e7dfffc4e5ddffc6e7dfff36514affc6e7dfffc3e4dcffc6e7dfff38524cffa8c8c0ffc5e6dfffc5e6de
#MRGB ffc6e7dfffc5e6deffc6e7dfffc6e7dfffc5e6deffc5e5ddffc5e6deffc6e6deffc6e7dfff36504bffc5e6deff36504cffc6e7dfff37514bffc5e6deffc4e5dcff38514cff36514affc5e6deffc4e5dcff37514bffc4e5ddff38524cff38524cffc5e6deffc5e6deffc6e7dfffc6e7dfffc5e6deffc6e7dfffc6e5ddffc5e6deff38524cff37514bff38524cffc6e6dfff38524cffc6e7dfff38524cff37514bffc6e7dfff37514bffc6e7dfff37514bffc5e7deffc5e5deffc6e7dfffc6e6deffc5e6deff37514bffc4e6deff37514bffc3e5dcffc6e6deffc4e5ddffc5e6deff38524cffc6e7dfffc5e5deffc5e6deffc4e6ddff38524cff37514bffc5e6de
#MRGB ffc5e5ddffc5e6deffc6e7dfffc5e6deffc5e6deffc6e7dfffc4e5ddffc6e7dfffc6e7dfffc4e6ddff37504bffc6e7dfffc5e6deff87a59fffc5e6deffc5e6deffc6e7dfffc6e7dfffc4e5ddffc6e7dfffc6e6dfffbdded6ffc5e6deff3f5a54ffc4e6deff354f49ffc5e6deffc5e7deff37514bffc5e5deffc5e5deff38524cffc6e7dfff37524cff37514bff38524cff38524cff38524cffc4e6ddffb7d8d0ffc5e6deffc6e7dfffc6e7dfffc6e7dfffc6e7dfffc6e7dfffc6e7dfffc5e6dfffc6e7dfff38524cffc6e6deffc6e7dfffc4e5deffc6e7dfffc4e6ddffc5e6dfffc6e7dfffc6e7dfffc6e7dfffc5e6deffc6e7dfffc6e7dfffc4e5ddffc6e7de
#MRGB ffc6e7dfffc5e7dfffc6e7deffc5e7deff38524cffc5e6deffc6e7dfffc6e7dfffc4e5ddffc5e6deffc3e6dcffc4e5ddffc4e6deffc4e6deffc5e6deff38524cff334d47ff38524cffc5e6deffc5e6deffc4e5deffc5e7dfffc6e7dfffc5e6deffc3e4dcff38524cffc6e7dfff38524cffc4e5ddff38524cff37524cff38524cff38514cff37514bffc6e6deff38524cff37514bff38524cff38524cff36504aff38524cff38514bff37514bffc6e7dfffc6e7dfffc5e6deffc5e6deffc6e7dfff38524cffc6e7dfffc2e3dcff38514cffc6e7dfffc6e7deff37514bffc6e7dfff38524cffc5e6dfff38524cffc5e6deffc5e6deffc6e7dfffc6e7dfffb4d4cd
#MRGB ffc5e6deff38524cff37514bffc5e6dfffc6e7dfffc6e6deffc6e7dfff38524cffc6e7dfff37524bffc6e7dfffc5e6deffc6e7dfffc5e6deff36504affc5e6deffc5e6deff37514bffc6e6deffc5e5ddffc6e7dfffc5e6deffc5e6deffc6e7dfffc6e7dfffc6e7dfff37514cffc6e7dfffc5e6ddffc4e7deffc4e5dfffc6e7dfffc6e7ddffc6e7dfffc6e7dfffc6e7deff37514bffc5e6deffc3e5dcffc5e6ddffc3e6dcffc4e6ddffc6e7dfffc5e6deff38504bffc6e7dfff364f4affc6e7dfffc6e7dfff36504affc6e7dfffc6e7dfff37514bff37514bffc4e5ddffc6e7dfffc5e6deffc5e6deff37514bffc6e7ddff37514bff38524cff37524cff38524c
#MRGB ffc6e7dfff38524bff617e77ff38524cffc4e5ddffc4e6ddffc5e6deffc5e6deffc4e5ddffc6e7dfffc6e7dfffc5e6deffc5e6deffc6e7dfffc6e7dfffc6e7dfffc5e6deff37524bff38524cff37514cffc6e7deffc6e7dfff38524cff37514bff38514cff37514bffc6e7dfff38524cffc6e7dfff38524bff38524cff38524cff38524cff38524bff38524cff37514bffc6e6deffc6e7dfffc5e6deffc5e6deff37524bffc6e7dfffc6e7dfffc6e7dfffc4e6deffc6e7dfffc5e6deffc5e6deffc5e6deff38524cffc4e5deff38524cffc5e6deffc5e6ddffc5e5ddffc5e6deffc6e7dfff38524cffc4e6deff36504affc6e7dfffc6e7dfff38524cffc4e5de
#MRGB ffc6e7dfff4d6862ffc6e7dfff38524cffc4e5deffc5e6deffc5e6deffc5e6deffc6e7dfffc6e7dfff37514bffc4e6ddff38524cff38524cffc5e6deff38524cff38524cffc6e6dfffc6e6deffc5e5ddff38524cffc6e7dfffc6e7dfffc4e5ddffc6e7dfff37524bffc6e7dfffc6e7dfffc6e6dfff38524cff37514bffc5e6deff38524cffc5e6deff38524cffc5e7deffb9d9d1ffc6e7dfff38524cff38524cff38524cffc6e7dfffc4e6deff38524cffc5e6deff36514bffc5e7dfffc6e7dfffc5e6deffc6e7dfff38524cffc6e7dfff3a544effc4e6deffadccc5ffc5e6deff37514cff37514cff38524cff38524bffc6e7dfff38524cffc5e5ddff37514b
#MRGB ffc6e7dfffc5e6deff38524cffc5e6deffc5e6deffc5e6deff38524cffc6e7dfffc6e7dfffc4e5ddffc4e6deffc4e6deffc5e7deffc6e7dfffc5e6deff38524cff37514bff38524cff37514bffc5e6deff36504affc6e7dfff36504bffc6e7dfffc5e5ddffc4e5dfffc6e7dfffc6e7dfffc5e6deffc6e7dfffc5e6deffc5e7dfff37514cffc6e7dfffc5e6dfffc6e7dfff38524cff38514bffc6e7dfffc6e7dfffc6e7dfffc6e7dfffc6e7dfff37514bffbdddd5ff36524cffc6e7dfff38524cffc6e7dfffc4e6deffc6e7dfffc6e7dfff38524cff37524bffc6e7dfff37514bffc6e7dfffc5e6dfff38524cffc4e5ddff38524cffc4e5ddff38524cffc6e7df
#MRGB ffc4e5ddffc6e7dfffc5e6deffc6e7dfffc4e6deff36504aff93b1aaff37514bffc6e7dfff37514bff38514cffc5e6deff38524cffc5e6ddff38524cffc5e6deff38524cffc6e6deffc6e7dfffc5e7dfffc6e7dfff38524cffc5e6deff38524cff38524cffc5e7dfff38524cff38524cffc5e6deffc6e7dfff37514bffc5e6deff37514bffc6e7dfffc5e6deffc6e7dfffc4e5ddffc6e7dfffc4e5ddffc6e6deffc6e7dfff36504affc5e6deffc5e6deffc5e6deffc5e6deffc5e6dfff38524cffc6e7deff38524cffc6e7dfff38524cffc4e5ddffc6e6deff37514bffc4e5ddff37514bffc6e6dfff38514cff94b3abff37514bffc6e7dfff38524cffc6e7df
#MRGB ffc6e7dfffc6e7dfff37524bffc5e7deffc3e5deffc4e5ddffc5e6deff37524cff38524cffc6e6dfff38524cffc6e7dfff38524cffc6e7dfffc6e7dfff36504bffc5e6deff38524cff36514bff37514bff37514bffc5e6ddff38524cffc4e5ddff38524cffc8e8e0ff38524cff36504affc6e7dfff38524cffc6e7dfff37524cffc5e6deffc5e6dfff37514bffc4e5ddff38524cffc6e7dfff37514bffc4e7ddff38524cffc3e5dcffc6e7dfff7e9c95ffc6e7dfffc2e3dbffc4e6deffc6e7dfffc4e5ddffc6e7dfffc6e7dfff38524cffc6e7dfff38524cff36514aff38524bff38524cff38524cffc6e7dfffc5e6deffc5e5deff38524cffc5e6deffc6e6df
#MRGB ffc4e5ddffc6e7dfffc5e5ddff38524cffc4e5deff38524cffc6e7dfffc6e7dfffc6e7dfff37514bffc5e6deffc6e7dfffc4e5ddff38524cff38524cffc6e7dfffc6e7dfffc6e7dfffa3c1bbffc6e7dfff5c7971ffc4e6deffc6e7dfffc5e6deffc5e6deffc6e7dfffc5e6deffc6e7dfff37514bffc6e7dfffc6e7dfffc4e5ddffc4e5ddff38524cff38524cffc6e7dfff38524cff37514bffc6e7dfffa6c5bdffc5e7dfff38524cff37514bff39534cff38524cff38524cff38524cff38524cff38524cff38524cff37514cffc5e6dfffc6e7dfff3f5953ffc5e6deff58736cffc5e6deff38524cffc6e7dfffc6e7dfffc6e7dfffc4e5ddffc6e7dfffc5e6de
#MRGB ffc5e6deffc5e6dfff38524cff37514bff38524cffc6e7dfffc6e7dfffc5e6deff38524cff37514cff3e5852ff38524cffd0f1e9ff37514cff3a544effc5e6dfff38524cffc6e7dfff38524cff38524cffc5e6deffc6e7dfff38524cffc6e7dfff38524cffc6e7dfff38524cffc4e5ddffc5e6deffc6e7dfffc5e6deffc5e6deffc6e6dfff38524cff38524cff38524cffc4e5ddffc6e7dfff37514bffc4e6dfffc6e7dfffc5e6deffc6e6deffc6e6dfffc6e7dfff38524cffc6e7dfffc5e6deffc6e7dfffc6e7dfffc6e7dfff38524cffc5e5ddff38524cffc5e6deffc6e7dfffc5e6deffc5e6deffc5e6dfff36504affc6e7dfff38524cff36514affc4e5dd
#MRGB ff38524cff38524cff38524cffc5e6deff38524cffc6e5ddff38524cff38524cffc4e5ddff37514cffc6e7dfffc4e6deffc4e5ddff38524cffc6e7dfffc6e7dfffc6e7dfffc6e6deffc5e6dfffc6e7deff7d9a93ffc6e7dfffc6e7dfffc6e7dfffc6e7dfffc5e6deffc6e7dfffc4e5ddff36504affc5e6deff9cbbb4ffc6e7dfffc6e7dfffc6e6deffc6e7dfffc6e7dfffc4e6ddff38524cffc6e7dfffc6e6ddffc6e7dfffc5e7dfffc5e6dfffc6e7dfffc6e7dfffc6e7dfffc5e7deffc4e5deffc6e7dfffc6e7deff38514cffc6e7dfffc5e5deff38524cffc6e7dfff38524cffc5e6deffc6e7dfffc6e7dfffc6e7dfff91afa8ff37514cffc6e7deff38524c
#MRGB ffc6e7dfffc6e7dfffc6e6deffc6e7dfffc6e7dfffc3e5ddffc5e6deffc5e6deffc4e5ddffc6e7dfffc4e6deffc5e6deffc5e5deff38524cff38524cff38524cff38524cffc5e6deff38524cff38524cffc5e6deff38514bffc5e6deffc5e5ddff38524cffc5e6deffc6e7dfffc7e6dfff38524cff38524cff38524cffc6e7dfff38524cff38524bff37514bff38524cffc5e6deffc6e7dfffc5e6deff37504aff37514bff38514bff38524cffc4e5ddffc0e0d8ff364f4affc6e7dfffc6e7dfff627e77ff38524cffc6e7dfff38524cffc5e7deff37524cffc5e6deff38524bff37514bff38514bffc6e7dfff38514bffc6e7dfffc5e5ddff38524cff38524c
#MRGB ffc6e7dfffc6e7dfff78958eff67847dffc4e7ddffc6e7dfffc5e6deffc6e7dfffc6e7dfffc5e6deffc6e7dfffc5e6deffc6e7dfffc6e7dfffc6e7dfff38524cff405a55ffc5e6deffc5e6deff37514bffc6e7dfffc6e7dfffc3e5ddffc6e6ddffc6e6deffc6e7dfffc5e5deffc5e6deffc5e6ddffc4e5deff37504affc3e6ddff38524cff38524cff38524cffc5e6deff38524cffc5e6deffc6e5ddff37514bffc5e6deffc6e7dfffc6e7dfff37514cff38524cffc5e6deff38514bffc8e8e0ff36514affc4e6deffc5e5ddffc6e7dfffc5e6deffc5e7deffc5e5ddffc0e1d9ffc6e7dfff37514bffc6e7dfff38524cff38524cffc6e7deffc5e6deffc5e6de
#MRGB ffc4e6ddffc4e6deff38524cffc5e5deff37514affc5e6deffc6e7dfffc5e6deffc4e5ddffc6e7dfff38524cffc6e7dfffc6e7dfffc5e7dfffc6e7dfffc5e6dfff37514cff38524bffc4e5deffc5e6deffc5e6deffc5e6deffc5e6deffc6e7dfffc5e6deffc6e7dfffc5e6deffc6e7dfff37514bffc6e7dfff37514bff38524cff38524bffc5e6deff38524cff38524cff38524cff38524cffc5e7deffc3e5ddffc6e7dfff38524cffc6e7dfff38524cffc6e7dfff37514bffc6e7dfffc5e6deffc4e5ddff38524cff38524cff38524cff38524cff38524cffc6e7dfffc3e4dcffc4e5ddffc5e6deff38524cffc5e6deffc5e6deff38524cffc5e6deffc6e7df
#MRGB ffc5e6deff38524cffc6e7dfffc6e7dfff36504affc6e7dfff37514bff38524cffc6e7dfff37514bffc6e7dfffc6e7dfffc4e6deffc6e7dfffc5e6deffc6e7dfff38524cffc6e7dfffc6e7dfffc6e7dfff38524cff38524cff38524cffc6e7dfff38524cffc6e7dfff37514bffc6e7dfff37514affc4e6ddffc5e6deffc5e5deffc5e6deff37514cffc6e7dfffc4e5ddff38514bffc6e7dfffc6e7dfffc4e5ddffc5e6deffc5e5ddff38524cffc6e7dfff38524cffc6e7dfff38524cff37524bffc6e7dfff37524bffc6e7dfff37514bffc5e5ddffc4e6deff37514bffc5e6ddff37514bff37524cffc5e6ddff36504affc5e7dfff37514bffc4e5dcff37514b
#MRGB ff37504aff57726cffc5e5deff37514bffc5e7dfffc5e6deffc5e6deff93b2abffc5e6ddffafcfc7ffc4e5ddffc6e7dfffc6e7dfffc6e7dfffc6e7dfff8caaa3ff38524cff4e6963ff37524cffc5e6deffc6e7dfff38524cffc5e6deffc4e5deffc6e7dfffc5e7deffc5e7deffc6e7dfffc6e7deff38524cffc6e7dfffc6e7dfff38524cffc4e5ddff38524cffc6e7dfff38524cffc6e7dfff38524bffc6e7dfffc6e7dfffc6e7dfffc6e7dfffc6e7dfffc5e6ddff38524cff38524cffc5e6deff38524cffc5e6deff38524cffc6e7deff38514bffc6e7dfff38524cffc6e7dfffc4e5ddffc4e6ddffc4e5ddffc5e7deffc6e7dfffc6e7dfffc6e7dfffc6e7df
#MRGB ffc6e7dfff37514cffc6e7dfff38524cffc5e6deffc6e7dfffc6e7dfffc6e7dfffc6e7dfffc5e6deffc5e6deffc5e6deffc6e7dfffc5e5deffc5e6deffc5e6deffc5e6deffc6e6dfffc6e7dfffc4e6ddffc6e7dfffc5e6ddff38524cff39544dff38524cffc6e7dfff37514cffc6e7dfff38524cffc6e7dfff38514cff38524cff38524cff37514bff38524cff3c5650ffc5e7dfffc6e7dfff37514bffc4e5ddff355049ffc6e7dfff37514bffc4e5deffc4e5ddff38524cffc6e7dfff38524cffc6e7dfff38524cffc6e7dfff38524cffc6e7dfffc4e7dfffc5e7dfff38524cff37524cff38524cff37514bff37524bff38524cff38524cff37514bffc6e7df
#MRGB ffc5e7deffc8e9e1ffc6e7dfff82a099ffc5e6deffc5e6deff37514bffbeded6ffc3e5dcffbfe0d8ff38524cffc5e6deff38524bffc5e6deff37514bffc5e6ddffc6e7dfffc4e5ddffc5e6deff38524cff38524cff38524cffc6e7dfff38514cffc6e6deffc6e7dfffc6e7dfffc6e7dfffc6e7dfff38524cffc5e6deffc5e7dfffc6e7dfffc5e6deff36504affc5e6deff36514affc6e7dfffc6e7dfffc4e4ddffc5e6deff38524cff38524cffc6e7dfffc6e7dfffc5e7dfffc6e6deffc6e6deffc4e5dfffc6e7dfffc6e7dfffc5e6deffc6e7dfffc5e6deffc5e6deffc5e6deffc5e7dfffc5e7deffc5e6deff38524cff37514bffc6e7dfff38524cffc6e7df
#MRGB ff38514bff38524cff38524cff38524cff38524cffc5e7deff38524cffc6e7dfffc6e7dfff38524cffc6e7dfff38524cffc6e7dfffc4e6dcffc5e6deff38524cffc5e6deffc6e6dfffc5e5deffc6e7dfffc6e7dfffc6e7dfffbadbd3ff37504affc6e7dfffc6e7dfffc6e7dfffc5e6ddffc5e5ddffc6e6dfff37514cff38524cff38524cff38524cffc6e7dfff37514bffc6e7dfff38524cff36504aff38524cffc5e6deff38524cff38524cffc5e6deffc6e7dfff5e7a74ffc6e7dfffc4e5ddff38524cffc5e6deffc6e7dfff38524cff36504aff38524cffc5e7dfffc4e5ddff38524cffc6e6dfff38524cff37514bff38524cffc7e7deff38524cffc4e5dd
#MRGB ff38514bffc5e6deff38524cff38524cff38524cffc6e7dfff37514bffc6e7dfff38524cffc6e7dfffc5e6deffc6e7dfff38524cffc6e7dfffc6e7dfff37514bffc6e7dfffc6e6deff38514bffc6e7dfff37524cff38514cff38524cff38514bff38524cffc5e6deff38524cffc4e5ddffc5e7deff37514bffc6e7dfff38524cff38524cffc6e7dfff38524cffc6e7dfffc4e5deffc6e7dfffc6e7dfff38514cffc6e7dfff354f49ffc6e7dfff46615bffc5e6ddff9cbbb3ffc6e7dfffc6e7dfff38524cffc6e7dfff38524cffc6e7dfffc4e5ddffc6e7dfffc6e6dfffc5e6deffc6e7dfff38524cffc6e7dfff38524cffc6e7dfff37514bff38524cffc5e7de
#MRGB ff38524cff38514bff37514bffc5e5ddffc5e6deffc6e7dfffc6e7dfffc6e7dfffc6e7dfffc6e7dfffc4e5ddffc5e6deffc5e5ddffc6e7dfff38524cffc6e7deff38514bffc6e7dfffc4e4ddffc6e7dfffc6e7dfffc6e7dfff37514bffc6e7dfff37514bffc5e6deffc5e6deffc4e6deff38524cff38524cffc6e6deff37514cffc5e7dfffc6e7dfffc4e6deffc5e6deffc5e6deffc6e6dfffc6e7dfff38524cff38524cffc6e7dfffc5e6deff38524cffc5e6deff38514cffc6e7dfff38524cff38524cffc6e7dfff38514cffc4e5ddff38524cffc5e5ddffc5e6deff38524cffc4e5ddffc5e6deff38524cff36514cffc5e6deffc5e6deffc6e7dfffc5e6de
#MRGB ffc5e7dfffc4e5deffc6e7dfffc6e7dfff38524bffc6e6deff38524cffc5e5deff38514cff38524cff38524cffc4e5ddffc6e7dfffc6e7dfffc6e7dfffc6e7dfffc4e5dcffc6e7dfffc4e6deff38524cffc5e7dfffc5e6deffc5e6ddffc6e7dfff38524cffc5e6deffc6e7dfffc6e7dfffc6e7dfffc6e7dfffc6e7dfffc6e7dfffc6e7dfffc6e7dfffc4e6deffc4e5ddff38524cffc5e6deffc6e7dfffc4e5ddff37514bffc5e5ddff37524cff38524cffc5e6dfffc5e6deff38524cff36504aff37514bffc4e5ddffc4e6deffc6e7dfffc5e6deffc5e6deffc6e7deffc5e6deffc5e7dfff38524cffc5e6deff38514cffc4e5ddff37514bff38524cff38524c
#MRGB ffc6e7dfffc6e7dfffc5e6deffc4e5ddffc6e7dfffc6e7dfff37514bffc5e6deffc6e7dfffc6e7dfffc6e7dfffc6e6deffc6e7dfffc6e7dfffc6e7dfffc6e7dfff38524cff38524cff38514cff38524cffc5e6deff38524cffc6e7dfffc5e6deffc6e7dfffc6e7dfffc6e7dfffc6e7dfffc6e7dfff36504affc6e7dfffc4e5ddffc5e6deffc6e7dfffc5e6dfff38524cffc6e7dfff37514cffc6e7deffc5e6deff36524affc5e6deff38524cffc6e7dfff38524cffc5e5ddffc5e6deffc6e7dfff36504affc5e6deff38524cff37514bff38524cffc6e7dfffc5e7dfffc5e6deffc5e7deffc5e5ddffc6e6dfffc4e5deff38524cff38524bff38514cffc4e5de
#MRGB ff37514bffc5e6ddff38524cff38524cff37514bffc6e7dfff37514bff56726bff38524cff38524bffc5e6deff38524bff37514bffc5e7dfffc6e7dfffc4e5ddffc6e7dfffc6e7dfff37514bffc5e6deffc5e6ddffc5e6deffc6e6deffc6e7dfffc6e6deff38514cffc6e7dfff37514bffc6e7dfffc6e7dfff38524cffc4e6deffc5e5ddffc6e7dfffc5e6deffc5e6deff38524cffc6e7dfffc6e7dfffc5e6dfff37514bffc4e5ddff38524cff38524cffc5e6deff38524cffc4e5ddffc4e4dcff37514bff37524b
# End of MRGB block 
g Group3483
f 10190 10188 1310
f 1 5 4
f 7474 9 10190
f 10190 9 10
f 1 10 11
f 1 11 12
f 12 13 5
f 12 5 1
f 6 5 13
f 6 13 14
f 7 6 14
f 7 14 15
f 8 7 15
f 8 15 16
f 6205 2714 8
f 6205 8 16
f 25 9362 9
f 10 9 9362
f 11 10 17
f 11 17 18
f 12 11 18
f 12 18 19
f 13 12 19
f 13 19 20
f 14 13 20
f 14 20 21
f 15 14 21
f 15 21 22
f 16 15 22
f 16 22 23
f 6205 16 23
f 9362 25 5714
f 19 18 3608
f 19 3608 26
f 20 19 26
f 20 26 27
f 21 20 27
f 21 27 28
f 22 21 28
f 22 28 10150
f 10150 23 22
f 3608 51 7375
f 26 3608 7375
f 27 26 7375
f 27 7375 30
f 28 27 30
f 28 30 31
f 28 31 32
f 28 32 10150
f 8109 32 33
f 2 33 34
f 2 34 35
f 7919 2 35
f 7919 35 36
f 7919 36 37
f 31 30 6553
f 31 6553 38
f 32 31 38
f 32 38 39
f 33 32 39
f 33 39 40
f 34 33 40
f 34 40 41
f 35 34 41
f 35 41 42
f 36 35 42
f 36 42 43
f 37 36 43
f 37 43 1023
f 44 37 1023
f 5714 6370 1387
f 39 38 11951
f 40 39 11951
f 40 11951 48
f 41 40 48
f 41 48 46
f 42 41 46
f 42 46 47
f 43 42 47
f 43 47 1023
f 3610 56 11948
f 47 46 9893
f 2445 1678 7971
f 1310 10188 3
f 3 10188 10
f 3 10 9
f 10188 11 10
f 10188 12 11
f 4 5 13
f 4 13 12
f 5 6 14
f 5 14 13
f 6 7 15
f 6 15 14
f 7 8 16
f 7 16 15
f 8 6207 16
f 49 7308 9
f 49 9 10
f 10 11 18
f 10 18 49
f 11 12 19
f 11 19 18
f 12 13 20
f 12 20 19
f 20 13 14
f 20 14 50
f 14 15 22
f 14 22 50
f 15 16 23
f 15 23 22
f 16 6207 29
f 16 29 23
f 3608 52 51
f 3608 51 49
f 18 19 26
f 18 26 52
f 19 20 27
f 19 27 26
f 28 27 20
f 28 20 50
f 22 6052 28
f 22 28 50
f 22 23 6052
f 6207 24 29
f 5649 7375 51
f 5649 51 9362
f 10093 6841 52
f 10093 52 26
f 26 27 30
f 26 30 10093
f 27 28 31
f 27 31 30
f 28 6052 32
f 28 32 31
f 6052 33 32
f 6052 34 33
f 29 35 34
f 29 24 36
f 29 36 35
f 24 37 36
f 30 31 38
f 30 38 10093
f 31 32 39
f 31 39 38
f 32 33 40
f 32 40 39
f 33 34 41
f 33 41 40
f 34 35 42
f 34 42 41
f 35 36 43
f 35 43 42
f 43 36 37
f 43 37 7692
f 3614 5431 53
f 3614 53 3610
f 54 38 39
f 1048 39 40
f 40 41 46
f 40 46 1048
f 41 42 47
f 41 47 46
f 47 42 43
f 47 43 7692
f 53 9276 55
f 53 55 3610
f 3610 55 56
f 7689 46 47
f 7689 47 7692
f 55 9276 57
f 56 55 57
f 56 57 58
f 56 58 59
f 56 59 11948
f 7922 9055 8877
f 58 57 4708
f 58 4708 60
f 59 58 60
f 59 60 61
f 11210 59 61
f 60 4708 62
f 61 60 62
f 61 62 63
f 11210 61 63
f 62 11358 65
f 63 62 65
f 63 65 66
f 1845 63 66
f 65 447 67
f 66 65 67
f 66 67 68
f 1845 66 68
f 68 67 447
f 68 447 69
f 2448 68 69
f 69 2246 70
f 2448 69 70
f 70 2246 3199
f 70 3199 2448
f 7973 2448 3199
f 7973 3199 4225
f 7308 49 51
f 1314 51 11079
f 1314 11079 5649
f 51 52 6841
f 1403 7545 8753
f 5961 72 53
f 53 5646 55
f 53 55 5961
f 5646 56 55
f 7989 55 57
f 55 56 58
f 55 58 57
f 56 5646 59
f 56 59 58
f 5646 10096 59
f 57 58 60
f 57 60 2355
f 58 59 61
f 58 61 60
f 59 10096 2366
f 59 2366 61
f 7689 8363 4709
f 7689 2655 8363
f 2355 60 62
f 60 61 63
f 60 63 62
f 61 2366 63
f 3391 62 65
f 62 63 66
f 62 66 65
f 63 2366 66
f 8363 2655 10990
f 3391 65 67
f 65 66 68
f 65 68 67
f 66 8034 68
f 67 68 69
f 67 69 513
f 68 8034 69
f 513 69 70
f 69 8034 70
f 9220 1607 70
f 5961 2164 71
f 71 72 5961
f 75 5902 1365
f 76 75 11766
f 77 76 5888
f 78 77 5888
f 78 5888 1273
f 75 76 1870
f 76 77 1870
f 77 78 73
f 77 73 1870
f 9870 79 6106
f 3181 436 7663
f 11027 11029 6187
f 8301 84 74
f 81 1222 75
f 81 75 76
f 81 76 77
f 81 77 4621
f 77 78 7508
f 83 82 1607
f 83 1607 9222
f 84 83 9222
f 81 76 75
f 81 75 5382
f 81 4498 77
f 81 77 76
f 4498 5502 78
f 4498 78 77
f 9872 82 79
f 82 83 6687
f 83 84 9403
f 83 9403 6687
f 8465 10887 6185
f 11466 5620 11472
f 3470 3916 11037
f 9832 2890 1665
f 11249 81 4621
f 4209 82 87
f 82 83 87
f 83 84 8303
f 81 5382 11976
f 7511 10306 83
f 7511 83 82
f 10306 84 83
f 10306 9403 84
f 86 11976 5382
f 89 88 2052
f 88 89 86
f 89 11976 86
f 10449 8955 11447
f 4594 89 11605
f 5536 804 10360
f 11591 90 6866
f 91 90 11591
f 91 87 88
f 91 88 4594
f 88 89 4594
f 90 91 7036
f 90 7036 440
f 91 9846 88
f 91 88 7036
f 9846 89 88
f 6866 90 5048
f 5536 93 804
f 470 4157 5014
f 90 91 11972
f 3202 94 90
f 94 91 90
f 92 96 6812
f 97 96 92
f 98 97 9593
f 98 9593 5048
f 99 98 5048
f 100 99 11972
f 101 100 93
f 102 101 93
f 103 102 93
f 103 93 5536
f 8054 11295 9235
f 96 97 3202
f 97 98 94
f 97 94 3202
f 98 99 94
f 99 100 94
f 100 101 94
f 101 102 453
f 102 103 453
f 12017 3097 3400
f 9909 9907 6903
f 6260 10226 3755
f 96 97 107
f 96 107 4276
f 108 107 97
f 108 97 98
f 109 108 98
f 109 98 99
f 110 109 99
f 110 99 100
f 111 110 100
f 111 100 101
f 112 111 101
f 112 101 102
f 113 112 102
f 113 102 103
f 113 103 1530
f 115 96 5076
f 115 107 97
f 115 97 96
f 107 108 98
f 107 98 97
f 108 109 99
f 108 99 98
f 109 110 100
f 109 100 99
f 110 111 101
f 110 101 100
f 111 112 102
f 111 102 101
f 112 113 103
f 112 103 102
f 103 113 454
f 2055 9445 2149
f 7750 2149 6863
f 10922 6556 1887
f 107 115 4276
f 113 3356 454
f 114 115 106
f 10031 10134 5312
f 4370 7069 10031
f 4569 6143 6402
f 6628 7666 11595
f 8977 8424 10231
f 419 6671 8566
f 5789 4850 5791
f 4601 119 11222
f 9096 11051 10879
f 3337 6910 4317
f 6656 9253 706
f 1609 3518 10453
f 7202 8063 6249
f 9093 5718 2914
f 1265 1633 123
f 123 124 125
f 123 125 1920
f 123 1633 125
f 123 125 124
f 123 1920 6957
f 125 1633 6855
f 6957 1920 7321
f 6152 11359 11361
f 1257 10408 6267
f 4886 2141 6984
f 6351 2143 11284
f 4022 11999 6984
f 7101 3887 10525
f 3882 2163 3425
f 10256 7354 129
f 4217 10353 1012
f 10442 5969 130
f 10346 4208 10256
f 3471 1224 3809
f 8969 134 7977
f 135 7572 4431
f 5299 7956 6320
f 605 4688 8468
f 134 137 3878
f 134 3878 1021
f 137 134 8969
f 137 8969 2960
f 135 138 7572
f 138 135 8050
f 10319 5494 137
f 10319 137 134
f 134 137 11091
f 11877 138 135
f 135 138 140
f 135 140 1512
f 6457 5790 11672
f 5120 3878 137
f 138 143 2465
f 143 138 8449
f 143 8449 2669
f 2976 11091 137
f 6605 143 138
f 138 143 140
f 8254 932 11934
f 3255 9723 8181
f 1628 4435 5072
f 7749 5989 1111
f 141 142 2136
f 817 8059 2136
f 143 2354 140
f 8416 5301 1398
f 10300 3638 4690
f 10185 5989 7749
f 148 1969 893
f 897 6275 7282
f 11235 11229 11231
f 10599 3569 6277
f 4604 8336 5843
f 4604 9003 8336
f 11559 452 494
f 1157 11559 11561
f 8427 3201 2983
f 3201 2304 2983
f 5309 5160 10611
f 9903 151 152
f 151 153 152
f 152 153 154
f 152 154 11191
f 5418 154 4352
f 9127 8633 10917
f 5309 637 5160
f 3844 3150 156
f 3283 152 151
f 152 4349 154
f 152 154 153
f 4349 4352 154
f 161 5754 7854
f 156 7830 3844
f 7595 3844 7830
f 2777 166 11110
f 156 6313 157
f 156 157 7830
f 8377 159 157
f 159 158 157
f 5849 491 9457
f 1573 9584 2629
f 1573 2629 3283
f 1785 10511 11868
f 3577 1396 9698
f 9698 3890 1783
f 623 512 852
f 1571 1828 4141
f 5212 1707 7083
f 157 165 167
f 2777 168 166
f 392 166 168
f 392 168 5663
f 9002 491 5849
f 3741 157 159
f 3741 159 8377
f 167 158 159
f 167 159 157
f 168 8696 167
f 4300 7657 2170
f 169 1298 8520
f 3919 172 169
f 4887 5523 11589
f 9774 8539 4318
f 4657 4123 3670
f 1891 4320 1982
f 1828 5368 6956
f 3418 1493 2471
f 10212 2129 3517
f 5455 6753 2706
f 5457 2473 10363
f 4016 187 5212
f 3758 9002 8770
f 166 5661 5665
f 1773 166 168
f 1773 168 167
f 5663 168 166
f 7787 3753 7657
f 8865 6445 2587
f 4676 6573 11211
f 2553 1650 2710
f 1298 169 8526
f 3574 6804 6809
f 2555 179 171
f 2555 171 170
f 172 1411 169
f 169 179 3555
f 169 3555 180
f 4254 11218 4767
f 170 171 10650
f 173 10650 171
f 173 171 180
f 3524 3671 172
f 172 180 192
f 172 192 181
f 3071 6694 2750
f 2733 819 9908
f 3621 11323 5075
f 2130 173 181
f 2130 181 2692
f 816 9128 4301
f 4767 1955 184
f 2109 6546 8207
f 3175 1095 3115
f 5630 773 9379
f 2427 9379 773
f 3927 8116 3964
f 1499 8866 1454
f 2477 2471 1493
f 1281 9076 5370
f 4016 188 187
f 4897 187 188
f 4897 188 4791
f 188 1652 1775
f 10065 6365 6363
f 9553 6645 4360
f 2874 6963 7014
f 7210 5696 11607
f 1935 190 1380
f 6963 6079 5163
f 5836 1292 8073
f 7167 1380 190
f 3555 192 180
f 1382 3512 4297
f 192 4297 3512
f 10726 192 3341
f 4111 10726 6008
f 3115 3538 2459
f 3413 2984 1419
f 5107 3514 2157
f 4965 11750 11751
f 8970 8135 981
f 11885 6008 11712
f 187 1405 5719
f 619 11332 1347
f 1775 187 188
f 4791 188 187
f 9612 3108 3322
f 6772 205 10900
f 4195 3816 8319
f 9299 6500 5834
f 800 9299 3369
f 6775 210 8018
f 1511 202 203
f 202 204 203
f 203 204 205
f 203 205 6772
f 6465 6463 9843
f 3956 1405 2496
f 3221 2344 11293
f 5017 207 208
f 207 209 208
f 208 209 210
f 208 210 6775
f 5894 203 202
f 11517 4695 203
f 203 4695 205
f 203 205 204
f 8814 3546 1449
f 10509 7160 4638
f 10733 11593 4499
f 5298 3035 3034
f 11293 546 3221
f 665 208 207
f 665 10753 208
f 208 10753 210
f 208 210 209
f 9571 11993 10501
f 5766 1498 6406
f 6494 5186 7650
f 5599 7283 3161
f 1168 5761 3680
f 4155 8686 3792
f 380 214 215
f 215 214 212
f 215 212 5436
f 7724 6456 9969
f 11401 8751 9968
f 1447 1587 10292
f 226 2617 10989
f 2617 217 9414
f 217 216 3624
f 219 214 9799
f 214 6314 7626
f 215 214 219
f 215 219 2876
f 215 2876 214
f 2617 222 217
f 217 222 216
f 222 218 217
f 2617 8091 10744
f 220 221 222
f 221 7734 222
f 220 229 221
f 221 229 2613
f 229 222 221
f 10744 8091 9116
f 10744 229 220
f 7527 1337 2502
f 9340 228 229
f 229 228 2613
f 3015 6127 1714
f 5535 224 1831
f 9342 234 230
f 227 230 231
f 227 231 228
f 228 231 230
f 228 230 3933
f 231 229 228
f 2283 7170 7791
f 232 4503 5535
f 8112 7527 4380
f 1637 11785 7495
f 234 235 230
f 230 235 3935
f 230 3935 3933
f 230 235 236
f 230 236 231
f 235 230 231
f 235 231 236
f 2362 11348 232
f 232 11348 237
f 232 237 10858
f 232 5535 237
f 232 237 11724
f 4240 10858 237
f 4240 237 238
f 237 233 238
f 4240 238 233
f 9116 7500 1910
f 234 241 243
f 234 243 235
f 235 243 241
f 235 241 3935
f 243 236 235
f 11296 11294 743
f 2675 7410 5734
f 237 248 244
f 237 244 238
f 237 238 244
f 237 244 6352
f 11428 5016 4971
f 245 8313 240
f 2980 245 246
f 2980 246 241
f 241 246 245
f 241 245 240
f 243 241 246
f 243 246 6224
f 246 241 243
f 246 243 247
f 243 6224 247
f 2675 5734 10496
f 2535 11813 8013
f 4963 6352 8177
f 248 9998 244
f 6352 244 8177
f 2953 4354 4519
f 1497 2104 7253
f 503 3953 620
f 245 9121 249
f 245 249 8504
f 246 245 8504
f 250 245 246
f 250 246 251
f 247 251 246
f 2949 3335 7399
f 10697 12000 7475
f 4967 1185 8313
f 8498 251 8500
f 11813 5781 8013
f 1185 258 3628
f 4967 2715 5139
f 4967 5139 1185
f 10496 5734 11467
f 6785 7320 1482
f 6468 256 1908
f 256 258 2715
f 256 2715 255
f 1908 256 257
f 11169 257 256
f 497 258 6358
f 5375 259 260
f 5375 260 256
f 256 260 259
f 256 259 258
f 256 260 261
f 256 261 257
f 260 256 257
f 260 257 261
f 262 8282 6005
f 9831 262 263
f 263 262 6005
f 9831 263 264
f 9831 264 3474
f 264 263 6005
f 3708 7613 5767
f 8082 2696 7500
f 259 2696 269
f 259 6357 258
f 260 259 10243
f 260 10243 10241
f 9951 259 260
f 261 260 10241
f 9951 260 261
f 9951 261 10241
f 4584 262 7290
f 5565 934 262
f 266 263 262
f 266 262 4584
f 3891 262 263
f 3891 263 266
f 263 266 267
f 263 267 264
f 266 263 264
f 266 264 267
f 267 3474 264
f 3743 5992 3436
f 2311 6064 11017
f 5668 10653 4456
f 11840 8912 3841
f 10855 3891 266
f 267 266 4584
f 267 4584 6401
f 8839 266 267
f 268 2282 1915
f 268 1915 271
f 268 1682 272
f 268 272 2282
f 1727 8310 2051
f 300 9610 6358
f 7200 6329 270
f 6359 265 7885
f 5995 7363 5992
f 1915 1789 271
f 2483 271 272
f 2282 1789 2012
f 2483 272 10717
f 2483 10717 5104
f 273 11487 2311
f 1943 8908 276
f 280 4494 8837
f 2140 282 5150
f 6435 6347 1789
f 9741 3987 955
f 7196 284 285
f 7196 285 277
f 277 285 284
f 277 284 6329
f 286 10010 11601
f 286 1008 279
f 286 279 280
f 287 288 282
f 287 282 281
f 287 5150 282
f 287 282 288
f 2147 283 1148
f 7718 9258 9459
f 2957 4649 7291
f 955 3987 7549
f 284 7503 9285
f 285 284 9285
f 10248 284 285
f 10248 285 5307
f 9433 925 1867
f 6675 289 286
f 1008 286 289
f 286 289 290
f 286 290 10012
f 290 289 286
f 290 286 3893
f 6016 291 287
f 287 291 832
f 287 291 292
f 287 292 288
f 291 287 288
f 291 288 292
f 4649 299 7291
f 588 6588 412
f 7609 11937 11021
f 290 289 562
f 8425 289 290
f 290 7757 302
f 290 302 294
f 633 295 291
f 291 295 7832
f 291 295 296
f 291 296 292
f 295 291 292
f 295 292 296
f 306 7503 3176
f 301 4898 11160
f 562 301 302
f 302 301 8425
f 4064 2701 633
f 295 633 2701
f 295 304 7832
f 296 295 303
f 304 295 296
f 296 11798 304
f 2229 2226 2276
f 305 2276 2226
f 7742 3509 6296
f 307 301 6677
f 302 301 307
f 302 307 308
f 302 308 301
f 3140 2852 3138
f 5184 2156 3131
f 2226 1200 305
f 3131 6764 3129
f 3129 6764 5157
f 3135 5700 3131
f 3135 3131 2156
f 309 3135 2158
f 310 8792 1198
f 1198 8792 11789
f 1695 10236 317
f 10236 4284 317
f 7178 311 478
f 738 10100 7632
f 312 313 314
f 313 3286 314
f 314 3286 5159
f 1695 317 313
f 1629 3286 313
f 315 9322 311
f 3770 3195 1753
f 6379 1481 5795
f 4611 312 314
f 2035 1643 314
f 317 4611 313
f 313 4611 314
f 313 314 2780
f 4284 6657 317
f 2764 7957 1746
f 4610 315 4755
f 4755 315 7178
f 6657 319 317
f 10758 6867 8825
f 9450 6788 8003
f 11536 11540 7911
f 3822 3415 2572
f 8323 6461 7840
f 1705 382 635
f 4455 8178 7379
f 11158 7610 318
f 319 1655 11678
f 3641 9320 7887
f 8124 11514 4523
f 321 11424 11422
f 4828 6742 6638
f 324 6007 322
f 3277 8346 323
f 3277 323 327
f 8005 708 710
f 8346 10730 323
f 1761 9674 8199
f 6007 325 322
f 322 326 10730
f 322 10730 324
f 323 325 326
f 1516 4527 5928
f 836 4086 4400
f 8634 9097 329
f 325 3282 3280
f 325 3280 326
f 390 2994 8973
f 4391 5779 11964
f 646 6874 331
f 6874 12002 331
f 1297 4710 10571
f 6872 2836 330
f 330 9071 334
f 335 6872 330
f 331 334 335
f 331 10794 646
f 12002 2975 335
f 7439 11984 3042
f 1297 10571 10569
f 9071 2071 334
f 334 336 335
f 632 10381 8536
f 2078 337 6924
f 4281 3719 7324
f 6327 7833 4991
f 1625 2552 4069
f 9064 599 4979
f 338 1790 9625
f 2078 338 337
f 1790 1934 9625
f 338 2390 341
f 2946 3372 338
f 341 1790 338
f 341 2946 338
f 341 338 339
f 341 339 5389
f 2075 342 339
f 7324 10404 4281
f 6639 6364 5394
f 9064 8929 599
f 341 2390 5568
f 5775 2946 341
f 9136 1776 10404
f 3631 1936 2075
f 345 3050 1778
f 345 1778 348
f 12015 6116 11314
f 9187 3544 3821
f 1778 349 1780
f 8158 11668 9179
f 383 345 348
f 345 350 2543
f 345 2543 349
f 344 4289 346
f 344 346 349
f 4422 350 346
f 2335 9669 4566
f 4420 3821 6093
f 757 8211 2224
f 1532 4680 351
f 2543 1774 349
f 10667 351 2517
f 4084 351 6659
f 2335 4799 4733
f 6700 6856 6584
f 4377 361 6146
f 3818 920 351
f 2519 3818 351
f 1622 2519 6547
f 2517 355 351
f 351 920 355
f 11015 6969 709
f 352 922 6969
f 3058 1546 10485
f 11206 4466 6946
f 6146 361 362
f 354 362 363
f 354 363 11663
f 3652 365 361
f 362 361 365
f 362 365 366
f 363 362 366
f 363 366 367
f 367 11663 363
f 6547 2519 1620
f 2340 7020 9245
f 1535 369 1620
f 7557 362 361
f 7557 363 362
f 11663 363 7557
f 2333 361 365
f 2333 365 3652
f 361 362 366
f 361 366 365
f 362 363 367
f 362 367 366
f 6885 604 3103
f 372 5864 370
f 372 370 374
f 7700 4218 3468
f 4218 371 3468
f 4238 4054 4237
f 7700 4226 7221
f 7223 4226 5409
f 3901 2972 1164
f 5864 372 374
f 2299 375 373
f 372 375 859
f 372 859 376
f 2013 7705 373
f 2013 373 376
f 374 376 1731
f 376 2300 1731
f 375 2299 9371
f 5500 6664 10361
f 212 5699 5436
f 7697 6381 5017
f 7981 10927 2533
f 665 11515 10753
f 265 4915 552
f 1968 850 4661
f 2737 5603 4938
f 6967 1702 1050
f 3050 9675 3048
f 3268 4730 4734
f 1178 1616 11710
f 422 7476 6739
f 1420 1422 8036
f 2206 7577 1575
f 11600 4505 7073
f 2458 2570 7870
f 11337 1565 506
f 5116 4928 10638
f 5816 11665 11667
f 3034 3035 8564
f 1494 3544 9187
f 3042 11984 340
f 6209 6924 337
f 1934 10483 9625
f 166 392 163
f 7083 1707 163
f 8586 8427 11564
f 10387 11589 5523
f 11100 11221 11224
f 5485 5477 2161
f 501 1347 9817
f 4497 9139 4851
f 7861 3786 9230
f 5721 4252 479
f 2755 5662 4550
f 5547 5258 9459
f 889 6638 6742
f 5731 1965 790
f 4226 1391 11353
f 5447 979 1826
f 1013 1145 11319
f 390 6019 3231
f 8470 2752 8705
f 618 6374 7077
f 1960 6901 1630
f 1301 1107 10591
f 5898 7591 7896
f 7536 9520 8221
f 9601 9603 5256
f 4871 5256 9603
f 7841 5932 5362
f 851 9301 800
f 5981 9190 10175
f 8127 1170 11857
f 4938 5603 4984
f 10414 404 7264
f 11127 583 9567
f 11830 10737 5378
f 3625 647 2168
f 4391 1038 5779
f 2292 940 1976
f 10506 10503 6799
f 3624 216 7589
f 1185 3628 7640
f 4989 2878 5426
f 2500 7925 11695
f 9862 11409 3380
f 9282 9747 11234
f 3132 9682 4889
f 2185 5242 9105
f 6107 10181 8719
f 1385 5126 8886
f 6769 6398 5114
f 6910 9343 541
f 4581 9862 3380
f 5867 10087 3003
f 8044 3552 11580
f 7737 11711 6660
f 9092 10875 419
f 5653 8661 11687
f 11179 5626 4579
f 10956 5118 9849
f 846 9840 3011
f 553 6060 11882
f 1103 8585 2320
f 3349 1783 5754
f 2299 373 1022
f 3012 3443 6158
f 1894 11765 10795
f 8119 2564 8390
f 10524 6344 10521
f 11287 1025 2677
f 901 11132 11134
f 2054 6695 2607
f 688 2072 3537
f 1071 8825 3370
f 4802 8196 4800
f 11030 8234 7264
f 1126 512 6759
f 2210 1857 4895
f 7002 5398 3099
f 11961 7664 858
f 11609 9844 8437
f 10165 5654 3263
f 11778 11924 2454
f 5237 8257 3269
f 10448 420 1702
f 7541 9358 622
f 1033 5207 1691
f 11287 2722 2221
f 9699 3102 11163
f 9360 622 9358
f 5467 6833 3238
f 104 1805 6382
f 5192 2857 6708
f 957 3892 2029
f 3181 5533 10374
f 5034 1390 8136
f 3550 4557 5563
f 119 9196 11214
f 3202 90 440
f 4127 106 8101
f 9177 645 3305
f 11166 2706 7537
f 2374 4342 4083
f 4127 5014 4157
f 8899 825 3617
f 1371 4485 3771
f 10226 6260 6256
f 9607 3989 9247
f 10820 3999 2689
f 4956 6929 11071
f 2419 3140 5895
f 7363 3431 5992
f 65 11358 447
f 11212 1387 64
f 7414 4906 8532
f 4080 10837 10835
f 4726 1364 4677
f 10317 7568 5707
f 6774 2000 4433
f 4433 7281 10912
f 4200 10052 1253
f 4092 4625 8724
f 9830 8684 4429
f 5790 6457 11243
f 101 453 94
f 9846 8827 89
f 12017 3400 5785
f 453 103 454
f 9085 770 6661
f 7198 11775 7635
f 770 1888 10472
f 127 9259 8414
f 3409 1368 1086
f 9506 9309 1407
f 1180 4485 1371
f 3983 2003 3980
f 1015 7149 3218
f 5785 8782 3406
f 6103 9769 2278
f 1016 5687 8170
f 5137 11519 11732
f 1986 4464 1810
f 10302 6337 10551
f 995 4172 6206
f 6814 2321 3889
f 10620 3810 3312
f 11542 11696 782
f 11455 10535 7661
f 6814 3889 6813
f 2227 6716 3622
f 9356 8167 9354
f 4723 3794 8450
f 4032 6733 2923
f 827 5964 6741
f 239 11136 468
f 7686 802 5542
f 4090 11624 2343
f 5868 4623 5870
f 8379 9870 2894
f 6483 2964 5386
f 7343 6175 471
f 9413 9142 7625
f 6946 4466 430
f 4739 4742 9787
f 1261 1110 598
f 11538 11540 11536
f 10950 5644 994
f 6631 7940 4644
f 475 9099 2628
f 6257 1140 1259
f 6580 2113 3587
f 2684 745 9329
f 8764 6136 8767
f 8857 11142 8125
f 1706 1674 6886
f 4129 5315 5311
f 1635 1738 5778
f 9512 5405 9478
f 4319 5872 4325
f 1541 10759 9981
f 5132 5134 5137
f 7301 5690 5687
f 2794 6597 4654
f 11738 6885 3103
f 10449 11447 4749
f 11554 8636 8266
f 11848 8469 6004
f 8469 3787 8596
f 483 6073 6069
f 8401 6073 483
f 5266 486 11979
f 6356 2029 3892
f 7717 8171 4760
f 2756 5330 9511
f 6431 3108 10359
f 7709 6503 4506
f 489 774 5225
f 2174 10579 3123
f 490 11515 665
f 463 6797 3276
f 3098 164 491
f 3101 7867 3283
f 6797 7182 6239
f 3123 776 11262
f 5011 949 7306
f 5011 7306 4971
f 10718 10714 11421
f 2053 8060 133
f 2563 4168 4031
f 9106 686 3804
f 4213 784 6699
f 3877 8973 11145
f 5767 3074 1727
f 7142 1501 3526
f 509 7687 5029
f 5965 950 4384
f 10292 971 1447
f 10570 1170 8127
f 1872 8813 5609
f 3881 10392 886
f 4374 11305 2868
f 514 5981 2144
f 5362 5932 11954
f 8813 9853 5607
f 10232 1249 845
f 10545 6033 11101
f 8459 11735 7542
f 867 9781 6488
f 11571 4809 11575
f 6339 8397 8280
f 7863 9505 7441
f 8020 6228 408
f 7145 9563 2820
f 9191 4239 2378
f 2744 9308 7792
f 10402 10810 9312
f 9858 8361 6154
f 5581 3236 7585
f 11440 11442 10713
f 2373 507 9916
f 12009 11417 1366
f 5749 7481 8293
f 512 2436 852
f 5581 7585 8204
f 6719 11591 6866
f 9748 92 6812
f 7983 9817 9815
f 2911 6410 9307
f 3450 4172 4045
f 4646 10438 3045
f 4691 1649 11367
f 5240 1710 2047
f 8554 391 8523
f 8098 1986 1810
f 7014 6963 8829
f 626 2849 4322
f 5181 8849 5178
f 11373 5771 3573
f 10327 6008 11885
f 11562 3381 11560
f 3151 9932 6966
f 3522 716 5968
f 408 6228 4975
f 520 4578 3945
f 523 9851 502
f 7655 5836 8073
f 6375 3945 4578
f 6233 9139 4497
f 9778 10956 9849
f 1006 1572 1905
f 1661 3930 3642
f 1683 1300 5381
f 6087 3273 10011
f 4867 3999 6670
f 10176 8376 7447
f 5164 4064 633
f 9193 10982 5592
f 10313 3895 818
f 434 2221 830
f 1949 846 3011
f 2156 5184 10899
f 5271 6729 6911
f 4513 5659 532
f 11681 9499 3051
f 1886 5875 8143
f 7903 5861 432
f 11156 2678 7142
f 6032 9610 300
f 4643 12013 10434
f 989 4275 687
f 4596 10015 6610
f 10015 7134 7029
f 5968 716 9337
f 3338 4871 9378
f 9115 2145 4888
f 10639 892 8939
f 8033 6433 8217
f 915 8811 8979
f 646 11767 7664
f 10061 6327 2069
f 11709 8638 10983
f 11198 3857 1991
f 7352 2705 1045
f 8698 6080 524
f 7033 543 7037
f 5114 6398 11568
f 8853 11953 10375
f 5091 11778 7964
f 545 5641 5822
f 9967 10450 5555
f 11103 8576 5341
f 5434 5436 4793
f 2187 1709 7294
f 8383 9354 8167
f 4631 225 5424
f 11182 233 1831
f 795 7171 6105
f 9979 999 1047
f 1320 2112 7193
f 6133 7193 2112
f 551 8747 1919
f 4627 10197 4629
f 4120 11937 1753
f 8148 3482 2104
f 7970 2451 5194
f 6157 3573 5181
f 5733 7275 1613
f 8147 1654 7723
f 10443 7838 8333
f 6950 3855 7533
f 10777 6913 3738
f 2090 2059 10247
f 10315 8429 5450
f 2106 1108 4827
f 1667 4133 3005
f 8630 10797 559
f 558 11584 2712
f 2948 4563 10254
f 1194 8541 1599
f 1917 6595 5815
f 1386 9323 11590
f 5818 9443 6368
f 562 289 6675
f 301 562 6677
f 1322 9776 9935
f 8130 4902 2131
f 3404 10245 7938
f 11080 3450 7942
f 10972 1512 7031
f 10167 8179 3260
f 11455 7661 6702
f 8885 9226 11104
f 7307 4205 9696
f 9579 8057 11363
f 10041 7539 7538
f 474 9197 2563
f 3189 11701 2096
f 10425 146 11452
f 3389 5154 9068
f 1963 5413 4028
f 1251 2397 6229
f 1907 1905 1572
f 10827 9827 4283
f 9066 5154 1601
f 5971 3347 1769
f 9775 4614 147
f 165 1773 167
f 10212 4117 2129
f 9775 9777 6109
f 5861 10484 432
f 3394 1742 9719
f 7216 2207 9120
f 6124 11040 10452
f 1638 7925 2500
f 10563 500 578
f 1657 2469 7799
f 6965 7912 9463
f 10454 10172 10451
f 5399 9453 7071
f 7580 5562 10698
f 8167 547 11815
f 1127 7293 6879
f 7989 5961 55
f 867 6488 7019
f 8623 2097 7917
f 10201 8119 1207
f 8560 11808 5273
f 1165 4135 8486
f 4511 10086 9208
f 11265 7701 7698
f 6068 7972 6238
f 8889 8887 7526
f 1715 1409 10210
f 5810 7580 1295
f 6588 588 9174
f 10653 11730 2641
f 2928 11712 1740
f 2788 981 8135
f 5551 3251 6092
f 7750 6863 5551
f 8266 11799 11230
f 5069 8611 1088
f 1029 9058 9060
f 1625 4069 6844
f 698 8770 2317
f 698 3758 8770
f 9108 7637 3925
f 9512 11490 11496
f 11258 8456 11254
f 2203 11522 1456
f 4876 1658 5757
f 996 5647 8870
f 2965 3127 7258
f 5305 4879 4264
f 1964 6057 12013
f 9578 4536 4455
f 391 11575 11573
f 3749 5425 4088
f 1729 4229 1206
f 3230 4748 2593
f 6210 2018 5373
f 8561 2088 9228
f 7281 5145 3718
f 8703 3453 9013
f 10980 5806 10487
f 1613 7796 5733
f 1279 8720 2625
f 10663 5484 3430
f 3998 1769 3347
f 10960 11708 9733
f 6188 3428 1676
f 6589 8702 3540
f 4854 6003 6954
f 393 5776 8600
f 2227 862 6716
f 9969 6456 8902
f 10973 609 7603
f 7807 2216 1757
f 10674 10671 10819
f 7649 9098 9096
f 8741 4107 8550
f 2645 11198 1991
f 2166 5447 8784
f 9057 5158 5406
f 11545 613 10259
f 6691 2149 6634
f 4736 5492 505
f 11224 6784 11100
f 617 11981 7588
f 6099 2478 4954
f 5313 5876 738
f 2917 1483 3049
f 1940 617 9728
f 7008 4553 5347
f 5321 1812 8249
f 1469 5321 5501
f 2139 4112 6367
f 1843 3469 2139
f 9433 1867 10349
f 2618 8759 6614
f 621 3381 11562
f 3378 3200 814
f 622 9360 1605
f 3113 10253 435
f 1287 1285 3684
f 4657 3466 4123
f 4496 9295 7232
f 9295 6027 11728
f 10747 8347 10305
f 4779 11049 5671
f 1835 6003 4854
f 4477 1124 1865
f 5588 4852 5502
f 10355 6477 9055
f 4844 3046 7087
f 4554 7085 1252
f 5784 656 7582
f 9621 10894 10440
f 570 10342 1963
f 461 3424 10083
f 631 2415 7729
f 919 9987 5934
f 7297 10852 10850
f 967 2547 8196
f 6018 5164 6016
f 281 6016 287
f 8683 1517 2573
f 5945 4011 6203
f 1064 7340 2936
f 5911 11968 2934
f 9413 636 9142
f 2701 4064 4582
f 9536 4942 9587
f 2758 6778 2233
f 2488 5372 10935
f 3318 8180 5246
f 4360 6645 5524
f 4360 9990 3340
f 9280 9953 10951
f 5549 3632 944
f 11662 11665 5816
f 2332 5306 8631
f 759 5973 642
f 4474 10554 1986
f 182 4892 1716
f 1718 1716 4892
f 319 11678 4961
f 9434 531 724
f 5766 6406 10885
f 5634 6546 2109
f 1507 3277 327
f 644 3277 1507
f 3625 2611 647
f 2442 982 984
f 3730 5038 4620
f 7916 7396 8641
f 9652 486 5266
f 1062 9647 9650
f 650 9962 6195
f 640 5480 1271
f 7900 2623 6339
f 1796 5702 2772
f 8001 11328 7350
f 462 9613 11384
f 6728 2783 9069
f 3285 3580 3289
f 2957 4284 10236
f 9289 5064 300
f 7586 499 6550
f 276 8906 8910
f 7582 656 10874
f 1996 6555 6554
f 569 10724 9596
f 8295 624 3454
f 442 10678 658
f 9445 1487 3861
f 1662 659 2501
f 3873 2768 810
f 156 1218 3744
f 9584 160 2045
f 138 2465 7572
f 2138 11473 3444
f 4244 7577 2206
f 11432 11434 4313
f 6779 7483 143
f 2976 8335 4679
f 2345 1664 415
f 10742 8561 9232
f 212 2657 5699
f 7626 4905 6951
f 262 9831 9833
f 3149 10407 2362
f 667 490 5697
f 2657 212 11838
f 2603 2944 1694
f 3258 10782 10169
f 2197 2154 927
f 10849 5039 10722
f 6129 224 7791
f 6131 4905 7626
f 671 1961 7818
f 10692 7378 2790
f 10488 989 6996
f 566 3352 1096
f 4192 5492 4736
f 618 7077 8918
f 6263 4640 3860
f 6437 6439 6446
f 8618 675 10507
f 511 9250 11900
f 5227 1505 7088
f 2224 1622 7505
f 3025 164 3098
f 2157 3514 5073
f 358 1531 1505
f 1936 3631 7514
f 10264 2061 5127
f 9264 1154 5205
f 8865 8867 6934
f 7482 8626 4504
f 6326 681 5517
f 4653 9691 1154
f 6743 1529 6794
f 4095 3224 9327
f 4651 5024 8920
f 5561 4203 120
f 5291 1055 11446
f 2302 1169 7555
f 10763 8811 915
f 6501 4266 7131
f 9101 9108 3925
f 2302 11208 1169
f 5166 4535 672
f 9158 10551 6337
f 3537 8296 688
f 3079 2357 6067
f 3292 9807 9805
f 2228 11815 547
f 11121 11879 10544
f 6696 2357 3079
f 8703 691 7259
f 7261 6589 3540
f 4631 3800 9648
f 10562 8984 7553
f 4121 6759 1804
f 1841 1804 6759
f 7919 694 2
f 2445 44 1678
f 10323 10862 10860
f 4215 1012 4592
f 2788 198 3485
f 8135 198 2788
f 694 7919 2445
f 6564 6427 24
f 3927 3964 1981
f 1082 5486 2330
f 413 8318 10144
f 9321 8421 1019
f 700 2481 2475
f 2109 8207 6757
f 699 10237 3830
f 7069 10136 10031
f 9297 6374 702
f 604 6885 482
f 1122 587 9166
f 1001 2370 10158
f 9940 8188 8646
f 4114 5831 5474
f 9034 1637 7999
f 7686 10574 802
f 2203 1456 2418
f 9810 11236 11006
f 11961 646 7664
f 7620 327 646
f 4427 1327 2955
f 5640 3737 1070
f 349 7459 1780
f 713 2709 1780
f 708 10275 710
f 2277 5214 632
f 11341 3985 10931
f 8307 7280 6204
f 5703 8145 10325
f 560 9009 1317
f 1780 10095 713
f 711 7801 6424
f 4860 4015 4014
f 2678 2808 2674
f 6097 715 8160
f 715 713 10095
f 6831 4274 11936
f 11936 4274 1258
f 717 10431 10428
f 4221 6729 5271
f 10818 718 10817
f 5193 4122 3529
f 11677 4977 1921
f 4023 7863 7441
f 8889 7526 7534
f 11060 11714 586
f 5385 3119 6280
f 11146 3162 2826
f 5358 446 10580
f 3431 11998 5992
f 9162 5629 6821
f 9160 11362 3414
f 2256 319 3767
f 4611 4609 312
f 782 725 11542
f 11393 8834 2898
f 3360 3358 726
f 2592 8616 3362
f 2717 7602 5804
f 3097 12017 105
f 728 11465 155
f 9644 3027 5987
f 5419 5421 1400
f 8896 1525 8515
f 8900 9141 5942
f 10743 11510 2785
f 5117 6392 731
f 9102 6308 9857
f 10984 732 1829
f 11510 2202 1060
f 919 7189 9987
f 919 723 8394
f 2379 736 2377
f 9266 5284 11752
f 7186 9301 851
f 2741 576 5106
f 2377 736 8593
f 9382 11048 11052
f 11710 8084 1178
f 3508 1097 8084
f 6890 7629 11035
f 3430 9270 2346
f 681 6377 10233
f 10233 10685 10683
f 10798 11606 10754
f 7305 7948 8151
f 3773 6043 4203
f 5353 6572 6330
f 4894 2612 742
f 9576 10334 5386
f 11296 743 8878
f 6196 6387 4470
f 6712 6710 8697
f 5191 2099 10285
f 2593 2356 1451
f 3718 11291 8838
f 4073 2531 3421
f 476 9028 1608
f 10204 11618 9827
f 8699 954 3100
f 5403 9514 9518
f 2067 10224 6434
f 2884 6156 1372
f 5169 1660 6123
f 750 9796 627
f 2394 1833 4698
f 751 2446 2905
f 2075 339 6924
f 752 1967 6366
f 9443 9688 6368
f 1924 2567 4957
f 1463 9651 751
f 8527 9387 11126
f 1560 10237 699
f 2217 3021 1764
f 4953 4957 2567
f 6636 8651 8649
f 1121 3416 4778
f 1463 6123 9651
f 9651 343 347
f 2136 3739 9722
f 8092 4751 8994
f 3842 4132 4562
f 400 10755 1975
f 2398 2134 139
f 7543 760 7220
f 2310 761 6082
f 2997 993 3156
f 7421 2152 7422
f 2323 2150 5250
f 7976 4434 4435
f 5177 1179 817
f 764 4034 3980
f 2148 762 1500
f 11311 8672 765
f 9095 5718 9093
f 766 4034 764
f 1139 4883 4881
f 10785 3681 6309
f 11311 765 8089
f 9776 10614 768
f 4969 6580 7493
f 9914 10619 5809
f 9868 8746 11135
f 5491 7197 11779
f 767 3825 10338
f 7195 9844 11609
f 8440 8442 1357
f 6026 2305 10740
f 4513 8378 5659
f 773 2430 2428
f 2130 2692 2432
f 1477 5622 9271
f 835 11103 2729
f 3756 1707 5212
f 5423 11385 1837
f 199 10898 776
f 3342 8184 3791
f 4580 2795 2487
f 2301 7497 9411
f 1118 1083 3152
f 3527 3188 4178
f 2560 3004 4924
f 8106 5129 8048
f 11522 4990 7880
f 12018 5162 121
f 781 5959 2554
f 666 1586 7929
f 6142 2102 3064
f 6668 838 10043
f 11933 10281 3907
f 1651 1283 10280
f 7486 3435 5977
f 7076 5662 3040
f 785 10289 8597
f 8947 9897 6905
f 4605 10978 11176
f 2438 2835 6726
f 6768 6836 1668
f 6311 11418 1317
f 2127 3677 574
f 2911 3678 6410
f 4763 10349 5745
f 10373 5743 712
f 6259 386 5559
f 9032 2892 9036
f 2016 791 2123
f 6802 4374 4347
f 11038 5631 4070
f 10697 7475 10695
f 3106 395 7327
f 4219 1270 8709
f 2314 4987 1220
f 6581 7188 923
f 11368 11376 10197
f 549 4170 8392
f 4752 6522 9838
f 1626 7044 5387
f 2615 9464 3783
f 2600 3143 3145
f 8816 7044 1626
f 9290 6058 6857
f 7133 1894 9811
f 2090 10247 6198
f 9632 3159 3161
f 11462 10379 7041
f 5247 6000 3395
f 10247 5913 6198
f 10574 8803 802
f 7095 7357 6686
f 5401 748 5404
f 5261 6978 2614
f 89 2052 6577
f 8303 84 8301
f 4843 805 9945
f 1227 7015 4406
f 7440 3454 624
f 8923 4440 7364
f 11664 8069 11415
f 11649 4513 532
f 8921 8602 4714
f 4912 6320 8607
f 9093 2914 8713
f 3439 3535 6315
f 3873 810 11978
f 2466 2468 3994
f 811 9292 5829
f 10526 8446 2476
f 4591 4108 8906
f 11172 6728 9069
f 8900 8898 9141
f 4262 6843 5918
f 11168 8023 3568
f 3376 3378 814
f 2669 8449 9721
f 661 2465 2287
f 2753 3524 172
f 1857 8551 9774
f 5182 3446 11478
f 7389 11478 3446
f 6711 9710 818
f 6993 6089 10641
f 9908 819 1955
f 819 822 1955
f 11633 5799 5951
f 6000 7550 3395
f 10011 9684 6789
f 1407 9309 9502
f 1980 9818 1891
f 2745 1980 5755
f 3771 443 1371
f 11964 5779 3158
f 8732 7406 8338
f 1458 4000 9996
f 3496 8348 4973
f 3496 4973 1484
f 7521 7819 9767
f 5651 4020 9412
f 2067 6432 2921
f 2462 10926 5023
f 4139 11321 592
f 1691 10684 7714
f 5651 1416 6688
f 2733 11703 819
f 6350 6344 10524
f 1913 1384 425
f 2188 2314 1220
f 7111 9712 1144
f 291 7832 832
f 1967 752 9248
f 5287 7438 11632
f 546 3562 6744
f 273 2012 11487
f 2250 1818 6796
f 6744 3847 546
f 5622 5350 8573
f 2751 2752 8470
f 3350 6704 3348
f 498 8578 7530
f 6292 1504 6294
f 725 782 9126
f 6344 3943 10521
f 5053 839 8768
f 11768 10388 8768
f 7604 7561 4022
f 7770 7768 4207
f 11357 2146 10532
f 8549 5886 6895
f 520 6361 4357
f 6365 2332 3498
f 4126 4132 3842
f 10840 8886 5126
f 4474 10559 10554
f 11648 481 7905
f 845 1249 5208
f 578 4593 10563
f 2199 2627 2460
f 11330 3584 9273
f 11101 10230 10232
f 7933 3768 849
f 1506 10163 10161
f 2878 1039 5426
f 849 3768 847
f 1006 1905 847
f 6098 850 1968
f 11843 4756 10523
f 8065 851 8728
f 2111 3766 3036
f 623 852 162
f 3517 1350 1573
f 5950 4196 3449
f 2901 3449 4196
f 6797 854 7182
f 9539 1518 8624
f 2507 3089 7185
f 8676 1642 4071
f 4152 3979 6650
f 1230 3328 3326
f 6232 1115 6230
f 5504 4807 6376
f 858 6017 2668
f 3075 891 2667
f 918 2300 377
f 7373 9373 7368
f 10878 9678 3992
f 6512 9543 8884
f 7899 7400 9763
f 9613 11386 11384
f 2225 5298 2223
f 1294 1515 9545
f 11328 8001 1821
f 9932 9334 6966
f 8966 6196 6194
f 8111 6512 8884
f 5792 5791 4850
f 4569 6402 10593
f 4426 943 2026
f 7401 10077 6909
f 11216 9748 6812
f 513 3391 67
f 9614 5399 7071
f 10468 11189 9941
f 8314 9339 6584
f 6632 1459 8767
f 6563 3767 6561
f 5270 1507 6526
f 9504 3497 9502
f 4307 517 1726
f 7073 4505 7404
f 874 9280 10951
f 8531 873 8529
f 1336 9210 9871
f 10610 10527 4759
f 10128 664 10936
f 2482 875 2480
f 2484 5583 3999
f 7394 7129 6608
f 1012 10353 10999
f 3558 9083 4003
f 445 3784 1956
f 7602 7600 8773
f 78 1273 1799
f 879 4689 7471
f 3049 1483 4956
f 10848 1373 880
f 9947 2184 4428
f 9916 2820 9563
f 10469 2848 10471
f 3403 882 5727
f 5195 7645 3999
f 883 423 6113
f 9373 5388 7368
f 10771 2974 7120
f 12010 10427 5901
f 6790 3589 6158
f 379 1677 6798
f 3990 5451 10030
f 1495 11425 3988
f 885 11315 4865
f 5910 6169 6162
f 7616 11985 4703
f 8883 4934 7496
f 889 7168 11620
f 9977 8115 1871
f 5404 9516 8963
f 9616 9961 9816
f 3735 6462 3732
f 5643 3737 2551
f 11042 7792 11045
f 2560 6318 6332
f 1080 893 8755
f 2455 6780 6779
f 566 1096 8815
f 4740 8817 7539
f 10596 6558 1414
f 5372 9562 7140
f 4103 5683 4101
f 527 1944 1404
f 4614 7962 147
f 5790 7136 9482
f 1713 2444 7362
f 1784 3906 4999
f 4825 2106 4827
f 3306 6836 7946
f 10572 900 7699
f 568 3404 7938
f 4430 4062 4018
f 2054 2607 4430
f 10223 4324 606
f 3081 3539 3542
f 6174 7923 6190
f 10152 11956 9591
f 5966 8117 6550
f 11781 4522 9261
f 831 8173 7091
f 1606 1996 10305
f 2373 906 507
f 7148 7992 756
f 2909 10804 6412
f 10220 5495 6953
f 9580 908 7457
f 4580 9195 2795
f 909 1751 6871
f 1544 1338 5050
f 6144 9011 1811
f 11130 7494 5540
f 7523 9635 10991
f 6873 6875 4351
f 11130 5540 930
f 7365 3254 2245
f 1733 2972 3901
f 828 8458 7284
f 4916 7365 2245
f 1614 6208 11546
f 8737 3094 5172
f 3043 1165 4267
f 9715 2034 10358
f 1784 4999 596
f 7291 6032 2957
f 11274 3455 5077
f 4052 4237 4054
f 1731 4044 374
f 8114 5934 5933
f 1188 1537 8220
f 7665 11350 7319
f 2523 11746 1355
f 6271 7384 6273
f 3861 6540 590
f 1356 2523 1355
f 1532 2529 4680
f 4987 6735 1220
f 10880 8298 1548
f 6451 3865 10497
f 4413 7766 10196
f 8820 925 9433
f 6651 7929 1586
f 3984 3392 2738
f 431 10165 8959
f 8694 2220 8336
f 8336 669 5843
f 2418 9419 928
f 9217 9045 9041
f 5047 6507 9397
f 9796 5065 627
f 914 1680 2243
f 10445 2029 6356
f 3796 931 3795
f 3041 6947 6334
f 8254 5835 932
f 4873 10400 10403
f 1473 6223 6221
f 2641 2215 5639
f 7885 265 8282
f 6125 7791 7170
f 7039 6219 10088
f 8255 9595 4331
f 11476 3615 11479
f 5379 3564 10977
f 2875 4277 1118
f 2382 942 938
f 2641 4838 5906
f 1816 3153 2260
f 2128 7185 2031
f 12015 11314 7007
f 8255 3441 2534
f 2264 4407 2644
f 7790 1053 10810
f 3550 11076 4557
f 4407 2266 1814
f 6991 2266 1816
f 2026 943 5004
f 5810 1295 8726
f 3632 7682 944
f 8124 4523 3511
f 1840 2412 945
f 8098 11319 11317
f 6599 3142 6601
f 8304 414 1582
f 5502 4852 8990
f 1870 73 11259
f 9138 772 9975
f 9971 8985 5238
f 4771 8911 5008
f 7243 7241 7245
f 6292 2989 1504
f 2431 7681 2429
f 1382 185 3512
f 185 1382 5276
f 2431 952 7681
f 9207 3698 7292
f 7741 3815 1666
f 3857 9132 1991
f 3100 954 7548
f 3113 435 9081
f 7910 9739 2218
f 7632 10100 516
f 1585 9662 254
f 6633 9760 9664
f 2771 6270 7883
f 2969 5078 9431
f 11925 8723 960
f 8997 6051 1516
f 7872 2654 2323
f 3489 673 4654
f 6854 4940 3180
f 6102 2618 4528
f 11862 10124 8431
f 9719 3602 4823
f 11436 4812 10822
f 8319 8321 4195
f 7939 2058 4781
f 7939 4781 8944
f 4849 4847 4917
f 9430 1639 10767
f 6122 7312 6119
f 3716 1391 427
f 3184 5349 3475
f 7254 11722 10339
f 1551 5026 3875
f 3970 7540 6114
f 11300 11303 2572
f 7814 11762 10924
f 2336 11088 971
f 4962 2119 2114
f 10539 8772 3816
f 9219 3362 6803
f 3287 3285 3289
f 974 7451 1636
f 7127 3795 931
f 11631 1399 9619
f 973 8261 2938
f 8261 7624 3065
f 3028 11090 3651
f 2114 2119 11090
f 8246 1866 4586
f 3886 749 5914
f 3093 1431 5476
f 8758 2415 9756
f 977 2408 7274
f 2062 6867 7877
f 3500 7423 10881
f 1281 11560 2562
f 6805 4603 1826
f 3014 2294 2296
f 2168 647 4545
f 5447 1072 979
f 4397 981 10378
f 2153 5587 2155
f 984 982 5618
f 980 5615 3355
f 5526 983 8800
f 10029 10030 5451
f 10815 7691 4775
f 2531 2528 6532
f 985 5929 6534
f 985 6534 2526
f 1189 986 6084
f 6086 9167 3868
f 10782 3258 10783
f 565 2944 5769
f 6853 2534 1528
f 2534 276 8908
f 7005 2183 7318
f 9188 8823 2343
f 6055 7684 7793
f 9057 5406 9455
f 991 6419 390
f 10048 5435 5433
f 6655 990 7619
f 7622 9037 6173
f 759 945 2412
f 759 8436 5973
f 8125 11142 4633
f 9060 9058 6139
f 2760 5675 11386
f 2180 5721 652
f 2906 5645 8088
f 9012 9944 6542
f 11886 4463 1890
f 692 2360 3800
f 1323 1301 11621
f 1662 2501 7928
f 5857 4725 999
f 8390 5857 2079
f 8185 4784 8960
f 10530 7416 7590
f 3599 4974 6600
f 1919 8747 9623
f 4289 344 5123
f 3006 1192 1004
f 11376 9281 10197
f 9727 1120 1235
f 5244 1776 9136
f 2719 3343 6422
f 2857 5146 5149
f 11635 5970 747
f 4945 10021 5932
f 1491 431 5446
f 3065 11130 930
f 1370 3451 10995
f 11160 289 8425
f 301 11160 8425
f 7715 7666 6628
f 4370 8479 10138
f 1010 10788 7267
f 1010 6545 3982
f 864 1011 4451
f 10063 1455 9768
f 6608 7779 7394
f 8259 10164 8257
f 4367 3662 4365
f 3957 3662 4367
f 6647 6302 4588
f 6001 3023 3296
f 9327 5235 4098
f 6489 6491 8648
f 5202 10631 5110
f 3852 2913 11648
f 1017 11268 11266
f 5044 3228 9400
f 4280 115 114
f 1878 7544 9161
f 4462 7132 9689
f 5314 10134 10131
f 10727 1025 6798
f 4249 8369 1472
f 134 1021 7531
f 7529 2396 3586
f 1675 4337 9586
f 2291 1673 3943
f 46 48 9893
f 2448 1845 68
f 10606 4559 4561
f 1020 1135 8810
f 1025 1137 2677
f 2094 10606 4561
f 9814 10432 5711
f 5752 6655 7621
f 11655 11653 5468
f 6323 7955 4686
f 4516 1028 11689
f 3606 9255 394
f 1031 1211 1029
f 5303 3087 2508
f 8275 8401 11435
f 5471 6869 3227
f 5396 4739 1031
f 1031 4739 9787
f 8351 1032 3996
f 8601 8609 4714
f 1033 1691 7714
f 4139 592 5063
f 1032 1034 3996
f 806 8141 5923
f 2513 5063 592
f 3166 1033 10366
f 3072 2590 7180
f 2279 1031 1029
f 8995 174 1037
f 8586 9410 6825
f 8186 2764 8495
f 2895 8495 1225
f 848 3653 3142
f 7895 1503 1985
f 537 7829 9993
f 11032 8234 11030
f 5884 174 8995
f 9306 8789 3546
f 388 7709 4506
f 10427 5081 5901
f 1043 6680 4812
f 8772 10539 6682
f 5901 5081 5084
f 7352 1045 3595
f 1044 5899 3650
f 7060 7437 9825
f 10900 205 8053
f 463 3276 8797
f 4725 5541 4723
f 10307 8613 8919
f 1048 54 39
f 10096 7689 2366
f 1049 10130 10132
f 10655 2582 8453
f 9618 6967 1050
f 3424 461 630
f 9561 10810 10402
f 9466 6915 881
f 9039 10426 480
f 4324 8239 3248
f 2746 6433 9472
f 11250 539 10639
f 4676 11211 6963
f 6826 1559 10201
f 6846 10662 10566
f 6846 4152 10662
f 8157 7277 10700
f 9836 6699 9834
f 9338 8345 1057
f 9641 11711 7737
f 6189 1440 10262
f 3005 4133 2068
f 2732 1059 10320
f 162 3517 10040
f 2785 10457 813
f 10121 8312 8431
f 1059 10318 10320
f 10668 5370 6367
f 6710 11163 3102
f 2207 4816 4835
f 7644 2434 8490
f 5979 609 7605
f 5927 2936 2049
f 7924 11342 629
f 1231 8200 1752
f 5552 5163 9547
f 1066 2040 3388
f 10888 4157 10886
f 7809 6441 1067
f 9823 10235 5094
f 9368 9481 1068
f 9182 5034 8136
f 5872 10479 9746
f 1541 9156 10759
f 2749 5640 1070
f 3856 2037 11199
f 10758 8825 1071
f 9746 10479 7288
f 3351 9172 3196
f 9156 3370 7016
f 8353 8355 4471
f 9286 9284 4315
f 3353 1077 1074
f 9981 10759 982
f 2168 4545 6912
f 9169 3359 3353
f 1069 1674 1706
f 7048 9734 5691
f 9448 1074 1077
f 3361 3700 3363
f 900 7417 7699
f 4078 7362 8971
f 1079 2883 2064
f 7845 5296 4603
f 6777 2916 5845
f 140 2354 4598
f 9988 412 6588
f 1648 3618 3627
f 2330 3585 1082
f 2473 3585 6751
f 6853 1528 9950
f 3620 3618 1648
f 11676 10801 1875
f 8006 3029 4946
f 3620 4277 2873
f 3616 3620 1648
f 1086 1368 457
f 2108 3273 6087
f 3951 5682 1087
f 3951 5740 2110
f 2546 4568 3947
f 6634 2149 7750
f 10472 8895 770
f 9442 11256 10482
f 11911 11888 10489
f 9191 11969 4239
f 3879 1062 9650
f 2320 7944 1103
f 10489 9572 11911
f 8488 11450 7331
f 8270 8267 6880
f 3646 3650 2263
f 10408 1257 11460
f 10412 10332 6981
f 3612 1275 8116
f 2365 1978 3611
f 3352 5824 1096
f 803 2182 3898
f 7503 1097 3176
f 11929 8688 5221
f 9226 8885 1098
f 4085 2616 7630
f 10178 6061 8376
f 4484 3110 703
f 1100 6590 7473
f 2182 3896 3898
f 864 4451 4291
f 5319 5807 4453
f 10052 8978 1253
f 11501 4625 4092
f 1103 3721 11893
f 3855 6950 2463
f 7427 7219 1526
f 1472 8582 7219
f 3443 6790 6158
f 9802 451 11153
f 11068 11070 4303
f 3772 4303 3801
f 10425 1612 146
f 5584 11701 3189
f 6543 3603 9517
f 4303 6543 3803
f 9378 4871 6575
f 6448 2509 6449
f 12008 409 11795
f 11989 6912 2166
f 7749 3253 8041
f 8041 3253 7754
f 6621 1820 5019
f 2255 2440 2011
f 987 5025 6551
f 9265 6524 9269
f 988 4994 1114
f 8255 2534 7082
f 3123 11262 1115
f 8797 3276 1046
f 10411 1146 3600
f 5995 2248 4190
f 2641 2261 2215
f 4407 4994 2644
f 3365 988 2539
f 3365 2539 1117
f 1148 3915 2147
f 10411 3417 2864
f 1003 1120 9727
f 1047 9882 4403
f 1121 5288 4555
f 4315 5255 4328
f 223 9577 3599
f 7495 1792 1637
f 1123 4017 1027
f 5039 8694 10722
f 4650 5371 3412
f 2122 3237 11164
f 11892 6425 694
f 11598 9476 7569
f 11164 2541 11228
f 9010 8518 7854
f 7293 1127 3978
f 1709 2187 3748
f 2118 2909 6412
f 3398 3401 1777
f 7717 4760 1129
f 4500 8049 2392
f 11283 7990 1203
f 5490 2932 4490
f 8980 545 8901
f 8456 11835 11254
f 2932 5490 1873
f 4488 4490 2929
f 6673 9421 7430
f 3860 4640 8286
f 3655 1457 3774
f 1453 1130 2637
f 5059 8810 1135
f 1024 5059 2095
f 7658 1136 7660
f 514 2637 7988
f 2092 1673 2291
f 4212 2307 1024
f 2353 8698 5055
f 10917 8633 4616
f 2173 11706 8918
f 2656 5252 1647
f 6257 387 1140
f 11112 8849 5181
f 4748 8169 3587
f 1394 476 1608
f 10571 11011 11009
f 521 8347 8579
f 3507 1145 1013
f 5281 2083 5282
f 9712 1932 1144
f 1932 11011 10571
f 1145 1953 2566
f 1143 2996 2993
f 10411 2864 1146
f 2845 1150 2247
f 1147 397 4988
f 3507 2081 1145
f 3264 2615 2247
f 2866 2247 2615
f 1149 4730 10818
f 7361 3505 4730
f 2248 9803 6617
f 2248 3059 1148
f 2237 2963 910
f 9228 2088 2290
f 2288 1868 1151
f 2288 1151 7433
f 3057 1119 2147
f 2483 6617 9803
f 2606 11619 8749
f 5880 5101 5103
f 895 1414 758
f 893 758 8755
f 9008 9548 1156
f 1624 6939 4142
f 452 11559 1157
f 2488 638 8264
f 1158 9992 1155
f 1157 11561 6832
f 2109 6757 6755
f 11676 4418 10801
f 1134 2637 1130
f 2637 1134 7988
f 6407 3184 3475
f 3572 2803 5308
f 9479 3397 4064
f 3823 4243 3420
f 8866 7891 1163
f 1160 1163 7891
f 4041 7255 472
f 7257 5466 2309
f 10148 2179 8937
f 7314 5573 5571
f 9415 217 3624
f 10989 2617 9414
f 10572 4260 10561
f 5405 7809 9478
f 2636 6426 10265
f 8370 9415 1166
f 7026 7030 7028
f 7557 3061 11663
f 11857 1170 5267
f 2742 1307 4617
f 10935 638 2488
f 3107 10979 7461
f 6118 10422 1172
f 6302 4776 4588
f 537 2805 5692
f 9993 7995 537
f 11154 3576 9682
f 1177 6983 6937
f 1175 11879 11121
f 5499 8704 1759
f 11291 3537 2072
f 7261 3540 10906
f 5460 6877 1177
f 6884 6881 2666
f 8091 7500 9116
f 6739 649 10491
f 7220 3377 7543
f 141 2136 8059
f 5594 11633 5951
f 4826 2713 8842
f 11002 3740 8096
f 6525 6289 4472
f 11485 1182 4949
f 4129 2036 5315
f 7062 5889 408
f 4652 6447 2385
f 412 9988 7176
f 9463 7912 6842
f 240 8313 1185
f 240 1185 7640
f 11769 8475 8477
f 7708 7007 5860
f 4469 7287 5869
f 5867 508 10087
f 11831 1188 8220
f 8306 9489 7187
f 9954 2518 10734
f 8307 8157 10700
f 457 8951 1086
f 6603 8557 4868
f 1191 3985 5224
f 1056 2716 1191
f 1002 1004 1192
f 4422 2543 350
f 6316 8775 5002
f 6790 9883 7162
f 11601 666 1410
f 286 11601 6675
f 8128 7161 2574
f 3010 6169 5910
f 7917 2731 8343
f 4986 7672 6826
f 3129 5157 1197
f 3286 3105 5159
f 5040 310 2051
f 2051 8310 5040
f 2894 9870 6106
f 64 4198 11907
f 305 1200 11506
f 2156 3105 11506
f 1201 1128 3993
f 1201 1779 3398
f 1202 4104 4260
f 9198 3064 5642
f 1203 907 11283
f 3995 3993 1128
f 6920 10493 2573
f 6639 5394 5291
f 2904 10780 1631
f 10647 2575 7506
f 4238 4226 4224
f 427 3720 3716
f 10201 1207 9888
f 3541 9890 5378
f 1963 4028 570
f 7272 9486 2699
f 5464 8777 1877
f 2193 1247 2082
f 6143 7666 438
f 8017 1897 9170
f 1211 7889 1164
f 472 3934 4041
f 4848 1212 4340
f 10272 10683 10685
f 8017 2978 1213
f 7668 8756 7010
f 6253 122 7321
f 5624 10107 10105
f 1215 5418 5422
f 4349 6216 660
f 3535 2915 6315
f 10105 10107 7797
f 1566 4515 7822
f 10284 7823 10286
f 11564 8427 2983
f 10657 5422 9629
f 1219 10570 11859
f 4591 6548 4108
f 10655 7748 2582
f 923 4518 7746
f 9411 9416 10050
f 9783 5209 8108
f 6577 1222 81
f 6577 2052 8301
f 3555 1223 192
f 179 2555 191
f 3809 1224 132
f 5705 10001 5835
f 8533 2895 1225
f 4738 3973 8535
f 3575 10351 2959
f 1224 11457 132
f 9812 10633 1227
f 9488 7622 6173
f 4531 8708 8706
f 6887 2421 668
f 1229 3244 11125
f 5053 8768 11125
f 1859 2668 1230
f 2668 6013 3561
f 2186 3298 1231
f 7014 8829 5776
f 1918 5832 1916
f 7889 3901 1164
f 7081 1233 7079
f 7081 4912 1233
f 828 9051 1238
f 11643 830 10684
f 8747 7357 1693
f 7357 7650 6686
f 2722 830 2221
f 1879 2695 4411
f 7938 10245 1738
f 9226 1098 10676
f 1879 1234 9049
f 9049 5320 1879
f 5143 1239 3593
f 5935 10232 10230
f 1232 5828 5826
f 9051 10684 830
f 10182 3161 7283
f 3593 3590 10180
f 1918 6709 5830
f 5830 10045 5828
f 1501 7142 2086
f 4063 2084 2082
f 7018 5162 12018
f 10651 8901 545
f 3590 1245 2111
f 1245 1239 5251
f 5567 2350 5915
f 11499 11496 11490
f 1247 714 4056
f 2086 9957 1243
f 1758 5915 9351
f 6416 515 1736
f 5208 1249 11129
f 7614 8163 1249
f 7684 3729 7793
f 8178 9233 4483
f 3165 3164 714
f 1249 8163 11129
f 7926 7089 8527
f 8530 4995 1539
f 7575 7431 5667
f 8978 7431 7575
f 2515 4056 714
f 10866 8590 7383
f 9942 8088 8090
f 9823 5094 5092
f 1243 5597 2297
f 3164 1900 4858
f 1257 8488 7329
f 10713 5429 11440
f 10948 11936 1258
f 7463 7826 8568
f 11375 5908 1140
f 9566 5482 8228
f 2958 7826 7463
f 8446 5256 2476
f 7027 12008 11795
f 4394 9514 6091
f 6620 1262 6619
f 7340 8162 2936
f 10837 4908 10835
f 4581 7163 11945
f 10630 462 11384
f 8132 672 4535
f 122 6957 7321
f 11650 7515 11645
f 10764 6063 1266
f 1715 6992 6321
f 11898 5237 3269
f 7635 9088 5241
f 6949 11093 1268
f 5944 1162 2070
f 6880 8267 1269
f 1954 10078 7758
f 7660 1136 5912
f 5925 11213 580
f 1271 5480 3121
f 9097 10694 329
f 9786 7355 9875
f 3025 5049 164
f 10945 8367 8317
f 8363 10990 8367
f 1276 8025 164
f 3568 8023 8025
f 1275 3758 698
f 2330 3964 3583
f 1274 1276 164
f 1848 2176 1274
f 5746 1277 5119
f 1028 4516 6883
f 3376 1848 1278
f 196 4636 1278
f 6587 1279 2625
f 6587 9159 8722
f 5516 2417 6464
f 9753 1253 9758
f 1534 1272 1290
f 1534 3206 4675
f 6464 2417 7616
f 5793 6795 2703
f 4254 6006 1283
f 3053 3689 7330
f 4931 4699 4934
f 5793 2703 4697
f 9774 8551 8539
f 3689 3551 7330
f 6415 1286 1282
f 5519 7607 1402
f 8358 4318 8544
f 4767 184 8981
f 9843 6463 11818
f 6803 3239 5090
f 8358 3203 4318
f 1290 3206 1534
f 3208 1289 3206
f 4320 3208 1982
f 2739 11340 2741
f 4186 2736 2739
f 6803 3139 970
f 3139 6803 5090
f 6552 1293 816
f 9128 816 1293
f 9768 3867 10063
f 4615 6451 10497
f 7166 9123 5658
f 3722 4153 8402
f 7526 7528 7534
f 7743 6068 6064
f 6089 8761 10641
f 484 8469 11848
f 5958 2710 1650
f 5958 6804 2710
f 8785 7344 8787
f 5882 4264 4879
f 8781 5379 10977
f 7811 5379 8781
f 2053 7230 4175
f 7230 4496 7232
f 7055 6254 1302
f 6373 9424 6736
f 10109 11535 9666
f 7056 7356 1138
f 522 1304 884
f 4978 9366 11535
f 383 348 1305
f 397 383 4988
f 3037 702 11723
f 6341 7390 401
f 406 1307 2742
f 8712 10705 4706
f 1308 9985 1580
f 5464 1877 5208
f 5898 9521 403
f 7412 1580 7410
f 11320 3422 11147
f 7474 9007 9
f 7778 1311 594
f 2906 10104 5645
f 11147 3422 5717
f 6370 2964 1387
f 6491 10522 8648
f 2368 11586 9055
f 9754 3 9
f 6672 3 5472
f 3962 9700 750
f 8608 8826 7805
f 9709 11474 1316
f 1369 11456 11458
f 2604 560 11920
f 4666 6591 6997
f 3791 8184 7697
f 2729 8573 835
f 9203 10789 11464
f 9754 5472 3
f 214 380 6014
f 5434 11025 380
f 6773 2126 7858
f 11064 8656 2100
f 6685 9776 10027
f 7191 2979 2968
f 7928 10642 9795
f 10446 4050 11881
f 852 2436 4115
f 1231 1752 2186
f 1325 4863 6613
f 3112 4097 2757
f 2123 791 1326
f 2216 7807 4075
f 318 7610 6788
f 6613 2759 1325
f 11744 7265 6898
f 611 7516 10671
f 4898 6359 11160
f 6359 4494 1008
f 11824 11822 9793
f 2318 6823 9956
f 796 6058 1331
f 7171 795 796
f 6961 4113 6820
f 1662 7928 9795
f 1333 4781 2058
f 1447 10290 1587
f 4050 2298 1334
f 7337 7325 6021
f 9069 2783 11343
f 9582 1333 2058
f 8529 873 1336
f 5206 11810 8170
f 6714 5165 8112
f 3711 2504 1339
f 6499 11891 1338
f 1544 6499 1338
f 1447 2506 10290
f 8112 5165 8110
f 503 1340 3953
f 3148 2080 2672
f 1344 2115 1341
f 3709 2786 2117
f 7625 11120 9413
f 9480 992 10790
f 4781 4780 8944
f 1344 2817 2115
f 3284 1343 3233
f 1343 3284 1341
f 1345 9847 4785
f 8069 11413 11415
f 3086 6897 11839
f 11438 6810 979
f 8200 5163 5552
f 6802 518 4374
f 1349 6760 1348
f 9156 7016 9526
f 1348 6897 5263
f 3351 11441 9172
f 9052 7110 9584
f 11176 10978 10218
f 796 1331 7171
f 4752 11753 6522
f 5246 8180 6277
f 7282 1603 7472
f 8725 7464 4770
f 8369 8582 1472
f 1354 883 6113
f 1353 4248 1354
f 7106 1355 1359
f 4420 6093 6097
f 2525 7106 1359
f 9136 10404 7324
f 4533 4236 11613
f 771 7724 11675
f 9865 7873 1358
f 519 11004 6731
f 1359 356 2525
f 5520 709 6969
f 10672 10673 3863
f 2792 242 1987
f 6437 6446 8150
f 4669 11825 10375
f 1362 10622 10057
f 10666 5872 4319
f 1363 544 8454
f 5827 8456 6070
f 133 1364 4726
f 12011 1366 12014
f 5902 5905 1365
f 9220 70 8034
f 11900 7773 511
f 7562 7481 5707
f 2213 3464 3019
f 3661 6496 457
f 5340 1368 7900
f 1367 3019 3464
f 582 1369 867
f 8216 2259 7228
f 1007 10997 1005
f 7881 6270 10992
f 11329 10423 3761
f 823 5074 4936
f 7489 9179 11668
f 2224 7505 5233
f 2614 6978 4663
f 7975 4663 2512
f 3122 3067 1432
f 1436 11603 7767
f 6731 1375 519
f 7300 7303 2570
f 7011 4845 2286
f 1373 2839 6974
f 5283 1263 4082
f 1602 11507 4328
f 7005 7318 4275
f 378 2494 1376
f 11232 8615 9009
f 5928 4527 4011
f 3553 191 1380
f 3553 1380 951
f 1381 4525 4321
f 10577 2966 1433
f 5075 3553 951
f 5075 951 3621
f 1976 940 9323
f 559 10797 2711
f 4381 1913 6943
f 4742 3480 9787
f 5738 8559 2288
f 8281 7022 7433
f 9323 1386 8175
f 10389 5267 1898
f 2964 6483 1387
f 64 7601 4198
f 6861 5932 9780
f 5932 6861 7226
f 4389 11624 4089
f 11353 1391 5941
f 7606 8667 2258
f 6491 10520 10522
f 11812 3666 9186
f 5085 3419 6074
f 7934 7927 11245
f 3408 7934 8461
f 1393 768 7491
f 5670 5672 8905
f 1394 4572 476
f 5672 1141 8905
f 1395 9706 5088
f 6852 6917 905
f 1396 3577 2592
f 11869 11866 11873
f 4247 8735 2002
f 1431 3453 5476
f 668 2421 11763
f 4686 10494 4684
f 8261 2241 2938
f 3554 9053 3926
f 1400 8769 5417
f 5747 8773 7600
f 7702 10970 7921
f 2964 8189 5386
f 4160 1402 7607
f 1691 5207 3163
f 1312 11588 3020
f 1312 3020 1401
f 527 1404 5799
f 6789 820 11821
f 187 1775 1405
f 1163 9430 8866
f 7346 10982 9193
f 6789 3897 820
f 8263 10155 11285
f 2401 8399 5680
f 5719 1405 3956
f 8386 11335 11383
f 4354 5732 4519
f 3321 4153 3722
f 666 7929 1410
f 3603 9515 9517
f 200 3243 8524
f 8522 8524 2553
f 4684 1412 6243
f 10692 2790 10688
f 1123 1027 1413
f 6243 4682 4684
f 8922 1158 1155
f 5845 5841 5846
f 11193 8604 10032
f 1527 6405 10522
f 1411 8526 169
f 11703 3069 5676
f 6259 7771 6261
f 1746 7957 3084
f 9333 8272 5559
f 3335 2893 7399
f 175 1419 2984
f 175 1275 2598
f 8036 2070 1420
f 5116 587 1122
f 935 4841 2580
f 942 2384 1425
f 4243 3823 1422
f 5559 386 1424
f 933 2358 2639
f 1755 4216 935
f 386 9110 1424
f 4590 10638 4928
f 8255 2954 4214
f 4216 3382 1423
f 7471 5762 7192
f 2482 5583 2484
f 2386 4841 935
f 4216 2384 935
f 11829 11825 7688
f 3217 11827 7690
f 6520 1429 3696
f 471 7370 7343
f 1428 9243 7808
f 8393 4634 7804
f 9800 4414 451
f 976 2198 9013
f 1374 678 3066
f 1531 1941 4932
f 11281 6050 5222
f 10940 4919 10942
f 1434 3886 5914
f 1372 1434 975
f 6312 2826 7107
f 10577 1433 11281
f 1436 7767 1892
f 5339 8158 2450
f 6155 1437 4948
f 4948 8049 4500
f 10372 7489 1436
f 3750 1892 2797
f 1439 8748 4891
f 3969 2200 2281
f 10262 11693 6264
f 8743 6541 9600
f 1439 4891 4468
f 430 4466 10664
f 10254 1442 5679
f 5679 1442 10477
f 5072 4435 7282
f 3586 2396 9061
f 6798 3751 11448
f 3592 379 6798
f 872 3047 10610
f 6107 5805 10181
f 6910 7958 9343
f 7035 543 5851
f 2117 2786 1341
f 1343 1341 3291
f 11691 2418 7943
f 6439 6442 6446
f 775 1449 3546
f 4922 186 5423
f 9848 6096 1450
f 1448 3337 11955
f 4335 3172 4333
f 10656 4335 7217
f 11587 1408 9147
f 11383 4792 11238
f 1453 10311 1697
f 1499 2244 8866
f 1130 1499 1454
f 1874 7848 1130
f 7730 1455 11846
f 1455 10063 11846
f 11522 1844 1456
f 9421 9970 9958
f 1779 2594 1874
f 1874 1130 3401
f 4020 5651 6688
f 7917 2097 2731
f 11453 5692 2805
f 10826 10828 8043
f 4028 5413 11743
f 8232 10557 8230
f 9452 4964 3176
f 3908 6296 3509
f 3723 6242 1462
f 10009 4181 1465
f 1723 5169 6123
f 1721 755 1971
f 8213 4493 1464
f 6345 1465 4181
f 3030 1464 7299
f 5137 5126 5236
f 4586 2905 2446
f 3631 2075 749
f 1671 2538 1104
f 423 1677 379
f 1468 4724 2447
f 1924 2971 2447
f 11433 8592 616
f 4691 11063 1649
f 10889 1104 1470
f 1673 11393 2898
f 11631 6762 1471
f 1806 11629 1680
f 1472 7219 7427
f 7425 1104 2538
f 3441 8255 4331
f 6785 3441 7320
f 1474 11906 7838
f 9835 6776 2463
f 4743 5199 1475
f 500 4155 3792
f 4977 3687 11875
f 3900 11170 10195
f 489 1477 774
f 8800 4731 5526
f 1478 3158 4972
f 2462 1478 10926
f 1479 10303 468
f 424 7271 1946
f 6379 11253 1481
f 6261 2556 3462
f 1481 11253 5656
f 2348 5797 662
f 11318 1482 7320
f 5992 5328 2486
f 6929 11706 2173
f 5167 11704 3250
f 2364 9118 9989
f 3761 9118 2364
f 8642 2353 5055
f 4851 3948 9359
f 4805 6376 4807
f 6936 9889 7344
f 6306 1912 10832
f 2374 10952 8950
f 8917 466 4401
f 11757 9838 6105
f 10832 6391 1489
f 3339 3388 2040
f 7679 6389 8964
f 7981 10628 10927
f 4947 10021 4945
f 4186 10021 2736
f 1087 5682 1492
f 4796 1968 3798
f 2479 6757 3905
f 3883 2827 2367
f 5224 711 5226
f 6424 5226 711
f 10821 194 9853
f 3883 10394 2827
f 2561 1496 8622
f 7383 5599 3161
f 7251 10253 3113
f 11613 11611 4533
f 2086 1243 1501
f 1243 10731 3077
f 1130 1453 1499
f 1453 3054 5018
f 1997 8750 4529
f 2003 3983 6527
f 7589 3526 1501
f 6406 1498 5842
f 4424 6901 1960
f 11621 1301 3516
f 9598 2834 11787
f 1506 6599 10163
f 3807 7930 2191
f 7932 2429 4263
f 5227 4299 1505
f 5408 369 4423
f 11787 6354 9598
f 11154 7687 509
f 1507 327 7620
f 2955 3850 4427
f 3884 1508 6018
f 1268 11093 10623
f 870 1509 3311
f 3311 1509 3013
f 9347 11656 7407
f 10604 7411 2094
f 1511 203 6772
f 9171 3791 9653
f 138 8050 8449
f 10976 1512 10972
f 140 11860 10708
f 10708 1512 140
f 868 7579 1514
f 3705 4720 868
f 1294 9165 1515
f 860 3609 1515
f 958 8997 1516
f 3643 1516 5928
f 4527 1516 10492
f 6920 10492 8536
f 854 1518 9539
f 6718 11890 2223
f 3734 7720 2492
f 9395 8899 11131
f 10905 573 1520
f 10484 10482 432
f 8639 1521 10921
f 2462 5023 10464
f 9346 3639 8318
f 699 3830 3639
f 1523 11987 10677
f 8757 9730 8254
f 7547 4149 1524
f 11660 7043 7045
f 7878 104 10600
f 5034 2270 7906
f 5936 5407 9019
f 5409 5941 9023
f 5467 6837 6833
f 6835 5467 5465
f 2292 10089 940
f 5185 1386 11590
f 9324 11402 5235
f 3116 9423 9425
f 113 1530 3356
f 2717 8093 7602
f 1531 7088 1505
f 1531 3066 678
f 357 1938 5633
f 5553 7342 3461
f 2398 139 1533
f 134 7531 10319
f 621 11562 1534
f 1828 1571 5368
f 1531 358 1941
f 1535 4423 369
f 773 1536 2430
f 1619 773 5630
f 1537 919 1689
f 1537 723 919
f 10565 9609 1538
f 9153 7445 1688
f 1539 9885 9638
f 3814 3952 7049
f 10714 1540 3876
f 11728 624 1540
f 5558 5325 4312
f 5558 4312 5556
f 7560 1542 8482
f 6269 1257 6267
f 4113 6961 5794
f 7337 4110 7325
f 1544 6393 10082
f 7541 2328 4567
f 9837 5175 7976
f 5177 5360 4429
f 10485 1546 7876
f 6195 11362 9160
f 5945 6203 7298
f 6927 3967 3875
f 481 4184 7902
f 4184 7159 5411
f 1549 7297 2800
f 8637 6816 1547
f 1552 2859 4027
f 3389 9068 4027
f 3968 5026 1551
f 10386 4007 2798
f 5132 5600 5134
f 4027 5602 5130
f 10386 1553 4007
f 6834 6768 6667
f 3692 7882 3317
f 9660 2699 9486
f 9484 1555 7959
f 573 10905 3347
f 1803 11304 5698
f 9015 9017 3185
f 9502 3502 7348
f 8528 1336 9871
f 5745 1558 10919
f 7206 9829 6854
f 10049 796 2632
f 2632 796 2564
f 10118 10237 1560
f 4554 1252 7926
f 1264 1561 3447
f 1561 6168 3447
f 7075 7070 1562
f 4597 699 701
f 1561 1563 6168
f 6168 6423 9944
f 528 7513 7662
f 4244 2206 6429
f 1042 1565 11337
f 3039 5067 7592
f 1217 807 3439
f 6317 11135 7594
f 5067 7164 7592
f 1569 9952 8497
f 6495 1566 1568
f 3752 8414 8415
f 9952 1569 8126
f 5081 11183 5084
f 768 1393 1570
f 8510 8508 8067
f 1571 1534 5368
f 1534 4326 1272
f 3085 2739 1291
f 1907 3085 7186
f 9350 162 7867
f 7355 7867 9875
f 2310 1574 3231
f 1143 2993 3529
f 11326 6379 9783
f 6379 5795 4332
f 1059 2732 9350
f 1828 7355 4141
f 4785 1577 1345
f 4164 1345 9497
f 6409 3860 8286
f 9970 6409 9958
f 3323 1978 1716
f 3323 8562 5369
f 833 2457 10844
f 10844 2457 7412
f 9257 252 1581
f 3841 5428 7116
f 1582 6220 11585
f 9760 6633 4482
f 5561 1583 4203
f 8530 8527 7570
f 5564 9114 10775
f 6715 11140 495
f 254 6220 1585
f 2878 3142 3653
f 9001 5959 781
f 5531 6528 5245
f 9154 7462 10290
f 1739 11401 9968
f 2197 7065 536
f 7059 494 4050
f 11401 9151 9149
f 11398 242 2792
f 1438 3750 1590
f 2450 8158 9179
f 3626 7767 9523
f 2165 3122 1432
f 1592 1594 9523
f 11003 1823 2799
f 1593 7267 10788
f 1593 5908 2730
f 9525 6958 1594
f 1895 2797 2985
f 5851 3853 6250
f 6707 7477 10791
f 9540 127 9302
f 9300 9298 1214
f 10156 6092 3251
f 7328 9319 5219
f 1598 4798 4145
f 3787 863 8596
f 9517 3803 6543
f 6999 6997 6591
f 1600 11880 6822
f 5194 7385 519
f 10448 1702 6967
f 10824 572 10829
f 8472 5283 1377
f 2662 4149 2841
f 7470 2869 2867
f 7961 2869 7402
f 5083 5924 6108
f 5922 9699 1744
f 3828 435 3826
f 3828 2900 435
f 7091 3712 3714
f 521 1142 8347
f 1607 3393 513
f 1607 513 70
f 2530 6521 4777
f 7691 746 4775
f 1609 7839 3518
f 8668 11836 8019
f 1610 10028 5310
f 2392 459 4500
f 4911 2640 1611
f 5358 10648 446
f 11577 1612 11581
f 2053 133 3147
f 3629 1611 2640
f 4261 8844 6638
f 601 8561 6870
f 8581 5198 11710
f 1615 889 8540
f 8540 8840 1615
f 4704 1808 5200
f 9018 9615 6213
f 1617 725 9126
f 7249 3786 4039
f 10665 1618 1616
f 10665 8091 1618
f 1619 1536 773
f 2130 5956 173
f 355 920 5262
f 7665 7319 920
f 1621 6576 6235
f 8624 8103 9541
f 757 347 8211
f 347 9187 3821
f 8274 11872 11276
f 6235 6576 8798
f 3657 3658 10242
f 3977 1156 9548
f 3856 11199 7374
f 10381 6364 1204
f 3658 581 10244
f 6522 581 7639
f 7521 9767 9765
f 8146 4943 1491
f 3442 7976 5737
f 3377 5737 7543
f 313 2780 1629
f 8792 9450 11789
f 11452 11394 2426
f 11454 5522 7364
f 7506 2575 10308
f 5831 360 5474
f 1632 10580 446
f 2419 5895 3431
f 5489 5545 9779
f 5487 1768 5811
f 10611 5160 728
f 8900 5942 1829
f 11115 3334 11117
f 568 7938 10573
f 1636 3287 2784
f 7254 1636 2116
f 10160 7377 11310
f 3913 7377 5052
f 577 7925 1638
f 8087 6986 7013
f 1163 1639 9430
f 5308 1163 3572
f 1640 2464 11963
f 2551 3737 8174
f 5170 1641 11515
f 5319 4453 11792
f 3075 1642 6460
f 3735 3732 2551
f 2780 8294 9450
f 2780 9450 4549
f 3516 3169 1644
f 3169 7059 4050
f 1367 1645 3019
f 4883 1139 3490
f 2970 1646 1081
f 3616 1648 3152
f 4245 5537 5254
f 7968 8875 1139
f 1648 1081 1646
f 1648 3627 1081
f 1649 11063 5012
f 9355 7675 2161
f 1935 1380 1650
f 2555 1380 191
f 9597 1651 6573
f 10199 4480 8012
f 7083 163 10499
f 7448 5666 177
f 7181 8645 1931
f 10081 10109 5788
f 3894 493 5988
f 6180 6178 2059
f 8276 2585 8344
f 4523 11514 8691
f 5166 672 11080
f 2945 8897 3849
f 2469 1657 3485
f 11854 1475 3487
f 11636 1109 9551
f 6575 5272 9391
f 1659 7358 3928
f 7356 1303 2540
f 3042 2390 7966
f 338 3372 2390
f 6252 3930 1661
f 2353 9532 9530
f 5709 9795 1330
f 5709 1330 11980
f 6030 6891 3646
f 7424 3644 3637
f 10936 664 1664
f 9258 601 6870
f 1665 2890 5087
f 11592 4163 10334
f 9313 11597 5469
f 7804 11397 8393
f 10954 5249 558
f 4483 8538 316
f 7814 7450 11762
f 11418 7453 5001
f 4065 1669 9216
f 4337 2646 10727
f 7629 7618 8028
f 4400 7113 5317
f 1677 10727 6798
f 10715 1467 3920
f 6664 1672 3665
f 5498 5374 11740
f 10606 7408 4559
f 11395 1470 1104
f 6188 1676 333
f 9732 6888 1069
f 10715 1470 11395
f 10715 3920 1470
f 6888 1670 6890
f 1069 6888 6890
f 3922 1677 423
f 3920 10889 1470
f 9893 6529 1678
f 44 1023 1678
f 185 5276 1679
f 5073 3025 5071
f 11629 9617 1680
f 1680 9619 1399
f 2961 11355 2004
f 11208 11612 1169
f 2250 1473 1684
f 8805 3441 4331
f 8991 1683 4877
f 11930 9426 1302
f 1473 6221 1684
f 6221 6219 7039
f 183 4765 3684
f 3689 3053 3686
f 2783 5907 11343
f 1504 7930 6294
f 2196 8080 1102
f 7908 691 8703
f 11054 8628 7444
f 659 11734 10263
f 3872 4024 4021
f 4024 7950 8114
f 5217 4747 1690
f 6525 4472 7520
f 10684 1691 11643
f 3163 4021 1691
f 1692 1332 4913
f 1332 1692 3835
f 11337 5883 1042
f 703 9166 587
f 7611 3954 1123
f 1692 8041 3835
f 9164 313 312
f 3133 9164 312
f 10596 1414 895
f 6277 8180 10594
f 1161 1697 10311
f 3054 6896 5018
f 347 757 1698
f 2446 8246 4586
f 1699 967 8196
f 9674 967 1699
f 2887 1700 8248
f 4790 8246 2446
f 8364 1135 8812
f 5059 1135 2095
f 2793 5927 10961
f 11596 635 8166
f 8139 10729 5429
f 4783 685 3981
f 3406 1947 1704
f 6721 5763 8990
f 11596 8166 7907
f 1702 420 7840
f 1711 4610 1076
f 1184 8795 1076
f 1707 3844 7595
f 9477 9122 1707
f 6287 6285 8252
f 6287 478 4949
f 11278 3972 3978
f 6941 6937 8662
f 4285 5477 5485
f 4194 3783 9464
f 1711 10851 4610
f 8916 5691 6928
f 11813 1712 5781
f 11927 4131 5677
f 7735 6990 5644
f 2563 5644 5728
f 1968 4661 3798
f 4794 8464 1490
f 6748 10210 2948
f 11811 11244 5004
f 2365 182 1716
f 2365 1716 1978
f 4953 4724 4957
f 4953 6123 1463
f 1718 3323 1716
f 7653 523 502
f 1924 5921 2971
f 4724 1468 11488
f 1288 3924 3141
f 3924 8071 1958
f 1721 1971 1926
f 6209 1930 6924
f 1722 4090 5601
f 8874 10291 9626
f 1723 6123 1717
f 1723 1717 2779
f 1724 396 9626
f 4740 8998 8817
f 2160 7291 299
f 3455 4221 5271
f 6209 1726 5425
f 1013 11319 8098
f 534 6911 1727
f 3455 534 5077
f 3955 4364 6980
f 2808 1209 2674
f 377 10912 4231
f 4052 377 4237
f 11274 5077 717
f 6300 1209 1732
f 2171 1731 918
f 918 1731 2300
f 2678 3545 1732
f 10250 6300 1732
f 913 4094 1733
f 2695 9471 9470
f 1734 11504 11620
f 10487 5806 398
f 1735 3455 11274
f 10250 1730 6300
f 515 1248 6078
f 11117 3334 1248
f 1426 7192 4005
f 4358 3558 4003
f 4043 2945 3849
f 6416 1736 6418
f 9154 5196 7462
f 10296 10294 9147
f 4397 10378 1740
f 7657 3753 2170
f 1741 3984 2738
f 926 3263 5654
f 9778 9849 5748
f 2207 4835 4832
f 1743 5102 3863
f 6965 8007 579
f 5960 6940 2650
f 4833 3601 385
f 11685 6649 407
f 8455 1049 10132
f 1417 1746 11826
f 9333 9841 8272
f 7101 417 1747
f 7604 7097 7561
f 6261 3462 1748
f 386 8326 9110
f 6129 7791 7789
f 670 6127 3015
f 10057 10622 1750
f 4856 10053 3249
f 11021 1751 909
f 11937 4120 11021
f 1324 2186 1752
f 2216 4075 2438
f 7574 6875 1753
f 911 11209 5096
f 3531 1760 9225
f 7273 1757 6802
f 1755 935 2810
f 1423 3382 1421
f 2123 1326 1756
f 1326 1760 1756
f 1757 518 6802
f 1752 9038 9040
f 10113 1758 5916
f 4045 5094 10235
f 1759 11123 690
f 3542 690 902
f 3531 1754 1760
f 7807 1757 7273
f 2039 5911 2934
f 9635 6490 10991
f 9905 6903 9907
f 11132 5509 11134
f 3294 1763 554
f 5731 7275 1965
f 3868 9167 7439
f 2383 6084 986
f 10740 8986 6026
f 5809 5238 5141
f 5089 1766 7492
f 7744 10888 10886
f 5491 1767 7197
f 10738 9025 2306
f 1265 10211 1633
f 4834 10209 5487
f 130 5971 6284
f 4788 6049 10403
f 1770 5809 5813
f 7278 5811 1768
f 9737 605 9913
f 3120 9773 10003
f 9913 8423 1771
f 5835 5858 6770
f 10910 1773 165
f 1128 6641 6766
f 715 5352 8160
f 1004 2586 3006
f 7046 7448 177
f 5661 7046 177
f 4289 5123 1004
f 1004 2719 2586
f 1405 1775 10397
f 10605 10397 1775
f 1778 344 349
f 5123 344 10404
f 1454 3703 3401
f 1454 3401 1130
f 1780 2709 348
f 1780 348 1778
f 1043 4812 4808
f 8740 9498 10006
f 7030 6448 7032
f 7593 7815 4744
f 10511 8097 2202
f 8099 2789 7334
f 7637 9104 6537
f 6964 7362 4078
f 1043 4808 6678
f 9328 9252 11866
f 5564 10774 477
f 10774 6964 477
f 5460 1174 6877
f 5523 11837 10387
f 8734 8338 10277
f 10784 2439 680
f 272 271 1789
f 272 1789 2282
f 341 5389 1790
f 5391 1934 1790
f 3775 1791 4194
f 1915 6435 1789
f 3536 4928 5116
f 10160 10806 9665
f 6643 1190 1793
f 9494 4103 4101
f 3403 5727 5723
f 5758 4689 8871
f 2031 7183 1036
f 3763 2281 1036
f 2762 2393 3265
f 2393 2762 2772
f 1797 1346 3874
f 3373 4178 3368
f 1798 5727 882
f 3596 6132 4546
f 1799 10945 8317
f 10360 11249 4621
f 5195 882 3403
f 6135 6959 2774
f 9601 5256 8446
f 5474 4379 7641
f 4329 1802 12001
f 2210 4895 3235
f 1803 11707 3177
f 3144 9133 2085
f 4121 1804 693
f 11933 3907 693
f 9370 5330 2756
f 9487 11707 1803
f 914 1806 1680
f 9011 5062 6763
f 8098 1810 10537
f 7651 7764 10616
f 4704 6211 1808
f 7038 1614 4715
f 4656 4305 4006
f 11371 7836 8027
f 8879 1810 844
f 4442 8882 4664
f 8555 1811 3986
f 3880 2230 7025
f 7390 7201 1306
f 5167 9112 11704
f 9392 483 9396
f 6190 7923 10466
f 6991 942 1425
f 942 6991 1816
f 5069 8846 8611
f 8271 6069 6073
f 942 1816 938
f 2260 4838 1816
f 2050 1815 1817
f 9394 4857 4855
f 1818 2250 1684
f 6621 1818 1820
f 11344 7249 11351
f 3934 11347 2652
f 2012 1820 11487
f 1818 1684 1820
f 1598 9334 4798
f 625 11049 4779
f 1525 8896 2942
f 5839 10587 9757
f 2165 1432 1823
f 3066 1531 4932
f 312 6075 2470
f 2470 6075 5155
f 2035 1825 2470
f 5157 5159 3105
f 612 2493 11534
f 11538 5406 612
f 1206 3720 427
f 3720 1206 600
f 1828 3009 7353
f 1828 7353 9348
f 1829 5942 1634
f 1829 10333 6840
f 1830 839 5053
f 5590 5591 8042
f 224 10658 1831
f 6133 2112 5424
f 5376 2814 7888
f 5376 7888 10838
f 1833 7716 4698
f 10922 487 6556
f 9589 7884 11550
f 7882 11729 5192
f 2434 1835 4854
f 3237 2122 7646
f 5990 10987 1482
f 2185 3124 5242
f 7991 5741 6307
f 5423 6307 2832
f 716 4878 9336
f 6555 3976 4878
f 4789 4029 3099
f 7180 7183 11831
f 1840 3156 993
f 2566 5215 400
f 4996 1841 783
f 1841 4123 3466
f 2453 663 1842
f 4431 11089 11092
f 6571 1651 4119
f 1841 3466 783
f 4990 10450 7880
f 9967 6240 10450
f 48 11951 6529
f 9893 48 6529
f 4241 3302 1846
f 827 7225 5964
f 1847 7225 827
f 11098 11248 10080
f 1278 1848 196
f 2428 10726 4111
f 8190 1849 8971
f 6384 2659 3634
f 5654 10165 7152
f 10115 10196 7766
f 1851 8615 10560
f 6153 712 5743
f 119 5789 1852
f 4343 8388 5789
f 1853 5651 9412
f 10115 7766 4729
f 3305 6040 1854
f 8622 3157 10514
f 9672 10258 968
f 4565 3306 7946
f 10419 11443 10421
f 9938 1370 10995
f 10385 8518 9010
f 8520 6783 3349
f 5920 4146 572
f 2854 6371 4182
f 1230 3326 1859
f 2552 4071 4069
f 4394 6091 11290
f 9204 10068 1950
f 9204 1864 10068
f 4843 6520 3696
f 1362 1862 4372
f 9744 1862 10544
f 11879 1863 10544
f 6704 3350 7898
f 1864 1861 6518
f 890 2286 4845
f 9256 4477 1865
f 10923 9256 1865
f 1866 1700 2887
f 1434 5914 2886
f 10216 6100 11908
f 620 3953 3708
f 2963 1868 910
f 910 4705 3426
f 9626 396 8874
f 8876 1389 7659
f 9403 11853 3197
f 75 11853 85
f 1734 1871 11504
f 8924 7794 8540
f 1495 1872 11425
f 578 10547 4593
f 1873 5525 7848
f 1873 7848 1874
f 2594 4488 1874
f 2597 1873 1874
f 1854 1875 3305
f 10443 10439 3533
f 4851 9359 1876
f 3706 9939 5399
f 1877 1340 503
f 1308 9984 9985
f 11735 1878 7542
f 6011 1880 9982
f 8458 1879 4707
f 1879 8458 1234
f 1880 5720 9983
f 11053 7019 11850
f 1881 2722 1444
f 2693 9471 1236
f 7813 10618 6644
f 9580 9578 908
f 1024 4701 1883
f 2414 1883 4701
f 3266 8197 1216
f 11023 8378 4513
f 105 5419 3097
f 8515 7878 10602
f 4620 2680 533
f 533 2680 1884
f 1887 6278 11298
f 10600 104 6382
f 456 10033 5173
f 8986 8989 4415
f 3613 8105 9130
f 11479 3615 11481
f 692 1890 997
f 5341 2112 1320
f 3588 4320 1891
f 1293 1891 2882
f 1892 7767 3626
f 2569 2985 6800
f 1893 1591 6800
f 2985 8692 1895
f 10795 424 4769
f 11867 6182 7915
f 1893 1895 8692
f 9525 2799 6958
f 1626 1896 8816
f 10244 10242 3658
f 5657 1897 8017
f 1897 5657 5385
f 5428 9441 7116
f 9686 9688 9443
f 6094 946 8887
f 10161 5939 4384
f 8187 4858 1900
f 2397 1251 1900
f 1901 10417 6504
f 9242 10768 10769
f 1902 3112 3114
f 6563 6561 9434
f 661 11089 4431
f 6360 661 2287
f 5323 3911 6788
f 3769 3114 5022
f 1907 2901 1905
f 849 847 1905
f 1347 11332 9819
f 395 6233 4497
f 7186 851 1907
f 2901 1907 3449
f 1908 257 11169
f 246 8504 10865
f 1909 10203 1833
f 11298 6278 11295
f 9121 1910 249
f 6470 4967 6468
f 10965 1911 2727
f 4068 10963 6256
f 6306 6115 1912
f 10965 2727 1487
f 4839 6943 1913
f 1240 1914 2467
f 1913 425 1914
f 1914 1240 1913
f 1791 4693 1915
f 5345 1915 2282
f 828 1916 9051
f 10684 3242 2467
f 11856 2604 11920
f 5001 6595 11856
f 1918 1916 828
f 6848 828 7284
f 9223 1919 9623
f 11677 1921 2194
f 125 6855 1920
f 8563 6855 1633
f 9529 9531 5819
f 5290 551 5821
f 9304 1920 5543
f 695 5543 1920
f 11277 5170 1923
f 3167 7935 8451
f 2568 4481 6793
f 2449 1466 2568
f 5032 5354 9562
f 5037 763 8681
f 753 2779 1717
f 7694 6924 753
f 10193 6036 11475
f 5037 7947 10207
f 2782 1930 2217
f 6924 1930 2782
f 4690 8264 638
f 5280 6935 1927
f 1930 6209 1928
f 1930 3021 2217
f 7181 1931 10825
f 1683 11412 4877
f 11011 5228 831
f 2188 11173 5736
f 7774 6987 7768
f 11324 11346 6984
f 4680 2529 1934
f 2529 9136 7324
f 3246 5696 7210
f 2553 8524 3243
f 2075 1936 342
f 1936 1934 5391
f 6808 7167 190
f 6806 3360 726
f 5553 3245 4330
f 7020 2340 10667
f 1935 5694 10071
f 10071 3918 6808
f 11981 617 1940
f 1940 5324 10805
f 4084 2517 351
f 7514 4423 1535
f 6670 3736 5442
f 3022 10324 5946
f 252 9257 8912
f 1219 11859 11855
f 1944 4101 5683
f 5946 10324 3819
f 8476 7021 1945
f 8877 6336 697
f 7271 5539 1946
f 2351 1946 5539
f 8828 9700 11736
f 8485 8826 2912
f 10973 607 6421
f 6646 626 4322
f 9702 733 1949
f 11880 8212 6822
f 10068 3619 1950
f 9816 9961 6517
f 9702 1951 9704
f 1949 1951 9702
f 4459 4405 6515
f 9204 9199 6518
f 1145 11823 1953
f 4122 5193 3128
f 4720 9614 5560
f 8848 8497 9952
f 184 1955 11204
f 3198 5755 1980
f 877 4358 1956
f 3409 7900 1368
f 324 1957 6007
f 2585 9877 8342
f 1720 1958 5756
f 1958 3141 3924
f 1959 6674 6676
f 3408 7927 7934
f 1960 1630 1228
f 5301 8416 11495
f 2421 6887 4531
f 2197 536 2154
f 9814 1962 9812
f 5706 1342 5716
f 1963 10342 5010
f 8478 1220 6735
f 1964 1261 9056
f 8715 2979 11152
f 9447 8115 11434
f 8032 4313 11434
f 1105 1966 3012
f 7162 9883 2574
f 1967 9357 2712
f 6626 6189 6304
f 1968 5684 6098
f 5682 9024 1492
f 893 1969 758
f 1969 2648 758
f 11369 5485 3598
f 3138 2852 5483
f 1971 755 1723
f 1971 1723 1926
f 3267 5895 1972
f 1970 5701 1972
f 3528 1973 3676
f 9785 9868 11135
f 10037 585 7214
f 5452 9606 5454
f 6019 2997 6038
f 2998 10755 2313
f 4425 4048 5820
f 11540 11534 7911
f 3016 7921 3759
f 4081 7213 4174
f 1978 2833 3611
f 2833 2459 3538
f 4894 4187 2612
f 3473 4068 740
f 1891 1982 1980
f 1980 814 3200
f 2330 1981 3964
f 1579 2831 8135
f 814 1980 1982
f 11168 3568 814
f 10937 11190 3528
f 11311 8089 11309
f 4126 4128 4132
f 4177 4181 3723
f 3132 4889 1985
f 7897 1041 9305
f 4476 945 4474
f 7233 945 4476
f 2792 1987 792
f 577 4072 7925
f 8623 1196 1988
f 10199 11917 4480
f 1541 10316 9156
f 2863 1071 10249
f 9314 4678 6737
f 4672 6053 2874
f 9876 9313 5469
f 11599 7125 9874
f 766 7852 4034
f 2152 2148 7422
f 4683 4678 1993
f 9762 1993 4678
f 3017 7421 1994
f 7852 766 1994
f 8750 5546 4529
f 5250 2150 9221
f 3976 10876 1838
f 1395 10328 9706
f 2813 5678 6527
f 1999 6430 11834
f 9373 6113 12016
f 3592 6111 379
f 1999 5783 6430
f 1995 505 5572
f 6774 6792 2000
f 5476 7765 3093
f 5492 2001 505
f 5783 1999 505
f 1176 4247 2002
f 5476 5478 7765
f 2401 2816 3899
f 2813 2816 2401
f 10920 495 6990
f 3923 4105 8024
f 2809 2811 3379
f 4537 8365 1407
f 3716 6930 1391
f 5751 6121 8836
f 5954 2007 5782
f 5783 505 2001
f 6121 10914 8836
f 8836 3718 8838
f 4138 9506 1407
f 3379 2010 4138
f 3379 2811 2010
f 2005 11116 9506
f 7124 2252 298
f 5019 1820 9718
f 5019 9718 2011
f 2147 6347 283
f 374 2013 376
f 2013 374 4218
f 4063 2082 2821
f 4056 4061 2819
f 4192 2015 11565
f 4979 7969 4920
f 6724 2016 2123
f 4117 786 2129
f 8556 1267 2584
f 5432 6663 3882
f 6210 5268 2018
f 10625 6712 5397
f 2019 7458 10164
f 10586 9088 7455
f 2020 7391 9721
f 3260 8181 9723
f 7455 10809 1267
f 7458 4592 2982
f 2022 10370 6310
f 10025 1381 11167
f 7190 5027 393
f 8010 7090 7093
f 4553 10217 5347
f 9522 5222 6050
f 2025 2729 4421
f 1477 9271 774
f 4426 2026 9004
f 1898 866 9135
f 5511 11013 5510
f 2172 10966 10399
f 2791 4148 2028
f 1605 9360 7222
f 5191 10285 744
f 5191 744 4339
f 2513 10366 5063
f 3099 4029 7000
f 2031 11831 7183
f 1188 11831 9491
f 7778 10458 2032
f 7815 7637 4744
f 8731 2002 8735
f 3537 6453 3081
f 8854 2032 596
f 8854 596 4999
f 2470 5155 2035
f 2035 5155 1643
f 4951 2036 9446
f 1674 11035 6886
f 708 2037 3856
f 2749 5619 707
f 7056 1303 7356
f 5882 5176 4264
f 635 8168 8166
f 382 6459 635
f 9857 6308 9859
f 9859 1489 10023
f 2041 128 11486
f 8545 10036 8547
f 5262 2042 2340
f 920 7319 5262
f 94 453 8827
f 5588 10748 1315
f 357 5633 9288
f 5553 3461 2523
f 10017 9048 3744
f 11564 2983 2767
f 7978 11028 2990
f 6200 7252 7250
f 6397 11585 10654
f 946 11531 8887
f 8204 8202 3685
f 4479 11026 4869
f 5927 2049 10961
f 5784 8766 656
f 2050 5926 1815
f 8266 11230 7169
f 2051 310 1198
f 5767 6614 8759
f 83 8303 87
f 88 87 8303
f 3147 7599 2053
f 7230 2053 7597
f 6815 6693 11082
f 7987 4060 3697
f 6691 2055 2149
f 5488 6693 6815
f 8064 8070 11686
f 11902 675 8618
f 7987 8763 2057
f 10943 11745 6815
f 2058 1335 3709
f 2058 655 1335
f 3295 3427 10135
f 3894 5988 6200
f 2491 2064 2060
f 4575 3523 2804
f 10148 2061 10264
f 5571 6241 2065
f 3370 3782 410
f 2804 2060 2064
f 2378 4239 2647
f 11150 8486 4135
f 2064 2883 2853
f 2064 2853 2804
f 5787 10148 2063
f 10148 8375 2179
f 2066 10258 9672
f 911 5096 6490
f 467 1519 2067
f 11098 10080 7454
f 6626 6304 2068
f 10830 832 7832
f 5253 2069 11771
f 2069 7007 7704
f 6061 2070 1162
f 10640 10636 587
f 334 2071 336
f 11773 5253 11771
f 9329 745 2072
f 7843 5201 6214
f 336 5253 10266
f 10794 11767 646
f 3045 10438 6801
f 9715 916 8870
f 2075 2905 749
f 1466 4481 2568
f 8870 4997 8872
f 11061 10382 4228
f 4450 3134 6176
f 2046 7825 6181
f 2078 339 338
f 6924 339 2078
f 2079 5857 6942
f 2079 6942 9281
f 2080 4363 3955
f 2082 8159 2193
f 7361 4730 1149
f 7360 5282 2083
f 2080 10558 2082
f 2080 2082 2084
f 2081 9565 1145
f 1145 2996 3130
f 2608 7142 2678
f 4452 2672 2080
f 1068 7984 7985
f 3327 5533 11313
f 2608 2084 9957
f 4452 2080 2084
f 6581 5010 2087
f 9068 5154 9066
f 2288 8559 1868
f 910 1868 4705
f 7580 10698 1295
f 6992 3319 6408
f 9103 3294 554
f 9109 10137 9107
f 2091 11112 387
f 4213 8299 784
f 4212 1024 8938
f 11525 4561 1024
f 8973 7801 11145
f 3268 4732 9657
f 3594 2842 4632
f 1701 2095 1135
f 2095 1701 4632
f 1024 2095 11525
f 6747 2096 569
f 11240 7481 5749
f 1458 829 2097
f 8623 1458 2097
f 5779 5777 3158
f 398 5806 10322
f 3959 3961 3041
f 11548 2101 3961
f 10807 4227 8654
f 9689 7132 7397
f 3961 2101 4344
f 6208 11803 5373
f 2102 10041 7538
f 838 10041 10043
f 5814 2103 8552
f 3168 3940 5837
f 3482 9404 5050
f 6393 1544 5050
f 1632 2105 10580
f 10595 10820 11807
f 11939 1329 6009
f 11937 3770 1753
f 194 10821 2107
f 10396 1495 3988
f 6643 4156 4158
f 457 6496 7738
f 6781 2532 6037
f 6037 2532 4418
f 2110 5740 8868
f 3474 11036 3476
f 2111 3036 5950
f 3590 2111 1241
f 5341 8237 2112
f 2112 4631 5424
f 4969 2113 6580
f 4748 4969 2591
f 2114 11090 11088
f 2114 969 2977
f 2817 1333 2117
f 9582 2117 1333
f 11931 11782 11722
f 2114 2977 4962
f 2817 2117 2115
f 2117 1341 2115
f 3995 1128 6953
f 1128 6766 10910
f 2119 3651 11090
f 7451 974 7398
f 2120 974 3028
f 974 3651 7398
f 2121 6724 2123
f 6722 4605 11176
f 10117 1835 2434
f 7172 4270 4650
f 2121 2123 3673
f 9168 2868 11305
f 401 7390 2124
f 4086 7113 4400
f 2121 4605 6722
f 2132 2121 3673
f 4919 6050 10942
f 11263 4457 1433
f 3677 2127 5493
f 2118 788 2909
f 2128 2031 1036
f 2128 1036 2281
f 8381 9052 1350
f 8381 1350 3517
f 7155 1619 2130
f 7155 2130 2432
f 2131 535 8130
f 9514 7191 2968
f 2121 2132 4605
f 3677 5493 2125
f 2730 5908 2133
f 384 7873 3414
f 5494 5120 137
f 142 3739 2136
f 11337 5885 5883
f 9623 4974 7256
f 817 2136 2138
f 2136 9722 9751
f 2137 7887 9320
f 11557 1851 10560
f 9751 2138 2136
f 2960 2976 137
f 2142 1843 2139
f 10065 11332 619
f 2140 281 282
f 3884 6018 10621
f 4882 538 510
f 6977 6975 10332
f 2142 2139 9547
f 5163 6079 9547
f 11284 11996 7558
f 11996 7556 7558
f 2637 514 2144
f 1160 3572 1163
f 11994 2145 3432
f 2143 6267 10408
f 2146 6982 8587
f 10038 9191 2378
f 1119 2011 2147
f 2011 6347 2147
f 1992 2148 1500
f 1992 7422 2148
f 2149 3861 590
f 9445 3861 2149
f 10637 4529 5546
f 10153 3636 10637
f 2151 3174 1088
f 7058 2402 7248
f 2148 2152 762
f 10637 5546 9221
f 3234 3098 3758
f 2157 5073 5071
f 8673 4531 6887
f 1961 671 5265
f 2155 2159 2153
f 589 4397 1740
f 2156 11506 1200
f 2226 2158 1200
f 3096 3098 3234
f 2153 2159 3448
f 2158 3135 2156
f 2158 2156 1200
f 2157 2159 5107
f 2155 6012 2159
f 2160 299 917
f 4223 917 2274
f 3596 2161 6132
f 4622 4624 5729
f 11791 7392 5871
f 7916 5875 1886
f 3882 6663 2163
f 11791 5871 1089
f 71 9640 1314
f 6931 1319 9754
f 1592 11003 2799
f 11003 1592 9523
f 5158 2166 5406
f 8996 5156 2166
f 3570 4847 964
f 2169 4849 3510
f 5156 11989 2166
f 8510 11989 5156
f 2169 2167 964
f 5308 2803 3184
f 9717 7146 9438
f 9438 696 10141
f 371 4218 4049
f 371 4049 4051
f 11479 11667 11476
f 11667 11013 5511
f 2173 5537 4245
f 8655 8280 8398
f 11665 10966 2172
f 2170 10141 4300
f 8860 1653 8864
f 1299 3209 7179
f 2176 1276 1274
f 3376 814 3568
f 2177 1012 10999
f 4592 1012 2982
f 9441 2178 278
f 5326 3843 6217
f 3043 4267 5172
f 8491 539 11250
f 9465 9534 2180
f 869 4696 10826
f 1133 11051 2181
f 419 10875 6671
f 2182 1100 10762
f 4341 10549 10644
f 563 6685 4902
f 9776 3660 10614
f 8287 3898 10848
f 7720 6059 2492
f 8147 5013 1654
f 7243 7245 3137
f 1324 2436 2186
f 2186 5979 7605
f 949 9207 7292
f 7245 7241 10214
f 2188 5736 9460
f 2188 7270 6101
f 949 2189 11396
f 7338 2189 2191
f 794 5687 5690
f 6735 794 8298
f 2989 2191 1504
f 1504 2191 7930
f 2192 2981 6166
f 4987 7834 4660
f 1247 2193 714
f 3165 714 8161
f 5819 5735 9529
f 1565 7863 7816
f 402 927 2195
f 8694 8336 10720
f 1102 450 2196
f 10361 9840 5500
f 402 8121 927
f 11561 11563 4606
f 8976 2198 976
f 8080 2198 8976
f 10986 5498 1672
f 9241 1028 9569
f 2128 2281 2200
f 7185 2128 2507
f 11637 2201 7150
f 2201 1836 7150
f 7478 10511 9637
f 7478 6840 10333
f 595 11260 2203
f 10301 7941 9331
f 10004 7216 9120
f 10006 9498 10004
f 2205 985 2526
f 985 4540 980
f 11326 2206 1575
f 11326 7761 2206
f 3879 3467 1062
f 8051 5410 4074
f 9894 3749 1764
f 3864 986 3866
f 2209 2977 969
f 3510 4849 4520
f 3235 3824 6616
f 7330 3551 6616
f 7805 2211 8608
f 1704 8987 8603
f 4436 11342 7924
f 10083 11863 461
f 5513 764 4881
f 764 3980 3659
f 7530 7527 498
f 11060 586 4388
f 2539 2215 1117
f 2539 4768 2970
f 1324 1752 9042
f 1752 9040 9042
f 2219 755 1721
f 2219 11404 5169
f 9739 516 2218
f 10391 1710 5240
f 2782 2217 2219
f 2217 7439 3042
f 6126 669 8336
f 565 2222 2944
f 11287 2221 11289
f 7752 8635 3647
f 5852 6126 5854
f 11233 11235 11231
f 2223 6720 6718
f 7846 8564 6720
f 1372 6156 2224
f 7489 11603 1436
f 11890 2225 2223
f 1101 8884 11890
f 299 4649 2226
f 309 2158 2226
f 2227 1101 11890
f 4291 4451 5334
f 689 7915 6182
f 3290 8999 3137
f 299 2229 10260
f 299 2226 2229
f 3426 3254 910
f 3426 2245 3254
f 11960 11958 6538
f 7370 8329 1429
f 2230 2420 5189
f 3880 7025 2342
f 8006 5918 3029
f 6042 8256 5544
f 11477 2232 2234
f 7365 930 5540
f 2235 9057 1250
f 1261 598 9056
f 2420 3254 2236
f 2232 2236 2234
f 2237 2234 2236
f 3494 2342 7025
f 1471 6762 2238
f 1680 9617 9619
f 6762 6761 2238
f 11631 8821 6762
f 5953 2055 6691
f 3755 11745 8762
f 2940 7144 1399
f 3926 2243 3554
f 7891 1161 1160
f 6896 3052 1161
f 1399 7144 2243
f 1399 2243 1680
f 8866 2244 7891
f 6896 1161 2242
f 3963 3926 5062
f 9053 5062 3926
f 69 447 2246
f 11358 11907 447
f 1150 1148 2247
f 1148 4125 2247
f 2248 3417 4190
f 1150 2248 1148
f 8155 6539 8612
f 3932 4211 9834
f 8805 7320 3441
f 8805 5104 10717
f 4176 2251 1741
f 10956 8439 5118
f 2252 1112 5021
f 1818 6621 2440
f 11341 4846 8339
f 2716 2254 11177
f 8339 4846 4982
f 10048 5433 7484
f 2255 1119 3059
f 1119 2255 2011
f 2256 3767 6563
f 312 4609 6075
f 2257 5411 7159
f 1460 10559 4181
f 7606 2258 3183
f 8243 3116 9425
f 4209 2259 8216
f 9748 6719 92
f 1117 2215 2261
f 2644 937 1117
f 2260 5906 4838
f 2264 2644 2260
f 7393 5314 7395
f 9399 5310 9402
f 6880 2263 5086
f 5084 5899 5901
f 3104 2260 3153
f 2266 2269 1816
f 11131 8899 10478
f 4566 3302 4241
f 4407 2264 2266
f 2264 2267 2266
f 2266 2267 2269
f 2267 3104 3153
f 8191 8348 3496
f 353 6349 2335
f 1816 2269 3153
f 2269 2267 834
f 5034 9316 2270
f 10585 2943 5366
f 2271 5516 6464
f 1286 2271 6464
f 917 10899 2272
f 5184 2272 10899
f 9450 8003 2620
f 10103 2275 5596
f 2272 6911 2274
f 2272 2274 917
f 321 11422 10958
f 2273 9680 4940
f 2276 6911 2272
f 293 2276 5040
f 10273 5214 2277
f 11451 11422 4940
f 2278 8331 3502
f 8331 2278 9769
f 2279 2590 3072
f 1036 1795 3763
f 1791 1915 2280
f 2280 3143 1791
f 2281 8748 1439
f 3763 3760 2281
f 273 5345 2282
f 2282 2012 273
f 224 2283 7791
f 4503 232 2283
f 2286 2284 1376
f 378 1376 2284
f 5456 6905 5512
f 610 7516 8940
f 6972 2284 2286
f 4428 2184 6972
f 7389 3446 2287
f 2138 3444 817
f 2288 7433 7022
f 5738 2288 3513
f 4062 5653 4059
f 3697 4060 7286
f 5377 9231 5376
f 5738 3513 1832
f 2307 9420 4298
f 3788 2679 2293
f 2292 9950 1528
f 4603 5296 5294
f 4042 2293 2679
f 2291 3943 6344
f 2408 5294 5296
f 7276 7274 2408
f 11336 4815 11436
f 11336 576 2741
f 2296 2294 977
f 5174 1081 3627
f 10866 10731 8590
f 8187 1256 4858
f 2405 2298 4050
f 5986 10185 5360
f 2299 3354 9371
f 7464 1354 4770
f 859 7373 376
f 7373 9371 9373
f 7497 2301 7501
f 11024 9413 11120
f 7776 11206 2302
f 9940 684 8188
f 2696 8082 269
f 269 11306 7199
f 11480 7546 5418
f 10611 728 6604
f 1767 5259 7197
f 2631 5260 6031
f 1767 2306 5259
f 5811 3530 5813
f 1024 2307 4701
f 2307 1137 1025
f 2308 2949 7399
f 10303 11670 7271
f 5728 474 2563
f 6668 10043 6142
f 6419 6019 390
f 6019 993 2997
f 11060 8087 7013
f 5765 6476 6474
f 2998 2313 2312
f 2310 2312 761
f 2315 761 2313
f 2312 2313 761
f 6101 9462 460
f 5380 2981 2192
f 2315 3128 761
f 5215 10755 400
f 2316 7886 8417
f 1664 8419 415
f 5943 2583 7954
f 155 11465 7652
f 3833 2790 7378
f 3835 2599 3833
f 10675 11876 864
f 6191 3312 11876
f 2320 8004 11861
f 2927 4577 8983
f 11912 381 608
f 3332 8464 10329
f 2789 8099 2322
f 8156 8983 189
f 2654 9176 2323
f 6784 2015 4192
f 8585 189 11312
f 10457 7334 2789
f 2325 1464 4493
f 6107 8719 2707
f 9292 4114 4118
f 4116 368 1801
f 1464 10840 2327
f 1464 2327 8396
f 8323 2328 6461
f 6873 4351 3055
f 6236 3479 8892
f 9658 9486 3481
f 1981 2330 8135
f 2330 5486 197
f 2331 5234 4102
f 5137 11521 11519
f 2332 641 5306
f 7657 7126 7811
f 5474 4918 4379
f 704 8188 3007
f 640 2334 5480
f 10527 9280 874
f 3617 2335 4566
f 6002 6611 2268
f 6530 10292 10296
f 7465 11238 201
f 3899 1406 5853
f 3899 7824 1406
f 2338 1406 7824
f 2338 3506 7346
f 4591 2341 6548
f 655 4570 3711
f 4330 10667 2340
f 7376 2340 2042
f 3707 655 2341
f 2058 7939 655
f 910 2342 2237
f 2237 2342 2234
f 5601 7024 7005
f 1722 5601 989
f 10074 2344 3221
f 11072 5952 10745
f 10936 1445 10128
f 8786 872 1445
f 3430 2346 1670
f 7629 7631 7618
f 2542 1663 2349
f 2974 3344 7120
f 662 11768 2348
f 1830 5590 839
f 3648 1045 6262
f 6891 6030 3648
f 1067 6441 2350
f 10113 5916 9262
f 8917 4401 6858
f 10808 3794 5542
f 2352 11741 9444
f 10776 10257 5367
f 6373 10915 9424
f 6375 4578 9079
f 149 2354 6782
f 8015 6780 2455
f 3391 2355 62
f 8553 7989 4722
f 8838 11291 2072
f 6214 2072 745
f 1541 9981 2357
f 4312 5554 5556
f 2358 1423 2639
f 6223 4331 9595
f 2359 10996 10999
f 8341 7903 3146
f 997 2360 692
f 10562 5898 7896
f 8210 8341 10578
f 8210 6170 5871
f 5808 232 10856
f 3800 2360 7553
f 2363 6077 781
f 3149 7553 8984
f 4936 5074 8909
f 5074 4968 9557
f 3175 2365 1095
f 3612 1095 2365
f 11766 4709 11010
f 5905 6557 1365
f 2479 3905 2367
f 2365 3175 182
f 2368 9055 6477
f 10000 10475 10652
f 2369 2372 8459
f 3339 442 658
f 10158 2370 5416
f 7095 3797 7100
f 5283 4585 1263
f 11947 7163 11949
f 2372 504 8459
f 11489 7856 7855
f 8547 2373 10110
f 10036 8549 8547
f 8000 2376 8471
f 11489 7855 734
f 6892 5275 10352
f 9743 7998 9747
f 5996 2376 11832
f 10037 7214 11957
f 7214 2377 5994
f 6011 9982 734
f 906 8549 6895
f 11700 10352 9745
f 2379 2377 7214
f 4081 1974 7213
f 9431 2380 10204
f 7548 5082 11286
f 2381 3862 2208
f 986 3864 3567
f 2382 938 2386
f 935 2384 1427
f 3749 4088 2383
f 3567 2381 2208
f 942 2382 2384
f 2384 2382 2386
f 680 4652 2385
f 5142 4504 6720
f 935 1427 2386
f 2384 2386 1427
f 3952 7053 5355
f 5515 2844 5880
f 3613 389 8105
f 4900 8862 6934
f 10507 675 2389
f 7774 7768 7770
f 2390 340 5568
f 3042 340 2390
f 449 2389 2391
f 2096 11701 4205
f 2392 9886 459
f 9948 4698 9796
f 2395 4700 2774
f 10820 5195 3999
f 2394 4698 9948
f 8782 9948 3402
f 5801 1798 882
f 5801 882 1800
f 3377 7220 8791
f 11325 7218 7531
f 571 7614 1249
f 5251 571 5935
f 4751 2134 2398
f 3586 9061 5605
f 11175 3078 2399
f 7438 11630 11632
f 10476 117 2546
f 8266 5518 11801
f 5678 2813 2401
f 10154 2401 5680
f 8542 10259 7415
f 8711 11426 11022
f 2403 472 7255
f 8857 9449 11142
f 6484 7382 5111
f 7413 10983 5111
f 494 2405 4050
f 5364 494 452
f 11426 8638 11709
f 8134 10476 5518
f 11554 1030 7741
f 953 3857 118
f 2294 778 2408
f 2294 2408 977
f 2409 993 6019
f 759 2412 8436
f 6162 6167 6165
f 9679 10189 4933
f 4702 2411 8297
f 631 7729 7733
f 2412 1840 993
f 2412 993 2409
f 7431 8775 6316
f 976 4414 9800
f 1467 10727 1677
f 4337 10727 9586
f 3010 5910 2415
f 5667 7431 6316
f 1116 2416 3600
f 2419 3431 7363
f 7731 9755 9659
f 9756 2415 631
f 7479 7477 6707
f 543 8408 6662
f 4903 3140 2419
f 6024 2416 1116
f 2232 2420 2236
f 2232 5189 2420
f 8706 2421 4531
f 1228 8416 1960
f 11280 10952 2374
f 5996 8471 2376
f 1158 2423 4600
f 8182 4665 8852
f 2441 3495 871
f 11114 10481 2441
f 9377 2425 1848
f 1848 2425 2489
f 11452 2426 657
f 7440 9608 3454
f 2427 2489 2425
f 9377 2427 2425
f 2427 773 2428
f 2427 2428 2489
f 2431 2429 2191
f 2191 2429 3807
f 2428 2430 10726
f 7155 193 9927
f 952 2431 7292
f 2431 2191 2189
f 7155 2432 193
f 2692 193 2432
f 2433 6651 1586
f 781 6077 9001
f 7642 7644 9533
f 1126 7646 9533
f 2435 3957 4367
f 8307 6204 6086
f 2436 5979 2186
f 512 1063 2436
f 1189 6084 2437
f 2435 1189 3957
f 2438 1324 9042
f 2436 1324 4115
f 3173 2439 10784
f 7064 10733 4499
f 2440 2252 7124
f 6621 2252 2440
f 3499 11114 2441
f 3499 3501 3497
f 10815 4775 4866
f 2357 9981 6067
f 5980 8401 483
f 7798 1428 10981
f 4716 11800 2444
f 8971 898 8190
f 697 7922 8877
f 9994 6425 11892
f 751 1698 2446
f 2446 1698 4790
f 2447 1463 751
f 2447 2449 1924
f 1678 9519 7971
f 1678 6529 9519
f 2447 751 2449
f 1466 2449 751
f 1590 2450 9179
f 2797 5339 2450
f 553 2451 6060
f 9840 9200 5500
f 6533 9249 3806
f 8668 6536 11836
f 148 893 8335
f 2455 893 1080
f 5091 7964 780
f 7839 1609 7835
f 2453 2455 663
f 2455 2453 893
f 11111 2456 2908
f 1214 5624 10105
f 2457 1580 7412
f 8537 11630 1580
f 7300 2570 2458
f 4981 4979 11223
f 1978 2459 2833
f 3323 5369 1978
f 394 9255 11221
f 3960 4981 421
f 6824 11307 2461
f 5619 5616 707
f 4391 11964 8669
f 8533 5802 4738
f 6778 10441 11269
f 10892 6776 1474
f 1640 5640 2464
f 2461 11307 707
f 2287 2465 7389
f 2465 143 2669
f 9509 2466 3994
f 8350 1233 4912
f 1916 2467 3242
f 5826 1916 5832
f 2468 8351 3996
f 1538 11138 10565
f 198 2469 3485
f 1082 2471 5486
f 1824 2470 1825
f 3133 312 2470
f 2477 9896 2471
f 2471 3316 5486
f 594 1311 2472
f 6631 11237 7940
f 2473 1082 3585
f 3418 2471 1082
f 9960 2472 2474
f 10871 1109 11636
f 2475 2473 5457
f 2473 3418 1082
f 9401 10786 4727
f 1260 11255 8933
f 10394 3881 3942
f 10394 3942 2827
f 2478 9965 4954
f 10577 5220 2826
f 2479 2481 700
f 2481 2827 3942
f 2480 879 4719
f 5729 4624 5723
f 2481 3942 3701
f 2475 2481 3701
f 2480 4719 2482
f 4717 1737 2482
f 2483 2255 6617
f 2255 2483 5104
f 2482 2484 875
f 5195 3403 7645
f 8720 8722 604
f 10843 2751 4362
f 268 271 2486
f 2483 9803 271
f 304 2487 2795
f 3965 304 11798
f 9562 1157 7140
f 5354 1157 9562
f 1848 2489 10327
f 4111 6008 10327
f 2490 9520 7536
f 10842 833 10844
f 2491 1079 2064
f 7276 2408 5296
f 6059 10846 2492
f 2492 6538 6434
f 5447 1826 8784
f 8784 10506 6799
f 10202 5412 2494
f 535 5403 1378
f 1765 2495 5141
f 10738 2306 11059
f 2496 11088 3956
f 5351 2209 9389
f 11530 6541 2497
f 8743 9554 6541
f 9157 2498 1686
f 1686 2498 5907
f 2499 2209 5351
f 2977 2209 2499
f 8110 5165 653
f 5165 9124 653
f 2501 7597 1301
f 1301 1323 2501
f 498 7527 2502
f 2498 9937 5907
f 8089 4166 11309
f 9497 1983 4164
f 1339 2504 1337
f 2502 1337 5548
f 8660 11886 1890
f 8573 8575 835
f 3709 2506 2786
f 1337 8110 1339
f 5744 3966 2507
f 5742 2507 2128
f 2508 3087 3966
f 4468 3979 1439
f 1169 11612 11610
f 7555 1169 3061
f 3247 10676 1098
f 2182 10762 3896
f 3532 2511 3063
f 6575 4871 5272
f 4085 7630 6298
f 3896 10762 6298
f 2513 1035 2030
f 7002 5396 5398
f 2516 3654 11569
f 4035 2807 11116
f 5595 4465 1254
f 4858 5593 1254
f 391 8554 11575
f 2514 9508 2807
f 7020 10667 2517
f 1535 2517 4084
f 4809 11573 11575
f 8155 7277 8157
f 355 2519 351
f 2519 355 9245
f 1346 3492 2520
f 11438 3086 6810
f 9288 5633 2521
f 5262 7319 2042
f 9493 2522 7763
f 451 4013 11153
f 3463 2523 3461
f 9288 2521 2523
f 2524 956 10695
f 9664 9760 9662
f 922 2525 356
f 922 5244 5589
f 984 5618 2526
f 4037 7691 2528
f 7106 2525 2527
f 922 5589 2525
f 2528 984 2526
f 2528 2526 6534
f 7106 2527 9050
f 1356 5553 2523
f 2530 4777 4361
f 4037 2528 4038
f 5681 4037 4040
f 11227 5681 4040
f 3155 5634 2109
f 8957 2109 6755
f 10925 6817 6814
f 7626 6951 11838
f 11516 2534 6853
f 2534 988 1114
f 11244 11811 2535
f 866 9542 2535
f 883 2536 423
f 2538 4249 7425
f 988 2537 2539
f 988 2534 9388
f 2538 3922 423
f 423 2536 2538
f 2537 11431 2539
f 2539 11431 4768
f 7358 9361 522
f 7358 522 4271
f 3237 2541 11164
f 3235 1802 4329
f 2542 2349 2347
f 4271 10771 4647
f 2543 1192 1774
f 4422 1192 2543
f 319 2544 317
f 11674 319 6559
f 11359 6152 1257
f 6152 3909 1257
f 7122 2402 7058
f 7415 7311 8711
f 6114 7540 2547
f 4800 4797 9559
f 630 2548 3424
f 10670 6583 6581
f 7295 10780 2904
f 9918 9924 9920
f 7592 7164 8192
f 7166 388 9123
f 3732 4137 2551
f 8676 2551 4137
f 5643 2551 8676
f 2037 1070 7372
f 3243 7208 2553
f 1650 2553 7208
f 2362 10407 11348
f 11348 3476 3478
f 1650 2555 170
f 2555 1650 1380
f 1417 11826 7771
f 5797 5656 10388
f 8442 5223 1357
f 2104 1497 11005
f 8048 2558 8106
f 10913 3380 11409
f 7829 7826 10200
f 4878 1040 9336
f 10895 10085 4655
f 10778 7009 2558
f 2992 2561 2995
f 6781 6035 2532
f 2562 6112 978
f 2897 2565 6365
f 8907 2563 11802
f 5644 2563 8907
f 2564 796 8613
f 2564 8613 10309
f 6367 2562 978
f 5370 9076 6367
f 1840 7236 3156
f 7233 1840 945
f 1717 6793 753
f 4481 753 6793
f 1924 2568 2567
f 2449 2568 1924
f 2569 6800 1591
f 2985 2569 8692
f 11334 5179 496
f 4787 5179 11391
f 1893 2571 1591
f 8689 2569 1591
f 8235 10607 6281
f 11941 899 10519
f 8683 2573 8975
f 1205 10647 7506
f 5359 2576 8507
f 1195 8507 2576
f 1204 2575 10647
f 1204 6364 6639
f 5361 1966 1105
f 6162 10680 6167
f 2316 2577 7886
f 9232 9231 5377
f 2411 2410 2578
f 9679 4933 4671
f 4022 9398 2579
f 7556 11994 3432
f 933 2639 6219
f 1421 3384 2810
f 4700 2581 4831
f 5195 1800 882
f 8457 4436 7924
f 8457 1049 8455
f 2317 7954 3333
f 7537 5982 5984
f 9085 6661 5432
f 9088 9082 7455
f 1655 5392 8276
f 5221 8688 6657
f 2719 6422 2586
f 5520 6095 709
f 8858 7179 3209
f 6934 8867 9889
f 2588 1795 3070
f 1795 2590 4173
f 10081 5788 3207
f 8865 2587 8867
f 1795 2588 2590
f 2588 3070 2590
f 2591 5751 8836
f 2008 8838 2593
f 8772 9252 9328
f 6803 970 9219
f 4748 2591 2593
f 2591 2008 2593
f 3993 2594 1201
f 1779 1201 2594
f 2598 2595 3413
f 3612 2365 3611
f 2929 1457 3746
f 1457 3655 2597
f 1457 2597 3746
f 2596 2597 1874
f 2598 3413 1419
f 175 2598 1419
f 7611 8694 5039
f 1113 1694 3837
f 2047 1710 2600
f 6397 10075 4242
f 5025 987 2601
f 4927 7405 3336
f 5941 8324 11812
f 8324 2006 7493
f 5025 2601 2603
f 1113 2603 1694
f 4666 11541 6591
f 712 6153 11539
f 11543 7121 10627
f 5653 901 8661
f 10231 7414 8532
f 2844 5515 5095
f 8542 2609 10259
f 11543 7119 7121
f 2086 7142 2608
f 2086 2608 9957
f 11545 2607 613
f 2607 4419 2605
f 4165 5089 7490
f 9866 3470 11037
f 2530 3423 6521
f 4574 6521 4073
f 742 2612 8934
f 8930 8934 9866
f 216 222 7734
f 3526 7589 216
f 2614 10944 5261
f 9622 7975 2512
f 3779 1146 2615
f 2866 2615 1146
f 3352 6998 5824
f 5824 6998 7975
f 2617 10744 220
f 2617 220 222
f 2618 9714 9829
f 5596 9680 2273
f 3407 2619 2623
f 5557 651 6985
f 4551 9714 2618
f 6614 4551 2618
f 8657 4956 8655
f 2623 2619 9335
f 2622 10839 4268
f 9695 5103 4269
f 2621 6339 2623
f 2623 9335 2621
f 6192 1460 4185
f 11275 4028 10007
f 8702 6587 2625
f 5108 7898 3350
f 10583 559 2711
f 10581 11741 6366
f 11330 2451 3584
f 6060 2451 6062
f 2628 9099 8634
f 11514 10836 4524
f 9584 3745 2629
f 6216 4353 660
f 7350 861 6022
f 1846 3302 3304
f 6028 2631 6031
f 7197 770 9085
f 2632 9314 10049
f 10201 1559 8119
f 11742 2633 1888
f 4526 5173 11107
f 2634 1510 7408
f 1669 9347 9216
f 2635 7411 4258
f 9216 1510 2634
f 5610 2636 10312
f 645 9177 5766
f 1160 2637 2144
f 1161 10311 1160
f 1084 3623 2638
f 4890 2638 3623
f 1423 1421 2639
f 2639 1421 2810
f 2640 11171 9113
f 8842 8844 4261
f 1684 6221 7039
f 1684 11487 1820
f 2642 6492 9792
f 2640 4911 11171
f 6492 4076 2643
f 2643 801 9113
f 2644 5906 2260
f 1117 2261 2644
f 7017 7125 6899
f 7516 7125 8940
f 2840 1020 8810
f 4293 4258 7411
f 5273 10225 10229
f 5787 2063 4134
f 4751 8092 2134
f 3739 5120 5496
f 9895 483 9392
f 9895 5978 483
f 6940 4628 2650
f 6108 5924 1604
f 10466 2649 7656
f 3272 6090 10156
f 11344 11351 11349
f 5466 1819 3062
f 8409 7286 2653
f 11680 11682 6291
f 7077 7874 328
f 2794 4654 959
f 2655 6676 10990
f 7692 37 6676
f 8679 328 2656
f 328 7874 7872
f 5697 665 10019
f 5697 490 665
f 2658 11952 2039
f 8168 635 2658
f 6384 1078 2659
f 7417 5405 9512
f 2660 11302 9672
f 11952 5911 2039
f 7012 9623 7256
f 7012 9223 9623
f 1524 4149 2662
f 10365 11660 7045
f 8817 894 3405
f 8819 4402 564
f 2664 8010 7093
f 1331 2664 1351
f 855 1859 2665
f 6369 2665 1859
f 7293 5387 7044
f 5028 9860 6865
f 3075 2667 855
f 3733 858 2668
f 2667 2668 855
f 1859 855 2668
f 2669 9721 7391
f 2465 2669 145
f 2670 503 620
f 1580 9856 7410
f 2671 5321 1469
f 4086 2124 2671
f 411 3148 2672
f 4452 411 2672
f 2851 10964 840
f 9694 10964 2851
f 2674 3148 2676
f 2674 6980 1728
f 6528 2675 10496
f 5570 2675 6528
f 411 2676 3148
f 2678 2674 2676
f 2679 11119 2677
f 2677 11119 1444
f 4452 2678 411
f 411 2678 2676
f 2679 10252 4042
f 2677 1137 2679
f 8030 10033 456
f 7396 7916 1886
f 4278 1444 2681
f 1881 3747 2722
f 3764 6350 6346
f 3788 2293 2687
f 2683 2192 6166
f 2683 6166 10186
f 1608 9028 2684
f 4775 746 4777
f 2688 11122 9033
f 4278 2681 2688
f 4076 6492 5438
f 10595 11807 2879
f 2687 6344 2682
f 9033 6348 2688
f 2690 2688 6348
f 2688 2690 4279
f 2689 3999 4867
f 4076 5438 3219
f 2685 4279 2690
f 3764 8094 2685
f 2693 2691 9473
f 913 2691 4094
f 192 2692 181
f 2692 192 193
f 2685 3747 1881
f 5168 2685 8094
f 5427 2041 2694
f 2848 6915 9466
f 2695 1236 9471
f 9049 2722 5320
f 7500 6466 1910
f 4967 1910 6466
f 9512 9478 11490
f 1067 2350 5567
f 2698 566 8815
f 1724 9626 2698
f 1834 5192 11729
f 1834 1856 5192
f 4475 7828 2048
f 2666 2702 6884
f 295 2701 303
f 303 2701 4582
f 5581 2702 6120
f 7828 6884 2702
f 11289 2221 8927
f 6417 8927 6415
f 2700 2702 2704
f 3685 8202 7828
f 2705 11180 1045
f 3948 11616 9359
f 2706 6753 11041
f 2706 11041 7537
f 8719 4493 8721
f 3040 5662 4558
f 2708 8179 10167
f 7749 1111 7753
f 1305 348 2709
f 1147 4988 3270
f 2553 2710 8522
f 8616 2592 3577
f 4425 5820 10799
f 6217 11833 5326
f 2712 559 2626
f 559 2712 11584
f 4826 9384 2713
f 11329 1180 10423
f 694 2714 6205
f 694 11796 8841
f 8498 250 251
f 250 8498 4967
f 2249 2716 1056
f 3932 9834 2249
f 6044 1530 2717
f 6738 8771 5421
f 6968 8610 6705
f 10299 1191 5224
f 2719 1004 5123
f 3343 2719 1776
f 2232 11477 5189
f 7025 2723 3494
f 2721 437 2723
f 2230 5189 7025
f 1236 2695 2722
f 2722 3747 1236
f 2720 3494 2723
f 5187 2720 2723
f 4570 5003 3711
f 3711 5003 2504
f 4342 8591 4083
f 9604 10634 10632
f 2726 5003 5005
f 2724 4608 5548
f 2727 3989 9607
f 10634 9604 2725
f 8343 2731 4254
f 8012 4480 11913
f 4421 2729 8443
f 5434 2729 11025
f 6195 9962 11362
f 9962 2133 384
f 6688 3031 8194
f 2097 829 5054
f 2732 162 9350
f 2734 6282 2732
f 2097 5054 2731
f 2731 11218 4254
f 2734 2732 1061
f 2139 3469 4112
f 2205 2526 2735
f 5611 980 4540
f 11069 2736 10021
f 11069 1741 2738
f 8478 7746 1220
f 1220 11173 2188
f 3392 2736 2738
f 11069 2738 2736
f 2739 3392 11340
f 3392 2739 2736
f 7752 2740 8635
f 434 6701 2221
f 1291 2741 5106
f 2741 1291 2739
f 10693 2742 4617
f 9544 904 7403
f 9532 6252 9530
f 11930 1302 6254
f 2744 8935 9308
f 2744 2065 5909
f 2745 5755 4487
f 9128 6048 4301
f 9472 9312 2746
f 9308 8935 9880
f 11016 6048 2747
f 1980 2745 9818
f 8522 2710 6783
f 8522 6783 8520
f 2749 6493 5619
f 2037 2749 1070
f 816 3071 2750
f 816 2750 6552
f 5121 10841 3088
f 5121 8309 10841
f 10841 8309 2752
f 5746 5119 3037
f 5058 2753 8518
f 2750 2753 5058
f 2754 789 5703
f 7929 9515 1410
f 6107 2707 2755
f 872 3982 3047
f 2756 7719 10922
f 104 5529 1805
f 1904 2757 3911
f 2757 1325 2759
f 11423 6843 4262
f 10461 10463 813
f 3911 2757 2759
f 6613 7209 2759
f 2760 6022 861
f 4801 5675 2760
f 2761 11699 4251
f 1115 3279 11276
f 1796 2772 2762
f 5295 3267 1972
f 4200 2763 450
f 2763 6717 450
f 1746 603 2764
f 603 5806 10980
f 5383 2767 6331
f 4373 10802 4167
f 4901 3493 10690
f 10494 10833 4684
f 10800 10657 10066
f 4171 2765 4169
f 6820 2766 3845
f 2766 3491 10494
f 2769 5009 3950
f 2769 3950 2778
f 7955 2770 4686
f 2766 10494 9934
f 957 2771 3892
f 4339 5078 2969
f 5702 6135 2772
f 6135 2774 2772
f 9099 475 2773
f 944 7682 8124
f 2393 2772 2774
f 2393 4831 10595
f 2775 2773 475
f 874 10951 10949
f 6686 3797 7095
f 8450 3794 10808
f 2777 8696 168
f 7830 157 158
f 6828 2778 3950
f 5155 8294 1643
f 1926 2779 2782
f 1723 2779 1926
f 2780 314 1643
f 8294 2780 1643
f 2781 9157 1686
f 812 6728 11172
f 2219 1721 2782
f 1926 2782 1721
f 2783 2781 1686
f 2783 1686 5907
f 3028 2784 11090
f 11090 2784 4639
f 1060 11828 11510
f 7334 10457 11828
f 1447 2786 2506
f 2784 3580 4639
f 10461 7533 3855
f 10459 2789 6952
f 2788 3485 9963
f 696 9438 7146
f 2322 8583 2789
f 8583 6952 2789
f 3833 1413 2790
f 10686 9507 6243
f 433 2791 2028
f 10448 433 9358
f 2792 792 1360
f 4989 7475 6218
f 10894 7840 7907
f 10440 10894 11342
f 702 2794 9297
f 4516 5119 6883
f 9195 2068 2795
f 2068 10830 7832
f 10339 11722 11782
f 6909 10077 904
f 3750 2797 1590
f 2797 2450 1590
f 3968 10847 5026
f 4694 634 4637
f 2799 1895 6958
f 1895 5339 2797
f 8637 10567 6816
f 6816 10567 7034
f 2801 1462 6242
f 3839 8721 4493
f 2296 977 2802
f 977 7274 4575
f 3572 3570 2803
f 2167 9685 7780
f 2804 2853 3782
f 4575 2804 2062
f 3975 11453 2805
f 7995 3338 9376
f 2806 2491 2060
f 7274 3523 4575
f 8554 2807 2516
f 2516 2807 3654
f 2678 1732 2808
f 2808 1732 1209
f 4192 11565 2809
f 2809 7510 2811
f 2639 2810 2580
f 935 2580 2810
f 2005 2010 2811
f 4035 3654 2807
f 7886 4909 8417
f 7888 7884 9589
f 6430 5783 4537
f 8365 4537 2007
f 7888 2814 7884
f 7882 5192 1554
f 8264 1925 2815
f 6034 10193 8289
f 2338 7824 2935
f 11641 2935 7824
f 1344 3233 2817
f 1333 2817 4781
f 2818 7424 3637
f 6252 7424 9530
f 4056 2819 1247
f 1247 2821 2082
f 9916 507 2820
f 7147 7151 1073
f 2014 2821 2819
f 1247 2819 2821
f 2820 507 2822
f 8002 7148 756
f 7251 3113 2823
f 2825 7251 10556
f 3228 2824 9400
f 8707 6155 4948
f 2825 10556 2557
f 5938 8444 8445
f 3162 1435 2826
f 6155 4950 9965
f 2479 2367 2827
f 2481 2479 2827
f 6819 10344 5220
f 7107 2826 5220
f 3115 3883 2367
f 3883 3115 5369
f 8814 8751 2830
f 11787 2834 8362
f 1981 8135 2831
f 1981 3538 2829
f 5741 2832 6307
f 9968 8751 11962
f 2833 3538 6627
f 3413 6625 2984
f 2834 2830 8362
f 3546 7895 9306
f 2016 2835 791
f 7807 3531 4075
f 4257 10064 9071
f 4256 6325 6007
f 5711 10434 2837
f 4998 6055 990
f 1701 1135 8364
f 3594 4632 6730
f 6974 2839 6976
f 11935 6976 2839
f 2840 5056 5579
f 4258 4065 2635
f 2662 2841 7043
f 4151 5135 5136
f 8364 8812 2842
f 4258 4293 1020
f 7920 5931 2843
f 2843 4080 10835
f 2844 5095 5099
f 5101 2606 5103
f 2845 2247 2866
f 1146 2864 297
f 8831 11717 3812
f 3044 5353 3812
f 3635 10769 9086
f 9089 8421 6340
f 2848 10467 5427
f 2848 5427 2694
f 2849 4772 4322
f 4776 7759 4588
f 9541 2850 9537
f 5504 5510 4807
f 11345 11346 11324
f 8055 6982 2146
f 2852 1116 5483
f 2419 1116 4903
f 2858 3782 2853
f 2858 2853 3186
f 2854 4182 8215
f 8279 2854 8215
f 2855 6810 3367
f 4589 4178 6807
f 2858 3186 3525
f 3527 4178 3373
f 2857 5192 1856
f 8215 4182 5144
f 2856 3373 2858
f 410 3782 2858
f 4795 7272 3385
f 2857 5149 6708
f 2860 1508 3884
f 7662 7513 9479
f 2861 6926 1711
f 10757 8793 8795
f 7827 2862 2559
f 8568 2862 10948
f 10760 10758 1071
f 2861 5817 6926
f 1150 2845 2864
f 2864 2845 2866
f 2865 11437 5246
f 2907 10935 8474
f 1146 297 2866
f 2864 2866 297
f 7282 7472 897
f 7472 1352 897
f 3673 2123 2868
f 1756 4347 2123
f 9067 2867 2869
f 7962 8193 5246
f 5033 2870 2872
f 6857 6054 11914
f 133 11046 8064
f 133 8060 11046
f 2872 2870 5027
f 7190 8078 5027
f 6853 2873 4356
f 2537 2875 11431
f 11914 6054 11918
f 5027 11916 393
f 2875 4356 2873
f 2875 2873 4277
f 6314 219 6133
f 6131 6129 4905
f 2642 2879 2686
f 11807 2686 2879
f 2878 4989 6218
f 9901 2878 6218
f 2642 6117 2879
f 2877 10595 2879
f 2180 2880 869
f 9339 5692 9534
f 979 6805 1826
f 2883 3186 2853
f 9128 1293 2882
f 11016 2747 9818
f 1079 7845 2883
f 2883 2881 3186
f 2884 1372 975
f 2886 975 1434
f 11128 9938 10995
f 3065 9936 3921
f 2886 2884 975
f 2887 8248 2884
f 2886 5914 2887
f 2886 2887 2884
f 7492 1766 9850
f 10868 10334 4163
f 5166 6727 4535
f 3849 1656 1237
f 2890 5900 5087
f 9821 4747 4745
f 5386 5660 2891
f 7601 2891 4198
f 2892 1418 7485
f 1792 7495 7487
f 7426 8349 2893
f 1418 2892 9032
f 8379 2894 1199
f 2891 5660 7153
f 8493 11125 3244
f 7370 471 4032
f 2896 1683 8991
f 4616 1300 1683
f 9547 2139 2897
f 2139 2565 2897
f 2898 5407 5936
f 3943 8627 11203
f 8238 7477 9043
f 5628 2181 11051
f 5922 10246 9699
f 7548 954 5082
f 7933 849 2901
f 1905 2901 849
f 2904 2902 2549
f 8129 4694 7540
f 453 454 10748
f 453 10748 8827
f 2902 2904 9918
f 2904 1631 811
f 1466 2905 4481
f 751 2905 1466
f 2906 4644 10104
f 6423 479 4642
f 2907 638 10935
f 932 10300 11934
f 6249 6251 8802
f 9249 9806 6535
f 5493 2127 2909
f 2127 574 2909
f 11040 9062 10452
f 8250 1708 6842
f 907 2911 9307
f 6953 6412 3995
f 2912 8828 11736
f 8047 8599 627
f 11648 2913 481
f 2257 7159 8230
f 2454 7795 7837
f 7964 7963 780
f 4501 2915 809
f 11924 7795 2454
f 2916 8922 1155
f 1414 8755 758
f 7675 1469 5501
f 5012 7675 9355
f 4806 7285 3607
f 4817 3607 7285
f 443 5335 8133
f 1484 9991 3496
f 7695 11718 4823
f 10121 10761 8312
f 467 2067 2921
f 5800 6733 8493
f 2922 7080 2093
f 5281 5282 7080
f 2231 8329 2923
f 6733 6432 2923
f 2922 5281 7080
f 390 3231 2994
f 9935 1570 2925
f 5870 1322 9935
f 888 530 5007
f 6415 1282 6413
f 10761 2927 11389
f 8583 2322 8156
f 2928 1740 842
f 11560 842 2562
f 2929 2930 1457
f 4410 2929 4490
f 4412 2930 2929
f 2930 3774 1457
f 2931 8513 8509
f 6187 727 3811
f 4410 4490 2932
f 2930 4412 3774
f 1595 2933 426
f 11566 7479 6707
f 2934 9440 11148
f 8164 5006 1262
f 11641 1407 2935
f 1407 2973 9500
f 2049 2936 404
f 8164 1262 6620
f 2937 2178 9441
f 2535 10515 10173
f 4033 2938 2241
f 3959 7127 931
f 11308 1265 2939
f 6955 6957 122
f 972 4033 3795
f 4033 972 2938
f 767 10338 2941
f 11311 11308 2939
f 3204 2942 10310
f 10587 7936 9757
f 3091 6029 2943
f 6029 5366 2943
f 2944 2222 7211
f 2220 8694 2944
f 5780 8897 2945
f 6418 5778 7266
f 5775 343 2946
f 6123 1660 6335
f 564 4402 2947
f 10245 9100 1738
f 8788 6748 2948
f 488 8790 1712
f 7133 9283 1894
f 1763 5731 554
f 2950 11530 9555
f 8743 2952 9554
f 4295 7708 5866
f 5304 6013 5863
f 2950 9555 2952
f 7446 4519 1099
f 2948 10210 4563
f 8745 10210 4521
f 6991 1425 2954
f 4216 1425 2384
f 2955 6824 2461
f 4099 4859 4863
f 311 9322 11485
f 9322 8028 4951
f 300 4287 2957
f 2957 6032 300
f 7826 2958 10200
f 3338 5256 4871
f 132 11457 5705
f 11457 131 10348
f 2138 2960 11473
f 2960 2138 2976
f 3923 2961 4105
f 2509 11261 6449
f 7016 1348 9526
f 1348 11839 6897
f 10416 1151 2963
f 2963 1151 1868
f 2964 6215 8189
f 5717 7701 6679
f 10091 5569 2965
f 7062 10091 6447
f 11263 1433 2966
f 4462 3228 5044
f 10827 747 9827
f 2771 6838 6268
f 8715 11152 1964
f 1860 6811 4643
f 957 5080 2771
f 2771 9427 6838
f 2539 5724 2215
f 5639 2215 9174
f 1468 2447 2971
f 4955 1468 5527
f 1733 4094 2972
f 3786 7249 11804
f 9144 2973 3506
f 2973 9144 9500
f 884 2974 10771
f 7441 9505 11899
f 6874 2975 12002
f 6862 3160 6872
f 9751 2976 2138
f 2976 9751 8335
f 2977 2499 966
f 2977 11931 4962
f 1897 1068 9170
f 1068 7985 8851
f 2979 12008 7027
f 6685 10027 2979
f 9342 9119 234
f 9119 241 234
f 2981 5380 8284
f 9871 9210 8284
f 2982 1012 2177
f 10164 2177 876
f 10800 2983 10657
f 2983 2304 11480
f 2984 8970 6623
f 2984 6623 2986
f 2797 1892 2985
f 2985 1892 3626
f 175 2984 2986
f 10123 1275 175
f 126 6433 2987
f 7726 7725 8811
f 11356 2988 11354
f 10649 6176 3134
f 2989 7338 2191
f 2989 3117 8594
f 10649 3134 6681
f 6683 6681 3134
f 2991 10602 1885
f 8769 8513 5417
f 2992 1496 2561
f 6406 10866 1496
f 2993 2996 2924
f 2993 2924 8290
f 2922 2093 2994
f 2924 2922 2994
f 2995 10885 2992
f 6040 3305 645
f 9565 2924 2996
f 1145 9565 2996
f 2997 3156 4547
f 10755 2998 1975
f 6606 2997 4547
f 2997 6606 6038
f 2999 2922 2924
f 2999 2924 9565
f 2301 3440 7501
f 3002 7501 3440
f 4651 5395 3092
f 11580 11583 11360
f 4455 1667 3005
f 3440 908 8796
f 11043 5867 3003
f 2560 3456 3004
f 3001 3004 3003
f 3003 3004 3456
f 3440 8796 3002
f 9195 11113 2068
f 5352 3006 2586
f 3006 1774 1192
f 2333 704 3007
f 3007 361 2333
f 1553 3008 6667
f 7946 6836 6927
f 6956 3009 1828
f 10320 10318 176
f 3010 1195 2576
f 5667 1195 3010
f 1949 10679 1951
f 1951 9753 7997
f 3012 6165 6167
f 6163 885 4865
f 4861 2955 5448
f 1327 5448 2955
f 2294 3014 5292
f 6851 3618 1085
f 670 3015 7789
f 1749 7981 2533
f 7305 1979 10798
f 5452 8447 4174
f 766 3017 1994
f 766 764 5513
f 1403 4495 8149
f 7305 8151 1979
f 7968 1139 3019
f 2213 3019 1139
f 8189 6215 3020
f 1403 11267 4495
f 9894 1764 3021
f 1930 1928 3021
f 1942 10867 3022
f 1086 4868 8557
f 6647 3023 6302
f 3683 4491 9917
f 11889 8710 3024
f 4393 8479 4370
f 1679 9379 3025
f 1679 3025 185
f 10922 7719 487
f 4259 5332 11887
f 9005 5987 3027
f 4630 555 4946
f 974 1636 3028
f 3028 1636 2784
f 1875 10801 4630
f 3305 1875 8256
f 1464 3030 8213
f 4177 3723 1462
f 6688 1416 6690
f 5043 4302 1411
f 8396 3032 5833
f 2327 3032 8396
f 9537 2850 3033
f 8413 10710 5508
f 3034 8564 7846
f 5298 3034 2223
f 5298 1183 3035
f 1183 3173 10784
f 3766 853 3036
f 4196 5773 2901
f 6341 7165 7201
f 6341 7201 7390
f 4113 144 6820
f 6820 3154 10690
f 3039 1565 5067
f 9505 10427 11899
f 991 11992 10048
f 642 5973 5975
f 4344 6208 5373
f 6356 4344 10445
f 2217 3042 2219
f 2219 3042 11404
f 2179 8375 6372
f 10639 8939 11250
f 3044 3812 11715
f 11614 865 6572
f 10157 9823 5092
f 5567 4619 4124
f 3044 11715 4336
f 4844 2846 11715
f 1010 7267 6545
f 3192 2334 640
f 3050 3048 1778
f 344 1778 3048
f 2161 7675 7673
f 2161 7673 1794
f 397 7937 383
f 345 383 7937
f 11190 11681 3051
f 8746 9868 11664
f 3054 3052 6896
f 3052 1697 1161
f 3053 1283 6006
f 3907 10281 1283
f 1453 1697 3054
f 3052 3054 1697
f 9125 6461 2328
f 11928 7523 6459
f 5680 2337 3056
f 3897 3056 2337
f 3057 2147 3915
f 3059 3458 1148
f 3058 10485 1188
f 8306 3058 9489
f 3059 3060 3458
f 1119 3060 3059
f 1119 3057 3060
f 3060 3057 3915
f 3061 3532 3063
f 1169 3532 3061
f 3062 6142 5728
f 5466 3062 2309
f 3061 3063 364
f 7498 354 11663
f 3064 8031 5642
f 4106 3404 568
f 7879 3065 7624
f 1007 9936 3065
f 1432 3066 4404
f 3066 1432 3067
f 3066 3067 1374
f 11603 5233 4180
f 3068 5413 1963
f 1963 5010 3068
f 5043 1411 5045
f 3671 1411 172
f 4539 4542 3072
f 4539 4026 1839
f 5676 3069 3071
f 819 10094 822
f 2279 3072 1031
f 4542 5398 3072
f 7332 3073 11888
f 9229 7332 9575
f 6300 8360 1209
f 2674 1209 6980
f 4071 1642 3075
f 855 2665 3075
f 6256 6260 3694
f 8763 7987 3697
f 1501 1243 3077
f 7589 1501 5842
f 7803 9984 1308
f 2399 7803 11628
f 8296 8083 6067
f 4856 7174 8083
f 5122 8886 10770
f 415 8419 8888
f 3542 902 3871
f 8083 7068 4856
f 6644 10618 9578
f 7621 6655 7619
f 4103 9494 4310
f 1086 4308 4868
f 3084 1229 10388
f 10388 7769 3084
f 3085 4186 2739
f 1907 1572 3085
f 3086 1346 2520
f 1346 3086 11839
f 3087 3089 2507
f 3087 2507 3966
f 3088 10845 5121
f 7898 6706 6704
f 1230 5303 3328
f 2668 3561 1230
f 10035 3090 3092
f 4053 11580 10035
f 5034 7906 6569
f 6569 6835 5465
f 4651 7104 5024
f 3090 11360 7104
f 10857 1431 10859
f 451 7763 4013
f 5172 3094 10763
f 3981 685 6378
f 3095 1833 2394
f 1909 1833 3095
f 3448 2157 677
f 2157 3448 2159
f 1885 10602 8054
f 10602 11295 8054
f 677 3025 3098
f 3096 677 3098
f 4542 3099 5398
f 3099 1839 4789
f 4339 8701 3100
f 4339 3100 5078
f 164 3101 491
f 9875 164 9786
f 8699 3100 8701
f 8100 8699 744
f 8722 3103 604
f 8724 8722 9159
f 2264 3104 2267
f 3104 2264 2260
f 1197 5157 3105
f 1197 3105 2156
f 9813 3106 7327
f 907 7986 11283
f 9775 3107 7461
f 11987 8757 3107
f 10552 943 4426
f 9006 11654 9955
f 3109 9815 9813
f 3109 7983 9815
f 3110 4484 11944
f 3110 8406 8407
f 7658 3111 1136
f 3111 3109 9813
f 1902 644 3112
f 3112 5270 6526
f 3113 9081 405
f 9020 9022 405
f 2757 1904 3114
f 2757 3114 3112
f 2829 3115 1095
f 3115 2829 3538
f 8245 11731 3116
f 11733 6569 5465
f 2781 812 9157
f 837 9157 812
f 10368 11165 6045
f 5726 10368 6045
f 1210 7715 3119
f 5726 7670 1210
f 10960 9771 4875
f 6047 10444 6284
f 3121 5482 9566
f 4991 7833 6116
f 7767 3122 676
f 2165 676 3122
f 3123 1115 6232
f 2172 10399 11013
f 3124 7468 5242
f 6785 5016 11428
f 3125 466 8917
f 3125 8818 466
f 9252 8772 6682
f 10490 8948 8946
f 3127 2965 5569
f 4978 9365 9366
f 2315 5215 3128
f 11823 3128 1953
f 299 10260 917
f 917 10260 10899
f 1143 3130 2996
f 11823 4122 3128
f 2229 3131 3129
f 5184 3131 2229
f 7683 3132 1503
f 3132 1985 1503
f 1824 3133 2470
f 3131 5700 6764
f 4450 7980 3134
f 6683 3134 2990
f 309 9405 3135
f 3133 3135 9164
f 3136 1996 6554
f 10747 10305 6746
f 6473 7243 3137
f 9000 3137 8999
f 1970 1972 3138
f 3138 797 8075
f 9146 970 3139
f 1720 5756 3139
f 3140 1972 5895
f 3140 3138 1972
f 1958 1720 3141
f 3139 5090 1720
f 414 6601 3142
f 3142 2878 9901
f 3143 4194 1791
f 2600 1710 3143
f 3144 9487 9133
f 9481 7984 1068
f 2280 3145 3143
f 6238 6064 6068
f 3146 7903 10060
f 9766 9175 9764
f 10661 1612 4188
f 1612 3187 146
f 3148 4363 2080
f 2674 1728 3148
f 3149 781 2554
f 11105 2363 781
f 3150 1218 156
f 9410 8586 1218
f 1297 4818 3151
f 8761 5400 484
f 3152 4768 1118
f 1648 1646 3152
f 2269 834 3153
f 2267 3153 834
f 3154 6820 144
f 2318 4901 6823
f 7041 5637 3155
f 11205 8957 1159
f 400 4547 3156
f 2566 400 3156
f 6035 3157 9628
f 7041 3155 7040
f 3158 9557 4972
f 9557 8909 5074
f 851 800 8728
f 10379 5637 7041
f 2836 3160 4257
f 3160 2836 6872
f 3161 441 7383
f 10781 4306 11461
f 1213 2978 3162
f 2978 1068 8851
f 3163 7047 4021
f 8220 8224 540
f 4858 1254 3164
f 3164 1254 4465
f 3164 3165 1900
f 2397 1900 8163
f 3166 540 8224
f 7180 540 4026
f 3167 6653 4147
f 3167 8451 667
f 1033 3940 3168
f 5063 10366 1033
f 3169 3516 7587
f 7059 3169 7061
f 11484 2388 6878
f 389 9428 2388
f 3169 3171 7061
f 1588 11301 9642
f 4333 3172 5201
f 3230 2593 1451
f 7419 1788 5550
f 4087 3543 10735
f 5069 1088 3174
f 1817 11382 4857
f 182 3175 2367
f 3115 2367 3175
f 654 8380 4964
f 2957 4287 4284
f 9017 6743 6794
f 11707 9535 9017
f 4612 1558 3178
f 7953 10349 1867
f 4573 7606 1529
f 8663 8667 7606
f 11638 11925 960
f 4612 3178 7206
f 6155 3181 1437
f 5533 3181 11313
f 7281 5478 5145
f 5145 2002 8731
f 7606 3183 1529
f 1529 11402 9324
f 2169 3510 6513
f 2167 2169 9685
f 436 3181 3185
f 6794 1529 9324
f 3188 3525 3186
f 6807 3186 6805
f 1612 10661 3187
f 5584 4726 4677
f 6807 3188 3186
f 4178 3188 6807
f 6900 5586 6747
f 11394 9596 10724
f 4943 1850 431
f 4943 431 1491
f 10273 2277 3191
f 3191 8997 958
f 10362 10610 3047
f 10362 10364 2334
f 1331 3193 2664
f 6058 9290 1331
f 11730 3194 9656
f 9656 3194 1684
f 899 8235 10519
f 3415 10519 2572
f 9172 1074 3196
f 1074 9448 10759
f 6687 9403 3197
f 79 6104 9513
f 184 6622 4675
f 6624 3200 3381
f 3199 2246 6104
f 4225 3199 3197
f 1980 3200 3198
f 6622 3200 6624
f 3201 11780 2304
f 11164 11228 3201
f 5076 3202 440
f 96 3202 5076
f 184 4675 3203
f 3203 8981 184
f 10587 8467 7936
f 1822 8467 8465
f 4232 1729 1206
f 1206 427 4232
f 3206 1289 3203
f 3206 3203 4675
f 3207 5788 8860
f 3213 3207 2589
f 5957 3208 1290
f 1290 3208 3206
f 8253 3215 3213
f 597 3207 3213
f 8940 7649 3212
f 8943 5456 5512
f 1683 3211 8251
f 8251 3211 3765
f 8487 10098 10097
f 10097 7649 5459
f 8253 3213 11392
f 11392 3213 2589
f 8487 10097 5458
f 8947 2285 9897
f 597 3213 3215
f 7344 9887 8787
f 4948 1437 11246
f 3224 4095 3218
f 5878 4983 3217
f 3579 1361 4985
f 11246 3226 3218
f 8047 627 5065
f 5438 5440 3219
f 3738 6913 722
f 11246 7864 3226
f 3181 3222 1437
f 9386 10074 3221
f 3221 5622 9386
f 3222 8674 1437
f 3181 7663 3222
f 8170 11810 1016
f 2190 5112 3695
f 3222 7663 10536
f 3226 7864 3220
f 8405 7800 7802
f 8405 7802 7469
f 3224 3218 3226
f 3226 8675 3224
f 10985 5471 3227
f 11435 3225 11075
f 6099 4954 3228
f 4462 8584 3228
f 3227 6869 3229
f 11435 5674 3227
f 3230 1451 10635
f 4748 3230 8169
f 3231 1574 2993
f 3231 2993 8290
f 9154 9152 5196
f 5125 3288 242
f 2817 3233 963
f 3233 7586 963
f 3096 3234 2153
f 11750 4965 3234
f 10779 3235 4329
f 4121 1126 6759
f 5648 5890 6120
f 5648 6120 2702
f 4959 2541 3237
f 3237 7646 4959
f 5839 9757 8967
f 9345 7569 9476
f 9964 7263 3239
f 5090 3239 1288
f 7568 10317 3240
f 7566 3887 7099
f 3243 200 3241
f 3241 200 7892
f 1916 3242 9051
f 9051 3242 10684
f 5576 7890 826
f 9966 7263 9964
f 8495 2764 10486
f 8495 10486 1225
f 3245 2529 1532
f 10667 1532 351
f 7212 3246 7210
f 7212 7890 5574
f 1100 7473 3247
f 3247 2510 10676
f 606 4324 3248
f 10053 10055 1750
f 10053 1750 3249
f 2357 6696 3559
f 11704 6929 3250
f 5501 1483 2917
f 11883 7328 1597
f 2149 590 6863
f 1167 11115 3252
f 10575 7809 5405
f 7751 7753 6551
f 2708 7753 1111
f 3254 2230 3880
f 2420 2230 3254
f 3255 5180 9723
f 5986 5989 10185
f 9581 9583 5445
f 9583 9111 5445
f 7347 2673 3257
f 3256 7347 3257
f 10167 136 1512
f 136 10167 3260
f 5886 2378 6895
f 5273 2378 8371
f 136 3260 815
f 815 3260 9723
f 3261 1111 5989
f 8179 8181 3260
f 9189 11365 6148
f 9189 9191 4728
f 431 8959 5446
f 4176 1741 8961
f 1148 283 4125
f 4693 6435 1915
f 2393 10595 3265
f 5895 2105 3431
f 8198 8197 3266
f 7326 8195 8198
f 2762 3265 3267
f 1796 2762 3267
f 3268 9657 2093
f 2093 7080 10818
f 9304 7321 1920
f 9302 9304 9540
f 4988 7615 3270
f 7615 713 3270
f 3273 9684 10011
f 10155 3275 821
f 6090 8992 2651
f 6291 6293 2651
f 3273 2108 11285
f 821 9684 3273
f 5217 3386 11444
f 7328 5219 1597
f 821 3275 3271
f 3271 5680 3056
f 6797 6239 3276
f 3278 8045 3902
f 644 320 3277
f 8276 8344 3277
f 3279 10903 3278
f 3278 1046 8045
f 3279 2761 4251
f 10898 199 10900
f 3280 3160 6862
f 323 10730 327
f 5847 9458 5420
f 6754 5847 5420
f 3280 3282 3160
f 3282 6325 3160
f 10018 3283 151
f 3101 3283 491
f 3284 3399 1341
f 3284 3233 1344
f 3285 499 1343
f 3285 1343 3291
f 3286 11506 3105
f 1629 310 3286
f 499 3285 3287
f 6550 499 5966
f 3288 792 1987
f 3288 1987 242
f 3287 3289 2784
f 2784 3289 3580
f 689 3290 4771
f 3290 8911 4771
f 3285 3291 3580
f 2786 3291 1341
f 4773 689 4771
f 689 4773 11273
f 10924 3293 3306
f 6311 1668 4829
f 1763 3294 6202
f 3427 6202 10135
f 7141 9109 9107
f 7141 2201 5171
f 3296 3023 6647
f 6003 626 6646
f 4270 10044 4650
f 1124 8427 8586
f 2186 7605 3298
f 3298 1065 5774
f 7605 8600 5776
f 3298 7605 1065
f 5685 4587 10117
f 7893 4587 10044
f 607 10973 7603
f 607 3303 1948
f 3302 2630 3304
f 2335 4733 9669
f 607 3301 3303
f 6954 6003 6646
f 5704 462 10630
f 9671 462 5704
f 6585 10439 8332
f 10439 8330 8332
f 1668 3306 11764
f 3306 1668 6836
f 1901 3307 10417
f 6916 11056 628
f 1438 3308 3750
f 7489 10372 9179
f 3315 5617 708
f 10347 5619 6493
f 3310 3308 1438
f 3310 1438 1590
f 1327 3311 5448
f 4427 3315 1327
f 11876 4136 11878
f 11878 11846 10063
f 870 3311 3313
f 1327 8008 3311
f 9650 9647 9652
f 422 3721 7476
f 708 8005 3315
f 3313 3311 8008
f 4766 5486 3316
f 2477 9683 9896
f 5738 1832 3317
f 3691 3317 1832
f 10546 11439 1171
f 11437 2865 1171
f 6992 8617 8619
f 7115 8620 2089
f 10552 9006 3320
f 3108 8709 8302
f 5098 3321 6995
f 11102 6992 6322
f 8302 8709 1270
f 5925 7660 11213
f 194 3323 9853
f 3323 3702 9853
f 5022 3324 3769
f 11158 7612 7610
f 3768 3325 847
f 3325 1245 5251
f 856 3326 3328
f 6844 4069 4152
f 3162 3327 1435
f 2978 8851 3162
f 5303 2508 3328
f 3328 3979 856
f 10500 10502 3329
f 9143 10516 10498
f 11084 3330 7677
f 8435 7079 1233
f 10500 10505 10504
f 10505 10500 2317
f 10725 381 11912
f 10925 10725 6817
f 3333 7954 2583
f 11790 3333 5947
f 3334 6078 1248
f 5778 6418 1736
f 9283 790 3335
f 3335 7426 2893
f 4927 3336 4929
f 8640 7029 7134
f 3337 4348 1446
f 3337 7958 6910
f 428 9605 3338
f 7995 428 3338
f 2369 8459 7756
f 1489 6391 10023
f 3340 10579 2174
f 9990 8659 3340
f 192 3512 3341
f 195 6010 6008
f 9171 9653 776
f 3340 8659 10579
f 11015 6422 3343
f 922 352 5244
f 7120 3344 1663
f 1663 9825 6889
f 9861 6109 9777
f 147 7962 7961
f 3344 2974 3346
f 2974 11897 3346
f 7136 8954 10907
f 8512 11940 10907
f 6704 4362 10772
f 9270 836 4400
f 8520 3349 161
f 161 3349 5754
f 5108 3350 9744
f 6188 9744 3428
f 3351 5263 6897
f 5264 3351 3196
f 10293 10488 6996
f 1869 1722 10293
f 1075 9172 11441
f 5991 9172 1075
f 1354 3354 4770
f 1354 6113 9373
f 982 3355 5618
f 9448 1077 3363
f 6044 3356 1530
f 3356 6044 4036
f 3357 3363 1077
f 3353 3359 1077
f 3358 3239 6803
f 9964 3239 5696
f 3361 3357 1077
f 3357 3361 3363
f 11607 4641 3360
f 3918 3360 6806
f 3361 1077 3359
f 9169 3361 3359
f 4548 6809 3362
f 6806 6808 3918
f 3355 9448 3363
f 3355 3363 3700
f 11022 11426 3364
f 7413 5111 7382
f 988 3365 4994
f 3365 1117 937
f 4892 3366 7655
f 800 3369 643
f 3492 3367 6810
f 3492 2962 10660
f 2855 3367 3368
f 3370 410 4416
f 4892 7175 3366
f 5836 5840 1292
f 10660 4416 3367
f 3492 10660 3367
f 6767 5114 3371
f 11236 9810 4109
f 7966 2390 3372
f 1660 3372 6335
f 410 2858 3373
f 410 3373 4416
f 5962 8574 3374
f 9937 498 2502
f 119 4601 3375
f 6502 6244 6916
f 2176 3376 1276
f 3376 2176 1848
f 8791 141 3377
f 3377 141 5737
f 1278 3378 3376
f 1278 11558 10287
f 2009 5782 4140
f 2809 4140 5782
f 7009 5205 2558
f 8104 2558 5203
f 3378 3381 3200
f 1278 10287 3378
f 4216 1755 3382
f 1421 3382 3384
f 8140 10670 4993
f 10670 6581 2087
f 1755 2810 3384
f 3382 1755 3384
f 4795 3385 3389
f 5147 5152 3389
f 4749 3386 3274
f 5219 9319 3274
f 6562 2859 1552
f 11519 6562 1552
f 3388 658 3390
f 3339 658 3388
f 4795 3389 6560
f 3389 4027 6560
f 1066 3388 3390
f 9319 8955 10449
f 8850 8553 4722
f 10518 513 3393
f 3392 3394 2295
f 3984 3394 3392
f 8216 8218 10518
f 8216 7228 8218
f 3394 3984 735
f 3394 735 1742
f 1944 527 6343
f 4826 11633 9384
f 2705 3396 11180
f 11178 5055 8698
f 1564 7513 7761
f 7513 1564 5209
f 6641 5661 6766
f 6766 5661 166
f 1344 1341 3399
f 3284 1344 3399
f 3095 2394 9235
f 8782 2394 9948
f 1779 1874 3401
f 3398 1779 3401
f 1704 8603 3406
f 5785 3406 1315
f 875 7645 3403
f 875 3403 5723
f 3404 8819 10245
f 4106 2663 3404
f 3404 2663 3405
f 7539 8817 3405
f 3406 8782 3402
f 3406 3402 8828
f 877 1956 3407
f 3407 1956 2619
f 3408 8461 8463
f 10990 11029 11027
f 877 3407 3409
f 877 3409 9083
f 3410 6003 1835
f 3300 7172 1835
f 6674 3411 6676
f 3411 6674 1125
f 10437 3412 5371
f 1835 7172 3410
f 2595 2833 3413
f 3413 2833 6627
f 9865 1358 5887
f 5629 1600 6821
f 8880 1753 3195
f 11239 3820 7574
f 5563 4557 8832
f 439 4555 5140
f 2248 1150 3417
f 1150 2864 3417
f 3418 2473 2475
f 3418 2475 1493
f 3419 1393 6074
f 11622 1141 5672
f 4243 6429 3420
f 528 7662 6949
f 647 10409 4543
f 647 4073 10409
f 11265 4576 7701
f 7701 4576 6679
f 2611 4073 647
f 2611 4574 4073
f 9621 2212 3424
f 2548 9621 3424
f 3425 10442 10444
f 6072 10444 6047
f 3426 3986 1811
f 9011 6763 1811
f 6200 7250 2059
f 6200 2059 2090
f 10663 3350 5484
f 9744 3350 10663
f 3429 6180 2059
f 6180 3429 4446
f 3428 3430 1676
f 1676 3430 1670
f 3431 2105 1632
f 11028 6683 2990
f 3432 2579 7556
f 9117 9115 4888
f 3429 3433 3436
f 3436 3433 3743
f 7504 4925 7502
f 9834 6699 10929
f 7486 7736 3435
f 7073 7404 4550
f 3429 3436 4446
f 11998 11028 7978
f 10284 9873 3437
f 1217 3439 6317
f 3438 10145 4591
f 4971 837 10145
f 6315 1566 6319
f 6319 6925 3437
f 2301 7456 3440
f 777 908 3440
f 276 2534 3441
f 3438 276 6787
f 5177 1545 5360
f 5182 5177 3446
f 3443 3012 5359
f 5359 8505 9883
f 9725 3444 11473
f 3444 9725 3446
f 3196 1074 3445
f 6760 9526 1348
f 5177 817 3446
f 3444 3446 817
f 6206 4172 3450
f 3851 6206 672
f 2153 3448 3096
f 3448 677 3096
f 3449 1907 851
f 8065 3449 851
f 11080 672 3450
f 6206 3450 672
f 3451 5970 11635
f 6371 572 4146
f 10193 6034 6036
f 7136 5790 8954
f 3453 4247 1176
f 7259 691 1397
f 3454 657 2426
f 3454 10724 8295
f 1725 4221 3455
f 1735 1725 3455
f 7428 3003 3456
f 8356 7314 11042
f 1109 3457 5274
f 1109 10873 3457
f 1148 3458 3915
f 3458 3060 1153
f 5006 3459 1262
f 1262 11255 1260
f 7817 7593 3460
f 1109 10269 9551
f 3463 3461 8806
f 1938 357 3461
f 11251 3462 2556
f 7577 1480 1575
f 3463 8809 2044
f 2523 3463 2044
f 5346 3464 11202
f 457 1368 3661
f 8051 4830 5410
f 4830 5750 5410
f 6571 4119 3466
f 3466 4657 6571
f 4830 3467 4837
f 11179 3467 5626
f 1391 4226 427
f 4226 4232 427
f 4657 3469 6571
f 2734 1061 9959
f 6256 3694 11754
f 3473 740 9560
f 3472 3575 3471
f 648 3471 5861
f 648 3472 3471
f 10999 648 8341
f 3473 9560 3018
f 1979 11555 8149
f 3474 264 2110
f 2110 11036 3474
f 6407 3475 10767
f 5351 9389 10767
f 10407 3476 11348
f 5959 9831 2554
f 3936 7081 7079
f 3936 10261 11734
f 3476 253 3478
f 2110 8868 253
f 3479 2329 3481
f 2331 4102 3479
f 1242 3901 7889
f 4839 10047 3903
f 3479 3481 2331
f 2331 3481 6562
f 11296 6394 11294
f 6098 6394 850
f 785 9899 10289
f 9897 2285 419
f 3484 736 2379
f 9206 9208 6933
f 11854 3487 9556
f 9558 6645 9553
f 9382 3486 11048
f 9381 3484 7952
f 9558 3487 983
f 3487 8800 983
f 3488 71 2164
f 11464 10789 6931
f 3489 12004 673
f 394 9241 9569
f 1139 8873 3490
f 8873 8677 7421
f 3491 10690 6642
f 3491 10833 10494
f 1346 1797 3492
f 1797 3874 3492
f 9507 10686 10688
f 6642 10833 3491
f 3494 2234 2342
f 11477 2234 3494
f 8531 517 873
f 10736 10703 10481
f 8133 3496 9991
f 2919 8191 3496
f 3501 4409 3502
f 2278 3502 4409
f 4357 3498 520
f 520 10933 4578
f 9504 3499 3497
f 9504 11114 3499
f 7423 3500 2332
f 2332 10883 641
f 3499 2441 3501
f 2441 871 3501
f 9502 3497 3502
f 3497 3501 3502
f 8555 6144 1811
f 5200 6144 8555
f 10982 11995 5592
f 4710 8760 11513
f 3505 8231 4730
f 7937 397 9675
f 7346 3506 10982
f 7348 3502 8331
f 3507 3505 2081
f 3505 7460 8231
f 3581 9456 8084
f 737 3509 7742
f 3509 5955 3908
f 5258 9461 9459
f 6513 3510 5349
f 3510 4520 2499
f 944 8124 3511
f 9461 11896 5955
f 195 10728 3512
f 195 3512 185
f 1152 3513 2288
f 3513 3691 1832
f 185 3514 195
f 195 3514 6010
f 9138 9975 3515
f 7823 5659 9375
f 4424 8570 6901
f 11577 9668 9670
f 162 852 3517
f 852 4115 3517
f 3518 2914 5718
f 3519 10669 4272
f 6656 706 10455
f 6658 3518 5718
f 4458 9655 7860
f 9655 9654 1321
f 9380 3521 8194
f 4020 3521 9380
f 6856 8314 6584
f 3136 6554 6586
f 2806 2060 3523
f 2804 3523 2060
f 2750 3524 2753
f 3524 2750 6694
f 3527 2856 2858
f 2856 3527 3373
f 3526 7640 7142
f 7734 3526 216
f 3527 2858 3525
f 3188 3527 3525
f 7965 4166 5855
f 6309 3825 767
f 5193 3529 1574
f 1574 3529 2993
f 3530 1770 5813
f 11057 10338 10179
f 4075 3531 791
f 791 3531 9225
f 3532 11610 7026
f 1169 11610 3532
f 2233 6778 11269
f 7158 5544 8256
f 4366 3534 6578
f 6230 8798 6574
f 3439 807 3535
f 4785 11413 1577
f 11574 3536 1122
f 5116 1122 3536
f 3182 602 7849
f 7849 602 7847
f 2831 6627 3538
f 2831 3538 1981
f 5499 1759 6450
f 2033 7847 602
f 3540 5068 11123
f 8704 11123 1759
f 9996 4000 11819
f 10741 8915 10739
f 3542 3539 1759
f 1759 690 3542
f 10741 8625 8915
f 4004 3541 5378
f 3544 6093 3821
f 11666 3656 715
f 3545 10250 1732
f 11749 6032 11156
f 8814 2830 3546
f 2830 7895 3546
f 1685 3682 3547
f 3551 8102 6616
f 4053 10035 9436
f 7678 6184 5859
f 1685 3547 3549
f 5343 4387 3549
f 4053 9645 9338
f 3552 8044 9338
f 3547 8102 3551
f 3547 3551 3549
f 5566 3550 5563
f 5561 418 7696
f 3555 3553 1223
f 4297 3553 5075
f 8261 3554 2241
f 3554 2243 7144
f 179 191 3555
f 3555 191 3553
f 11014 5353 6330
f 9881 9636 5355
f 6698 6629 9063
f 6698 9063 5903
f 877 9083 3558
f 4358 877 3558
f 7913 2357 3559
f 6698 5904 3557
f 4926 3560 7913
f 7913 3560 2357
f 1230 3561 5303
f 5303 3561 6013
f 11292 833 10842
f 2344 5289 11292
f 3806 7202 6249
f 6654 6656 7204
f 10977 3564 10357
f 3613 9130 11482
f 3565 7458 2019
f 10796 5239 5241
f 3566 1542 567
f 8588 6351 3240
f 986 3567 2383
f 2208 2383 3567
f 3568 8025 1276
f 3568 1276 3376
f 895 758 3569
f 2648 8994 758
f 3570 964 2167
f 3570 2167 7780
f 9480 10790 7622
f 7625 7627 7812
f 1160 2144 3572
f 3570 3572 4847
f 5771 1140 11288
f 11288 1140 387
f 2710 3574 2748
f 3574 2710 6804
f 2959 1224 3575
f 3471 3575 1224
f 3576 11154 7571
f 6941 8662 7573
f 2748 3577 5230
f 2748 8616 3577
f 509 4538 8361
f 7571 7573 7333
f 3579 8154 1361
f 544 6263 8454
f 3580 3291 2786
f 1447 3580 2786
f 3581 9459 9456
f 9459 3581 7718
f 6478 4750 3582
f 3582 4750 11615
f 3964 698 3583
f 2330 3583 3585
f 5194 519 7970
f 519 1375 4787
f 3583 698 3585
f 3585 698 6751
f 7529 3586 2398
f 3586 4751 2398
f 11622 10056 1141
f 7217 476 4572
f 6552 3588 1293
f 1293 3588 1891
f 1998 3589 6790
f 6113 6111 12016
f 3591 1239 3590
f 1245 3590 1239
f 3593 3591 3590
f 3591 3593 1239
f 6111 3592 4437
f 11448 9212 9214
f 4012 3593 10182
f 4012 5143 3593
f 3594 6734 2838
f 2842 3594 2838
f 3595 6030 3646
f 1093 7071 9453
f 5702 8081 4546
f 3138 8075 1970
f 3597 703 3110
f 8774 2135 703
f 3598 5479 5481
f 1116 3600 6567
f 9577 11574 10934
f 2135 5883 10934
f 3779 3600 1146
f 6568 6567 3600
f 2204 3604 3601
f 5748 385 3601
f 10111 3602 9719
f 2204 8740 3604
f 1410 9515 3603
f 307 6677 3603
f 8742 3604 8740
f 9778 5748 8742
f 2918 3602 3605
f 5974 3605 3602
f 2460 3606 2199
f 5498 10986 9569
f 7695 4823 2918
f 2918 4823 3602
f 17 51 3608
f 17 3608 18
f 3609 1183 5298
f 8734 10277 9567
f 3610 11948 45
f 30 7375 6553
f 3611 2595 2598
f 2595 3611 2833
f 3611 2598 3612
f 3612 2598 1275
f 3613 4507 389
f 3615 8567 4510
f 3610 5649 3614
f 5714 5649 9362
f 3615 4507 3613
f 3615 3613 11481
f 3620 3616 4277
f 3616 3152 1083
f 2268 6611 3617
f 825 2268 3617
f 3618 6851 3014
f 3618 3014 3627
f 1860 4643 3619
f 10068 1860 3619
f 6853 3620 2873
f 3620 1085 3618
f 170 10650 3621
f 1650 170 5958
f 3622 6716 8107
f 11277 11007 5170
f 7838 3623 8333
f 4890 3623 7114
f 9415 3624 1166
f 4890 7114 5610
f 2611 3625 5670
f 2925 1570 8508
f 3626 9523 1594
f 6800 1594 6958
f 3014 2296 3627
f 3627 2296 2802
f 3628 258 497
f 11749 11156 7142
f 3629 8840 8540
f 10643 2988 11356
f 7278 3630 7279
f 7247 7279 3630
f 3886 3631 749
f 1432 4404 3886
f 3632 11640 10949
f 4759 10527 11858
f 9237 9240 1901
f 7711 7713 10129
f 3634 2659 8872
f 10382 8872 4997
f 9242 10769 3635
f 1901 9244 9237
f 5877 9129 3636
f 11834 9129 5572
f 3637 2347 2349
f 524 6080 3648
f 932 3638 10300
f 6770 1772 4692
f 699 3639 701
f 8185 8960 8958
f 2347 3640 4647
f 7358 4271 3928
f 8429 10315 3641
f 960 8723 3641
f 3637 3644 2347
f 3640 2347 3644
f 3643 958 1516
f 8429 3641 8723
f 1661 3642 3644
f 3640 3644 3642
f 2703 3645 4697
f 3645 9997 9995
f 3595 3646 1093
f 1093 3646 2263
f 3647 8635 1286
f 8927 1286 6415
f 6080 2349 3648
f 3648 2349 1663
f 3649 4116 1801
f 4797 4346 9559
f 3648 1663 6891
f 1663 6889 6891
f 974 2120 3651
f 2120 3028 3651
f 4918 3652 4379
f 1801 9601 3649
f 2878 3653 1039
f 9277 8362 2830
f 4035 2811 3654
f 11567 3654 2811
f 2932 1873 3655
f 2597 3655 1873
f 713 715 3656
f 4732 713 9657
f 10242 5387 3657
f 1624 4142 3977
f 7336 3977 4445
f 4445 10276 7336
f 4881 764 3659
f 2213 6496 3464
f 4902 9422 563
f 11019 9422 7024
f 11202 3464 3661
f 3661 3464 6496
f 1726 517 4091
f 2437 6084 4091
f 464 3663 6702
f 5407 4395 9019
f 3664 11333 1556
f 3664 1556 3179
f 1672 3667 3665
f 6717 2196 450
f 7491 6074 1393
f 9188 469 8823
f 6717 3667 2196
f 1687 2196 3667
f 11814 9185 3668
f 9186 3666 3668
f 6692 3669 6694
f 3524 6694 3671
f 3670 623 162
f 2732 6282 162
f 3671 5045 1411
f 3669 3671 6694
f 3672 3515 3674
f 6179 10288 3674
f 2132 3673 7086
f 9168 6410 3678
f 3515 948 3674
f 9971 9973 8985
f 7086 6830 2132
f 2132 3677 4607
f 3676 1973 9785
f 6309 3676 10785
f 2132 3675 3677
f 6830 574 3677
f 2909 574 10804
f 7086 9972 6830
f 10904 10785 3676
f 7247 10619 9914
f 1168 3680 226
f 226 6739 1618
f 10787 7247 10179
f 10338 3825 10179
f 1285 3682 3684
f 8539 8544 4318
f 3683 1014 4491
f 1014 3683 7585
f 1685 3684 3682
f 3684 4387 183
f 8204 3685 5581
f 2700 2704 3685
f 4254 4767 6006
f 5343 183 4387
f 5290 3687 551
f 9439 9729 11170
f 7520 3912 3693
f 11754 3694 11756
f 3689 3549 3551
f 3549 3689 3686
f 11756 9238 3693
f 3697 7286 8409
f 1152 2288 3691
f 3513 1152 3691
f 3691 3692 3317
f 7022 3691 2288
f 8430 3076 6525
f 6289 6525 3076
f 9238 10430 3693
f 8412 3697 8409
f 4461 3695 3223
f 3695 5112 9676
f 4843 3696 805
f 9943 11958 11960
f 8763 3697 9238
f 9238 3697 8412
f 952 7292 3698
f 509 5029 4538
f 7286 11684 2653
f 6174 6190 11687
f 3355 3700 4541
f 647 4543 4545
f 2475 3701 1493
f 1493 3701 3942
f 3323 1718 3702
f 7655 8073 8071
f 3401 3703 1777
f 8866 1405 1777
f 3176 8037 3704
f 306 3176 3704
f 1514 3705 868
f 10359 3108 9612
f 3706 5399 11982
f 9612 3705 1514
f 812 11172 10143
f 5005 2339 2726
f 10216 3708 6100
f 6100 6102 7953
f 3709 1339 8110
f 1339 3709 1335
f 905 3710 9501
f 3712 905 6917
f 655 3711 1335
f 1335 3711 1339
f 3712 6648 905
f 8173 3712 7091
f 8848 2550 3713
f 3713 8192 7164
f 3712 6917 3714
f 8347 1606 10305
f 8848 3715 2550
f 9952 8126 2550
f 10512 6121 11797
f 6122 10512 7310
f 4874 3717 1681
f 5441 9449 8857
f 10912 7281 3718
f 1827 600 6119
f 3719 1013 8098
f 3719 4281 1013
f 7310 3716 3720
f 3720 600 1827
f 7944 3314 9435
f 1091 3314 11861
f 6063 3722 1266
f 3724 5098 3728
f 3723 3725 843
f 3723 843 4556
f 9317 7380 5730
f 4354 9317 5732
f 10559 1984 4179
f 4179 1984 843
f 8376 10176 3726
f 5730 5732 9317
f 10559 3727 1984
f 3727 4126 1984
f 5098 6995 3728
f 6063 6065 6995
f 2235 1250 3729
f 9233 8538 4483
f 8257 3730 11018
f 876 7779 6608
f 6867 3731 9986
f 3731 11044 11065
f 3732 8305 4137
f 8305 3732 6462
f 891 3733 2667
f 3733 2668 2667
f 3734 2492 10222
f 1519 3734 10222
f 3737 11963 8174
f 858 3733 8174
f 3738 5442 3736
f 5946 3819 5948
f 3737 1640 11963
f 5640 1640 3737
f 5948 3819 3785
f 3819 10008 3785
f 8092 5497 5496
f 5497 2648 1969
f 3272 9591 11956
f 4193 3272 11956
f 7509 157 3741
f 8381 10218 9052
f 6200 3742 7252
f 3742 3743 7252
f 5990 5988 493
f 5990 493 10987
f 3744 9048 7108
f 9052 8377 9054
f 9584 2045 7842
f 10802 4373 6331
f 4488 2929 3746
f 2596 3746 2597
f 1236 5168 2693
f 5168 8094 2693
f 3977 4142 1156
f 10529 9008 1156
f 2208 3749 2383
f 3862 3749 2208
f 3308 1436 3750
f 3750 1436 1892
f 11448 3751 9212
f 10187 5793 4699
f 3752 127 8414
f 7316 1596 10102
f 7146 9717 1740
f 842 1740 9717
f 8061 8936 8804
f 5091 5093 8936
f 444 11793 3755
f 3755 11793 2240
f 775 9495 1449
f 10435 11470 1041
f 4511 3757 10086
f 11265 10970 7702
f 10123 175 2986
f 11750 3234 10123
f 4511 10970 3757
f 1974 4081 2379
f 8748 2279 1029
f 8748 1029 9060
f 10405 3761 2364
f 6742 4828 3761
f 4508 389 4507
f 4900 9428 389
f 4173 3763 1795
f 3763 7576 3760
f 2685 2690 3764
f 2690 6348 3764
f 1299 3765 3209
f 11392 2589 3209
f 1245 3766 2111
f 3768 1245 3325
f 4961 320 644
f 10126 644 1902
f 1245 3768 3766
f 7933 3766 3768
f 10126 1902 3769
f 3769 1902 3114
f 2106 10607 5753
f 11943 11939 6009
f 3771 5335 443
f 6993 10641 3771
f 10732 3772 8265
f 11943 11068 10732
f 7023 6043 3773
f 9693 9695 4269
f 4412 2932 3774
f 3655 3774 2932
f 283 3775 4125
f 9464 2615 3264
f 7800 8405 8597
f 10289 7800 8597
f 4669 10375 3777
f 7798 9243 1428
f 4317 1430 3778
f 3777 6444 6440
f 6568 3600 3779
f 3783 11369 6568
f 3780 1430 11397
f 3778 1430 6436
f 3781 4125 3775
f 3775 4194 3781
f 2804 3782 2062
f 3370 8825 3782
f 2615 3783 3779
f 3783 6568 3779
f 6523 2619 1956
f 2619 6985 651
f 3736 7550 3738
f 6000 3738 7550
f 6668 3786 6948
f 3786 11804 6948
f 9701 6966 3787
f 3787 9724 863
f 2679 3788 11119
f 2688 2681 11122
f 3789 878 10070
f 3811 727 10495
f 3790 7598 7600
f 6305 7508 80
f 3791 1511 6772
f 5017 208 6775
f 11072 3792 5952
f 5952 3792 8686
f 6907 3793 2443
f 3793 8403 2443
f 5541 1488 8308
f 8919 5541 4725
f 1806 3795 11629
f 4033 11629 3795
f 3799 3796 3795
f 3796 3799 3926
f 8803 8801 802
f 2776 4398 8799
f 4796 3798 8462
f 8462 8464 3332
f 3799 1806 914
f 1806 3799 3795
f 3800 550 9648
f 3800 5808 10856
f 6997 7001 3805
f 10732 8265 1108
f 9708 3802 2020
f 2020 3802 7391
f 3805 3803 9517
f 3801 4303 3803
f 8022 10920 1584
f 1584 9114 5564
f 3801 3803 7004
f 3772 3801 8265
f 9249 9251 3806
f 9253 6656 6654
f 7932 11657 11659
f 4384 8577 10161
f 3808 926 5654
f 7727 771 11675
f 5861 3471 9928
f 8757 11987 1523
f 10620 1357 3810
f 4236 7727 9929
f 6183 878 3789
f 8367 10990 11027
f 2387 7051 3812
f 8831 3812 7051
f 1030 8269 3813
f 7741 1030 8277
f 3814 7049 1539
f 2387 7053 7051
f 8273 6443 1030
f 6073 8401 8275
f 9146 3139 5756
f 9146 5756 9148
f 1944 3817 1404
f 10011 6789 11821
f 3818 7665 920
f 2519 8214 3818
f 6603 9490 6602
f 10008 6602 9490
f 11239 8880 3820
f 3820 3415 3822
f 347 3821 8211
f 3821 3818 8211
f 3822 2572 11303
f 11209 3822 5096
f 6949 1268 3823
f 8036 5944 2070
f 693 3824 4121
f 3053 7330 693
f 3825 10787 10179
f 6309 10787 3825
f 3826 1338 11891
f 7253 5050 1338
f 3827 5416 5052
f 223 3599 6600
f 11891 3828 3826
f 10204 1605 7222
f 9870 9872 79
f 5076 440 8101
f 3830 8318 3639
f 2843 10835 3831
f 6635 7045 3830
f 3830 7045 8318
f 9726 9075 10870
f 116 10233 10683
f 1123 1413 3833
f 1123 3833 2599
f 9726 9070 9075
f 9080 2024 9522
f 1332 3835 5772
f 3833 5772 3835
f 5532 6138 5530
f 6295 9073 6303
f 3835 8041 2599
f 2599 8041 4390
f 7008 9077 6295
f 6295 6299 5532
f 8122 3839 4556
f 3723 4556 6242
f 6404 3840 3836
f 7006 3838 3836
f 11840 3841 1386
f 1386 3841 7116
f 4560 3842 4562
f 8122 4556 4558
f 2178 3843 278
f 8175 1386 7116
f 6825 3150 3844
f 9477 1037 9122
f 11824 3845 11822
f 2768 7955 6323
f 1913 1240 3846
f 1240 5826 5828
f 3847 6744 7536
f 8575 2505 8660
f 4087 10735 5550
f 3173 6579 2439
f 1656 3849 6818
f 8897 6818 3849
f 2955 2461 3850
f 2461 707 5616
f 1264 3447 3851
f 4836 6590 7367
f 4461 3852 11646
f 4030 8232 10554
f 543 6662 3853
f 5851 543 3853
f 3854 10912 3718
f 10914 3718 8836
f 2758 3855 2463
f 10463 6843 11423
f 3856 7374 332
f 10273 5216 5214
f 3857 2407 9134
f 953 2407 3857
f 1991 6938 3858
f 1991 7017 6899
f 4294 10891 8955
f 6540 7384 11187
f 6263 3860 8454
f 8980 5825 9949
f 3861 7384 6540
f 3861 1487 921
f 3862 1764 3749
f 2217 1764 7439
f 3863 11388 8007
f 7912 5632 8730
f 3567 3864 2381
f 2381 3864 3862
f 3865 10115 4729
f 7894 10509 4638
f 3864 3866 3862
f 3862 7439 1764
f 9543 1294 9545
f 6454 3865 9678
f 1189 3868 986
f 3868 3866 986
f 5841 1155 3869
f 9992 3869 1155
f 3870 1569 8497
f 5079 8267 542
f 3542 3871 3081
f 8083 8296 7068
f 1689 919 7950
f 3163 4378 7047
f 3873 11980 1330
f 11824 9793 5796
f 2962 3492 3874
f 11839 1348 7016
f 10258 8172 9674
f 9720 967 9674
f 1540 624 3876
f 8293 624 8295
f 3877 390 8973
f 390 11992 991
f 8791 3878 141
f 141 3878 142
f 3879 9650 1091
f 10219 5626 10221
f 3254 3880 910
f 910 3880 2342
f 9683 886 4766
f 9896 9683 4766
f 7231 10067 129
f 8556 10323 10860
f 10394 3883 8562
f 3883 5369 8562
f 8376 10508 11527
f 8376 5944 10508
f 11725 3885 8121
f 3885 6458 2197
f 1432 3886 1823
f 3886 2799 1823
f 3240 10525 3887
f 7566 3240 3887
f 1396 2592 9407
f 9219 2592 3362
f 2321 608 3889
f 2319 10675 6194
f 7732 3890 9698
f 5768 7732 6481
f 4494 3891 10855
f 7885 934 5565
f 8316 2771 7883
f 8316 5972 3065
f 10013 280 8837
f 8839 267 6401
f 3295 3894 3427
f 7141 5171 9109
f 6711 818 3895
f 5853 1406 10268
f 3898 3896 2512
f 3896 6298 7630
f 3897 6711 3895
f 3897 3895 820
f 10848 3898 1373
f 1373 4663 6978
f 8400 3899 5853
f 2401 3899 8400
f 3900 9439 11170
f 6942 9979 8845
f 6848 6709 1918
f 6848 1918 828
f 8045 11033 3902
f 11276 3902 8274
f 3480 3903 10047
f 3480 4735 6943
f 11033 8274 3902
f 6239 1621 6235
f 6110 182 8207
f 8207 182 2367
f 11061 6384 10382
f 4078 8971 1849
f 693 3907 3053
f 3053 3907 1283
f 9452 3908 4964
f 9611 8691 8644
f 3909 8488 1257
f 10765 8137 7726
f 3912 7520 3910
f 3688 8226 4189
f 3911 2759 7209
f 7209 6788 3911
f 11754 8432 3688
f 3688 8432 8434
f 11783 9034 7999
f 7100 3797 7096
f 9218 11758 3910
f 3688 8434 8226
f 3458 1153 3915
f 3060 3915 1153
f 9218 3910 3916
f 3916 9832 11037
f 1000 6508 9087
f 9086 10769 9087
f 3918 1939 3360
f 10071 1939 3918
f 8518 2753 3919
f 2753 172 3919
f 3920 1467 1677
f 1677 3922 3920
f 3921 9938 11128
f 11130 10416 7494
f 2538 1671 3922
f 3920 3922 10889
f 1782 3923 9101
f 9101 3923 8024
f 523 7653 11818
f 6463 5362 11818
f 9101 3925 1782
f 7032 6448 7817
f 3799 914 3926
f 3926 914 2243
f 2829 1095 3927
f 1981 2829 3927
f 3928 3642 3930
f 3642 3928 4271
f 7666 3929 8543
f 8543 6137 9367
f 7871 1659 3930
f 3928 3930 1659
f 4372 1862 3931
f 5904 4926 7913
f 2249 6539 3932
f 5179 11459 496
f 228 3933 2613
f 11523 3526 7734
f 1211 11347 3934
f 1029 1211 9058
f 3935 240 7640
f 241 240 3935
f 3936 7584 11977
f 11734 7583 3936
f 3937 11784 8422
f 6550 8117 4864
f 4327 3938 1071
f 10345 3941 7048
f 10343 3939 3938
f 2863 10249 8916
f 4383 5348 7712
f 1033 7714 8678
f 9732 1069 3941
f 3941 9734 7048
f 3942 3881 2477
f 1493 3942 2477
f 3943 2898 8627
f 1673 2898 3943
f 3080 10181 10863
f 4102 1385 8890
f 6233 3945 9137
f 3945 6233 520
f 3946 6405 1527
f 8476 8433 10861
f 3947 4568 8611
f 9801 2400 9804
f 3948 1485 11616
f 9139 6233 9137
f 9434 724 6563
f 3950 724 6828
f 6559 3949 3950
f 3950 3949 724
f 8282 3951 6005
f 3951 8282 265
f 9695 9649 10707
f 5879 5103 9695
f 3953 7613 3708
f 3953 3955 7613
f 4017 1123 3954
f 10072 5039 10849
f 1340 3955 3953
f 2082 10558 8159
f 3958 3956 2336
f 2336 3956 11088
f 3957 2437 3662
f 2437 3957 1189
f 3958 7904 9131
f 6307 7443 7993
f 3959 3041 6334
f 7127 3959 6334
f 9255 3960 421
f 9273 2460 2627
f 11548 3961 931
f 3959 931 3961
f 8599 3962 627
f 750 627 3962
f 3963 3796 3926
f 3796 8856 931
f 8116 1275 3964
f 3964 1275 698
f 3965 2487 304
f 4580 2487 3965
f 5744 3969 3966
f 3966 1439 3979
f 3875 10386 1551
f 2798 1551 10386
f 2798 3968 1551
f 6816 2798 1547
f 3966 3969 1439
f 1439 3969 2281
f 3970 8129 7540
f 10567 8131 7034
f 1847 827 3971
f 10478 10921 1521
f 6939 1709 3748
f 6941 8739 9858
f 8535 3973 7454
f 8639 11098 7454
f 3974 10876 3976
f 905 9501 6852
f 3975 1173 11453
f 8765 9378 8764
f 3976 6555 8038
f 8038 3974 3976
f 3657 1624 3977
f 7336 3657 3977
f 1624 3978 3972
f 3657 5387 1624
f 3328 2508 3979
f 3979 2508 3966
f 7738 3659 3980
f 8263 11285 2108
f 6378 5429 3981
f 1703 5427 10467
f 10042 3982 872
f 4550 7404 2755
f 8750 6527 3983
f 1992 1500 10278
f 3984 2251 735
f 1741 2251 3984
f 5224 3985 711
f 11145 3985 11341
f 3986 3426 4705
f 3503 8558 8559
f 1743 3987 9741
f 8007 1743 3863
f 3990 3988 5451
f 10398 3988 11852
f 2727 1911 3989
f 3991 4068 3473
f 11852 3988 7799
f 11852 7799 4766
f 3989 4068 3991
f 3989 3991 9247
f 3865 4729 3992
f 3865 3992 9678
f 3993 907 1203
f 5490 5525 1873
f 3994 2468 1688
f 7079 8435 7677
f 3995 6412 907
f 3993 3995 907
f 3997 3996 10565
f 3996 6908 10565
f 2468 3996 3997
f 9153 1688 2468
f 11708 9735 9733
f 8954 5790 5538
f 9083 3409 1086
f 10867 1086 8557
f 8623 1988 9888
f 4001 3541 4004
f 9630 8623 9888
f 4000 8625 11819
f 1737 5583 2482
f 4197 4003 4005
f 5583 4003 3999
f 4005 4003 4002
f 4001 4004 10737
f 4004 5378 10737
f 4005 4002 1737
f 1426 4005 1737
f 1809 4664 8882
f 8170 5687 8693
f 7552 2798 4007
f 6667 787 5945
f 4008 4010 733
f 919 8394 7189
f 4009 1379 4011
f 1668 6311 787
f 733 4010 1949
f 1949 4010 846
f 787 4011 5945
f 6311 4011 787
f 4012 213 5143
f 6227 4014 4015
f 2522 4013 7763
f 6792 6774 6790
f 4014 213 4012
f 7283 4012 10182
f 1251 6229 4015
f 1251 4015 4860
f 4016 1652 188
f 5666 7448 7083
f 4017 7820 9211
f 4017 3954 10072
f 2054 4430 4018
f 11082 7987 2057
f 4019 5516 2271
f 2740 4019 8635
f 9383 4020 9380
f 4020 9383 9996
f 9974 11643 1691
f 9974 4025 4160
f 7772 7604 4022
f 7772 4022 6984
f 5893 7863 4023
f 5889 7062 8595
f 5933 5934 1402
f 4160 4025 1402
f 5933 1402 4025
f 4021 4024 4025
f 3166 4026 540
f 4789 3166 4029
f 4027 5604 5602
f 4027 7177 5604
f 1208 10340 5318
f 5598 1208 5318
f 1035 4029 2030
f 2030 4029 3166
f 8230 4030 2257
f 10559 1460 6192
f 4031 10572 7699
f 11800 898 2444
f 8493 6733 4032
f 4032 5949 8493
f 4033 2940 11629
f 2940 4033 7144
f 10278 1500 3983
f 10278 3983 3980
f 2005 4035 11116
f 4035 2005 2811
f 3356 4036 454
f 8843 6046 10748
f 5681 4359 4037
f 7691 4037 746
f 2531 4038 2528
f 4037 4038 2531
f 4039 3786 7861
f 11186 4039 7861
f 11227 4040 2531
f 4037 2531 4040
f 3934 2652 11184
f 11349 4039 11186
f 4042 7535 2293
f 2291 9420 2092
f 3849 1237 4043
f 11080 515 6416
f 1731 2171 4044
f 2171 918 4046
f 11080 7942 515
f 515 7942 1248
f 5864 4047 370
f 4047 5862 2171
f 4047 2171 4046
f 4049 4046 918
f 11532 9325 5820
f 2493 6799 11532
f 4049 4218 4047
f 4049 4047 4046
f 4050 10446 1644
f 4050 1644 3169
f 4049 918 4051
f 371 4051 4220
f 918 377 4220
f 918 4220 4051
f 7289 9645 4053
f 5393 7289 4053
f 4224 3468 371
f 371 4220 4222
f 3748 4055 1156
f 4055 3748 2187
f 5597 7112 4056
f 4056 7112 4058
f 903 4059 4057
f 11684 7286 2289
f 4063 2014 2819
f 2014 4063 2821
f 4057 4059 2289
f 11687 4059 5653
f 4060 903 10510
f 903 4062 4059
f 4063 2819 4061
f 4061 4056 4058
f 4062 903 4060
f 4060 7987 4062
f 4061 4058 4063
f 9957 2084 4063
f 9150 9411 4582
f 1221 5209 9783
f 4258 5579 4065
f 1669 4065 5579
f 9416 1221 4066
f 636 8042 9142
f 9372 9485 3144
f 721 5385 5330
f 10963 4068 1911
f 4068 3989 1911
f 4069 3326 856
f 6369 1859 3326
f 10172 4070 4914
f 8250 8730 2910
f 4071 2665 6369
f 4071 3075 2665
f 3288 10938 792
f 10172 4914 10451
f 6521 3423 4073
f 4073 11227 2531
f 8051 4074 10625
f 6712 10625 6710
f 2438 4075 2835
f 4075 791 2835
f 3219 801 4076
f 2643 4076 801
f 10328 1395 4077
f 10874 1395 11161
f 4078 1849 11061
f 1784 4078 3906
f 3219 4079 801
f 6913 3219 5440
f 2843 5931 4080
f 1377 5283 4082
f 4081 10970 4511
f 4174 3759 4081
f 8233 8328 4080
f 8328 10837 4080
f 4083 8591 9602
f 585 10037 8000
f 1941 7514 3631
f 1941 4423 7514
f 1096 2616 4085
f 1096 8885 11104
f 401 2124 4086
f 836 10589 4086
f 7138 4087 5550
f 10741 10739 7138
f 5425 1726 4088
f 4091 6084 1726
f 1389 4089 7659
f 4089 11624 4090
f 7659 4089 4090
f 1869 4090 1722
f 3662 4091 517
f 2437 4091 3662
f 4092 1687 11501
f 691 7908 9159
f 2912 6362 8485
f 5235 6489 11083
f 4094 11804 2972
f 11203 8627 1617
f 4095 1015 3218
f 9327 4098 10626
f 4095 10624 7918
f 11087 4100 4093
f 2757 4097 1325
f 1325 4099 4863
f 10626 4098 10624
f 11085 4100 11087
f 3112 6526 4097
f 4097 6526 1325
f 11083 4093 4100
f 11083 4100 11085
f 6603 9492 9490
f 9492 6603 4868
f 4102 8892 3479
f 8890 3944 4102
f 4103 5414 5683
f 1190 4103 1793
f 4104 568 10573
f 568 8031 4106
f 2961 2004 4105
f 8024 4105 6988
f 2102 7538 3064
f 8031 3064 7538
f 4109 8550 4107
f 5469 11597 3371
f 8906 4108 8910
f 8910 11855 11859
f 4109 4107 3371
f 11236 4109 3371
f 4110 10854 9956
f 9956 6823 5575
f 4111 10327 2489
f 4111 2489 2428
f 4112 9959 1061
f 10320 176 10668
f 9293 4110 5575
f 9956 5575 4110
f 4116 4114 368
f 5474 7641 4114
f 2438 4115 1324
f 4115 2438 6726
f 9559 4346 4116
f 4116 4118 4114
f 6724 4117 2016
f 6726 2835 2016
f 4346 4118 4116
f 7596 5829 9922
f 783 3466 4119
f 10281 10280 1283
f 11021 4120 1751
f 4120 1753 6875
f 3235 1126 4121
f 3235 4121 3824
f 1143 3529 4122
f 3130 1143 4122
f 4123 623 3670
f 4123 1841 6759
f 1246 6199 4124
f 6801 11499 6962
f 3781 3264 4125
f 3264 2247 4125
f 843 1984 4126
f 843 4126 9527
f 10678 114 106
f 442 7542 10678
f 3727 4128 4126
f 10559 4474 3727
f 2036 4129 9446
f 8007 8123 7549
f 4130 4474 945
f 4130 945 759
f 10257 4131 11927
f 1712 8790 10255
f 4130 4132 4128
f 4132 4130 759
f 4133 10954 558
f 9357 6189 6626
f 10225 4134 10227
f 9332 5787 4134
f 1090 4135 2647
f 10225 9332 4134
f 3312 3810 4136
f 4136 11876 3312
f 4137 6460 1642
f 8676 4137 1642
f 2009 4138 1407
f 4138 2009 4140
f 2103 5812 4737
f 3168 5837 8385
f 3379 4138 4140
f 2809 3379 4140
f 1272 4326 9784
f 164 1272 9784
f 6939 3748 4142
f 3748 1156 4142
f 4143 2577 2316
f 10742 4143 8419
f 1372 4144 1434
f 8158 1434 4144
f 863 9724 4145
f 6349 4799 2335
f 5151 5149 5146
f 5146 5920 5151
f 4147 11518 6814
f 8026 1749 2533
f 4148 2791 6967
f 5151 5920 1601
f 7547 8835 4149
f 8835 7920 4149
f 728 4150 9451
f 5160 4613 728
f 7920 2843 2841
f 4149 7920 2841
f 4069 856 4152
f 856 3979 4152
f 6408 3319 4509
f 8619 2089 8620
f 3817 7949 6083
f 6643 4158 1190
f 4155 7436 8686
f 4155 11175 7436
f 4156 6085 6081
f 7738 12006 6088
f 7366 4127 4157
f 10888 7366 4157
f 4158 6081 7949
f 4156 6081 4158
f 470 3829 4159
f 4157 470 10886
f 11643 9974 4160
f 7608 4160 7607
f 4163 4161 6565
f 10886 470 4159
f 7588 8424 8977
f 10149 4290 413
f 11594 11592 2888
f 11594 2888 11884
f 2503 4164 11721
f 7517 8089 7519
f 8928 4165 2610
f 4165 7490 2610
f 4164 1983 11721
f 11190 10937 11681
f 9752 4373 4167
f 3283 2629 6216
f 4168 7215 4031
f 5642 4104 1202
f 4171 4169 4167
f 9752 4167 4169
f 1207 4170 549
f 8119 4170 1207
f 10800 10066 4171
f 10800 4171 4167
f 4045 4172 5094
f 6542 9942 8090
f 4173 7576 3763
f 2279 4173 2590
f 4174 3016 3759
f 8447 3016 4174
f 7232 9295 7237
f 10712 5580 8754
f 926 4176 8961
f 8437 9844 8439
f 3030 7299 6345
f 3030 6345 4492
f 2855 3368 4178
f 4589 2855 4178
f 10559 4179 3725
f 4179 843 3725
f 4180 1374 3067
f 3122 4396 3067
f 10559 3725 4181
f 4181 3725 3723
f 6371 4146 4182
f 4146 5144 4182
f 4146 4183 5144
f 5146 4146 5920
f 4184 1548 8298
f 4184 5411 5415
f 6192 4185 2624
f 5413 2624 11743
f 1572 1006 4186
f 1572 4186 3085
f 4187 3470 9866
f 10282 3018 9560
f 7599 10661 4188
f 1107 11577 9670
f 3470 4189 8226
f 9560 3470 4896
f 10411 4190 3417
f 10411 6024 7363
f 4193 4191 3272
f 6291 2651 8992
f 4192 4736 5877
f 10153 9176 4192
f 6289 3076 2653
f 2653 8956 11000
f 3143 1710 4194
f 1710 3783 4194
f 10539 3816 4195
f 8321 10822 4195
f 3036 5773 6918
f 6918 5950 3036
f 4197 4005 7192
f 445 1956 4358
f 7153 2894 8473
f 7153 1199 2894
f 4324 4199 8239
f 9074 1175 11121
f 10681 2763 4200
f 1951 9260 9753
f 9239 3633 4201
f 7715 9239 8894
f 327 6874 646
f 327 10730 6876
f 4203 1583 5337
f 741 3773 4203
f 7103 11583 120
f 4203 4206 120
f 11701 2391 4205
f 4205 7770 4207
f 4206 683 10711
f 120 4206 4204
f 9585 9694 9111
f 7560 8482 9696
f 10348 131 7386
f 10860 10862 4215
f 1607 4209 8216
f 1607 82 4209
f 5112 5109 9676
f 6847 9676 5109
f 4211 5178 8849
f 4213 2091 8299
f 10252 9420 4042
f 4042 9420 2291
f 9836 2091 4213
f 9836 4213 6699
f 2358 4214 1423
f 2954 1423 4214
f 4217 4215 7386
f 1012 4215 4217
f 2954 4216 1423
f 4216 2954 1425
f 4217 10351 10353
f 4217 7386 10350
f 370 4047 4218
f 370 4218 374
f 9190 8712 10175
f 514 3111 7658
f 4220 377 4052
f 4220 4052 4222
f 4221 4223 6729
f 1725 2160 4221
f 4224 371 4222
f 4224 4222 4052
f 4223 2160 917
f 2160 4223 4221
f 4224 4052 4054
f 4238 4224 4054
f 1870 10652 10475
f 10475 3197 6666
f 7700 3468 4226
f 3468 4224 4226
f 8654 4227 2100
f 7397 7393 7395
f 4997 4228 10382
f 2034 4999 10358
f 600 1206 4229
f 600 10912 3854
f 4230 3252 6441
f 3252 4230 1167
f 4231 10912 1729
f 4231 1729 3205
f 4232 4226 4235
f 4232 3205 1729
f 9262 7078 4233
f 3252 9262 4233
f 4235 4231 3205
f 4232 4235 3205
f 4235 4226 4238
f 4235 4234 4231
f 1357 11809 3810
f 5223 11809 1357
f 4237 377 4231
f 4237 4231 4234
f 4238 4237 4234
f 4235 4238 4234
f 4239 11973 10298
f 1090 2647 4239
f 9648 550 9646
f 225 11182 7628
f 10480 9891 1847
f 10478 1847 10921
f 4242 10075 7972
f 4242 7972 6066
f 4243 8325 6429
f 8326 4243 4443
f 1748 11074 8325
f 8326 8325 4243
f 11071 11073 1645
f 1645 7968 3019
f 4246 9254 4250
f 7743 4486 6068
f 3453 1397 4247
f 4247 8733 8735
f 4248 883 1354
f 8369 2536 883
f 2538 2536 4249
f 8369 4249 2536
f 4486 6066 720
f 7972 720 6066
f 1046 3278 10903
f 10901 1046 10903
f 4252 5721 2180
f 2180 869 4252
f 5878 3217 7690
f 3483 8492 4255
f 4478 2728 4254
f 4478 4254 1283
f 8492 4253 4255
f 10289 12005 3776
f 1957 4256 6007
f 4524 10836 9877
f 6325 10371 3160
f 329 10694 6327
f 4258 1020 2840
f 2840 5579 4258
f 10203 7716 1833
f 10206 487 7719
f 4260 4104 10573
f 10575 1167 7809
f 10166 2640 556
f 3629 2640 10166
f 11423 4262 730
f 9143 4942 9536
f 10159 7932 4263
f 9598 6354 6225
f 2038 5305 4264
f 4264 11533 2038
f 11536 561 4265
f 6255 316 5249
f 4266 4783 3981
f 8205 3981 1703
f 1165 8486 4267
f 4267 8737 5172
f 4269 2622 10928
f 5205 1154 8779
f 10928 10122 4269
f 10120 4269 10122
f 7172 3300 4270
f 7893 10117 4587
f 4271 4647 3640
f 3642 4271 3640
f 4272 10669 11650
f 7204 7202 3806
f 3297 4273 6612
f 3297 3201 8427
f 10390 4274 6831
f 10414 7264 10390
f 687 4275 10946
f 10202 2494 378
f 6812 96 4276
f 1878 1018 7544
f 1118 4277 1083
f 4277 3616 1083
f 1881 1444 4279
f 1881 4279 2685
f 2688 4279 4278
f 4278 4279 1444
f 4276 4280 4417
f 4276 115 4280
f 10404 9675 4281
f 1013 4281 3507
f 2636 10265 10312
f 1168 226 10989
f 7222 11618 10204
f 4148 10896 2028
f 10377 6657 4284
f 4287 10377 4284
f 1710 11369 3783
f 1710 10391 11367
f 11932 4286 9289
f 3704 8037 8035
f 4287 8035 10377
f 9291 9289 4286
f 4162 4288 8426
f 10170 7590 7416
f 1002 346 4289
f 1002 4289 1004
f 10231 8424 7414
f 8424 8258 9184
f 10675 4453 5807
f 6194 10675 5807
f 4292 4632 2842
f 4293 7411 10604
f 2842 8812 4293
f 2842 4293 4292
f 9319 4294 8955
f 590 6540 3859
f 1186 7706 6015
f 2668 6017 6013
f 10511 1785 4296
f 10511 4296 8097
f 4297 1223 3553
f 192 1223 4297
f 2307 4298 1137
f 2679 1137 10252
f 5408 7507 369
f 6547 1620 369
f 4300 9912 639
f 7126 639 11662
f 10094 5148 3071
f 10094 3071 816
f 4302 5043 5365
f 9311 4304 5365
f 4303 11070 11430
f 6543 4303 11430
f 4302 5365 4304
f 1298 8526 8524
f 517 4307 9852
f 2683 10542 10540
f 10781 3159 4306
f 8728 800 10380
f 2683 10540 5917
f 7762 10616 7764
f 1086 8951 4308
f 8953 4310 9494
f 4926 4309 3560
f 8501 4316 8503
f 4103 4310 4311
f 8951 4310 8953
f 4103 4311 1793
f 4311 6643 1793
f 4312 10316 1541
f 4312 1541 5554
f 1746 4313 8032
f 9841 1746 1417
f 9503 3039 4314
f 4314 3039 11181
f 9286 4315 11509
f 11511 11507 1602
f 4316 1541 2357
f 4316 2357 8503
f 11955 3337 4317
f 11953 4317 3778
f 1289 4318 3203
f 3588 4318 4320
f 3931 4319 10014
f 3931 10666 4319
f 4320 4318 1289
f 4320 1289 3208
f 9364 4321 11671
f 2022 10025 11167
f 8521 4772 6421
f 3303 8521 1948
f 4319 4323 10014
f 9039 4316 8499
f 4199 4324 7617
f 10223 7617 4324
f 4325 5325 5558
f 10426 4325 480
f 4326 1571 9784
f 1571 4326 1534
f 1989 4327 7238
f 1989 9746 7288
f 5255 9282 4328
f 9282 11234 6193
f 2541 11316 11228
f 4959 11316 2541
f 7376 4330 2340
f 1938 3461 7342
f 1473 5331 4331
f 6223 1473 4331
f 6379 4332 9783
f 9416 4066 8042
f 4333 7843 476
f 7843 4333 5201
f 10756 10872 4334
f 10872 6286 4334
f 7217 4335 476
f 4335 4333 476
f 2846 4336 11715
f 8565 11614 4840
f 9347 11188 11656
f 11188 2646 11656
f 4848 4340 9788
f 4840 4345 8565
f 2969 957 4339
f 5191 4339 957
f 10059 6328 11719
f 6328 6377 681
f 4241 1846 9891
f 3304 5636 1846
f 2725 8950 10634
f 10834 10634 8950
f 4343 4345 4840
f 4842 4343 4840
f 3961 4344 3041
f 3041 4344 6947
f 4343 10054 4345
f 9788 4340 11719
f 9920 2326 4346
f 4346 2326 4118
f 4347 2868 2123
f 4347 4374 2868
f 10598 4348 3337
f 4350 9331 11691
f 3283 6216 4349
f 3283 4349 152
f 4350 4348 10598
f 6662 8408 7943
f 4351 9635 3055
f 7574 3820 11207
f 4349 11282 4352
f 660 4353 5422
f 6216 9627 4353
f 4171 10066 9627
f 9315 5098 3724
f 1409 9315 2953
f 4353 9627 4355
f 4353 9629 5422
f 2875 2537 4356
f 988 9388 2537
f 2565 978 6365
f 6365 7423 2332
f 4197 445 4358
f 4197 4358 4003
f 4359 5681 4361
f 4037 4359 746
f 4360 3340 10968
f 4300 10141 9912
f 4359 4361 746
f 746 4361 4777
f 10772 4362 9274
f 9272 10589 836
f 3148 1728 4364
f 4364 1728 6980
f 3148 4364 4363
f 3955 4363 4364
f 3662 517 4365
f 10703 517 8531
f 7182 4366 6578
f 854 9539 7182
f 9954 4367 10703
f 4367 9954 10734
f 459 4760 1610
f 1129 4760 8629
f 7856 4369 504
f 9983 9982 1880
f 10998 4370 3024
f 8171 4370 10026
f 2045 7844 7842
f 9046 10017 7844
f 10622 1362 4372
f 6698 5903 5904
f 9752 4375 4373
f 4375 6333 4373
f 4374 5552 501
f 4374 8200 5552
f 3745 4375 9752
f 4375 3745 6333
f 8247 3163 5207
f 3163 8247 4378
f 4377 4379 3652
f 3652 361 4377
f 4378 1689 7950
f 8247 9275 4378
f 4377 8021 4379
f 7641 4379 8021
f 11060 7013 11714
f 6714 1638 2500
f 4381 1384 1913
f 1384 4383 7712
f 586 4382 2214
f 4382 586 11714
f 1384 4381 4383
f 2103 5814 5812
f 5967 946 1899
f 5967 1899 4386
f 4383 4381 4735
f 4735 4381 6943
f 8578 4386 7530
f 1899 8580 4386
f 1685 3549 4387
f 3684 1685 4387
f 10251 586 2214
f 1899 7532 8580
f 4089 1389 4389
f 9183 10535 10279
f 4390 3837 1694
f 1694 2944 8694
f 1225 10486 4391
f 10194 4391 8669
f 9516 11290 4392
f 9516 4392 8963
f 1009 4393 4370
f 5385 6280 5330
f 9516 4394 11290
f 5401 9518 748
f 4395 9021 9019
f 9183 10279 9023
f 4180 3067 4396
f 11603 4180 7767
f 2155 5587 4397
f 6012 2155 4397
f 802 4398 5542
f 8799 4398 802
f 8818 4399 9356
f 3658 4447 581
f 9270 4400 2346
f 2346 4400 5317
f 466 9354 4401
f 6858 4401 6860
f 894 4402 8819
f 8815 1096 11104
f 9437 4403 1120
f 9979 9437 8845
f 4404 3631 3886
f 4932 1941 3631
f 4405 1950 5708
f 4459 1950 4405
f 9812 9616 1026
f 6515 4405 1952
f 4407 1114 4994
f 2534 1114 7082
f 7015 6520 4406
f 4406 6515 6041
f 4409 871 9867
f 4409 3501 871
f 1132 4410 2932
f 4412 2929 4410
f 4411 4707 1879
f 9470 913 1733
f 1132 4412 4410
f 4412 1132 2932
f 9966 7766 4413
f 9966 10470 7263
f 1431 10857 4414
f 9013 3453 1431
f 4526 11107 4415
f 6031 5260 6026
f 3373 3368 4416
f 4416 3368 3367
f 4417 7544 9782
f 4821 9278 8260
f 2532 1159 4418
f 6755 6757 5455
f 2607 11545 4419
f 11543 2609 8542
f 1359 1355 4420
f 11350 1355 11746
f 774 2025 4421
f 774 8184 3342
f 1002 4422 346
f 4422 1002 1192
f 1941 358 4423
f 4423 358 5408
f 7587 8570 4424
f 1588 3171 11301
f 7911 4048 4425
f 4265 561 10752
f 10552 4426 10555
f 10555 4426 9004
f 3315 4427 5617
f 4427 5616 3309
f 6972 2286 4428
f 890 4428 2286
f 4434 6457 4435
f 8681 763 4432
f 4430 5444 4062
f 4430 2607 2605
f 11877 6605 138
f 6609 1842 663
f 8681 4432 7979
f 10893 4432 10890
f 377 4433 10912
f 7373 7368 377
f 5983 4434 7976
f 7979 4432 10893
f 4435 1603 7282
f 11672 5790 9482
f 4436 2212 11342
f 10083 3424 2212
f 4437 11448 9214
f 885 6163 9564
f 7674 4438 7676
f 7676 7364 4440
f 4439 10537 1726
f 3719 4439 1726
f 11495 11493 8183
f 1228 7676 11493
f 6684 808 8183
f 4712 6320 7956
f 1810 4444 5384
f 1810 5384 7762
f 4243 1422 4443
f 1420 4853 1422
f 4442 4444 8882
f 7435 5202 7432
f 4445 547 10276
f 9008 9549 9548
f 2046 6181 4446
f 3436 2046 4446
f 581 4447 4399
f 547 8167 10276
f 4448 4450 6176
f 10643 8086 10645
f 4449 9546 11997
f 6537 9546 4449
f 4450 4448 2077
f 6180 4446 6181
f 8111 4451 10062
f 5334 4451 1101
f 2608 4452 2084
f 2608 2678 4452
f 4453 2227 3622
f 5334 1101 2227
f 4454 1294 9543
f 4615 10369 9770
f 8796 908 4455
f 908 9578 4455
f 8087 4456 6986
f 577 10454 10451
f 1433 4457 10942
f 11266 7858 2126
f 1017 11266 4457
f 11266 10942 4457
f 4459 9199 9202
f 1950 4459 9201
f 3520 4460 7397
f 9690 9655 4458
f 6847 4464 3223
f 4464 844 1810
f 4462 9510 8584
f 11264 4462 9689
f 4463 997 1890
f 5898 9570 9521
f 3223 4464 4461
f 4464 1986 10554
f 2515 714 4465
f 3164 4465 714
f 1441 4466 7776
f 4466 11206 7776
f 732 9639 11508
f 11512 10743 8900
f 4152 6650 10662
f 1441 10664 4466
f 5869 7633 4469
f 7636 7638 7184
f 6389 7679 4659
f 8440 1357 10620
f 8353 4471 8176
f 9561 941 10810
f 9821 4745 4472
f 4472 11002 8096
f 4471 4473 941
f 7633 7636 7184
f 4474 4128 3727
f 4130 4128 4474
f 1174 5460 4475
f 7828 4475 1787
f 4476 4474 1986
f 11317 1986 8098
f 11837 2048 10387
f 9917 4491 4869
f 1651 4478 1283
f 4480 4478 11913
f 3023 6001 11938
f 3023 11938 4869
f 11919 5293 4478
f 1196 5293 11919
f 4481 7694 753
f 2905 7694 4481
f 5240 2047 10654
f 6397 10654 10075
f 4483 316 6255
f 4455 7379 1667
f 587 4484 703
f 10636 6061 587
f 4485 6993 3771
f 10313 818 5951
f 4250 5765 4246
f 6474 4246 5765
f 822 4487 5755
f 822 4301 6048
f 4488 3746 2596
f 4488 2596 1874
f 11917 10199 1988
f 6826 10201 4986
f 5490 4490 2594
f 2594 4490 4488
f 3023 4869 4491
f 4491 6302 3023
f 4492 4177 1462
f 2801 8213 1462
f 8213 2801 4493
f 3839 4493 2801
f 280 279 4494
f 1008 4494 279
f 1979 8149 4495
f 10754 11606 8794
f 7230 11086 9931
f 6027 11086 11054
f 4497 4851 11213
f 10909 9813 7327
f 10691 81 2043
f 8827 2903 10691
f 4023 11109 719
f 10197 719 4629
f 4500 6505 929
f 459 6505 4500
f 4501 6315 2915
f 10107 3752 8415
f 929 6510 4500
f 2824 11544 6507
f 224 4503 2283
f 4503 224 5535
f 8862 4504 5142
f 4504 8862 4508
f 4505 1010 3982
f 11600 6257 4505
f 4506 3597 3110
f 8620 7115 3110
f 3615 4510 4507
f 11748 4508 4507
f 4514 4508 4512
f 4504 4508 11162
f 6408 4509 8407
f 8620 3110 8407
f 8567 8569 4510
f 4514 4512 8571
f 4511 3484 2379
f 4511 2379 4081
f 8571 4512 4510
f 11748 4507 4510
f 1884 11023 4513
f 1884 4513 6497
f 4514 7480 11352
f 11162 7482 4504
f 7822 4515 10953
f 9259 10955 6495
f 4516 2794 702
f 6597 2794 4516
f 2950 2952 4517
f 8376 11974 7447
f 7188 4518 923
f 461 2582 7748
f 8745 4521 2952
f 7446 2952 4521
f 2499 4520 966
f 966 11781 11782
f 4521 4519 7446
f 2953 4519 4521
f 4522 7401 10079
f 11654 10177 9955
f 3908 9611 8644
f 3908 5955 9611
f 2585 4524 9877
f 8688 1461 8483
f 4321 8240 11671
f 2024 8315 9522
f 456 5173 4526
f 8378 9138 3515
f 4527 6203 4011
f 6920 2573 1517
f 4528 3178 7951
f 9829 4528 2618
f 10637 3636 4529
f 9129 11834 3636
f 2947 5503 2889
f 4402 5503 2947
f 4531 9642 8708
f 11604 4531 8673
f 4532 1656 6818
f 5503 4532 2889
f 4533 11611 3808
f 7727 3808 771
f 5503 4534 4532
f 5166 4532 6727
f 6727 7473 4535
f 7473 8132 4535
f 7619 990 4536
f 7793 3729 8178
f 6430 4537 2813
f 2813 7359 2816
f 7294 5031 952
f 7294 1709 6154
f 3072 7180 4539
f 4539 7180 4026
f 2205 5611 4540
f 985 2205 4540
f 980 3355 4541
f 9550 4541 3700
f 4539 1839 4542
f 3099 4542 1839
f 5929 985 980
f 9550 980 4541
f 1798 4544 5725
f 4544 2161 5725
f 4543 3700 4545
f 3361 9169 3700
f 1798 6135 6134
f 6959 6135 1798
f 6606 4547 1975
f 400 1975 4547
f 4548 3574 6809
f 2748 3574 8616
f 1629 2780 4549
f 310 1629 8792
f 7076 5975 8780
f 7736 7076 8780
f 6614 11789 4551
f 2620 10103 5596
f 4552 1560 699
f 11214 9196 4554
f 11165 4321 9364
f 11165 8756 7668
f 9594 10118 1560
f 9594 1560 4552
f 3416 1121 4555
f 4557 4555 439
f 9527 4558 4556
f 4556 843 9527
f 4557 11076 3416
f 4557 3416 4555
f 3040 4558 642
f 9527 4560 4558
f 2092 4559 1673
f 4559 11393 1673
f 4560 642 4558
f 4560 4562 642
f 4561 8938 1024
f 4561 4559 2092
f 759 642 4562
f 4132 759 4562
f 10254 4563 1442
f 8745 2952 8743
f 464 6702 4564
f 6703 1724 2698
f 7094 4565 7946
f 8235 6281 1855
f 2265 4566 4241
f 3617 4566 2265
f 8323 10448 4567
f 8323 4567 2328
f 4568 1088 8611
f 1088 7058 7248
f 6138 6140 4571
f 5789 6147 4850
f 3707 4570 655
f 5005 10143 2339
f 4571 7488 4569
f 6138 4571 5530
f 1141 7217 4572
f 8905 11247 4574
f 4573 3664 3179
f 9535 6338 3664
f 4572 1394 4574
f 11247 4572 4574
f 6867 9986 7877
f 7877 2802 977
f 4576 6215 6679
f 7921 1401 7702
f 4577 8004 2320
f 10221 5626 1091
f 9079 4578 10915
f 4578 10933 526
f 10219 4577 2927
f 4819 9120 2927
f 4580 7497 7499
f 4580 3000 9195
f 4268 7163 4581
f 1154 10928 8779
f 303 4582 3965
f 4582 4580 3965
f 4581 11945 9862
f 1263 4585 5856
f 10010 4584 274
f 4584 7290 274
f 4583 4585 7315
f 5283 10337 4585
f 5914 749 4586
f 4586 749 2905
f 4273 4587 6612
f 6612 4587 7642
f 4588 7759 2849
f 4588 2849 6647
f 3086 2520 6810
f 3492 6810 2520
f 1424 9110 4590
f 1418 1424 7485
f 10143 4591 10145
f 3707 2341 4591
f 10864 4215 4592
f 1267 4592 2021
f 6380 4595 4593
f 10232 845 5577
f 93 4594 804
f 100 11972 93
f 4155 4595 11175
f 500 10564 4155
f 11860 7901 1513
f 6777 5845 149
f 7070 9633 1562
f 10465 9634 7420
f 149 4598 2354
f 4598 149 7901
f 10465 9631 9634
f 6504 10768 9242
f 6832 150 4600
f 9992 150 3869
f 4601 11222 11217
f 10413 8120 8118
f 6832 11561 150
f 150 4604 5843
f 6799 10503 2292
f 10503 10270 2292
f 4602 9003 4604
f 150 4602 4604
f 4605 2125 10978
f 4607 4605 2132
f 4602 4606 9003
f 11725 8121 402
f 2125 4605 4607
f 2125 4607 3677
f 2339 4608 2726
f 2724 2726 4608
f 4609 5009 2769
f 5009 4609 4611
f 4610 9322 315
f 10851 2956 4610
f 317 2544 4611
f 5009 4611 11674
f 9716 7206 960
f 9716 7887 2137
f 4613 4150 728
f 10498 3329 10502
f 9775 7461 4614
f 2865 5246 8193
f 465 4615 9770
f 8902 6456 465
f 10915 4616 9424
f 2896 4616 1683
f 4617 1307 9004
f 5267 866 1898
f 4618 8195 7326
f 5543 3269 9304
f 1246 4124 4619
f 10235 9823 5915
f 4620 11018 3730
f 3269 8195 4618
f 80 7508 1799
f 78 1799 7508
f 7673 2917 3049
f 7673 3049 4626
f 4623 10027 5870
f 2979 10027 12008
f 4689 879 4626
f 2480 8869 879
f 4625 11501 1672
f 11740 1672 5498
f 2480 4624 8869
f 4622 8869 4624
f 11368 549 8392
f 5378 11593 11830
f 1604 2650 4628
f 405 9081 7868
f 5891 4629 719
f 4721 4629 5891
f 4630 4946 3029
f 7158 8256 3029
f 4631 692 3800
f 2112 8237 4631
f 4292 11525 4632
f 2095 4632 11525
f 11140 994 495
f 7255 4041 11020
f 7804 4634 485
f 3225 7469 11075
f 4635 1549 2800
f 2800 634 4635
f 196 11885 4636
f 11560 2928 842
f 2800 4637 634
f 4637 2800 7297
f 10878 3992 4638
f 4638 583 11127
f 11090 4639 1447
f 1447 4639 3580
f 4640 7512 9406
f 6671 11627 2181
f 3360 4641 3358
f 3358 5696 3239
f 479 2906 4642
f 9944 9942 6542
f 8715 1964 4643
f 1964 12013 4643
f 479 8043 2906
f 479 10826 8043
f 9645 4645 9338
f 7633 7184 4469
f 4646 996 10438
f 9155 5645 11990
f 4647 10771 7120
f 2347 4647 2542
f 5092 1255 4648
f 9155 11990 4646
f 4649 2957 10236
f 4649 309 2226
f 11026 5371 4650
f 4650 8427 1124
f 9687 9263 5395
f 7009 9264 5205
f 4652 7062 6447
f 680 2439 4652
f 9263 9687 4653
f 9687 9691 4653
f 2654 4654 673
f 959 4654 7874
f 779 7678 5859
f 779 9264 7680
f 4656 2683 5917
f 2192 2683 4656
f 2734 4657 3670
f 4657 2734 3469
f 4658 8891 4442
f 11371 8027 4006
f 7679 743 4659
f 743 5938 8445
f 7836 7834 8029
f 7836 8029 8027
f 7679 8878 743
f 8878 1490 8464
f 4662 4664 1809
f 4662 7836 4658
f 3898 4663 1373
f 3898 2512 4663
f 4662 4658 4664
f 4658 4442 4664
f 4667 10090 10092
f 1157 6832 7140
f 11537 11541 4666
f 8145 11537 10325
f 4667 10092 1158
f 8852 6558 10596
f 4668 2410 2411
f 7729 2415 5910
f 4669 3777 10981
f 12005 11827 3776
f 6160 9681 9677
f 4668 9677 9681
f 2410 4671 4933
f 2410 4668 9681
f 4672 11008 6053
f 1054 10049 9314
f 9658 3481 2329
f 2812 9589 4909
f 4674 1054 4672
f 6857 6058 6054
f 4675 3381 621
f 1534 4675 621
f 178 1651 9597
f 4986 8014 4681
f 5584 4677 449
f 449 10507 2389
f 1990 4678 4683
f 2874 6053 6963
f 8335 1842 4679
f 134 11091 7977
f 1934 1936 4680
f 6659 351 4680
f 4681 8014 9597
f 1990 4683 4676
f 9215 6245 9213
f 4017 9211 1027
f 7672 4681 4676
f 4986 4681 7672
f 5468 11653 4684
f 668 11761 4684
f 2815 1925 4685
f 10193 1927 6935
f 4686 4684 11761
f 5299 7669 7667
f 1925 8289 4685
f 8264 4690 10108
f 8289 4688 605
f 7960 8466 4688
f 5762 5557 6985
f 7192 5762 3784
f 4690 4687 10108
f 10106 7960 4688
f 516 5874 10393
f 10391 2218 516
f 9911 6770 4692
f 9913 605 8468
f 1791 3775 4693
f 4693 3775 6435
f 2549 2902 4694
f 10850 2549 4694
f 4695 8053 205
f 8797 1046 10901
f 869 4930 4696
f 9385 1459 6632
f 5793 4697 4699
f 530 2926 5007
f 4698 11923 9884
f 9796 4698 9884
f 4699 5007 2926
f 4699 7496 4934
f 1800 2581 4700
f 5801 1800 4700
f 1025 4701 2307
f 10727 4701 1025
f 8883 10191 4934
f 9661 10191 8881
f 9999 4703 530
f 8881 10191 8883
f 8581 11710 1616
f 5266 11979 1616
f 8559 8558 4705
f 8559 4705 1868
f 4522 10177 7401
f 10175 4522 4917
f 4411 9738 4707
f 4707 9740 9736
f 57 9276 9692
f 9692 64 11907
f 2366 7689 4709
f 66 2366 8034
f 5592 11995 11842
f 458 1144 11842
f 4713 1297 3151
f 1297 8760 4710
f 808 4712 4441
f 6320 4712 8607
f 4713 5400 4711
f 11513 8760 4711
f 8921 4714 808
f 808 8605 4712
f 7038 4715 3963
f 3963 4715 3796
f 1713 4716 2444
f 9114 1584 7735
f 1426 1737 4717
f 4719 879 7471
f 3713 1954 4718
f 5560 4718 10709
f 4717 2482 4719
f 4717 4719 1426
f 10709 4718 1954
f 5562 1954 7758
f 4721 4627 4629
f 549 4627 11593
f 7989 3391 4722
f 513 10518 3391
f 1120 4403 8448
f 6494 8448 8452
f 4724 4953 1463
f 4724 1463 2447
f 1047 4725 9882
f 4725 1047 999
f 3147 133 4726
f 9933 8209 3147
f 8933 4727 1260
f 11032 7463 8234
f 11365 9189 4728
f 8549 3262 5886
f 1853 7894 7892
f 7892 200 1853
f 4730 8231 1147
f 4730 1147 4734
f 489 4731 1477
f 9386 5622 1477
f 1147 3270 4732
f 4732 3270 713
f 4733 9671 9669
f 7350 6022 9671
f 4734 4732 3268
f 1147 4732 4734
f 4735 3480 4742
f 4737 5812 4742
f 5877 4736 1995
f 1995 4736 505
f 8385 4741 4139
f 8385 4139 3168
f 2462 10464 4738
f 5802 8669 4738
f 4739 7003 592
f 592 11321 4739
f 782 8998 4740
f 838 782 10041
f 8385 10238 4741
f 4139 4741 4385
f 4739 4385 4742
f 4741 4742 4385
f 1657 11854 9556
f 1657 3990 10030
f 1658 4744 9921
f 4744 4449 9919
f 8334 4745 11444
f 9832 7520 8334
f 4876 4746 1658
f 1658 4746 4744
f 8334 11444 1181
f 3386 1181 11444
f 2113 4748 3587
f 4969 4748 2113
f 1181 3386 4749
f 2890 1181 5900
f 4750 5197 970
f 4750 970 9146
f 1443 8994 4751
f 9061 11387 5605
f 1351 4753 11757
f 7171 11757 6105
f 7092 4753 1351
f 7578 8244 5892
f 4754 7367 7369
f 5635 4836 7367
f 9892 4610 4755
f 11044 9892 11065
f 7609 4756 552
f 4756 11843 6098
f 3731 11065 7178
f 6287 8252 7176
f 2328 4758 9125
f 11970 1544 10082
f 10128 11858 3632
f 5549 10128 3632
f 8171 10026 4760
f 4760 10026 1610
f 4929 8640 4761
f 9552 565 7134
f 5852 5854 4762
f 5854 7134 8598
f 4763 9433 10349
f 5703 789 8145
f 7561 9398 4022
f 1747 417 7567
f 1287 3684 4765
f 3203 8358 8981
f 4766 7799 2469
f 2469 198 4766
f 183 4767 4765
f 5343 4767 183
f 2970 4768 1646
f 3152 1646 4768
f 4769 1894 10795
f 3292 9805 6226
f 4770 2299 1022
f 2299 4770 3354
f 4773 4771 8283
f 4771 5008 8283
f 4772 393 8600
f 7190 393 7931
f 4773 3292 6226
f 10174 8285 8283
f 4774 393 4772
f 2849 4774 4772
f 4866 4775 2684
f 4775 4777 9864
f 1172 10422 4776
f 1172 4776 1014
f 4777 6521 6519
f 4777 6519 9864
f 4778 3416 11076
f 8345 7737 1057
f 4798 625 4779
f 10420 7899 9763
f 3233 1343 7586
f 7586 1343 499
f 2817 963 4781
f 4781 963 4780
f 4782 10415 10413
f 10413 8118 6509
f 126 6501 1051
f 2987 7671 126
f 6509 8118 4784
f 4784 4599 8960
f 4785 7322 3535
f 4785 3535 807
f 8144 4786 4784
f 6509 4784 4786
f 11391 7303 11407
f 11407 7970 519
f 3425 10444 10067
f 7231 3425 10067
f 4789 1839 4026
f 4789 4026 3166
f 4790 1698 757
f 757 2884 8248
f 8386 8384 11335
f 4899 7465 201
f 11238 4792 201
f 201 11335 4791
f 1318 5693 6381
f 5697 10019 5693
f 4794 10329 8464
f 381 8966 608
f 4795 9486 7272
f 3387 4795 6560
f 1492 9024 4796
f 670 6125 6127
f 4797 9920 4346
f 7540 4694 2902
f 4145 4798 1821
f 9789 4798 4779
f 4145 8001 6349
f 4145 1821 8001
f 2547 4797 4800
f 8196 2547 4800
f 861 4801 2760
f 10420 9763 11328
f 10526 2476 4802
f 8933 9401 4727
f 1486 3762 9759
f 1486 9759 2027
f 8372 10761 4804
f 4810 10124 10125
f 4805 3762 1486
f 8626 7482 8624
f 9432 2920 4806
f 2920 7285 4806
f 8103 4805 4807
f 2850 9524 3033
f 4808 4810 10125
f 4810 4808 4812
f 4979 599 7969
f 11406 599 2518
f 9432 7467 2920
f 7467 1781 2920
f 10734 2518 4811
f 599 4811 2518
f 1781 4815 11336
f 7467 4814 1781
f 2435 4813 1189
f 4811 4813 2435
f 4810 4812 4814
f 4815 1781 4814
f 4815 4814 4812
f 11436 4815 4812
f 4816 2204 3601
f 8740 2204 9498
f 2295 4817 7285
f 9719 2295 3394
f 3151 4818 9932
f 6403 1142 521
f 961 9120 4819
f 11718 7695 4819
f 11909 4820 1193
f 9798 4820 11909
f 867 4821 8260
f 10119 11215 867
f 8372 4822 10761
f 11718 11720 3607
f 11718 3607 4823
f 9719 4823 3607
f 4824 7829 537
f 1040 7829 4824
f 4825 6281 10607
f 10607 2106 4825
f 4826 6343 527
f 3395 4826 8842
f 4827 5815 6595
f 7450 557 11762
f 8844 4828 6638
f 2713 9384 7109
f 11762 7453 5798
f 3293 11764 3306
f 4837 3465 4830
f 4830 3465 5750
f 2393 2774 4831
f 4700 4831 2774
f 4837 4832 3465
f 4832 4835 4833
f 4832 4833 3465
f 4833 5750 3465
f 10211 4834 1633
f 1633 9779 8563
f 4816 3601 4835
f 4833 4835 3601
f 4836 1264 3851
f 9673 9667 8340
f 2207 11179 4579
f 4832 11179 2207
f 1816 4838 938
f 10088 2580 4841
f 1913 3846 4839
f 3846 10045 4839
f 8438 4840 11614
f 4842 4840 8438
f 10088 4841 938
f 2386 938 4841
f 5789 8388 1852
f 9196 7085 4554
f 8965 4843 9945
f 1864 6518 8965
f 11374 4842 8438
f 9194 11372 9196
f 8965 8963 1864
f 8963 4392 1864
f 10931 11177 2254
f 3985 11177 10931
f 2144 5981 4847
f 2144 4847 3572
f 10429 10687 4848
f 4848 9788 4850
f 2169 964 4849
f 4849 964 4847
f 4848 4850 739
f 6147 739 4850
f 1876 580 4851
f 4851 580 11213
f 8990 4852 6721
f 5588 1315 4852
f 4443 1422 4853
f 9110 10638 4590
f 4854 7603 609
f 609 7644 8490
f 4857 1813 4855
f 2651 7656 6090
f 7068 10223 4856
f 10223 606 4856
f 4857 8650 1813
f 11380 4857 11382
f 2297 5597 4858
f 2297 4858 1256
f 4861 5448 4859
f 4099 1507 4859
f 1256 1251 5051
f 10731 1256 4862
f 4859 1507 4861
f 1507 7620 6824
f 7283 4862 4860
f 5051 4862 1256
f 4863 4859 3013
f 4863 3013 1509
f 3937 8420 4864
f 10570 8420 1170
f 6163 4865 887
f 6160 9679 9681
f 2684 9329 4866
f 688 8296 6067
f 4867 6670 5442
f 5440 722 6913
f 9492 4868 3083
f 4308 3083 4868
f 2048 4869 10387
f 1124 4477 4869
f 953 4870 8638
f 4870 953 118
f 4871 354 7498
f 4871 7498 5272
f 9773 6594 4872
f 5858 10773 6770
f 4873 3120 10400
f 6284 4875 6047
f 4874 1681 11261
f 2509 4874 11261
f 4873 4875 3120
f 9771 3120 4875
f 10460 4876 10462
f 10462 4876 5757
f 5305 4877 4879
f 4877 11412 1931
f 3976 1838 4878
f 1040 4878 11936
f 4877 1931 4879
f 5882 4879 1931
f 11903 9117 4880
f 7203 6973 4885
f 2213 4881 6496
f 1139 4881 2213
f 510 2141 4882
f 11903 7207 6971
f 4883 3490 3017
f 766 5513 3017
f 11468 11470 10435
f 8995 1037 9477
f 11903 4880 7207
f 4888 2145 7207
f 11999 4886 6984
f 4886 7782 5390
f 9682 4887 4889
f 5884 4884 11529
f 4880 4888 7207
f 9117 4888 4880
f 4889 4887 11529
f 1041 7897 4889
f 5610 5612 4890
f 10433 1498 5766
f 4468 4891 430
f 9060 6139 430
f 182 5229 4892
f 5229 7175 4892
f 4893 637 5309
f 4329 12001 11226
f 4894 3018 10282
f 1403 8149 7545
f 1802 4895 12003
f 4895 1802 3235
f 4896 3470 4187
f 4894 10282 4187
f 187 8382 5212
f 186 11385 5423
f 11430 301 308
f 6543 11430 308
f 201 4791 4899
f 4791 187 4899
f 4508 8862 4900
f 4508 4900 389
f 8968 4901 3154
f 4901 10690 3154
f 2183 4902 8130
f 9422 4902 7024
f 4903 2852 3140
f 2852 4903 1116
f 11679 1522 4904
f 1522 8519 4904
f 6129 10395 4905
f 8026 4905 10395
f 10147 4906 10151
f 11619 2606 10140
f 4910 6236 8892
f 8890 10863 3944
f 1522 11174 8519
f 10140 8519 11619
f 4909 4673 2329
f 6236 2329 3479
f 4910 4907 6236
f 8419 4907 4910
f 4911 2642 9792
f 5358 11528 2642
f 11702 9703 1032
f 9707 8607 8609
f 7341 7339 7335
f 8974 7337 6025
f 792 10451 4914
f 10672 792 10673
f 6359 4915 265
f 1106 7609 1329
f 7365 4916 930
f 3554 8261 9053
f 4849 4917 4520
f 4917 4522 11781
f 2333 4918 704
f 4918 2333 3652
f 3832 4919 10940
f 9080 9522 11694
f 4920 4809 11571
f 11565 7510 2809
f 6294 7930 4921
f 8574 4921 3374
f 4922 3756 186
f 11468 4884 9477
f 10412 11460 10332
f 9572 9574 11911
f 3001 4924 3004
f 7678 5919 6184
f 4925 3434 7502
f 6699 784 7739
f 4309 4926 3931
f 3931 4926 5904
f 2603 2601 4927
f 2603 5769 2944
f 11310 10806 10160
f 7487 10806 1792
f 565 4927 4929
f 4761 565 4929
f 4696 4930 8354
f 1173 8354 4930
f 10187 4699 4931
f 11315 10189 9679
f 4404 4932 3631
f 3066 4932 4404
f 2578 2410 4933
f 10189 8297 4933
f 4931 4934 10192
f 10191 10192 4934
f 7945 10699 6469
f 10115 10696 10196
f 4936 2098 7168
f 10322 5806 2098
f 7349 4937 7841
f 7841 4945 5932
f 4938 8173 831
f 9460 9926 831
f 10099 10699 7945
f 7945 4937 7349
f 4940 6922 11642
f 11639 3180 4940
f 10101 4939 4941
f 4939 4935 4941
f 9143 4262 4942
f 4262 5918 8006
f 10548 3190 4943
f 3190 1850 4943
f 4942 4944 9587
f 5786 9587 4944
f 10548 8146 7841
f 8146 10548 4943
f 8006 4946 4944
f 555 4944 4946
f 1491 4947 4945
f 1491 5446 11067
f 4502 4948 7643
f 8707 4948 4502
f 6287 4949 6285
f 9463 6842 1708
f 4954 9965 4950
f 8700 8707 11062
f 311 11485 478
f 478 11485 4949
f 4950 4952 4954
f 2824 8700 11544
f 1717 4953 6793
f 4953 1717 6123
f 3228 4954 2824
f 4952 2824 4954
f 4955 5527 1719
f 5921 1924 4957
f 9335 4956 8657
f 3049 4956 651
f 1468 4955 11488
f 1719 11488 4955
f 7122 4958 2402
f 7122 117 4958
f 4959 7646 1126
f 3235 10779 1126
f 7474 4960 5717
f 6672 1310 3
f 319 4961 3767
f 3767 10126 3769
f 4962 11931 11722
f 7451 2116 1636
f 7170 2283 11726
f 5740 3951 1087
f 4964 11929 654
f 8644 4964 3908
f 4965 2153 3234
f 2153 4965 5587
f 5562 7758 11661
f 8619 8617 2089
f 1910 4967 249
f 6470 249 4967
f 443 9989 1371
f 9989 443 8133
f 2006 4969 7493
f 5751 11797 6121
f 11443 4970 10421
f 4970 11844 10421
f 6787 4971 3438
f 4971 10145 3438
f 4972 9557 4973
f 11131 10926 9395
f 825 4973 8348
f 4972 4973 9395
f 11270 1001 10158
f 7357 11270 1693
f 4975 6228 1304
f 5569 6827 3127
f 3900 10195 4976
f 6942 8845 4976
f 10197 4977 719
f 1476 4976 10195
f 10109 4978 11535
f 3127 6827 4978
f 2015 4979 4920
f 11223 4979 2015
f 642 5975 3040
f 7076 3040 5975
f 4981 7300 9064
f 4981 9064 4979
f 10929 4982 4846
f 10929 6699 7504
f 4985 4983 3579
f 8566 6671 6263
f 8173 6648 3712
f 5088 9706 6649
f 4985 3217 4983
f 3217 4985 11827
f 4986 4489 8014
f 4986 10201 4489
f 4987 4660 794
f 6735 4987 794
f 4988 1305 7615
f 4988 383 1305
f 4989 11271 7475
f 5426 11271 4989
f 1609 10450 4990
f 7835 1609 4992
f 2069 6327 4991
f 2069 12015 7007
f 4990 4992 1609
f 8666 8019 5162
f 4993 10670 2087
f 10342 2087 5010
f 2644 4994 937
f 4994 3365 937
f 7570 4995 8530
f 9826 4844 7087
f 1841 4996 1804
f 11933 693 1804
f 4997 8870 916
f 4997 916 4228
f 473 6055 4998
f 5000 473 4998
f 4999 10384 10358
f 4999 3906 10384
f 5710 473 5000
f 1342 5706 5752
f 11856 11920 5001
f 5001 1317 11418
f 2413 8778 8262
f 8368 11047 8366
f 2726 2724 5003
f 5003 2724 2504
f 943 8726 5004
f 5004 6748 8788
f 4570 5005 5003
f 3707 5005 4570
f 5006 2934 3459
f 8162 2039 2934
f 4699 4697 5007
f 3645 9995 4697
f 5011 5008 11776
f 5013 10473 5011
f 5009 11674 6559
f 5009 6559 3950
f 6581 923 5010
f 923 7746 8478
f 5013 5011 5015
f 5016 5011 4971
f 616 8592 5012
f 1469 7675 5012
f 5013 5015 2185
f 5013 2185 1654
f 3829 5014 7511
f 470 5014 3829
f 2185 5015 5016
f 5016 5015 5011
f 2185 5016 3124
f 7468 3124 5016
f 3791 7697 5017
f 5017 6775 3791
f 1453 5018 1499
f 5018 2244 1499
f 7124 298 5021
f 2252 5021 298
f 649 5020 10491
f 9435 3314 5020
f 2011 5021 5019
f 1112 5019 5021
f 5022 7610 3324
f 5022 3114 1904
f 1521 8639 5023
f 5023 10926 11131
f 7105 5024 7104
f 4206 10711 4204
f 6551 5025 7751
f 5025 2603 1113
f 9720 11901 967
f 967 6114 2547
f 2870 2023 5027
f 5027 2023 11916
f 8078 2872 5027
f 2872 8078 8011
f 5029 952 5031
f 5029 7681 952
f 2872 8011 5030
f 1331 5030 8011
f 5029 5031 4538
f 6154 8361 4538
f 2488 8264 5032
f 5280 1929 6935
f 5033 2872 5030
f 5030 1331 5033
f 5034 5529 104
f 9316 5034 104
f 5032 8264 5035
f 5037 5354 5032
f 4175 5036 2053
f 7234 7235 5582
f 5280 7947 10609
f 10609 5032 5035
f 4620 5038 2680
f 11137 10033 8030
f 3954 7611 5039
f 10072 3954 5039
f 305 5040 2276
f 305 11506 5040
f 927 2154 5041
f 2195 927 10720
f 10498 5042 3329
f 5984 3329 5042
f 9059 5043 5045
f 5043 9059 5365
f 4462 5044 9475
f 7128 2262 7130
f 9059 5045 3669
f 3669 5045 3671
f 7863 1565 5046
f 9503 1565 3039
f 9402 10792 9400
f 10792 7128 7130
f 11972 91 4594
f 11972 4594 93
f 164 5049 1274
f 9379 2427 9377
f 5050 7253 2104
f 5050 2104 3482
f 5051 4860 4862
f 1251 4860 5051
f 10160 5052 7377
f 10162 5052 10160
f 1830 5053 11625
f 7015 1227 11445
f 5057 2733 9908
f 5057 9380 9910
f 11178 11617 5055
f 11616 1485 5055
f 5056 1883 2414
f 2646 5056 10727
f 5054 9380 5057
f 2731 5054 11218
f 10385 5058 8518
f 6552 10383 3588
f 1883 8808 5059
f 1883 5059 1024
f 6868 1857 5060
f 10385 10383 6552
f 2370 5061 8671
f 705 11634 7098
f 6763 5062 10884
f 10882 10884 5062
f 5063 1033 3168
f 5063 3168 4139
f 5064 4287 300
f 4287 9291 8035
f 3216 8047 9794
f 11246 8049 4948
f 5066 2698 8815
f 2698 5066 6703
f 5067 1042 10406
f 1042 5067 1565
f 399 11123 5068
f 11405 8702 2625
f 9031 9029 9279
f 9031 1815 5926
f 11799 591 5070
f 9031 5926 6276
f 5071 3025 677
f 5071 677 2157
f 1628 5072 9061
f 9061 5072 11387
f 5073 185 3025
f 185 5073 3514
f 823 2364 5074
f 5074 2364 4968
f 1382 5075 11323
f 5075 1382 4297
f 106 115 5076
f 106 5076 8101
f 5077 534 1727
f 717 5077 10431
f 3100 2380 5078
f 9431 5078 2380
f 1569 3870 5079
f 1567 1569 5079
f 2969 5080 957
f 9427 2969 9429
f 4314 11181 5081
f 11185 1567 5079
f 11286 5082 2900
f 10246 5082 9699
f 2900 5082 5083
f 6108 2900 5083
f 5084 11183 10326
f 5899 5084 5086
f 11814 2602 5085
f 2602 8324 5085
f 5086 8270 6880
f 5086 5084 8268
f 5087 4749 11447
f 5089 5087 7647
f 6649 11685 5088
f 1745 7224 7582
f 1665 5087 5089
f 11037 8930 9866
f 5090 1288 3141
f 1720 5090 3141
f 2908 11778 5091
f 8061 5091 8936
f 4648 4646 5092
f 11602 5092 4646
f 5091 780 5093
f 11836 7835 4992
f 4172 8090 5094
f 1255 5092 5094
f 8534 10231 8532
f 5517 681 8534
f 5096 3822 11302
f 11950 5096 11302
f 2844 5099 5097
f 5880 2844 5097
f 1409 5098 9315
f 6970 3321 5098
f 2606 5097 5099
f 8532 10140 2606
f 6970 5100 3321
f 3321 5100 4153
f 5880 5097 5101
f 2606 5101 5097
f 5102 10672 3863
f 7475 11271 1360
f 2606 8749 5103
f 4269 5103 8749
f 2255 6796 2440
f 1818 2440 6796
f 11258 11260 595
f 10301 6096 9848
f 1291 5106 525
f 8319 6500 9299
f 5107 6010 3514
f 5107 2159 6012
f 11879 11405 1863
f 5068 11405 399
f 5109 7302 5110
f 5109 5110 6845
f 7302 7432 5110
f 5202 5110 7432
f 5111 11744 5113
f 5111 10983 118
f 5112 2190 7301
f 7301 7432 7302
f 11744 6898 5113
f 5111 5113 6484
f 5114 1595 426
f 5114 11236 3371
f 10816 5115 10674
f 6898 6484 5113
f 5116 10640 587
f 10638 10640 5116
f 5117 504 2372
f 6392 5117 2372
f 9844 5118 8439
f 6940 7866 4628
f 3037 5119 702
f 5119 4516 702
f 5120 142 3878
f 142 5120 3739
f 10845 604 5121
f 482 5121 604
f 10181 5805 415
f 415 10863 10181
f 1776 5123 10404
f 2719 5123 1776
f 2325 5124 1464
f 2325 10181 10770
f 5125 6130 3232
f 9154 653 9124
f 2327 10840 5126
f 2327 5126 5128
f 8560 11805 11808
f 8104 8106 2558
f 5134 3032 5128
f 2327 5128 3032
f 5573 11339 10911
f 7314 6318 5573
f 1552 4027 5130
f 11732 5130 9538
f 5131 7547 1524
f 8647 9387 7154
f 11732 1552 5130
f 11519 1552 11732
f 8833 8835 5133
f 8647 7547 5131
f 11275 5598 5316
f 5598 5833 3032
f 5138 5135 8830
f 5136 5135 5138
f 5136 5138 1377
f 5136 1377 4082
f 5134 5128 5137
f 5137 5128 5126
f 5140 8472 1377
f 4555 5288 5140
f 258 1185 5139
f 2715 258 5139
f 5140 1377 5138
f 5138 8830 5140
f 5141 5238 8985
f 1765 5141 8985
f 8564 2385 5142
f 5142 6720 8564
f 5143 6229 7614
f 571 5143 7614
f 2857 1856 5144
f 5146 2857 5144
f 5145 8731 3182
f 11291 3718 5145
f 5146 5144 4183
f 5146 4183 4146
f 1550 5147 3385
f 5147 3389 3385
f 819 5148 10094
f 11703 5676 819
f 5147 1550 5149
f 5147 5149 5151
f 10002 287 832
f 6264 832 1058
f 5147 5151 1858
f 5151 1601 1858
f 5147 1858 5152
f 3389 5152 5154
f 318 5153 531
f 6828 8294 2778
f 5154 5152 1858
f 5154 1858 1601
f 6075 2778 5155
f 5155 2778 8294
f 5868 8510 5156
f 409 5156 8996
f 6764 1825 5157
f 5157 1825 5159
f 1110 5158 9057
f 409 8996 11795
f 2035 5159 1825
f 314 5159 2035
f 637 10331 5160
f 10331 4613 5160
f 8872 2659 8914
f 6801 11496 11499
f 5162 4992 4990
f 5162 4990 121
f 5163 8200 1231
f 3298 5774 1231
f 6018 1508 5164
f 9479 1508 2860
f 5165 2500 11695
f 5165 6714 2500
f 5166 1656 4532
f 5166 1237 1656
f 7390 1306 5167
f 8249 1812 5167
f 1236 3747 5168
f 2685 5168 3747
f 755 2219 5169
f 755 5169 1723
f 7935 5170 8451
f 490 5170 11515
f 2201 11637 5171
f 5171 11637 10139
f 8491 3043 5172
f 5172 10763 11739
f 2633 5173 1888
f 11141 10472 1888
f 3627 2802 5174
f 7877 9988 2802
f 5175 9837 4429
f 8684 5985 4429
f 11533 1303 7056
f 9366 1303 11533
f 5177 3442 1179
f 9837 9839 4429
f 5178 4211 3932
f 496 11459 3932
f 4787 1375 5179
f 5181 5178 11870
f 5180 3255 5986
f 1545 5177 9417
f 5181 11870 1375
f 1375 6157 5181
f 9708 5182 3802
f 5180 1545 9417
f 5183 2785 813
f 813 10463 5183
f 2229 2276 5184
f 5184 2276 2272
f 10089 5185 11590
f 2534 8908 1528
f 7650 5186 6686
f 8450 10808 2776
f 2721 5187 437
f 5187 2723 437
f 5188 7794 1613
f 5188 11034 8086
f 5189 5187 2721
f 11477 5187 5189
f 11397 5190 9620
f 6769 541 9341
f 2099 5191 2029
f 5191 957 2029
f 6708 10550 5192
f 5192 10550 1554
f 761 3128 5193
f 761 5193 6082
f 5194 2451 553
f 7385 5194 11880
f 5195 10820 2581
f 1800 5195 2581
f 5196 9152 9151
f 11587 9147 10294
f 6481 5197 4750
f 7732 9407 6481
f 3581 5198 7718
f 5198 4704 5200
f 500 3792 11072
f 500 6414 9173
f 5200 8561 601
f 7718 5198 5200
f 10635 1451 5201
f 1451 6214 5201
f 5202 7434 8879
f 5202 8879 844
f 8104 5203 3380
f 2558 5205 5203
f 5204 1807 8879
f 8882 5204 1809
f 5205 4581 3380
f 5205 3380 5203
f 8170 5204 5206
f 5204 8879 5206
f 3166 5207 1033
f 6388 5207 3166
f 3078 845 5208
f 11841 5208 1877
f 1221 9150 5209
f 4064 3397 5209
f 5210 11716 5443
f 9771 9773 3120
f 9737 9913 1771
f 5210 5213 11716
f 186 3756 5212
f 186 5212 11385
f 5213 5211 1771
f 5211 9733 9735
f 5214 332 632
f 3856 332 5214
f 1953 3128 5215
f 1953 5215 2566
f 5216 3856 5214
f 708 3856 10275
f 1597 3386 5217
f 9591 3272 10156
f 7868 4628 7866
f 9081 4628 7868
f 5219 3274 3386
f 1597 5219 3386
f 6819 5220 2828
f 10577 2828 5220
f 654 11929 5221
f 8035 8037 8040
f 9522 8315 5222
f 8242 6819 2828
f 5223 11613 4236
f 7251 2823 10556
f 5224 10297 6705
f 5224 10295 10297
f 3342 5225 774
f 8659 9171 10579
f 5224 5226 10295
f 1494 5226 3544
f 1374 5227 678
f 4180 5233 1374
f 1932 5228 11011
f 9712 9462 1932
f 6110 5229 182
f 5231 5229 6110
f 2748 5230 3349
f 9698 1783 3349
f 3369 5231 643
f 9299 5834 3369
f 5234 2331 5232
f 1385 5236 5126
f 5233 5227 1374
f 5233 7505 5227
f 5234 5232 1385
f 4102 5234 1385
f 5235 682 6489
f 8243 9425 5235
f 5137 5236 11521
f 11521 5236 1385
f 5237 8259 8257
f 11381 8259 5237
f 769 10288 6179
f 3679 10904 6177
f 7634 5237 1922
f 7635 1922 7198
f 5240 4482 6633
f 2218 10391 5240
f 10796 5241 10592
f 5241 9088 10586
f 7141 5242 2201
f 5242 7468 2201
f 11908 6100 925
f 6651 925 8820
f 5244 3343 1776
f 352 3343 5244
f 6528 10496 5245
f 6077 2433 9001
f 7962 5246 9067
f 1352 5246 6277
f 5247 3395 8842
f 2640 9113 556
f 5248 762 2152
f 8677 2152 7421
f 316 4265 5249
f 559 8632 8630
f 2656 5250 5252
f 7872 2323 5250
f 5143 5251 1239
f 5251 5143 571
f 5252 5248 2152
f 5250 5248 5252
f 336 2071 5253
f 4257 10061 10064
f 8679 8677 8873
f 5537 8679 8873
f 8352 10908 8002
f 10908 7148 8002
f 4727 9605 2958
f 10200 2958 9605
f 8352 1073 7151
f 7638 11711 9641
f 5258 11896 9461
f 5549 944 5258
f 9025 5259 2306
f 6026 5260 2305
f 5260 2631 5259
f 5260 5259 2305
f 10946 10202 6864
f 6978 10946 11935
f 355 5262 9245
f 2340 9245 5262
f 5264 1349 1348
f 1349 5264 6760
f 5264 1348 5263
f 3351 5264 5263
f 1961 5265 8673
f 5041 8673 5265
f 5266 1616 1618
f 5020 5266 10491
f 5267 4617 866
f 5267 10693 4617
f 9018 6213 486
f 9647 9035 9652
f 5269 3125 8917
f 5541 8919 1488
f 644 5270 3112
f 5270 644 1507
f 3455 5271 534
f 534 5271 6911
f 9391 5272 7026
f 5272 3063 2511
f 2378 5273 11774
f 6892 10352 11700
f 9551 10269 3460
f 7026 7028 9393
f 584 5278 5275
f 11808 5275 6892
f 5276 1619 5630
f 3621 10650 11323
f 5277 5275 5278
f 5573 10911 5279
f 584 5279 5278
f 5279 5277 5278
f 5127 5573 5279
f 584 11806 5279
f 5280 5035 1929
f 10609 5035 5280
f 2999 2083 5281
f 2999 5281 2922
f 7518 10817 5282
f 718 5282 10817
f 4328 9282 6193
f 1602 4328 8847
f 9266 731 5284
f 10832 10634 5285
f 5284 9268 10834
f 11752 5284 5993
f 5288 8847 5286
f 5288 8472 5140
f 10341 5287 11632
f 11292 5289 10341
f 5288 1602 8847
f 1121 1602 5288
f 5289 5287 10341
f 8686 7438 5287
f 5290 5821 9531
f 4977 11875 1921
f 9940 5291 11446
f 5831 10308 360
f 2294 5292 778
f 10270 9950 2292
f 5293 2728 4478
f 11915 2728 5293
f 5294 778 5292
f 2408 778 5294
f 1796 3267 5295
f 5701 5702 1796
f 1079 7276 5296
f 7845 1079 5296
f 11495 8183 5297
f 4712 7956 4441
f 5298 1515 3609
f 1515 5298 9545
f 6323 4686 5299
f 5299 4686 7669
f 3204 5300 2942
f 2942 10585 5366
f 11495 5297 5301
f 5299 7667 7956
f 1991 5473 6938
f 5471 1666 3815
f 5303 6013 5304
f 3087 5303 5304
f 3087 5304 3089
f 3089 5304 5863
f 1302 5305 7055
f 8991 4877 5305
f 5306 7811 8781
f 8633 1300 4616
f 285 7296 5307
f 9287 5307 7296
f 5308 3184 6407
f 5308 1639 1163
f 11780 5309 10611
f 429 4893 5309
f 5312 10134 5314
f 7128 11608 2262
f 4129 5311 955
f 7632 516 9739
f 5310 11608 7128
f 5310 10028 11608
f 5313 11433 616
f 4086 2671 7113
f 615 2262 8643
f 8643 2262 5312
f 5315 738 7632
f 7631 5317 7618
f 5598 5318 5316
f 11275 5316 4028
f 7618 5317 738
f 5317 5313 738
f 10340 4028 5318
f 5318 4028 5316
f 1923 5319 11277
f 7935 8718 6813
f 1879 5320 2695
f 2695 5320 2722
f 5321 2124 1812
f 2124 5321 2671
f 1940 9728 6773
f 1940 6773 5324
f 1904 3911 5323
f 5022 1904 5323
f 6773 1321 5324
f 10807 1321 9654
f 7238 10314 1989
f 1989 7244 7242
f 3843 5326 1383
f 9325 1383 5820
f 9321 1019 5327
f 10706 1940 10805
f 268 2486 5328
f 268 11318 7320
f 5329 10807 8654
f 1019 5329 5327
f 10213 5330 6280
f 10215 10213 11889
f 2250 5331 1473
f 8805 2250 5104
f 5332 9511 10215
f 9511 5332 4259
f 7320 8805 5333
f 272 1682 5333
f 4291 5334 4453
f 5334 2227 4453
f 5335 8761 484
f 5335 484 8133
f 11071 1645 5336
f 4956 11071 8655
f 4203 5337 741
f 1539 7049 9885
f 5336 1645 5338
f 8278 5338 1645
f 3886 5339 2799
f 2799 5339 1895
f 5340 7900 6339
f 5346 11202 5344
f 8576 1890 5341
f 5341 1890 8237
f 8280 8278 5342
f 5344 5342 8278
f 6006 4767 5343
f 3549 3686 5343
f 5340 5344 1368
f 5344 5340 5342
f 5345 2280 1915
f 2280 9234 3145
f 5346 1367 3464
f 5346 5344 8278
f 7008 5347 9077
f 9077 9078 9075
f 2103 3940 8552
f 1033 8678 3940
f 3510 2499 5349
f 2499 5351 5349
f 5622 3847 5350
f 3847 2505 8575
f 3475 5349 5351
f 3475 5351 10767
f 1774 3006 5352
f 349 1774 7459
f 5353 3556 9879
f 3812 5353 2387
f 5354 452 1157
f 452 8684 9830
f 5355 7053 2387
f 5353 9879 2387
f 5356 5358 11354
f 2988 5356 11354
f 5364 2405 494
f 9353 5360 10185
f 5358 2642 4911
f 11354 5358 4911
f 1966 2576 5359
f 5359 3012 1966
f 5360 9830 4429
f 9353 7859 5360
f 2576 1966 5361
f 3010 2576 5361
f 11818 5362 523
f 5362 11954 523
f 10099 5363 1627
f 5363 5362 1627
f 452 5357 5364
f 7859 9828 5360
f 9059 1416 5365
f 5365 1416 9311
f 9316 5366 2270
f 5366 1525 2942
f 2352 5367 11741
f 752 11927 5677
f 5368 1281 5370
f 5368 1534 11562
f 2459 1978 5369
f 2459 5369 3115
f 10668 176 5370
f 5368 5370 6956
f 11026 4479 5371
f 10437 5371 11938
f 10546 1171 5372
f 8182 8852 1696
f 2099 5373 2018
f 4344 5373 10445
f 5374 6885 11738
f 1277 6883 5119
f 2696 259 5375
f 6466 7500 2696
f 5376 3317 7882
f 2290 3317 5376
f 5377 5376 10838
f 11420 5377 10838
f 5378 549 11593
f 9890 549 5378
f 936 3564 5379
f 7811 5816 5379
f 8284 5380 6101
f 7834 4987 2314
f 1683 5381 3211
f 7057 8589 8253
f 75 85 5382
f 86 5382 85
f 10017 5383 6331
f 11564 1218 8586
f 5384 4444 4442
f 10616 4442 8891
f 4067 9368 5385
f 4067 5385 721
f 1403 8753 5386
f 8928 742 8932
f 1624 5387 3978
f 7293 3978 5387
f 7368 5388 6774
f 12016 6111 1998
f 5391 1790 5389
f 342 5389 339
f 5390 7784 2145
f 7782 7784 5390
f 342 5391 5389
f 1936 5391 342
f 8483 9408 5392
f 5392 2585 8276
f 10087 508 5393
f 5393 6186 10087
f 5291 5394 1055
f 6844 4152 6846
f 5395 3548 3092
f 9436 10035 5859
f 1035 2513 7003
f 7003 2513 592
f 9035 10336 9018
f 10283 5268 10336
f 3072 5398 1031
f 5398 5396 1031
f 5399 7352 9453
f 9939 1876 5399
f 5400 4713 3151
f 8469 9701 3787
f 2494 1378 5403
f 5403 9044 2494
f 5402 1142 6403
f 7091 3714 1142
f 5403 5401 9044
f 5401 5403 9518
f 9044 5401 5404
f 1376 7011 2286
f 10575 5405 10561
f 7417 10561 5405
f 5406 2493 612
f 5406 2166 8784
f 1526 8834 11393
f 1526 7223 5409
f 4299 5408 1505
f 358 1505 5408
f 5407 5409 4395
f 1526 5409 8834
f 4074 5410 5960
f 5750 5960 5410
f 5415 5411 2624
f 6192 2624 5411
f 2494 5412 1378
f 2183 8130 7318
f 3068 8300 5413
f 5415 1548 4184
f 1190 5414 4103
f 4158 7949 1190
f 5415 2624 5413
f 5415 5413 8300
f 5416 3913 5052
f 2370 8671 5416
f 5419 1400 5417
f 8056 5417 2991
f 728 155 6604
f 10582 6754 5420
f 8056 5419 5417
f 5419 8056 3097
f 10584 5420 10016
f 5420 9458 10016
f 105 5421 5419
f 6740 105 12017
f 5418 10646 5422
f 11282 5422 10646
f 5423 1449 4922
f 2832 1449 5423
f 6133 5424 7628
f 5424 225 7628
f 1928 6209 5425
f 1928 9894 3021
f 1589 5426 1039
f 1589 8039 11398
f 128 5427 1703
f 128 2041 5427
f 9257 1581 5428
f 11857 5267 10389
f 3981 5429 1703
f 1703 5429 10713
f 7455 5430 10809
f 9082 2017 5432
f 5431 11212 64
f 9276 64 9692
f 5432 8556 2584
f 5432 10809 5430
f 5435 6566 5433
f 3434 5433 6566
f 1318 5434 4793
f 8443 2729 5434
f 5435 8337 6566
f 390 8337 5435
f 5434 380 5436
f 215 5436 380
f 11355 5437 2004
f 10918 4633 6715
f 11807 5438 2686
f 5438 2689 5440
f 3717 5439 1681
f 11355 5439 5437
f 722 5440 4867
f 2689 4867 5440
f 5441 5439 3717
f 2302 11206 11208
f 3738 722 5442
f 722 4867 5442
f 8423 4692 1772
f 10773 5858 10811
f 5444 10627 10812
f 2605 5444 4430
f 5445 7347 3256
f 1257 6269 8052
f 11069 5446 1741
f 5446 8959 1741
f 1075 1072 5447
f 6912 5991 1075
f 4859 5448 3013
f 3311 3013 5448
f 11923 1129 5449
f 1129 8629 5449
f 1851 5450 8615
f 1379 5928 4011
f 9173 10029 5451
f 8225 10750 8223
f 5452 4174 7213
f 585 8000 9602
f 11427 8225 8223
f 11991 5609 11993
f 10798 5454 7305
f 5454 9606 1977
f 4418 1159 5455
f 11166 5455 2706
f 8487 8947 8945
f 8487 2285 8947
f 700 2475 5457
f 5455 6757 6753
f 10097 5459 5458
f 3214 8489 6902
f 6902 8489 5459
f 7649 9096 10228
f 6881 5462 6882
f 1787 4475 6882
f 10228 5461 6902
f 9092 419 2285
f 7828 1787 6884
f 6884 1787 6882
f 5463 11006 2899
f 9096 5463 5621
f 5464 8161 8777
f 11129 3165 8161
f 1945 7021 5465
f 11733 5465 7021
f 5466 7257 11184
f 11349 11186 11184
f 8433 5467 3238
f 5465 5467 8433
f 5468 4684 4682
f 6245 9211 9213
f 5469 3371 4107
f 4107 1328 11599
f 10894 7907 5470
f 11342 2793 629
f 10985 8387 5471
f 5471 8387 5473
f 5472 11320 11147
f 11320 5472 9754
f 5471 5473 1666
f 3857 9134 9132
f 8646 4918 5474
f 360 8646 5474
f 5145 5475 2002
f 1176 2002 5475
f 5478 5476 1176
f 3453 1176 5476
f 4285 1649 5477
f 1649 5012 9355
f 5478 5475 5145
f 5478 1176 5475
f 5485 2161 3596
f 5485 8075 797
f 3121 5480 5482
f 5480 2334 1593
f 1116 5481 5483
f 5479 5483 5481
f 5482 1593 2730
f 5480 1593 5482
f 3138 5483 797
f 5479 797 5483
f 3350 3348 5484
f 10772 9274 9270
f 3598 5485 5479
f 5485 797 5479
f 4766 198 5486
f 198 197 5486
f 5811 455 5487
f 5489 9779 5487
f 5953 6693 5488
f 2240 11745 3755
f 5487 455 5489
f 5489 10939 10941
f 3993 5490 2594
f 5490 3993 5525
f 1767 5491 455
f 5489 455 10939
f 10183 2809 5782
f 4192 2809 10183
f 5493 2909 788
f 5495 788 2118
f 2134 5494 139
f 8092 5496 2134
f 2125 5493 5495
f 5495 5493 788
f 5494 5496 5120
f 2134 5496 5494
f 3739 5496 5497
f 3739 5497 9722
f 5498 9569 1028
f 1028 5374 5498
f 2033 10906 7847
f 7261 10906 2033
f 2627 2199 6062
f 2451 11330 6062
f 5321 8249 5501
f 5501 8249 1483
f 78 5502 73
f 5502 8990 73
f 5503 4530 4534
f 4402 4530 5503
f 5504 6376 2027
f 5506 2027 9759
f 2510 11727 5505
f 4530 5505 11727
f 5504 2027 5506
f 11667 5511 11476
f 5507 4019 2740
f 434 5521 6701
f 5510 8413 5508
f 9537 3033 5508
f 5512 6905 5509
f 6907 2443 10823
f 5510 3033 9524
f 5510 5508 3033
f 5511 5504 5506
f 5511 5510 5504
f 8322 8943 5512
f 11132 901 10671
f 5513 4881 4883
f 5513 4883 3017
f 11134 5509 9905
f 11687 8661 9352
f 5515 9879 3556
f 5515 5517 8534
f 5516 9702 9704
f 7189 1280 9987
f 5515 3556 11014
f 11014 3556 5353
f 8636 5518 8266
f 8134 5518 2406
f 5507 5519 4019
f 5934 9987 4019
f 1359 5520 356
f 4420 6097 1359
f 6701 5521 9906
f 5519 5507 7607
f 5522 8923 7364
f 3996 1034 6908
f 5523 1174 4475
f 5523 4887 9682
f 6645 5526 5524
f 9990 489 8659
f 1203 7990 5525
f 1203 5525 3993
f 5526 489 5524
f 5526 4731 489
f 5527 1468 2971
f 5527 2971 1719
f 3838 5528 3836
f 10593 6402 3836
f 1805 5529 2756
f 6745 9370 2756
f 5530 4569 8913
f 4571 4569 5530
f 2363 5531 6077
f 8984 10562 7896
f 5528 6295 8913
f 8913 4569 10593
f 8851 7985 5533
f 9133 5533 2085
f 225 9646 5534
f 4240 233 5534
f 237 5535 233
f 5535 1831 233
f 103 5536 1530
f 2717 1530 8093
f 328 8679 5537
f 2173 8918 5537
f 9737 5538 605
f 5538 3452 6034
f 5539 7271 11670
f 7686 1479 10574
f 2237 5540 2963
f 2236 5540 2237
f 3794 5541 8308
f 5541 3794 4723
f 5542 2351 5539
f 3794 8308 5542
f 5545 5543 695
f 5543 11898 3269
f 7158 11269 5544
f 6585 3533 10439
f 5489 10941 5545
f 5545 10941 5543
f 9221 5546 762
f 8750 762 5546
f 5547 5549 5258
f 664 9258 6870
f 2504 5548 1337
f 2724 5548 2504
f 664 10128 5549
f 9258 664 5549
f 5550 6579 3173
f 5550 3173 1183
f 11380 8650 4857
f 3174 7750 11378
f 501 5552 1347
f 5552 619 1347
f 5553 1356 9050
f 3245 5553 2529
f 4316 5554 1541
f 9039 5554 4316
f 5555 10450 9253
f 5641 9251 9249
f 5556 9039 480
f 5556 5554 9039
f 5557 3049 651
f 4626 3049 5758
f 4325 5558 480
f 5556 480 5558
f 8349 9333 5559
f 5559 1424 1418
f 8497 4718 5560
f 1093 1269 7071
f 5566 5561 120
f 7693 5561 5566
f 10709 1954 5562
f 868 10709 5562
f 7693 418 5561
f 7693 8647 10069
f 9106 3804 5564
f 3804 1584 5564
f 5565 262 3891
f 4494 5565 3891
f 5566 120 11583
f 5566 11583 3550
f 10608 5567 4124
f 1067 5567 10608
f 341 5568 5775
f 5568 340 347
f 4975 6827 5569
f 10091 4975 5569
f 5570 1309 2675
f 2490 1309 9520
f 7314 5571 11042
f 5571 2065 2744
f 1999 11834 5572
f 1999 5572 505
f 5571 5573 6241
f 2061 5573 5127
f 5574 3246 7212
f 5576 5574 7890
f 9293 10930 4113
f 4113 10930 8968
f 5574 5576 3246
f 3246 5576 5696
f 5577 6380 4593
f 10545 11101 4593
f 5578 7234 998
f 5036 10712 2053
f 1669 5579 2646
f 2646 5579 5056
f 5578 998 8058
f 7234 5582 998
f 5581 2704 2702
f 5581 3685 2704
f 998 5582 8058
f 7237 1540 8058
f 5583 4002 4003
f 1737 4002 5583
f 9933 5584 11705
f 5586 5584 3189
f 3520 5585 4227
f 5585 2100 4227
f 3187 5586 6900
f 8209 9933 11705
f 5587 981 4397
f 11750 6623 11751
f 10691 4498 81
f 10691 5502 4498
f 5589 2527 2525
f 5244 9136 5589
f 5590 2348 839
f 4332 5795 5590
f 1830 5591 5590
f 10304 9142 9037
f 3504 529 5592
f 6089 7648 4711
f 2515 1254 5593
f 5593 4858 5597
f 10424 5594 4485
f 7109 9384 10424
f 2515 5595 1254
f 5595 2515 4465
f 4551 5596 2273
f 2620 5596 4551
f 5597 4056 2515
f 5593 5597 2515
f 5134 1208 5598
f 5598 3032 5134
f 4862 7283 8590
f 4862 8590 10731
f 5134 5600 1208
f 5130 5602 9538
f 4090 2343 5601
f 11019 7024 5601
f 1208 9538 5602
f 1208 5602 10340
f 5603 407 4984
f 2737 8453 5603
f 8140 10340 5602
f 10340 8140 4993
f 3586 5605 4751
f 4751 5605 1443
f 7998 9743 5606
f 10354 10913 5606
f 523 11954 9851
f 11993 5609 10501
f 11409 2371 10234
f 11234 7317 5283
f 211 5609 9851
f 5609 8813 5607
f 5610 10312 10116
f 5610 10116 5612
f 5618 2735 2526
f 5613 2205 2735
f 5614 3624 10433
f 10433 3624 1498
f 2205 5613 5611
f 5613 2735 5611
f 1166 5614 4282
f 1166 3624 5614
f 5611 3355 5615
f 5611 5615 980
f 4427 3850 5616
f 3850 2461 5616
f 5617 4427 3309
f 5619 3309 5616
f 5611 5618 3355
f 5618 5611 2735
f 5617 3309 5619
f 10347 5617 5619
f 1316 11474 2164
f 2164 11464 3488
f 2899 5621 5463
f 11006 10791 2899
f 546 3847 5622
f 3221 546 5622
f 2899 5623 5621
f 9096 5621 11051
f 5624 3752 10107
f 7316 10102 3752
f 1844 9421 1456
f 9041 9047 9419
f 5626 3879 1091
f 5626 3467 3879
f 928 9419 9047
f 9043 5628 8238
f 5627 2181 5628
f 9043 5627 5628
f 9162 3414 5629
f 5629 9865 5887
f 5276 5630 1679
f 1679 5630 9379
f 792 4914 5631
f 5631 4914 4070
f 11388 3863 11038
f 3863 10673 11038
f 7319 5633 2042
f 1938 2042 5633
f 800 643 5634
f 10380 800 5637
f 4754 5635 7367
f 10551 10549 10302
f 5636 9891 1846
f 4341 10302 10549
f 5637 5634 3155
f 800 5634 5637
f 2464 707 5638
f 2464 11961 11963
f 9174 588 5639
f 11040 6124 10653
f 707 2464 5640
f 707 5640 2749
f 545 5555 5641
f 5641 5555 9253
f 9197 5642 1202
f 9197 9198 5642
f 1070 3737 5643
f 7372 1070 5643
f 5644 495 994
f 495 5644 6990
f 5645 2472 1311
f 7778 9715 1311
f 9163 5646 53
f 5649 11079 9163
f 5645 5647 996
f 5645 1311 9715
f 2666 5650 5648
f 2666 5648 2702
f 1314 5649 71
f 5649 9163 71
f 5890 5648 5650
f 7578 5892 5650
f 9311 200 8524
f 200 9311 1853
f 9620 8393 11397
f 8387 6938 5473
f 5444 5653 4062
f 5444 10812 5653
f 5654 7152 771
f 3808 5654 771
f 5653 10812 901
f 10947 10671 901
f 2556 5656 11251
f 7769 7771 11826
f 5385 11849 3119
f 3119 6994 1210
f 7115 2089 7760
f 2089 4966 11526
f 8378 3515 5659
f 5659 3515 3672
f 1199 7153 5660
f 9573 8395 1199
f 6641 3398 5661
f 5661 3398 1777
f 2755 2707 5662
f 8122 8721 3839
f 5665 177 10499
f 5661 177 5665
f 7997 5664 9755
f 7997 9753 5664
f 5663 166 5665
f 5665 10499 5663
f 163 392 10499
f 5663 10499 392
f 2415 5667 3010
f 8758 5667 2415
f 11730 10653 5668
f 4486 7743 6476
f 5669 3036 853
f 2901 5773 853
f 1570 5670 8508
f 1570 5672 5670
f 7899 5671 7400
f 5671 359 6700
f 3419 5672 1393
f 1570 1393 5672
f 5671 6700 7400
f 5675 652 5721
f 7469 4634 11075
f 10985 3227 11077
f 5673 652 5675
f 4801 5673 5675
f 5676 3071 5148
f 819 5676 5148
f 5677 4131 5679
f 6189 9248 1440
f 5678 2003 6527
f 10155 10154 3275
f 5677 5679 1440
f 5679 10477 11693
f 5680 3271 3275
f 10154 5680 3275
f 2530 4361 5681
f 3423 2530 5681
f 3951 265 5682
f 5682 5684 9024
f 5683 7949 3817
f 1944 5683 3817
f 265 552 5684
f 5682 265 5684
f 5685 10117 2434
f 7642 2434 7644
f 912 5686 5689
f 8821 11631 9619
f 5687 4660 8693
f 794 4660 5687
f 2238 6761 5689
f 912 5689 2239
f 2238 5689 5688
f 5686 5688 5689
f 2190 5690 7301
f 7905 481 7902
f 5691 9734 1706
f 10851 1706 2956
f 869 5692 4930
f 869 2880 5692
f 4793 5693 1318
f 5695 5697 5693
f 5694 1939 10071
f 11607 3360 1939
f 5695 5693 4793
f 5699 4793 5436
f 5696 4641 11607
f 5696 3358 4641
f 11201 2657 5697
f 2657 667 5697
f 9133 5698 5533
f 9015 10374 5533
f 5695 4793 5699
f 2657 11201 5699
f 5700 3133 1824
f 3133 5700 3135
f 5295 1972 5701
f 5295 5701 1796
f 5702 1970 8077
f 5701 1970 5702
f 5703 8541 1194
f 2754 5703 9515
f 2630 9673 3304
f 6337 9673 8340
f 10001 5705 7388
f 5705 11457 1226
f 5710 5706 5716
f 5706 5710 5000
f 7309 11240 5749
f 10317 8480 8482
f 3619 4643 5708
f 1950 3619 5708
f 5709 1662 9795
f 659 1662 11734
f 5715 5710 1962
f 5710 5713 5711
f 2837 473 5711
f 5710 5711 473
f 5712 5709 3477
f 1662 5709 5712
f 9814 5711 5713
f 5710 5715 5713
f 11212 5649 5714
f 5714 1387 11212
f 9814 5715 1962
f 9814 5713 5715
f 5710 5716 1962
f 9488 1227 10633
f 7474 5717 9007
f 25 6370 5714
f 7515 8201 9095
f 10669 7515 11650
f 187 5719 4899
f 4899 5719 7465
f 504 5720 11737
f 11850 7019 6488
f 5675 5721 6423
f 5721 479 6423
f 5722 5720 1880
f 8593 1880 6011
f 2480 875 5723
f 2480 5723 4624
f 2970 5724 2539
f 1081 9174 2970
f 2161 1794 5725
f 5729 5723 5727
f 10376 11847 5726
f 10376 6994 3119
f 1798 5725 5727
f 1794 5727 5725
f 10950 5728 5644
f 2309 3062 5728
f 1794 5729 5727
f 1794 4622 5729
f 5730 7380 10178
f 5730 3726 5732
f 7133 5731 9283
f 5731 790 9283
f 3726 10176 5732
f 4519 5732 1099
f 9447 1965 5733
f 7275 5733 1965
f 5734 10216 11467
f 2670 620 5734
f 7816 9529 5735
f 9223 7012 506
f 9926 9460 5736
f 5736 2737 4938
f 3442 5737 1179
f 8059 5737 141
f 2290 2088 5738
f 5738 3317 2290
f 5741 5739 1452
f 6530 10296 9147
f 5740 4963 8868
f 11726 5740 1087
f 5741 1452 1408
f 9968 11962 5741
f 2507 5742 2200
f 5742 2128 2200
f 11557 10560 5743
f 2137 5745 10919
f 2507 2200 5744
f 3969 5744 2200
f 5745 11557 5743
f 5743 10373 5745
f 482 1277 5746
f 482 8309 5121
f 10495 8509 5747
f 8509 8513 8769
f 5748 3601 3604
f 5748 3604 8742
f 7309 5749 569
f 569 8295 10724
f 4833 385 5750
f 385 7866 6940
f 5751 2591 4969
f 4969 2006 5751
f 5752 5000 4998
f 5752 5706 5000
f 11939 8904 3770
f 8904 3195 3770
f 7854 5754 637
f 637 7478 10331
f 1955 822 5755
f 1955 5755 11204
f 1292 9148 5756
f 1292 5756 1958
f 9923 2032 10458
f 4449 11997 9919
f 5762 5760 5557
f 3049 5557 5760
f 422 5759 3721
f 6426 5761 10265
f 5758 5760 4689
f 3049 5760 5758
f 5759 422 5761
f 3680 5761 422
f 5762 4689 5760
f 7471 4689 5762
f 2368 8988 11586
f 8606 8987 1704
f 6329 5764 270
f 259 9951 6357
f 4486 6476 5765
f 4250 4486 5765
f 4890 9246 2638
f 5612 9246 4890
f 5767 2051 6614
f 1727 2051 5767
f 7732 5768 3890
f 11871 1785 11868
f 2603 4927 5769
f 565 5769 4927
f 5770 7035 5851
f 6769 9341 6398
f 2133 5908 11375
f 11377 1358 7873
f 9956 5772 2318
f 7378 10692 2318
f 3036 5669 5773
f 5669 853 5773
f 5774 5163 1231
f 8829 6963 5163
f 5775 5568 347
f 343 5775 347
f 5776 1065 7605
f 1065 5776 5774
f 4936 8909 5777
f 2098 4936 5777
f 3334 1635 5778
f 3334 5778 9468
f 1038 398 5779
f 5779 398 5777
f 1738 9100 5780
f 1738 7266 5778
f 5781 10257 10776
f 8013 5781 10776
f 5782 2007 7239
f 10183 5782 7239
f 4537 5783 2007
f 2001 2007 5783
f 10961 8766 5784
f 7924 629 10130
f 5785 1315 10748
f 6046 5785 10748
f 555 11151 4944
f 10801 4418 11149
f 9332 1165 5787
f 8375 1165 3043
f 5788 1653 8860
f 9666 11535 5882
f 5789 6145 6147
f 628 6149 6247
f 5790 11243 3452
f 5790 3452 5538
f 4343 5789 5791
f 4343 5791 4338
f 10054 9790 11719
f 5791 9790 4338
f 3751 5793 10187
f 3751 6795 5793
f 1543 5794 6961
f 6385 9795 10642
f 5795 2348 5590
f 2348 5795 5797
f 9797 1543 5796
f 9797 5796 9793
f 1481 5797 5795
f 5797 1481 5656
f 5798 7453 11416
f 1668 11764 4829
f 11821 820 10313
f 10313 820 3895
f 2921 5800 467
f 8533 4738 8535
f 5801 4700 2395
f 6959 1798 5801
f 1225 10194 8533
f 10194 1225 4391
f 5803 10239 8895
f 5873 10239 5803
f 5804 8771 6738
f 8773 8769 8771
f 415 5805 2345
f 1445 10936 8786
f 5806 1734 11620
f 5806 603 9977
f 3889 608 11692
f 11692 5319 3889
f 5808 2362 232
f 7553 3149 2362
f 5809 5141 2495
f 5809 11059 5813
f 943 5810 8726
f 10552 6431 943
f 5811 1767 455
f 5811 5813 1767
f 5814 4735 5812
f 5812 4735 4742
f 1767 5813 2306
f 5813 11059 2306
f 5814 4383 4735
f 4383 5814 5348
f 1108 8265 7001
f 4827 1108 7001
f 5379 5816 936
f 5816 11667 11479
f 10760 5817 2861
f 2863 8916 6928
f 11833 10799 5326
f 10583 2711 11833
f 1919 9223 5819
f 5821 551 1919
f 5820 1383 5326
f 10799 5820 5326
f 9531 5821 5819
f 5821 1919 5819
f 5822 5641 2452
f 7018 8666 5162
f 11102 5823 5100
f 5100 5823 4153
f 5824 7975 9622
f 1096 5824 2616
f 9296 8901 9294
f 11835 1244 11254
f 1240 2467 5826
f 5826 2467 1916
f 11835 9949 5825
f 5825 1244 11835
f 3846 5828 10045
f 5828 3846 1240
f 9292 4118 5829
f 5829 4118 2326
f 5828 1232 5832
f 1232 5826 5832
f 7506 10308 5831
f 811 1631 9292
f 5828 5832 5830
f 1918 5830 5832
f 10009 11275 10007
f 8396 11275 10009
f 5834 5836 7173
f 3369 5834 5231
f 132 5705 5835
f 8757 132 9730
f 3366 7173 5836
f 3366 5836 7655
f 5837 2103 4737
f 2103 5837 3940
f 6500 5838 5834
f 5834 5840 5836
f 2943 10585 5839
f 3091 2943 6833
f 5838 5840 5834
f 5838 1292 5840
f 5845 2916 5841
f 2916 1155 5841
f 5842 1501 3077
f 6406 5842 10866
f 150 5843 3869
f 5841 3869 5846
f 5844 10184 3281
f 8770 9002 5849
f 7901 149 5845
f 4596 11235 10015
f 3869 5843 5846
f 5850 5846 5843
f 3281 10184 7652
f 3281 7652 5940
f 7901 5845 5850
f 5850 5845 5846
f 593 5849 6750
f 5844 5849 10184
f 5850 11229 11235
f 5848 7901 5850
f 11572 5851 6250
f 5770 5851 416
f 5852 4762 669
f 6126 5852 669
f 2337 5853 3897
f 3897 5853 9390
f 5854 9552 7134
f 6126 9552 5854
f 10937 3528 5855
f 3528 3676 6309
f 4583 5856 4585
f 11945 7163 11947
f 2564 10309 5857
f 8390 2564 5857
f 10811 5858 4872
f 10001 7388 10400
f 779 5859 5395
f 5395 5859 3548
f 5860 3058 8306
f 5866 7708 5860
f 5861 9928 1523
f 1523 10484 5861
f 5864 5862 4047
f 5862 4044 2171
f 3089 5863 7185
f 5863 5860 8306
f 5864 374 4044
f 5862 5864 4044
f 9310 1053 7790
f 7522 5867 5869
f 5863 7850 5866
f 5860 5863 5866
f 5865 5867 11043
f 5865 7788 5867
f 5868 5156 409
f 4623 5868 409
f 5869 5867 7788
f 7788 10810 5869
f 5870 8510 5868
f 9935 2925 5870
f 6665 1089 5871
f 6170 6665 5871
f 10666 333 5872
f 9732 10479 5872
f 7394 8206 7129
f 7129 8206 2162
f 11063 616 5012
f 5313 616 5876
f 5873 5803 5875
f 8143 5875 10472
f 5876 616 5874
f 5874 516 10100
f 10153 5877 3636
f 10153 4192 5877
f 9897 419 8492
f 419 8566 8494
f 5879 9695 10707
f 9636 3952 5355
f 5879 5880 5103
f 5879 10707 9636
f 8511 3345 7959
f 7959 3345 9777
f 8645 5882 1931
f 9666 5882 8645
f 1042 5883 10406
f 3597 8774 703
f 5884 11529 4887
f 5884 4887 174
f 5885 10934 5883
f 3599 7256 4974
f 5886 10038 2378
f 3262 10038 5886
f 5629 5887 1600
f 1600 7385 11880
f 11766 1365 4709
f 75 1365 11766
f 11109 4023 5889
f 5889 8020 408
f 5028 6865 798
f 7092 798 6865
f 4721 5891 4499
f 8595 11109 5889
f 5890 5650 5892
f 7092 6865 5892
f 719 5893 4023
f 719 4977 11677
f 11517 203 5894
f 11515 1641 463
f 5895 3265 10595
f 3267 3265 5895
f 5896 5894 202
f 8018 210 5896
f 8433 3238 5897
f 9476 8967 1392
f 997 4463 5898
f 5898 10562 997
f 5899 5086 2263
f 5899 2263 3650
f 1181 4749 5900
f 5087 5900 4749
f 9825 7437 6889
f 7437 5899 1044
f 1222 5902 75
f 8301 74 5902
f 5903 1052 4372
f 1052 5903 9063
f 5903 4372 5904
f 4372 3931 5904
f 5902 74 5905
f 9222 1607 9220
f 2641 5906 2261
f 2644 2261 5906
f 2502 11343 5907
f 9937 2502 5907
f 1593 10788 5908
f 1259 1140 5908
f 2744 5909 8935
f 8939 892 8937
f 5910 9318 7729
f 5910 6162 9318
f 1761 8199 5911
f 2660 1761 5911
f 7660 5912 793
f 10909 4497 793
f 1613 6198 5913
f 5913 5188 1613
f 1866 2887 5914
f 5914 4586 1866
f 4619 5915 1246
f 4619 5567 5915
f 1758 6859 7078
f 6441 7078 6859
f 4656 5917 4305
f 10540 4305 5917
f 6843 2233 5918
f 2233 11269 7158
f 4655 10085 5919
f 10087 6186 10085
f 5920 572 10824
f 5920 10824 1601
f 1719 5921 11488
f 5921 1719 2971
f 5960 2650 5922
f 5924 10246 5922
f 5923 8141 11454
f 3454 9608 657
f 5924 5922 2650
f 1604 5924 2650
f 8302 1270 9180
f 3322 11189 10468
f 11230 5926 2050
f 5070 6276 5926
f 5927 1064 2936
f 7907 8166 5927
f 3643 5928 5450
f 5450 5928 1379
f 6534 5929 4543
f 4543 9550 3700
f 2184 5930 880
f 2492 10846 6538
f 4151 5136 8233
f 8233 5136 8328
f 10021 847 5932
f 847 9780 5932
f 4024 8114 5933
f 5933 4025 4024
f 1402 5934 5519
f 5519 5934 4019
f 3325 5251 5935
f 847 3325 9780
f 5936 9019 725
f 8627 725 1617
f 5937 11657 7932
f 10159 5937 7932
f 5938 2825 8444
f 8148 2104 11005
f 5967 5939 946
f 946 8304 11531
f 2583 5943 11463
f 728 9451 11463
f 9023 5941 9183
f 5941 11812 9186
f 1634 5942 11788
f 11788 10498 10502
f 11463 5943 3281
f 3281 5943 5844
f 1268 10508 5944
f 8036 1268 5944
f 4007 5945 7552
f 7552 5945 7298
f 5948 1942 5946
f 1942 3022 5946
f 3333 2583 5947
f 2583 11463 9451
f 3736 5948 7550
f 5948 3736 1942
f 4032 471 5949
f 471 6175 5949
f 5950 9632 2111
f 5950 3449 8065
f 5951 4485 5594
f 6993 4485 5951
f 10745 5952 2344
f 2344 5952 5289
f 11745 2240 5953
f 5953 2240 2055
f 2009 5954 5782
f 2009 1407 8365
f 3511 5955 11896
f 9611 5955 3511
f 11323 5956 1619
f 5956 2130 1619
f 1982 3208 5957
f 814 1982 11168
f 5958 170 3621
f 5958 3621 951
f 5959 1586 666
f 262 9833 7290
f 4074 5960 6786
f 6786 5960 5922
f 5961 1316 2164
f 8850 11458 8553
f 8577 11657 5937
f 950 5965 8578
f 8577 5963 5962
f 5962 5963 8574
f 6741 5964 2182
f 10644 4754 7369
f 5967 4386 5965
f 8578 5965 4386
f 499 3287 5966
f 1636 7254 3287
f 5965 4384 5967
f 4384 5939 5967
f 5968 4824 537
f 9339 537 5692
f 9442 10482 5969
f 3347 5971 573
f 1370 5970 3451
f 1007 10992 10997
f 10482 5971 5969
f 130 5969 5971
f 7881 10992 1007
f 3065 7881 1007
f 9418 5973 991
f 6419 991 5973
f 10111 5974 3602
f 5976 5974 10111
f 9418 4980 3435
f 9418 991 4980
f 735 5976 10111
f 735 8441 5976
f 5977 3435 4980
f 991 10046 4980
f 9909 10823 2443
f 8401 5980 2443
f 2436 1063 5979
f 5979 7644 609
f 5980 483 5978
f 2443 5980 5978
f 4847 5981 4917
f 5981 10175 4917
f 5982 2317 10500
f 6749 5457 10363
f 7976 5175 5983
f 5175 4429 5985
f 5984 3331 3329
f 5982 3331 5984
f 8684 7979 5985
f 5175 5985 7979
f 5180 5986 1545
f 5360 1545 5986
f 10517 10516 5987
f 9005 10517 5987
f 6200 5988 3742
f 5990 3742 5988
f 3255 3261 5989
f 3255 5989 5986
f 3742 5990 3743
f 1482 3743 5990
f 4545 5991 6912
f 4545 3700 9169
f 1482 5992 3743
f 5992 1482 11318
f 5284 10834 5993
f 10952 10834 8950
f 2377 7853 5994
f 11505 11832 11652
f 5995 5992 2486
f 9803 2486 271
f 5996 11280 8471
f 11505 5996 11832
f 5997 5999 7619
f 992 5997 3571
f 5996 11505 11280
f 2422 11752 5993
f 992 5999 5997
f 9480 10568 992
f 801 6913 10777
f 9113 801 10777
f 10437 11938 6001
f 6001 3296 10437
f 9820 353 6611
f 863 353 8596
f 10437 3296 6003
f 6003 3296 6647
f 2919 6004 8191
f 9820 8596 353
f 264 6005 2110
f 6005 3951 2110
f 6006 3686 3053
f 6006 5343 3686
f 3282 325 6007
f 6007 6325 3282
f 10726 3341 10728
f 3341 3512 10728
f 11068 11943 6009
f 11068 6009 1329
f 6010 5107 589
f 6008 6010 11712
f 2377 8593 6011
f 2377 6011 7853
f 5107 6012 589
f 589 6012 4397
f 4295 6013 6017
f 5866 7850 4295
f 214 6014 9799
f 8658 5341 1320
f 1186 6015 2951
f 7664 6020 2951
f 5164 633 6016
f 6016 633 291
f 6017 6015 4295
f 7664 2951 6015
f 281 6018 6016
f 2140 11530 281
f 6019 2310 3231
f 6019 2312 2310
f 6020 11769 8477
f 8824 11767 10794
f 6021 7325 10642
f 6025 1334 8974
f 6022 9613 462
f 9671 6022 462
f 4050 1334 11881
f 1334 6021 7525
f 2419 7363 6024
f 2419 6024 1116
f 1334 6025 6021
f 6025 7337 6021
f 4415 6026 8986
f 4415 6031 6026
f 9931 11086 6027
f 9930 6027 9295
f 7197 6028 770
f 770 11742 1888
f 6029 2270 5366
f 2270 6029 7906
f 3595 1045 6030
f 3648 6030 1045
f 4415 11107 6031
f 2633 11742 6031
f 1735 11156 6032
f 6032 1725 1735
f 1388 11101 6033
f 10501 6861 9571
f 5538 6034 605
f 8289 605 6034
f 10514 3157 6035
f 2995 2561 6035
f 11475 6036 3452
f 6036 6034 3452
f 6037 4418 11676
f 1854 6781 6037
f 6019 6038 2312
f 6038 2998 2312
f 4405 5708 6039
f 4405 6039 1952
f 6781 1854 6040
f 10885 2995 6040
f 6515 1952 6041
f 1952 9961 9616
f 6042 3305 8256
f 8332 9177 3305
f 7023 4206 6043
f 4203 6043 4206
f 6740 6738 9772
f 6740 9772 105
f 5726 6045 7670
f 3929 6137 8543
f 4036 6046 8843
f 6044 12017 4036
f 4875 11965 6047
f 11967 10403 6049
f 822 6048 4487
f 11016 4487 6048
f 11965 6049 6047
f 4788 6047 6049
f 1433 10942 6050
f 11281 1433 6050
f 6051 8997 632
f 632 8536 10492
f 23 29 6052
f 6052 29 34
f 6737 4678 6053
f 1990 6053 4678
f 6054 6056 4672
f 6054 4672 11918
f 473 2837 6055
f 10436 7684 6055
f 4674 4672 6056
f 6058 6056 6054
f 10436 6057 7684
f 9056 9057 2235
f 6058 4674 6056
f 796 10049 6058
f 6059 8287 10846
f 2182 803 6741
f 6062 9200 6060
f 11882 6060 9200
f 587 10764 4484
f 10764 11944 4484
f 2199 5500 6062
f 6062 5500 9200
f 10178 6063 10764
f 10178 6065 6063
f 9234 2280 5345
f 9234 5345 11017
f 3728 6995 6065
f 3724 3728 7380
f 4486 4250 6066
f 4250 4242 6066
f 4866 9329 6067
f 6067 10815 4866
f 7972 6068 720
f 720 6068 4486
f 6071 1817 6069
f 1817 4857 9394
f 9949 5827 6070
f 8454 3860 1131
f 6071 2050 1817
f 7169 11230 2050
f 6072 6047 4788
f 10256 129 10067
f 6073 3813 8271
f 6073 6443 8273
f 11814 6074 9185
f 5085 6074 11814
f 4609 2769 6075
f 6075 2769 2778
f 11078 6076 7268
f 6418 7266 6420
f 6077 5245 2433
f 5531 5245 6077
f 515 6078 1736
f 3334 9468 6078
f 6079 2142 9547
f 6573 2142 11211
f 2818 3637 6080
f 6080 3637 2349
f 6083 7949 6081
f 6085 6083 6081
f 2310 6082 1574
f 6082 5193 1574
f 6083 6087 10011
f 6085 4154 6083
f 1726 6084 4088
f 2383 4088 6084
f 6085 7738 6088
f 6085 6088 4154
f 4813 6086 1189
f 1189 6086 3868
f 6087 6083 4154
f 6088 6087 4154
f 6088 2108 6087
f 12006 2108 6088
f 3504 5592 6089
f 9710 6089 818
f 6090 6092 10156
f 7656 1813 6090
f 9514 2968 6091
f 6811 8715 4643
f 1813 6092 6090
f 5551 6092 1813
f 6093 715 6097
f 715 6093 11666
f 1899 6094 7532
f 1899 946 6094
f 6422 6095 2586
f 8160 5352 2586
f 6096 1448 11955
f 4350 10598 9331
f 6097 5520 1359
f 6097 8160 5520
f 552 4756 6098
f 5684 552 6098
f 2966 10577 6099
f 3228 8584 6099
f 1867 925 6100
f 6100 7953 1867
f 2314 2188 6101
f 2314 6101 5380
f 3708 6102 6100
f 5767 8759 3708
f 6103 9712 7111
f 6101 460 8284
f 6104 3197 3199
f 3197 6104 6687
f 795 11155 5269
f 11155 3125 5269
f 2246 9513 6104
f 447 11907 2246
f 6107 872 5805
f 6107 10042 872
f 435 6108 9081
f 2900 6108 435
f 8516 10905 1520
f 10484 1523 10677
f 6546 6110 8207
f 643 5231 6110
f 1998 6111 3589
f 6111 4437 3589
f 2562 842 6112
f 7787 842 3753
f 6113 379 6111
f 423 379 6113
f 11901 3970 6114
f 967 11901 6114
f 9604 10632 1487
f 1487 11066 921
f 3121 9566 6116
f 6116 9566 11314
f 2877 2879 6117
f 5358 10580 11528
f 3236 6118 1172
f 6120 3236 5581
f 600 3854 6119
f 6119 10914 965
f 9860 5028 6118
f 9860 6118 3236
f 6121 10512 6122
f 6121 965 10914
f 6122 6119 965
f 6121 6122 965
f 6123 2946 343
f 6123 343 9651
f 4456 10653 6124
f 6986 4456 10454
f 6125 1492 6127
f 1492 6125 1087
f 6126 7211 2222
f 7211 6126 8336
f 1492 4796 6127
f 6127 4796 1714
f 3232 6130 6128
f 11398 8039 242
f 224 6129 10658
f 6131 10659 6129
f 242 6128 6130
f 5125 242 6130
f 6314 6131 7626
f 6133 6131 6314
f 1798 6134 4544
f 2161 4544 6134
f 6133 10659 6131
f 6133 7628 548
f 6132 6134 6135
f 2161 6134 6132
f 5702 4546 6135
f 6132 6135 4546
f 8767 6136 6632
f 10460 9236 11636
f 11165 7668 6045
f 7668 7670 6045
f 6138 10274 6140
f 10687 10272 10685
f 430 6139 6946
f 6139 3934 472
f 10274 10429 6140
f 6147 6140 10429
f 628 6151 6149
f 11595 7666 6143
f 5728 6142 474
f 6142 3064 9198
f 10932 7488 4571
f 6630 7488 10932
f 5200 1808 6144
f 1808 1614 7038
f 6151 10932 8496
f 628 6141 6151
f 354 6146 362
f 4871 6146 354
f 8496 4571 6140
f 10932 4571 8496
f 6148 10036 8545
f 841 11357 10532
f 6149 5789 6247
f 6145 5789 6149
f 841 10532 6150
f 841 6150 2545
f 6151 8496 6145
f 6145 6149 6151
f 6152 11361 2545
f 11440 5429 10729
f 6153 560 11539
f 10560 8615 11232
f 7294 6154 5031
f 6154 4538 5031
f 9965 10039 6155
f 6155 10039 3181
f 757 6156 2884
f 6156 757 2224
f 6731 6157 1375
f 1358 11377 11373
f 4437 885 9564
f 3589 4437 9564
f 8525 871 6159
f 3495 6159 871
f 887 4865 6160
f 9677 887 6160
f 2683 10186 6161
f 9852 7102 6161
f 887 4670 6162
f 6162 4670 9318
f 3012 6163 6165
f 9564 6163 3012
f 1336 873 6164
f 9852 6161 10186
f 6163 887 6165
f 887 6162 6165
f 1336 6164 6166
f 1336 6166 9210
f 3012 6171 1105
f 10682 1105 6171
f 3447 6168 995
f 6168 9944 9012
f 6169 3010 5361
f 5361 1105 10682
f 6170 8210 10578
f 3146 10060 9175
f 6167 6171 3012
f 10680 6171 6167
f 10482 11256 432
f 10060 9764 9175
f 1227 6173 11445
f 9488 6173 1227
f 8661 9898 9352
f 9352 9898 10615
f 6175 5053 5949
f 11445 11625 5053
f 6176 10649 10645
f 6176 10645 8086
f 6177 10904 6179
f 6177 5238 5809
f 2077 4448 10247
f 11034 10247 4448
f 6177 6179 5238
f 5238 6179 9971
f 6180 6181 2077
f 6180 2077 6178
f 4450 6181 7825
f 2077 6181 4450
f 6473 2228 7243
f 2228 6473 11815
f 3811 8506 6183
f 11027 6187 3811
f 9436 5859 6184
f 6184 5919 9436
f 6185 3204 10310
f 727 9369 2931
f 10085 6186 5919
f 5393 5919 6186
f 8465 6185 6187
f 9369 6185 10310
f 9744 6188 1862
f 1862 10666 3931
f 1967 9248 6189
f 9357 1967 6189
f 2289 9140 11684
f 11682 6293 6291
f 11483 11039 6191
f 4470 6191 6196
f 6192 5411 2257
f 10559 6192 2257
f 6193 11234 5283
f 8847 5283 5286
f 6194 11692 608
f 608 8966 6194
f 6197 650 6195
f 1546 6195 9160
f 6196 2319 6194
f 6196 6191 11876
f 6195 1546 6197
f 7007 11314 1546
f 6202 6198 1763
f 1763 7275 5731
f 6199 6962 11498
f 4646 3045 11602
f 3894 6200 3427
f 2090 3427 6200
f 6199 11498 4124
f 11490 4124 11498
f 3427 2090 6202
f 6198 6202 2090
f 6920 1517 6203
f 6203 1517 8683
f 6086 6204 9167
f 10295 5226 1494
f 6205 23 8109
f 694 6205 2
f 6206 3447 995
f 3851 3447 6206
f 2714 6207 8
f 6207 6564 24
f 6208 4344 2101
f 11546 6208 2101
f 3719 1726 10483
f 7324 3719 10483
f 1614 11803 6208
f 1808 6211 1614
f 6211 11803 1614
f 6210 9615 9018
f 3564 6894 6921
f 11096 6921 6894
f 6213 6211 4704
f 1616 11979 8581
f 6214 8838 2072
f 1451 2356 6214
f 6215 1401 3020
f 1401 6215 4576
f 2629 4169 6216
f 6216 4169 2765
f 6217 2178 5818
f 2178 6217 3843
f 6218 1585 6220
f 12000 6218 7475
f 2580 10088 6219
f 2580 6219 2639
f 9901 6218 6220
f 414 6220 1582
f 6223 933 6221
f 6221 933 6219
f 4482 6222 9760
f 11585 6220 254
f 6223 2358 933
f 2358 6223 9595
f 6224 8500 251
f 8504 8502 10865
f 6354 10959 6225
f 5029 7685 7681
f 6226 9805 4769
f 689 11273 7915
f 4014 6227 213
f 6227 4015 6229
f 6228 11895 1304
f 7441 11899 11895
f 213 6227 6229
f 5143 213 6229
f 11786 6230 11196
f 6578 11196 6230
f 11783 6231 9034
f 10574 1479 468
f 857 3123 6232
f 11786 6232 6230
f 9819 1906 6233
f 6363 4357 6361
f 6230 1115 8798
f 11276 11872 1115
f 6235 7745 3904
f 6235 3904 6237
f 8417 4909 6236
f 4909 2329 6236
f 8045 11031 1623
f 1623 11031 11874
f 9234 6238 3145
f 6238 2600 3145
f 3276 6239 11031
f 6239 6235 6237
f 10450 6240 7880
f 9421 1844 6411
f 6241 5573 2061
f 11366 6241 2061
f 2801 6242 3839
f 6242 4556 3839
f 1413 6246 9507
f 6246 1413 6245
f 6628 628 11056
f 11058 10417 3307
f 1413 1027 6245
f 6245 1027 9211
f 9507 6248 9215
f 9215 6248 6245
f 119 6247 5789
f 3375 6247 119
f 9507 6246 6248
f 6246 6245 6248
f 6249 8802 674
f 6249 6533 3806
f 1595 11566 6707
f 5114 11568 1595
f 8063 11111 2908
f 10474 6253 8063
f 7871 1138 1659
f 1138 6254 7056
f 6253 9300 1214
f 6253 11111 8063
f 2743 7869 7871
f 7869 1138 7871
f 7379 6255 1667
f 1667 10954 4133
f 4068 6256 740
f 740 6256 4189
f 1259 1010 6257
f 4505 6257 1010
f 8763 11747 2057
f 3755 95 6260
f 7771 6259 1417
f 9841 1417 8272
f 6260 95 6258
f 6260 6258 3694
f 386 6261 1748
f 386 6259 6261
f 524 3648 6262
f 11617 11178 11180
f 6263 8154 3579
f 3579 8566 6263
f 6264 10002 832
f 10002 9600 2140
f 3256 3257 6265
f 6269 3256 8311
f 7304 6266 9827
f 9827 6266 10204
f 6351 6267 2143
f 6267 9581 5445
f 2771 6268 6270
f 6270 7304 2967
f 6267 5445 6269
f 6269 5445 3256
f 6270 6272 10992
f 6270 2967 6272
f 6271 2040 1066
f 10891 4294 11187
f 6272 747 5970
f 747 6272 2967
f 6271 6273 2040
f 2040 9859 10023
f 8402 8411 8410
f 8404 8410 8411
f 3569 6275 897
f 8994 3569 758
f 5070 591 6276
f 8846 9804 2400
f 6277 3569 897
f 897 1352 6277
f 6278 1909 3095
f 1887 6556 6278
f 9241 394 6279
f 394 11221 11100
f 4393 1009 6280
f 4393 8481 8479
f 6281 4565 7094
f 6281 7814 10924
f 2734 3670 6282
f 3670 162 6282
f 4949 1182 6283
f 6285 4949 6283
f 6284 10960 4875
f 6284 5971 1769
f 6285 6283 1708
f 8252 6285 1708
f 6286 3259 6892
f 3259 6286 10872
f 4757 6287 7176
f 6287 7178 478
f 4334 6290 6288
f 4334 7992 7148
f 4193 3740 11002
f 11000 4191 4193
f 6286 6892 6290
f 4334 6286 6290
f 6291 8992 11118
f 11000 8956 4191
f 2989 6292 3117
f 3117 6292 6294
f 9140 6293 3699
f 6190 10466 6293
f 3117 6294 2498
f 2498 6294 9937
f 3838 6295 5528
f 3838 7006 6295
f 1097 3508 9454
f 3176 1097 9452
f 6138 6297 10274
f 5532 6299 6138
f 1098 6298 9742
f 8885 6298 1098
f 10272 10274 6297
f 6138 6301 10271
f 1730 717 6300
f 6300 717 10428
f 10272 6303 10683
f 6138 6299 6301
f 4491 1014 6302
f 6302 1014 4776
f 6301 6299 6303
f 6299 6295 6303
f 6189 10262 6304
f 10830 1058 832
f 8095 7598 3790
f 8093 8095 7602
f 10832 1489 6306
f 9859 6308 1489
f 7443 6307 1837
f 5423 1837 6307
f 6308 9102 6306
f 6308 6306 1489
f 5855 6309 767
f 3528 6309 5855
f 6310 8017 1213
f 10025 6312 1381
f 6311 4009 4011
f 9009 6311 1317
f 1213 3162 11146
f 6310 1213 11146
f 156 3744 6313
f 8377 3744 9054
f 214 2876 6314
f 6314 2876 219
f 4501 8415 6315
f 6315 1568 1566
f 6316 1195 5667
f 1195 8128 2574
f 6317 3437 11135
f 3437 6317 3439
f 6318 2560 5129
f 5573 6318 11339
f 6315 6319 3439
f 3439 6319 3437
f 6320 6323 5299
f 3936 11977 7081
f 6321 5100 6970
f 1715 6321 1409
f 11102 6322 5823
f 6274 8404 6408
f 6323 810 2768
f 11977 6323 7081
f 6023 7928 6324
f 11621 10446 1323
f 8634 329 6325
f 6325 329 10371
f 6326 6328 681
f 6572 865 11012
f 10371 329 6327
f 4257 6327 10061
f 6326 865 6328
f 8565 865 11614
f 284 6386 6329
f 6329 6386 6358
f 6326 11012 865
f 11012 6326 5517
f 10017 6331 7844
f 6331 4373 6333
f 2560 6332 3456
f 3456 7314 8356
f 7844 6331 6333
f 3745 4371 6333
f 6947 2938 6334
f 7127 6334 2938
f 2946 6335 3372
f 6123 6335 2946
f 8476 1945 8433
f 5465 8433 1945
f 3304 6337 5636
f 3304 9673 6337
f 3664 6338 11333
f 11333 6338 2756
f 6339 8280 5342
f 5340 6339 5342
f 9086 9091 6340
f 10131 7067 8652
f 2752 7165 6341
f 6341 8705 2752
f 4785 807 6342
f 6342 807 1217
f 3395 6343 4826
f 3395 3785 10008
f 2687 2293 6344
f 2293 7535 6344
f 6345 4181 4177
f 4492 6345 4177
f 6346 6350 10524
f 2693 8094 2691
f 1789 6347 9718
f 2011 9718 6347
f 9033 2682 6348
f 2682 6344 6350
f 863 6349 353
f 863 4145 6349
f 3764 6348 6350
f 6348 2682 6350
f 9581 6267 6351
f 1542 3566 6351
f 2283 232 11724
f 2283 11724 11726
f 11686 12011 6353
f 12012 1366 6355
f 1506 6354 6599
f 10959 6354 10159
f 7260 2056 6355
f 2056 12012 6355
f 7624 4344 6356
f 6356 7879 7624
f 9951 5764 6357
f 5764 6329 6358
f 6358 258 6357
f 5764 6358 6357
f 4898 11070 6359
f 1329 4915 6359
f 1903 661 6360
f 2960 1903 11473
f 520 6233 6361
f 6361 6233 1906
f 1015 6362 7149
f 4096 8653 7918
f 10065 6363 1906
f 6361 1906 6363
f 11497 1625 6844
f 7374 11497 10381
f 6363 6365 4357
f 3498 4357 6365
f 1967 2712 6366
f 6366 2712 2626
f 6367 978 2565
f 2139 6367 2565
f 6368 10583 5818
f 10581 9444 11741
f 4069 4071 6369
f 4069 6369 3326
f 5717 2964 6370
f 25 5717 6370
f 4970 3451 11844
f 11844 3451 10831
f 8375 3043 6372
f 8491 11250 3043
f 2353 6373 9532
f 6375 9079 2353
f 6374 11723 702
f 9112 6374 618
f 8642 6375 2353
f 3948 9137 1485
f 2027 6376 1486
f 4805 1486 6376
f 10059 6377 6328
f 9925 4340 1212
f 6378 8139 5429
f 3909 8137 8488
f 1575 6379 11326
f 6379 1575 1480
f 5577 845 6380
f 845 3078 6380
f 5017 6381 11673
f 6383 6381 5693
f 6382 1805 1887
f 6382 1887 10600
f 6383 11673 6381
f 665 207 10019
f 11061 1849 6384
f 1849 1078 6384
f 1543 6385 5794
f 4110 8685 7325
f 6386 300 6358
f 10248 9289 300
f 8964 4470 6387
f 10329 4794 8966
f 8224 6388 3166
f 8247 4376 6390
f 8964 11483 4470
f 11483 6191 4470
f 6390 1537 9275
f 8247 6390 9275
f 6391 2369 7756
f 6392 6391 10832
f 6392 2372 2369
f 6391 6392 2369
f 3482 10523 9404
f 909 6871 11327
f 3482 8148 6394
f 11843 10523 3482
f 5770 11570 6395
f 6398 11572 11568
f 7958 5770 6396
f 5770 6395 6396
f 7381 6397 6829
f 6397 1582 11585
f 6398 6395 11572
f 6396 6395 6398
f 675 11902 6399
f 2389 675 7097
f 438 7666 8543
f 6402 6404 3836
f 275 6401 10013
f 4584 10010 6401
f 438 6404 6402
f 6143 438 6402
f 4818 6403 521
f 10571 11009 10569
f 6400 9367 6404
f 438 6400 6404
f 3946 10034 6405
f 11157 1415 1313
f 6406 2992 10885
f 6406 1496 2992
f 1639 5308 6407
f 1639 6407 10767
f 6992 6408 6322
f 6322 6408 8404
f 9970 11697 6409
f 8980 6409 545
f 9307 6410 11623
f 9168 11305 6410
f 1844 11257 6411
f 9970 11257 9967
f 2911 907 6412
f 2911 6412 10804
f 3645 6413 9997
f 7616 4703 9999
f 6414 500 11072
f 10029 5199 4743
f 6417 6415 3645
f 6415 6413 3645
f 11080 6416 11078
f 11078 6416 6076
f 11289 8927 6417
f 2703 6417 3645
f 6416 6418 6076
f 6418 6420 6076
f 6419 2409 6019
f 8436 2412 2409
f 7268 6076 6420
f 7266 7269 6420
f 8521 6421 1948
f 607 1948 6421
f 6422 709 6095
f 11015 709 6422
f 1563 6423 6168
f 5675 6423 11386
f 3656 11666 6424
f 3544 5226 6424
f 1959 6723 6725
f 24 6427 1959
f 5759 5761 6426
f 6776 11906 1474
f 694 6425 11794
f 1959 11794 6425
f 8327 6428 8328
f 8327 8165 6428
f 6429 528 3420
f 6429 2206 7761
f 6430 2813 6527
f 11834 6430 1997
f 6431 5810 943
f 7579 7580 5810
f 6432 6434 2923
f 2067 6434 6432
f 539 6433 2746
f 8979 539 8491
f 2923 6434 2231
f 11958 6434 6538
f 283 6435 3775
f 6435 283 6347
f 3780 6436 1430
f 3777 6440 9243
f 544 1363 6437
f 1363 5105 6437
f 6440 3780 6438
f 3780 11397 7804
f 6437 5105 6439
f 11258 595 9848
f 6444 6436 6440
f 6440 6436 3780
f 6441 4233 7078
f 3252 4233 6441
f 6439 1450 6442
f 11953 11955 4317
f 8277 1030 6443
f 3815 6869 5471
f 6444 3778 6436
f 10375 11953 3778
f 6445 2965 7258
f 6447 10091 2965
f 8154 6446 1361
f 1361 8855 4985
f 6447 2965 6445
f 6447 6445 2385
f 6448 6449 1782
f 6448 1782 7817
f 11261 11500 6449
f 1782 6449 11500
f 6452 6455 6450
f 6450 1759 11983
f 924 6451 4615
f 10696 10115 924
f 6450 11983 6452
f 6453 3539 3081
f 6455 6452 6453
f 6453 6452 11983
f 4454 6454 1294
f 4615 10497 10369
f 6455 6453 3537
f 11291 7849 3537
f 4615 465 6456
f 924 4615 6456
f 6457 10207 11241
f 10890 4432 763
f 7065 1588 536
f 3171 1588 7061
f 6459 10993 635
f 7523 10991 6459
f 3075 6460 891
f 8305 6462 891
f 6461 382 1705
f 6461 9125 382
f 3735 3733 6462
f 891 6462 3733
f 6463 1627 5362
f 7521 9765 6463
f 1286 6464 1282
f 6464 7616 1282
f 6467 6463 6465
f 9966 4413 10470
f 4967 6466 6468
f 6466 2696 5375
f 10470 4413 6467
f 4413 7819 6467
f 6466 5375 6468
f 6468 5375 256
f 3190 6469 1850
f 10165 10198 7152
f 6470 6468 1908
f 6470 1908 11169
f 4939 6471 4935
f 4935 6471 10696
f 7528 11060 4388
f 6474 5668 1296
f 9000 6473 3137
f 6473 9000 6475
f 6474 6472 4246
f 6472 6474 1296
f 9000 11867 6475
f 11867 9354 8383
f 11730 5668 6476
f 6474 6476 5668
f 6477 2445 7971
f 11520 10000 6479
f 6478 3582 6480
f 6481 4750 6478
f 11520 6479 2368
f 73 8990 6479
f 6480 9326 3888
f 6478 6480 3888
f 6481 6478 3888
f 5768 6481 3888
f 2368 6482 8988
f 8990 2368 6479
f 1387 6483 2891
f 6483 5386 2891
f 5115 9855 10674
f 7382 9855 5115
f 1527 10522 10520
f 9423 7021 8476
f 6486 7413 2404
f 2404 5115 7865
f 6487 7805 8826
f 8485 6487 8826
f 5720 6488 11737
f 9781 11737 6488
f 11083 6489 4093
f 6489 8648 8485
f 5096 11950 6490
f 11952 2660 5911
f 682 6485 6491
f 682 6491 6489
f 2642 2686 6492
f 6492 2686 5438
f 6493 2749 2037
f 6493 2037 708
f 1120 6494 1235
f 8448 6494 1120
f 10955 4515 6495
f 6495 4515 1566
f 7738 6496 3659
f 4881 3659 6496
f 8197 6497 1216
f 10955 10953 4515
f 1608 2684 6498
f 2684 4775 9864
f 6499 622 1605
f 6499 1544 622
f 8319 3816 6500
f 11615 4750 9146
f 4266 6501 4783
f 2987 7725 7671
f 6914 10415 6502
f 10418 10415 4782
f 3597 4506 6503
f 6503 8774 3597
f 4782 6511 10766
f 4782 10766 10418
f 6505 459 1610
f 1610 5310 9399
f 10766 6511 6508
f 6511 8144 6508
f 11544 929 6507
f 6507 929 9397
f 1000 6506 6508
f 10766 6508 6506
f 4782 6509 4786
f 4782 10413 6509
f 6510 4502 7643
f 8700 11062 11544
f 6511 4786 8144
f 4782 4786 6511
f 10062 6544 8111
f 10063 6516 6544
f 3184 6513 5349
f 7780 9685 3184
f 6516 6514 6512
f 9770 4454 6514
f 4406 4408 6515
f 6518 9199 4408
f 9770 6514 6516
f 3867 6516 10063
f 6517 5708 4643
f 5708 6517 9961
f 6518 4408 4843
f 6518 4843 8965
f 6519 1394 1608
f 6519 1608 6498
f 6520 4843 4408
f 4406 6520 4408
f 1394 6519 6521
f 4574 1394 6521
f 6522 10244 581
f 11753 1896 6522
f 6523 1956 3784
f 6985 3784 5762
f 9265 987 6524
f 10782 987 10169
f 3693 3690 6525
f 3693 6525 7520
f 6526 1507 4099
f 6526 4099 1325
f 1997 6430 6527
f 8750 1997 6527
f 403 5570 6528
f 5531 7591 6528
f 6529 1845 2448
f 11210 6529 59
f 1452 5739 9145
f 6307 7993 7991
f 8670 6531 2452
f 6531 5822 2452
f 3421 2531 6532
f 2528 6534 6532
f 674 6533 6249
f 9806 9808 11491
f 6534 4543 10409
f 3421 6532 6534
f 9806 11491 6535
f 9409 6535 6536
f 6535 3754 6536
f 3754 11836 6536
f 9546 6537 1784
f 1784 6964 4078
f 6538 10846 2184
f 11960 6538 2184
f 8929 6539 8155
f 6539 496 3932
f 6540 11187 4294
f 6540 4294 9319
f 9600 6541 2140
f 11530 2140 6541
f 995 6542 4172
f 8090 4172 6542
f 6543 307 3603
f 6543 308 307
f 6544 6512 8111
f 6516 6512 6544
f 3982 6545 3047
f 3047 10364 10362
f 5634 643 6546
f 643 6110 6546
f 7505 4299 5227
f 7505 369 7507
f 4108 6548 1219
f 1219 6550 10570
f 2708 10167 6549
f 10169 987 6551
f 4780 6550 8944
f 8944 6550 1219
f 6551 2708 10169
f 2708 6551 7753
f 5058 6552 2750
f 5058 10385 6552
f 6553 3610 45
f 38 6553 45
f 3522 6856 6554
f 6554 716 3522
f 6555 4878 716
f 6555 716 6554
f 1909 6556 10203
f 6556 1909 6278
f 6557 4709 1365
f 2366 4709 8034
f 6558 1158 1414
f 4667 1158 6558
f 6559 2256 3949
f 2256 6559 319
f 6560 4027 2859
f 3387 6560 2859
f 6561 3767 3769
f 6561 3769 3324
f 6562 3387 2859
f 3481 3387 6562
f 3949 2256 6563
f 3949 6563 724
f 2714 8841 6207
f 8841 2714 694
f 4161 4159 6565
f 8395 8379 1199
f 6566 7502 3434
f 8337 7502 6566
f 1116 6567 5481
f 6567 3598 5481
f 6567 6568 3598
f 11369 3598 6568
f 8665 6569 7831
f 8665 5034 6569
f 6572 4336 6570
f 2846 6570 4336
f 6573 1651 6571
f 1843 6571 3469
f 5353 3044 6572
f 6572 3044 4336
f 2142 6573 1843
f 6573 6571 1843
f 6574 6578 6230
f 6576 6574 8798
f 10267 3457 6575
f 9378 6575 8764
f 6576 492 6574
f 1621 492 6576
f 89 6577 11605
f 10360 804 11249
f 6574 492 6578
f 7182 6578 10513
f 5550 10735 6579
f 3848 11593 10733
f 5085 6580 3419
f 6580 10056 11622
f 6583 630 6581
f 6581 630 7188
f 9709 11472 11474
f 11052 11048 9713
f 6583 2548 630
f 9066 1601 9618
f 6700 6584 9534
f 6584 9339 9534
f 11269 6585 5544
f 6042 5544 6585
f 6746 3136 6586
f 6700 359 6856
f 9159 6587 691
f 8702 6589 6587
f 6588 1081 9988
f 9174 1081 6588
f 691 6589 1397
f 6587 6589 691
f 4836 3851 6590
f 6590 8132 7473
f 6591 9822 6999
f 11856 6595 1917
f 6592 9731 6598
f 9773 6598 6594
f 11541 6593 6591
f 6591 6593 1917
f 10773 6594 8113
f 6598 8113 6594
f 5001 7452 6595
f 7450 6595 557
f 6596 5213 5210
f 5211 5213 9733
f 6597 3489 4654
f 3489 9241 6279
f 9731 5210 6598
f 6598 5210 8113
f 848 3142 6599
f 6354 11787 6599
f 4974 10158 6600
f 10162 3827 5052
f 6599 6601 10163
f 5939 8304 946
f 10324 6602 3819
f 3819 6602 10008
f 10324 6603 6602
f 6603 896 8557
f 7546 9903 5418
f 5418 11191 154
f 6605 6609 663
f 6605 6779 143
f 6606 1975 2998
f 6606 2998 6038
f 7974 1842 11092
f 6609 11092 1842
f 9072 11242 8641
f 8641 11144 9072
f 4431 11092 6609
f 6605 11877 6609
f 7901 6610 1513
f 1512 10708 7031
f 3617 6611 2335
f 353 2335 6611
f 2122 3297 6612
f 6612 7642 11988
f 1509 870 6613
f 1509 6613 4863
f 2051 1198 6614
f 1198 11789 6614
f 7405 8640 3336
f 4929 3336 8640
f 3235 6616 2210
f 7351 2210 6616
f 2248 6617 3059
f 2255 3059 6617
f 8551 3682 6618
f 1285 6618 3682
f 1262 1260 6619
f 1260 4727 11032
f 6620 6619 11030
f 2936 6620 404
f 6621 1112 2252
f 1112 6621 5019
f 6622 3198 3200
f 3198 11204 5755
f 6623 8970 981
f 11751 6623 981
f 4675 6622 6624
f 4675 6624 3381
f 6625 2831 1579
f 2984 6625 1579
f 4133 6626 2068
f 4133 558 6626
f 3413 6627 6625
f 6625 6627 2831
f 11058 3307 6628
f 7715 6628 9239
f 3249 7050 7174
f 4856 3249 7174
f 6141 628 6630
f 6628 11595 628
f 10828 6631 8043
f 10828 1459 9385
f 6632 9236 10460
f 7940 11237 2474
f 7910 2218 6633
f 5240 6633 2218
f 2402 6634 7248
f 7311 2402 4958
f 754 8649 6635
f 10365 11658 11660
f 11124 8649 754
f 9594 7926 10118
f 2402 6637 6634
f 10259 613 6634
f 1615 6638 889
f 8840 6638 1615
f 2575 6639 10308
f 1204 6639 2575
f 6642 6640 10833
f 6243 1412 6640
f 1201 6641 1128
f 1201 3398 6641
f 6642 3493 6640
f 6642 10690 3493
f 4311 457 6643
f 6643 457 4156
f 7812 7813 6644
f 1882 9580 7457
f 9558 983 6645
f 6645 983 5526
f 3301 6646 3303
f 3303 6646 8521
f 6003 6647 626
f 626 6647 2849
f 6648 3710 905
f 4984 9706 6648
f 4984 6649 9706
f 4984 407 6649
f 3979 4468 6650
f 4468 430 10664
f 5243 925 6651
f 2433 5243 6651
f 3571 10304 7622
f 10304 9037 7622
f 667 6653 3167
f 667 2657 11838
f 6654 3806 3563
f 3806 6654 7204
f 4998 990 6655
f 5752 4998 6655
f 6656 3519 7204
f 3519 6658 8203
f 5392 1655 6657
f 319 6657 1655
f 3519 6656 11865
f 6656 10455 10456
f 6659 4680 1936
f 6659 1936 7514
f 11511 1602 1121
f 4778 11511 1121
f 6661 770 8895
f 6663 1089 6665
f 6662 10793 3853
f 6662 7943 2418
f 6661 1089 6663
f 5432 6661 6663
f 10986 1672 6664
f 5500 2199 6664
f 6663 6665 2163
f 9764 9442 9766
f 1870 10475 6666
f 75 1870 6666
f 6667 5945 4007
f 1553 6667 4007
f 3062 6668 6142
f 1819 9230 3062
f 6669 3307 1901
f 3307 6669 6628
f 6670 1942 3736
f 6670 10867 1942
f 6263 6671 4640
f 4640 6671 7512
f 6672 4960 7474
f 5472 11147 6672
f 6673 9217 5625
f 6671 9217 7512
f 1959 6725 6674
f 6674 3408 9863
f 562 6675 6677
f 11601 1410 6675
f 24 1959 6676
f 37 24 6676
f 6677 6675 1410
f 1410 3603 6677
f 11862 10125 10124
f 11866 1785 11873
f 5717 6679 2964
f 2964 6679 6215
f 8946 962 6680
f 10822 10539 4195
f 10649 6681 446
f 6681 1632 446
f 10490 8946 1043
f 8946 6680 1043
f 6681 6683 1632
f 3431 1632 6683
f 6684 8921 808
f 4440 6684 7676
f 7191 6685 2979
f 4902 6685 2131
f 2776 8799 6686
f 5186 2776 6686
f 79 6687 6104
f 82 6687 79
f 3521 6688 8194
f 4020 6688 3521
f 4018 6689 2054
f 11429 2054 6689
f 6688 6690 3031
f 8194 3031 11703
f 11551 6691 6634
f 6689 6693 11429
f 6690 3669 6692
f 3031 6690 6692
f 6693 11547 11549
f 5953 11547 6693
f 6692 6694 3069
f 3071 3069 6694
f 6695 613 2607
f 6693 11549 11429
f 6696 3079 7174
f 6698 6696 6629
f 3434 6697 5433
f 6699 6697 3434
f 3559 6698 3557
f 3559 6696 6698
f 6699 4925 7504
f 4925 6699 3434
f 7400 6700 9465
f 6700 9534 9465
f 6701 2740 7752
f 6701 9906 2740
f 6702 1724 10701
f 7661 1724 6702
f 4564 6702 10701
f 782 11696 8998
f 6704 6706 10843
f 10843 4362 6704
f 8610 1056 6705
f 1056 1191 10299
f 6706 2485 10843
f 604 10845 8720
f 6707 10791 2933
f 1595 6707 2933
f 1550 10553 6708
f 1550 6708 5149
f 6709 6848 1242
f 4839 10045 10047
f 4074 6786 6710
f 4074 6710 10625
f 5853 10268 9390
f 9390 529 3504
f 8100 6712 8697
f 8100 5397 6712
f 11395 1104 6713
f 7425 7429 1104
f 4380 6714 8112
f 1638 6714 4380
f 10920 6715 495
f 10918 6715 10920
f 8107 6716 854
f 854 6718 1518
f 3665 3667 6717
f 10361 6664 3665
f 6718 854 6716
f 862 6718 6716
f 4209 6719 2259
f 4209 87 6719
f 6720 4504 8626
f 6720 1518 6718
f 1315 6721 4852
f 8603 1315 3406
f 6724 2121 6722
f 786 6722 11176
f 6723 1959 6425
f 6723 6425 9994
f 786 6724 6722
f 4117 6724 786
f 6725 7927 3408
f 6674 6725 3408
f 6726 4117 10212
f 6726 2016 4117
f 7473 6727 11727
f 6727 4532 4534
f 6728 2781 2783
f 812 2781 6728
f 4223 2274 6729
f 6729 2274 6911
f 1701 6730 4632
f 6732 3594 6730
f 11373 6731 1358
f 1358 6731 5887
f 3594 6732 6734
f 6732 6730 6734
f 2921 6733 5800
f 6432 6733 2921
f 1701 6734 6730
f 6734 1701 8364
f 8300 3068 10880
f 3068 8478 10880
f 9532 6373 6736
f 2743 11930 7869
f 1054 9314 6737
f 1054 11008 4672
f 2717 5804 6738
f 6740 2717 6738
f 3680 422 6739
f 3680 6739 226
f 6740 6044 2717
f 6044 6740 12017
f 6059 6741 8287
f 7720 6741 6059
f 6742 3761 10405
f 6742 7168 889
f 6743 4573 1529
f 3664 4573 6743
f 6744 2490 7536
f 3562 10842 6744
f 6745 6338 9535
f 6338 6745 2756
f 359 6746 6586
f 5671 11049 359
f 6747 3189 2096
f 5586 3189 6747
f 6748 1715 10210
f 8726 1295 1715
f 2317 5982 6749
f 11041 5982 7537
f 6750 6752 6756
f 5849 6752 6750
f 6751 698 2317
f 2317 6749 6751
f 6754 6752 5847
f 9457 9458 5847
f 6753 700 5457
f 6753 5457 11041
f 6604 155 6754
f 6754 6756 6752
f 8957 6755 1159
f 6755 5455 1159
f 155 6756 6754
f 155 7654 6756
f 6757 2479 700
f 6757 700 6753
f 3196 3445 6758
f 9156 6758 3445
f 623 6759 512
f 623 4123 6759
f 5264 3196 6760
f 6760 3196 9526
f 6761 912 2239
f 6761 2239 5689
f 6762 912 6761
f 8821 912 6762
f 3426 1811 6763
f 3426 6763 2245
f 5700 1824 6764
f 6764 1824 1825
f 6910 11816 6765
f 5190 6765 11816
f 10910 6766 1773
f 6766 166 1773
f 11816 6767 5190
f 11597 6767 3371
f 1668 787 6768
f 6667 6768 787
f 6767 6769 5114
f 11816 11817 6767
f 932 6770 9911
f 5835 6770 932
f 5322 6771 2126
f 11266 2126 6771
f 6772 10900 199
f 9653 3791 6772
f 5322 2126 6773
f 6773 9726 5322
f 6774 12016 1998
f 1998 6790 6774
f 3791 6775 1511
f 6775 8018 1511
f 6776 5759 6426
f 9835 11893 6776
f 2916 10751 1080
f 8015 2455 1080
f 2758 2463 6778
f 2463 6776 10892
f 663 6779 6605
f 2455 6779 663
f 6779 6780 7483
f 7483 6780 6782
f 6781 6040 2995
f 6035 6781 2995
f 6782 6780 8015
f 149 6782 6777
f 6783 2748 3349
f 2710 2748 6783
f 12004 6784 673
f 9176 6784 4192
f 1482 1836 6785
f 6785 7468 5016
f 6710 6786 1744
f 6786 5922 1744
f 6787 276 3441
f 6785 11428 3441
f 3313 6788 7209
f 3313 8008 8005
f 9684 3056 6789
f 3056 3897 6789
f 8368 6790 11047
f 6792 6790 8368
f 10214 9207 949
f 5008 8911 11776
f 2000 6792 2522
f 2522 6792 8368
f 4953 2567 6793
f 2568 6793 2567
f 3185 6794 436
f 3185 9017 6794
f 1444 2722 11287
f 2677 1444 11287
f 2255 5104 6796
f 2250 6796 5104
f 1641 6797 463
f 8107 854 6797
f 6798 6795 3751
f 1025 11287 6798
f 11532 6799 9325
f 6799 2292 1976
f 2985 3626 6800
f 6800 3626 1594
f 11494 2074 5161
f 5161 2076 11494
f 1760 6802 1756
f 1756 6802 4347
f 726 3358 6803
f 726 6803 3362
f 951 6804 5958
f 7167 951 1380
f 6805 2881 4603
f 3186 2881 6805
f 6806 726 3362
f 3362 7157 6806
f 979 4589 6807
f 979 6807 6805
f 6806 1937 6808
f 7157 3362 6809
f 7157 6809 6808
f 7167 6808 6809
f 2855 4589 6810
f 6810 4589 979
f 6091 8715 6811
f 11290 6091 6811
f 6812 9278 9374
f 4276 4417 6812
f 1923 6813 5319
f 3889 5319 6813
f 6813 8718 6814
f 4147 6814 3167
f 10943 6815 2057
f 6815 11082 2057
f 6816 7034 3968
f 3968 2798 6816
f 2321 6814 6817
f 2321 11912 608
f 4532 6818 2889
f 8897 2889 6818
f 10344 6819 4525
f 4525 6819 8242
f 6961 6820 3038
f 6820 3845 3038
f 9162 6821 8394
f 4008 6822 4010
f 6821 1600 6822
f 6821 6822 4008
f 4113 8968 144
f 3154 144 8968
f 4861 6824 2955
f 1507 6824 4861
f 6825 9122 10923
f 10923 1865 6825
f 1993 6826 4683
f 1559 6826 1993
f 6827 4975 1304
f 9361 1304 522
f 6828 724 531
f 6828 531 5153
f 4246 6829 9254
f 6829 6397 9254
f 3675 2132 6830
f 3675 6830 3677
f 10876 6831 11936
f 10874 4077 1395
f 4600 2423 6832
f 10090 6832 10092
f 2943 5839 6833
f 3238 6833 5839
f 6834 6667 3008
f 6927 6836 3008
f 6569 7906 6835
f 6837 3091 6833
f 6836 6834 3008
f 6768 6834 6836
f 6835 6837 5467
f 7906 6837 6835
f 9427 6266 6838
f 7304 6838 6266
f 824 8732 6839
f 4638 7160 583
f 7478 9637 6840
f 732 10984 9639
f 6841 10096 5646
f 11079 5646 9163
f 2910 8730 11760
f 5632 11760 8730
f 10463 2758 6843
f 6843 2758 2233
f 6364 6844 5394
f 5394 6844 6846
f 6847 5109 6845
f 5110 6849 6845
f 5394 6846 1055
f 1055 6846 11446
f 6845 10629 6847
f 10629 4464 6847
f 1242 6848 3901
f 9736 6848 7284
f 6845 6849 10629
f 844 10631 5202
f 1032 6850 1034
f 1032 9703 8609
f 5292 3014 6851
f 10270 5292 9950
f 1606 6852 1996
f 6852 9501 8038
f 3620 6853 1085
f 6851 1085 6853
f 9714 6854 9829
f 2273 4940 6854
f 8563 695 6855
f 1920 6855 695
f 6586 6856 359
f 6586 6554 6856
f 2870 6857 2023
f 9290 6857 2870
f 6858 6860 2351
f 8308 2351 5542
f 6441 6859 2350
f 2350 9351 5915
f 2351 6860 1946
f 424 1946 9354
f 9780 1388 6861
f 6861 1388 6033
f 3280 6862 6876
f 6862 6872 4202
f 6863 7328 11883
f 5551 6863 3251
f 6976 6864 378
f 10202 378 6864
f 5890 6865 9860
f 5890 5892 6865
f 9593 6719 6866
f 6866 5048 9593
f 6867 10757 3731
f 10757 6867 10758
f 12003 4895 6868
f 1857 6868 4895
f 8275 6869 3815
f 8275 3229 6869
f 664 6870 1664
f 1664 10742 8419
f 10082 6393 6871
f 1751 6873 6871
f 6874 6872 2975
f 335 2975 6872
f 3055 4758 6873
f 10082 6871 6873
f 6874 4202 6872
f 6862 4202 6876
f 6875 1751 4120
f 1751 6875 6873
f 327 6876 6874
f 6876 4202 6874
f 6983 1177 6877
f 1174 3576 6877
f 6894 6878 11096
f 4900 6934 6878
f 6879 2666 6881
f 1177 9946 6879
f 1093 2263 6880
f 6880 1269 1093
f 1177 6879 6881
f 6881 6882 1177
f 5460 1177 6882
f 4475 5460 6882
f 1028 6883 5374
f 5374 6883 6885
f 6884 5462 6881
f 6884 6882 5462
f 6883 1277 6885
f 482 6885 1277
f 1706 6886 2956
f 2956 6886 8028
f 1961 6887 7818
f 8673 6887 1961
f 333 1676 6888
f 6888 1676 1670
f 6891 6889 1044
f 1044 6889 7437
f 1069 6890 1674
f 1674 6890 11035
f 6891 1044 3650
f 3646 6891 3650
f 5273 11808 6892
f 5273 6892 3259
f 936 6893 3564
f 3564 6893 6212
f 3564 6212 6894
f 11484 6878 6894
f 11774 5273 3259
f 11770 11774 3259
f 5018 6896 2244
f 2244 6896 2242
f 3086 11438 6897
f 11441 3351 6897
f 9855 6898 10674
f 6898 7265 10674
f 611 2645 6899
f 2645 1991 6899
f 146 3187 6900
f 146 11394 11452
f 6906 1502 6901
f 6901 7674 1630
f 6902 5461 2285
f 3214 6902 2285
f 5509 6903 9905
f 6903 5509 6907
f 6904 3516 1301
f 6906 10591 1502
f 10803 9899 785
f 6907 785 8597
f 7587 3516 8570
f 3516 6904 8572
f 6907 5509 6905
f 6907 10803 785
f 6908 1034 5522
f 8141 5522 11454
f 2796 6909 904
f 10079 9261 4522
f 6910 6765 1430
f 4317 6910 1430
f 8310 1727 6911
f 2276 293 6911
f 6912 5447 2166
f 6912 1075 5447
f 6913 4079 3219
f 801 4079 6913
f 6502 6916 6914
f 3375 6914 6247
f 2848 2694 6915
f 10110 2373 9916
f 6916 628 6247
f 6916 6247 6914
f 8347 6917 1606
f 6852 1606 6917
f 6918 4196 5950
f 4196 6918 5773
f 3170 7229 6919
f 7054 6923 7229
f 6203 4527 6920
f 4527 10492 6920
f 6921 6932 10356
f 6923 6919 7229
f 6922 4940 11422
f 710 10275 10273
f 3564 6921 10357
f 6921 10356 10357
f 753 6924 2779
f 6924 2782 2779
f 1566 7822 6925
f 6319 1566 6925
f 5691 1706 6926
f 5817 5691 6926
f 6927 1553 3967
f 1553 6927 3008
f 5817 6928 5691
f 2863 6928 5817
f 1483 3250 6929
f 1483 6929 4956
f 8324 6930 2006
f 6930 5751 2006
f 6931 9754 9640
f 11464 6931 3488
f 10356 6932 3170
f 11096 6878 6934
f 10084 1319 6931
f 11265 7698 10086
f 6934 3170 6932
f 3170 6936 7229
f 6935 2815 4685
f 8264 2815 6935
f 6934 9889 6936
f 3170 6934 6936
f 11278 3978 1127
f 1127 6879 9946
f 6938 8389 3858
f 8387 8391 6938
f 6939 1624 3972
f 6941 3972 11278
f 5750 6940 5960
f 385 6940 5750
f 6939 3972 6941
f 6939 6941 9858
f 6942 999 9979
f 999 6942 5857
f 6943 3903 3480
f 4839 3903 6943
f 10545 6944 6033
f 11427 10543 8225
f 6164 873 6945
f 517 6945 873
f 9449 6139 472
f 9449 472 2403
f 7624 6947 4344
f 6947 973 2938
f 6948 838 6668
f 11804 9126 6948
f 528 6949 3420
f 3420 6949 3823
f 1103 11893 9835
f 2324 1103 9835
f 6951 4147 6653
f 8026 11518 4147
f 6952 7533 2787
f 8585 1103 2324
f 5495 2118 6953
f 6953 2118 6412
f 3301 6954 6646
f 4854 6954 7603
f 6957 6955 2939
f 8672 11311 2939
f 6956 176 3009
f 176 6956 5370
f 1265 123 6957
f 6957 2939 1265
f 1893 6958 1895
f 6958 1893 6800
f 2395 2774 6959
f 2395 6959 5801
f 1583 7156 6960
f 1583 8076 5337
f 1543 6961 5796
f 3038 5796 6961
f 3045 6801 6962
f 11602 3045 6962
f 6053 1990 6963
f 4676 6963 1990
f 6537 6964 1784
f 477 6964 6537
f 6283 1182 6965
f 9446 7549 8123
f 3787 6966 9724
f 6966 9334 1598
f 1601 10824 6967
f 9618 1601 6967
f 2718 6968 10295
f 9496 6968 2718
f 5520 6969 356
f 922 356 6969
f 6321 6970 1409
f 1409 6970 5098
f 2141 6971 9824
f 6975 6977 6979
f 6972 2184 880
f 6972 6974 2284
f 4885 6973 7205
f 9824 7205 6973
f 6972 880 6974
f 1373 6974 880
f 9824 6973 6981
f 6973 10412 6981
f 6974 6976 2284
f 6976 378 2284
f 6979 6977 538
f 4239 11969 11973
f 1373 6978 2839
f 6978 11935 2839
f 4882 6979 538
f 4882 6981 6979
f 3955 6980 7613
f 6980 1209 8360
f 6975 6979 6981
f 6981 10332 6975
f 2673 11322 6982
f 8055 2673 6982
f 11471 6877 3576
f 3576 7571 7333
f 6984 2141 510
f 6982 11322 510
f 6985 6523 3784
f 2619 6523 6985
f 10454 577 6986
f 6986 577 1638
f 10964 7772 840
f 11346 7772 6984
f 2004 10918 6988
f 4105 2004 6988
f 7082 1814 6989
f 6991 1814 2266
f 1584 6990 7735
f 10920 6990 1584
f 6989 6991 2954
f 6991 6989 1814
f 1715 1295 6992
f 1295 8617 6992
f 818 6089 6993
f 5951 818 6993
f 10376 5726 6994
f 6994 5726 1210
f 6063 6995 3722
f 3722 6995 3321
f 6996 989 687
f 2614 6998 10944
f 8541 6997 1599
f 6997 3805 1599
f 3352 6996 6998
f 6998 6996 10944
f 6999 7001 6997
f 9822 8460 6999
f 7000 1035 8982
f 1035 7000 4029
f 4827 7001 8460
f 7001 6999 8460
f 3099 7000 7002
f 7000 8982 7002
f 7002 8982 5396
f 8982 4739 5396
f 3803 3805 7004
f 7001 8265 3805
f 5601 7005 989
f 989 7005 4275
f 7006 3836 3840
f 9367 4553 7008
f 7007 1546 3058
f 5860 7007 3058
f 6295 7006 7008
f 3840 7008 7006
f 10895 4655 7009
f 7680 9264 7009
f 3840 9367 7008
f 9367 3840 6404
f 7011 5404 4845
f 9044 5404 7011
f 5885 2661 7012
f 2661 506 7012
f 7013 1638 4380
f 6986 1638 7013
f 393 7014 5776
f 393 2874 7014
f 7015 6175 7343
f 6520 7015 1429
f 2962 11839 7016
f 2962 7016 3370
f 1991 3858 7017
f 9876 11599 9874
f 8291 8666 7018
f 8292 7018 8903
f 7019 582 867
f 11048 9711 9713
f 1535 7020 2517
f 7020 1535 1620
f 3116 7021 9423
f 11731 7021 3116
f 7022 3692 3691
f 3692 11729 7882
f 7023 683 4206
f 9691 10120 1154
f 7024 2183 7005
f 7024 4902 2183
f 5189 2721 7025
f 7025 2721 2723
f 5272 2511 7026
f 3532 7026 2511
f 1261 7027 11795
f 1964 11152 1261
f 7032 3460 10269
f 7032 7817 3460
f 6610 10015 7029
f 1513 6610 7031
f 7026 11610 7030
f 6448 7030 2509
f 8640 7031 7029
f 7031 6610 7029
f 10267 7028 7032
f 7030 7032 7028
f 4350 7033 4348
f 4348 7033 7037
f 3968 7034 10847
f 7034 8129 10847
f 7958 7035 5770
f 4348 7037 1446
f 7036 88 86
f 10306 86 9403
f 7035 7037 543
f 1446 7037 7035
f 6144 7038 9011
f 1808 7038 6144
f 11730 9656 2641
f 9656 10088 2641
f 2532 11205 1159
f 9628 2532 6035
f 3157 7041 7040
f 11462 7041 3157
f 2666 7042 5650
f 7578 5650 7042
f 7043 2843 3831
f 7043 2841 2843
f 7042 7293 7044
f 8816 7042 7044
f 7043 11679 7045
f 7045 11679 4904
f 1777 7046 5661
f 10397 1777 1405
f 7047 4378 7950
f 7047 3872 4021
f 10345 7048 3939
f 8916 7048 5691
f 7049 10707 9649
f 7049 9649 9885
f 3249 1750 7050
f 1052 9063 9065
f 1539 8831 7051
f 1539 7051 7053
f 7052 7344 8785
f 7229 6936 1889
f 3952 3814 7053
f 1539 7053 3814
f 7054 7052 8785
f 8781 10975 8783
f 7055 7056 6254
f 2038 7055 5305
f 7056 7055 2038
f 11533 7056 2038
f 7057 8253 5381
f 7054 8785 8783
f 7122 7058 4568
f 4568 7058 1088
f 7059 6458 3885
f 3885 11725 11563
f 3344 3346 7060
f 11899 10427 12010
f 7059 7061 7063
f 7061 1588 7065
f 2439 7062 4652
f 6579 7064 2439
f 7061 7065 7063
f 7059 7063 6458
f 2439 7064 7062
f 7064 8595 7062
f 6458 7065 2197
f 6458 7063 7065
f 7090 7066 7190
f 8010 7066 7090
f 2847 8652 7067
f 7711 10129 10136
f 7068 3081 3871
f 7068 3871 902
f 7711 10136 7069
f 10138 11106 7711
f 7070 699 4597
f 4552 699 7070
f 9614 7071 5560
f 5560 7071 1269
f 119 11214 11220
f 4552 7070 7075
f 7736 7073 4550
f 8299 7073 784
f 7075 7074 4552
f 4552 7074 4554
f 7072 7075 1562
f 7075 7072 7074
f 7736 4550 7076
f 7076 4550 5662
f 7077 959 7874
f 7077 6374 9297
f 5916 1758 7078
f 9262 5916 7078
f 7079 7677 3330
f 3936 7079 10261
f 7080 5282 718
f 718 10818 7080
f 7081 6323 6320
f 7081 6320 4912
f 7082 4407 1814
f 4407 7082 1114
f 5212 7083 4016
f 4016 7083 10605
f 7084 2316 8417
f 8419 4143 2316
f 9826 7085 4844
f 11374 11372 9194
f 7086 9168 3678
f 9972 7086 3678
f 9826 7087 4995
f 4995 8831 1539
f 5227 7088 678
f 1531 678 7088
f 7089 7926 1252
f 7089 9826 4995
f 5028 7090 7190
f 7090 5028 798
f 5402 7091 1142
f 11011 831 7091
f 7092 2664 798
f 7092 1351 2664
f 7090 798 7093
f 2664 7093 798
f 1855 6281 7094
f 11300 10258 2066
f 1001 7095 2370
f 7095 5061 2370
f 705 7098 7096
f 8803 6231 11783
f 9250 7566 7099
f 675 6399 7099
f 7100 7096 7098
f 11634 7100 7098
f 675 7099 7097
f 7097 7101 1747
f 7095 7100 5061
f 11634 5061 7100
f 7097 7099 7101
f 7099 3887 7101
f 4307 7102 9852
f 1810 7762 10537
f 7103 120 4204
f 10711 7105 4204
f 4651 3092 7104
f 3090 7104 3092
f 7103 4204 7105
f 7105 7104 11360
f 1356 7106 9050
f 7106 1356 1355
f 1381 6312 7107
f 1381 10344 4525
f 7108 9054 3744
f 10689 7108 9048
f 4828 8844 11329
f 4828 11329 3761
f 10689 7110 7108
f 9584 7110 10689
f 6103 7111 9769
f 458 7111 1144
f 1243 7112 5597
f 1243 9957 7112
f 7113 11433 5313
f 5317 7113 5313
f 7114 2636 5610
f 11906 2636 7838
f 9123 3110 7115
f 9123 7115 7760
f 278 7116 9441
f 7116 278 8175
f 5115 7117 7865
f 7119 5115 10816
f 1898 9135 10173
f 10389 1898 10171
f 7119 7117 5115
f 11543 8542 7119
f 4647 7120 2542
f 7120 1663 2542
f 7119 10816 7121
f 10671 10947 10819
f 7122 2546 117
f 2546 7122 4568
f 8832 8833 5133
f 4557 439 8832
f 2440 7124 2011
f 2011 7124 5021
f 11599 1328 7125
f 8940 7125 8738
f 7126 4300 639
f 7657 4300 7126
f 7127 972 3795
f 972 7127 2938
f 9402 7128 10792
f 9402 5310 7128
f 7129 7783 10240
f 6608 7129 7914
f 9475 2262 615
f 11553 4462 9475
f 6501 7131 1051
f 9469 9466 881
f 7132 7393 7397
f 11553 9475 615
f 554 5731 7133
f 799 554 7133
f 7134 565 4761
f 8640 7134 4761
f 9103 554 799
f 1654 7139 7137
f 7136 1555 9484
f 8511 7136 10907
f 7139 799 7137
f 799 7133 9811
f 1788 7138 5550
f 7406 7138 1788
f 9105 7135 7139
f 7139 7135 799
f 7140 4665 8182
f 10090 7140 6832
f 1654 2185 9105
f 1654 9105 7139
f 497 7142 3628
f 7640 3628 7142
f 9105 7143 7135
f 9107 10137 9103
f 3554 7144 2241
f 4033 2241 7144
f 4471 941 8176
f 9561 8176 941
f 2788 696 7146
f 1740 10378 7146
f 2820 2822 7147
f 7145 2820 8353
f 2822 10756 7148
f 10756 4334 7148
f 6362 2912 7149
f 8599 2912 11736
f 3894 7150 493
f 493 7150 10987
f 7147 2822 7151
f 2822 7148 10908
f 7152 10198 924
f 771 7152 7724
f 7153 8473 4198
f 4198 2891 7153
f 10069 8647 7154
f 7696 418 7154
f 1619 7155 1536
f 1536 7155 9927
f 7696 7154 7156
f 8527 7154 9387
f 1937 6806 7157
f 1937 7157 6808
f 5918 2233 7158
f 7158 3029 5918
f 481 7159 4184
f 7159 481 2913
f 8732 7160 6839
f 4020 9996 9412
f 8128 5002 7161
f 5002 2413 8262
f 7162 2574 7161
f 7161 5002 8262
f 4908 10837 10528
f 11619 8519 11174
f 7164 388 7166
f 7164 7709 388
f 7201 7165 5746
f 5746 8309 482
f 3713 7164 7166
f 3713 10076 1954
f 7167 6809 6804
f 951 7167 6804
f 7168 823 4936
f 6742 10405 7168
f 7169 2050 6071
f 3813 8269 8271
f 7170 11726 1087
f 7170 1087 6125
f 7171 1331 1351
f 1351 11757 7171
f 7172 4650 3412
f 7172 3412 10437
f 5834 7173 5231
f 5231 7173 3366
f 6696 7174 6629
f 6629 7174 7050
f 5231 7175 5229
f 5231 3366 7175
f 4757 7176 3731
f 9988 3731 7176
f 5604 7177 3383
f 7177 6583 3383
f 6287 4757 7178
f 7178 4757 3731
f 8860 8864 7179
f 7181 2175 8645
f 3070 7180 2590
f 3070 7183 7180
f 1299 7179 8863
f 8863 7179 8864
f 6239 7182 1621
f 7182 10513 1621
f 1036 7183 1795
f 7183 3070 1795
f 7184 7638 9641
f 9645 9643 4645
f 7187 7185 939
f 5863 9791 7185
f 1291 7186 3085
f 7186 1291 525
f 2031 7185 7187
f 9491 11831 2031
f 7188 630 461
f 7748 7188 461
f 7189 4008 733
f 7189 733 1280
f 5028 7190 6118
f 6118 7190 10422
f 2131 7191 535
f 6685 7191 2131
f 7192 3784 445
f 4197 7192 445
f 219 9799 7193
f 6133 219 7193
f 7638 5257 7194
f 7194 5257 8002
f 405 7868 7195
f 9020 405 11611
f 8926 7503 284
f 11306 269 2303
f 7197 2631 6028
f 7197 5259 2631
f 10939 5491 11779
f 10939 455 5491
f 10243 7199 7200
f 7199 7196 277
f 7199 277 7200
f 7200 277 6329
f 5746 3037 7201
f 11723 7201 3037
f 6253 10474 122
f 10474 4272 11647
f 2145 7203 4885
f 2143 10408 2145
f 3519 4272 7204
f 4272 10474 7204
f 6971 4885 7205
f 9824 6971 7205
f 960 7206 11638
f 6854 3180 7206
f 6971 7207 4885
f 2145 4885 7207
f 7208 5694 1935
f 1650 7208 1935
f 7209 6613 870
f 3313 7209 870
f 7212 7210 7208
f 7208 7210 5694
f 2944 7211 2220
f 2220 7211 8336
f 3243 7212 7208
f 3243 3241 7212
f 9602 7213 585
f 585 7213 1974
f 585 1974 7214
f 1974 2379 7214
f 9197 1202 7215
f 1202 4260 10572
f 4816 2207 7216
f 2204 4816 7216
f 10656 7217 10056
f 10056 7217 1141
f 7529 7218 2396
f 7220 7218 8791
f 7466 7703 7219
f 7223 7221 4226
f 7218 7220 2396
f 2396 7220 760
f 1022 373 7705
f 8725 7703 7464
f 2028 10896 7222
f 2028 7222 9360
f 7219 7707 7223
f 7219 7223 1526
f 7224 5784 7582
f 629 5784 10130
f 1847 4341 7225
f 7225 4341 10644
f 5932 7226 211
f 211 10501 5609
f 2847 7227 8652
f 2847 7710 10127
f 7228 11216 10119
f 7228 9748 11216
f 7054 7229 7052
f 7229 1889 7052
f 7597 2501 7230
f 2501 11086 7230
f 3882 3425 7231
f 11966 5432 3882
f 7230 7232 4175
f 5036 4175 7232
f 7236 1840 7233
f 1145 2566 11319
f 7235 7234 5036
f 7234 10712 5036
f 7235 7232 7237
f 5036 7232 7235
f 2566 3156 7236
f 2566 7236 11319
f 7235 7237 5582
f 5582 7237 8058
f 4327 1071 9156
f 1071 3370 9156
f 2001 7239 2007
f 7240 7239 2001
f 5492 7240 2001
f 4192 7240 5492
f 4055 2187 7241
f 10214 7241 9207
f 8859 8861 7242
f 8861 5872 9746
f 10529 1156 4055
f 4055 7241 10529
f 10314 7244 1989
f 8859 7242 7244
f 3290 3137 7245
f 3290 7245 10214
f 8859 7244 7246
f 4312 8859 10316
f 3679 10617 7247
f 10785 7247 3681
f 1088 7248 2151
f 7248 6634 7750
f 2972 11804 7249
f 11344 2972 7249
f 3429 2059 7250
f 7250 3433 3429
f 2825 10112 7251
f 10112 10253 7251
f 7250 7252 3433
f 3433 7252 3743
f 10114 1338 3826
f 10112 10114 10253
f 5966 3287 7254
f 5966 7254 8117
f 11140 7255 994
f 2403 7255 11140
f 7012 7256 5885
f 10934 5885 7256
f 11020 10950 994
f 7255 11020 994
f 10081 7258 3127
f 6445 7258 10081
f 3453 8703 7259
f 7259 1397 3453
f 1364 8618 4677
f 8064 1364 133
f 7261 1397 6589
f 1397 8733 4247
f 5056 2840 7262
f 7262 5059 8808
f 10470 9843 7263
f 7263 1288 3239
f 7264 1258 4274
f 10390 7264 4274
f 10674 7265 2645
f 2645 7265 11200
f 7266 5780 7269
f 1738 5780 7266
f 7267 1593 2334
f 2334 10364 7267
f 7268 2945 4043
f 7268 6420 7269
f 2945 7268 7269
f 2945 7269 5780
f 7270 2188 9460
f 1932 9462 5228
f 2308 10303 7271
f 10795 7271 424
f 2699 1550 7272
f 1550 3385 7272
f 1754 7273 1760
f 1760 7273 6802
f 7276 2806 7274
f 7274 2806 3523
f 6198 7275 1763
f 1613 7275 6198
f 7276 2491 2806
f 1079 2491 7276
f 7277 8155 8612
f 6968 9496 8610
f 7278 3530 5811
f 1770 3530 7278
f 7247 9914 7279
f 7278 7279 1770
f 10702 2718 6204
f 7277 2718 10702
f 7281 7765 5478
f 4433 2000 7281
f 11387 7282 6275
f 5072 7282 11387
f 7283 4860 4014
f 7283 4014 4012
f 9736 7284 4707
f 8458 4707 7284
f 2920 1781 7285
f 7285 1781 11338
f 903 4057 10510
f 10510 4057 2289
f 7522 508 5867
f 5393 508 7289
f 3938 11759 10343
f 10343 11759 1989
f 7287 7289 508
f 7289 7287 9645
f 9833 666 7290
f 666 274 7290
f 6032 7291 1725
f 1725 7291 2160
f 949 7292 2189
f 7292 2431 2189
f 7293 2666 6879
f 2666 7293 7042
f 9207 7294 3698
f 7294 952 3698
f 2904 2549 7295
f 10850 10852 2549
f 285 9285 7296
f 9285 9287 7296
f 10780 10852 7297
f 8975 7297 1549
f 7298 8637 1547
f 1549 8683 8975
f 1464 8396 7299
f 7299 1465 6345
f 3960 7300 4981
f 9273 3584 7300
f 1016 7432 7301
f 7301 5687 1016
f 5112 7302 5109
f 5112 7301 7302
f 3584 7303 7300
f 11407 7303 7970
f 6270 6268 7304
f 7304 6268 6838
f 1977 7948 7305
f 5454 1977 7305
f 7306 837 4971
f 8594 7338 2989
f 2096 4205 7307
f 2096 7307 8480
f 7308 51 1314
f 9754 1314 9640
f 7309 569 2096
f 8480 7309 2096
f 3720 7312 7310
f 6122 7310 7312
f 7415 10259 7311
f 7311 6637 2402
f 3720 1827 7312
f 1827 6119 7312
f 7313 10234 2371
f 11234 9747 7998
f 7314 6332 6318
f 3456 6332 7314
f 9862 4583 7315
f 10337 7315 4585
f 7316 3752 5624
f 1214 9298 5624
f 7313 2371 7317
f 7315 10335 9862
f 7318 8130 5412
f 7318 5412 10202
f 7319 2521 5633
f 11350 11746 7319
f 268 7320 1682
f 1682 7320 5333
f 7321 9304 9302
f 9300 1596 7316
f 2915 3535 7322
f 7837 7795 8713
f 7325 7323 5794
f 4113 5794 7323
f 2529 7324 1934
f 1934 7324 10483
f 7325 6385 10642
f 7325 5794 6385
f 8198 3266 7326
f 9540 9259 127
f 7327 395 4497
f 4497 10909 7327
f 590 3859 7328
f 6863 590 7328
f 1257 7329 11460
f 8942 8941 9572
f 7330 6616 3824
f 693 7330 3824
f 8488 7331 7329
f 9575 1092 9574
f 9575 7332 1092
f 11888 1092 7332
f 3576 7333 11471
f 8662 6937 6983
f 7334 8097 8099
f 7334 11828 1060
f 2405 7335 7339
f 2405 5364 9353
f 3657 7336 3658
f 7336 4447 3658
f 7339 4913 10854
f 4913 1332 10854
f 7338 11396 2189
f 7306 7338 8594
f 7339 10854 8974
f 2298 2405 7339
f 7340 2039 8162
f 2658 2039 7340
f 7341 4913 7339
f 1692 4913 7341
f 5553 4330 7342
f 7376 7342 4330
f 1429 7343 7370
f 7015 7343 1429
f 7052 1889 7344
f 6936 7344 1889
f 2673 7345 11322
f 7347 11324 2673
f 1406 7346 10268
f 1406 2338 7346
f 7347 11345 11324
f 9694 2851 9111
f 7348 10982 3506
f 7348 3506 2973
f 10099 7349 5363
f 10099 7945 7349
f 4733 7350 9671
f 4799 7350 4733
f 8551 7351 3682
f 7351 3547 3682
f 1876 9359 7352
f 1876 7352 5399
f 7353 1059 9350
f 1059 7353 10318
f 7354 10256 4208
f 7386 4215 7354
f 9348 7355 1828
f 7355 1576 7867
f 1659 1138 7356
f 1659 7356 7358
f 11272 7095 1001
f 11270 11272 1001
f 7358 9363 9361
f 9363 7358 7356
f 7359 2813 4537
f 4537 1407 11641
f 2081 7360 2083
f 7518 5282 7360
f 7361 7360 2081
f 3505 7361 2081
f 6964 1786 7362
f 10775 1713 7362
f 10411 7363 4190
f 5995 4190 7363
f 11454 7364 11452
f 7676 4438 7364
f 7365 2236 3254
f 2236 7365 5540
f 3390 658 7366
f 658 4127 7366
f 7367 6590 1100
f 7369 7367 1100
f 4433 7368 6774
f 377 7368 4433
f 7369 1100 2182
f 5964 7369 2182
f 7370 2923 8329
f 2923 7370 4032
f 1366 7371 6355
f 11902 11900 9250
f 11199 2552 7374
f 11199 5643 8676
f 376 7373 2300
f 7373 377 2300
f 7374 1625 11497
f 7374 2552 1625
f 6553 7375 3610
f 3610 7375 5649
f 7376 1938 7342
f 1938 7376 2042
f 1637 1792 7377
f 7377 3913 1637
f 7378 2318 5772
f 3833 7378 5772
f 8178 4483 7379
f 7379 4483 6255
f 3728 6065 7380
f 10178 7380 6065
f 6397 7381 1582
f 11531 8304 1582
f 2404 7382 5115
f 7413 7382 2404
f 10866 7383 1496
f 7383 441 1496
f 7384 9857 6273
f 3861 921 7384
f 5887 7385 1600
f 5887 6731 11004
f 7354 4208 7386
f 10348 7386 4208
f 7391 145 2669
f 145 7389 2465
f 5705 1226 10401
f 10346 10348 4208
f 11478 7389 7387
f 145 7387 7389
f 2124 7390 1812
f 7390 5167 1812
f 3802 7387 7391
f 7391 7387 145
f 2359 8210 2361
f 8206 8208 7785
f 7132 615 7393
f 615 8643 7393
f 10996 2359 7394
f 2359 2361 7394
f 5585 7395 2100
f 5314 10131 7395
f 5038 11137 8030
f 9072 11144 5038
f 3520 7397 5585
f 7397 7395 5585
f 7451 7398 2119
f 2119 7398 3651
f 7399 10303 2308
f 239 7399 2893
f 5673 7400 9465
f 7400 5673 4801
f 10177 406 7401
f 7401 406 2742
f 7470 7402 2869
f 11672 9482 7470
f 11959 7403 2742
f 7401 2742 10077
f 7404 3982 10042
f 4505 3982 7404
f 9265 6615 7405
f 2601 7405 4927
f 8732 824 7406
f 7406 10741 7138
f 7408 1510 7407
f 1675 7407 4337
f 7408 7407 1675
f 4559 7408 10715
f 11847 11849 7409
f 6310 10370 8017
f 7410 2670 5734
f 9856 2670 7410
f 2635 2634 7411
f 2634 7408 10606
f 7412 7410 2675
f 1309 7412 2675
f 6486 3364 7413
f 3364 10983 7413
f 7414 10151 4906
f 9184 8714 9349
f 8711 11022 9624
f 6486 2404 7865
f 8716 8714 7416
f 9184 8258 8714
f 1078 7417 9512
f 8190 7699 7417
f 9980 9976 7418
f 9976 7416 10530
f 5550 1183 7419
f 3609 10277 1183
f 7420 9980 7418
f 9980 7420 9634
f 8873 7421 3490
f 3017 3490 7421
f 7421 7422 1994
f 7852 1994 7422
f 6365 978 7423
f 978 10881 7423
f 7424 1661 3644
f 6252 1661 7424
f 4249 1472 7425
f 7425 1472 7427
f 3335 790 7426
f 790 1965 11432
f 1104 7429 6713
f 7429 1526 6713
f 7428 3456 8356
f 5865 11043 679
f 7425 7427 7429
f 7429 7427 1526
f 6409 1578 7430
f 8288 6673 7430
f 8976 976 7431
f 9798 8775 7431
f 1016 4210 7432
f 7435 7432 4210
f 10416 11130 2885
f 11443 10419 10416
f 5206 7434 11810
f 8879 7434 5206
f 7434 5202 7435
f 7434 7435 11810
f 7436 2399 11628
f 11175 2399 7436
f 7437 5901 5899
f 12010 5901 7437
f 8686 7436 7438
f 7436 11628 7438
f 3862 3866 7439
f 3868 7439 3866
f 7440 1538 9609
f 6027 7442 11728
f 6228 7441 11895
f 6228 8020 7441
f 7442 1538 7440
f 7445 9153 1538
f 7443 3958 7993
f 7465 3958 11238
f 7444 3994 1688
f 7444 1688 11054
f 7442 1688 7445
f 7445 1538 7442
f 7446 4517 2952
f 7447 11974 4517
f 10176 7447 7446
f 7447 4517 7446
f 7448 10605 7083
f 10605 7448 10397
f 8614 8465 6187
f 6674 9863 1125
f 4825 4827 7450
f 4827 6595 7450
f 4962 7451 2119
f 7451 4962 2116
f 557 6595 7452
f 5001 7453 7452
f 557 7452 7453
f 11762 557 7453
f 8535 7454 1519
f 1519 7454 3734
f 7455 1267 2021
f 7458 2021 4592
f 7456 9413 11024
f 7456 777 3440
f 908 777 7457
f 7456 7457 777
f 2021 10588 7455
f 10586 7455 10590
f 7459 5352 715
f 1774 5352 7459
f 3507 7460 3505
f 4281 9675 3507
f 7461 2907 8474
f 7461 8474 8193
f 1587 7462 5196
f 10290 7462 1587
f 4727 2958 7463
f 4727 7463 11032
f 7464 1353 1354
f 4248 1353 7466
f 3958 7465 3956
f 5719 3956 7465
f 1353 7464 7466
f 7466 7464 7703
f 4810 4814 7467
f 4810 7467 8374
f 7468 1836 2201
f 1836 7468 6785
f 7802 485 7469
f 7469 485 4634
f 1603 7470 2867
f 11672 7470 1603
f 1426 7471 7192
f 4719 7471 1426
f 1603 2867 7472
f 7472 2867 1352
f 2510 7473 11727
f 3247 7473 2510
f 1310 6672 7474
f 1310 7474 10190
f 5102 10695 7475
f 7475 1360 5102
f 9435 5020 649
f 6739 9435 649
f 2418 928 7477
f 6662 2418 10793
f 5754 1783 7478
f 5754 7478 637
f 3853 10793 7479
f 11566 3853 7479
f 8567 7480 4803
f 4514 4803 7480
f 7562 7775 7481
f 7481 1366 11414
f 4805 7482 3762
f 3762 11352 7480
f 143 7483 2354
f 7483 6782 2354
f 6697 7484 5433
f 6699 7739 6697
f 1424 4590 7485
f 4590 10806 7487
f 7484 7486 5977
f 6697 7739 7484
f 7485 7487 7495
f 7485 4590 7487
f 6143 4569 7488
f 6630 6143 7488
f 1372 7489 11668
f 7489 1372 11603
f 11592 7490 2888
f 9850 2888 7492
f 7491 9185 6074
f 469 10614 3660
f 7490 5089 7492
f 7490 7492 2888
f 7493 6580 5085
f 8324 7493 5085
f 10416 2963 7494
f 7494 2963 5540
f 2892 7485 7495
f 7495 9036 2892
f 4699 2926 7496
f 7496 2926 8085
f 4582 9411 7497
f 4580 4582 7497
f 5272 7498 3063
f 364 3063 7498
f 4580 7499 3000
f 7497 7501 7499
f 8082 7500 1178
f 8091 10665 7500
f 7501 3000 7499
f 3002 3000 7501
f 8337 2253 7502
f 7504 7502 2253
f 8084 1097 7503
f 8084 7503 8926
f 4982 7504 2253
f 10929 7504 4982
f 1622 6547 7505
f 7505 6547 369
f 10780 7506 1631
f 1631 7506 5831
f 7505 7507 4299
f 4299 7507 5408
f 77 7508 4621
f 10360 4621 7508
f 7509 165 157
f 10220 10910 165
f 7510 11567 2811
f 11565 11567 7510
f 8101 440 7511
f 440 10306 7511
f 9406 7512 6673
f 7512 9217 6673
f 7513 5209 3397
f 7513 3397 9479
f 6659 7514 4084
f 7514 1535 4084
f 7515 765 11645
f 7515 9095 7519
f 7516 6899 7125
f 611 6899 7516
f 2503 7517 4164
f 7517 1345 4164
f 7361 7518 7360
f 7518 7361 1149
f 765 7519 8089
f 7515 7519 765
f 7520 4745 8334
f 7520 4472 4745
f 6467 7521 6463
f 7819 7521 6467
f 7522 5869 7287
f 7522 7287 508
f 11928 9125 7523
f 7523 3055 9635
f 6829 4246 7524
f 7524 4246 6472
f 11881 1334 7525
f 10642 7928 6023
f 7526 7524 6472
f 7526 11469 7524
f 2214 4382 7527
f 4382 4380 7527
f 7526 6472 7528
f 6472 1296 7528
f 7529 2398 1533
f 7531 1533 10321
f 2214 7527 7530
f 7532 2214 8580
f 7218 7529 7531
f 7529 1533 7531
f 6094 10251 7532
f 7532 10251 2214
f 6950 7533 2324
f 8585 2324 7533
f 7534 7528 4388
f 6094 10916 10251
f 6344 7535 2291
f 4042 2291 7535
f 3847 7536 2505
f 7536 9568 2505
f 4418 7537 11149
f 5786 9005 9587
f 7538 7539 4106
f 8031 7538 4106
f 2663 4106 7539
f 7539 3405 2663
f 2547 7540 4797
f 7540 2902 4797
f 1544 11970 7541
f 1544 7541 622
f 7542 114 10678
f 9161 4280 114
f 7976 7543 5737
f 7543 1628 760
f 4417 4280 7544
f 7544 4280 9161
f 8753 7545 4894
f 8149 4894 7545
f 2304 7546 11480
f 2304 11780 10611
f 7547 5133 8835
f 7123 5133 7547
f 3100 7548 2380
f 7548 11286 2380
f 9446 4129 7549
f 7549 4129 955
f 5948 3785 7550
f 7550 3785 3395
f 7551 10465 7420
f 7420 7418 7551
f 7552 1547 2798
f 7298 1547 7552
f 7553 5808 3800
f 7553 2362 5808
f 7567 4764 7559
f 9398 7556 2579
f 7555 3061 7557
f 3007 8188 7555
f 7565 7563 7556
f 7558 7556 7563
f 3007 7555 7557
f 7557 361 3007
f 417 7558 7563
f 7558 10525 11284
f 7561 7559 4764
f 1747 7567 7559
f 1542 7560 567
f 7560 9696 567
f 7561 1747 7559
f 7097 1747 7561
f 7562 5707 7568
f 7562 511 7775
f 7567 417 7563
f 7565 7554 7563
f 7562 7564 511
f 9250 511 7566
f 7565 4764 7554
f 7561 4764 9398
f 511 7564 7566
f 3240 7566 7568
f 7554 7567 7563
f 7567 7554 4764
f 7568 7566 7564
f 7568 7564 7562
f 11598 7569 697
f 11245 6723 9994
f 7089 4995 7570
f 8527 7089 7570
f 7571 11154 509
f 7571 509 3578
f 661 7572 2465
f 7572 661 4431
f 7571 3578 7573
f 9858 8739 8361
f 6875 7574 4351
f 7574 11207 4351
f 1253 8978 7575
f 1253 8758 9758
f 2279 7576 4173
f 7576 2279 3760
f 11074 7577 4244
f 7577 3462 11251
f 11755 8244 7578
f 11753 8816 1896
f 10359 7579 6431
f 6431 7579 5810
f 7579 868 7580
f 868 5562 7580
f 3896 7581 2512
f 9622 2512 7581
f 11161 1395 5088
f 11685 11159 5088
f 5712 3477 7583
f 7584 3936 7583
f 7584 7583 3477
f 3873 11978 11980
f 3236 1172 7585
f 1014 7585 1172
f 4780 963 7586
f 7586 6550 4780
f 3171 7587 11301
f 3169 7587 3171
f 7590 10170 8421
f 10168 4288 4162
f 1498 7589 5842
f 3624 7589 1498
f 8185 8958 9181
f 9178 8421 9089
f 7591 403 6528
f 5898 403 7591
f 7592 8192 8126
f 11181 1567 11185
f 9551 3460 7593
f 7593 4744 4746
f 1217 6317 7594
f 8744 6342 1217
f 7595 163 1707
f 166 163 11110
f 7596 811 5829
f 811 9918 2904
f 7597 2053 7599
f 1301 7597 1107
f 3789 10070 8317
f 6305 80 10070
f 1107 7599 4188
f 7597 7599 1107
f 8506 5747 7600
f 878 7600 7598
f 1387 7601 64
f 7601 1387 2891
f 7602 8095 3790
f 7602 3790 7600
f 6954 3301 7603
f 607 7603 3301
f 2389 7097 7604
f 2389 7774 7770
f 3299 7605 609
f 7605 3299 8600
f 3179 7606 4573
f 1556 8138 3179
f 7608 7607 5521
f 7607 9906 5521
f 11643 4160 7608
f 434 7608 5521
f 4915 7609 552
f 4915 1329 7609
f 7610 5022 5323
f 7610 5323 6788
f 2599 4390 7611
f 1123 2599 7611
f 3324 7610 7612
f 3324 7612 6561
f 5767 7613 3074
f 6980 3074 7613
f 7614 6229 2397
f 7614 2397 8163
f 7615 2709 713
f 1305 2709 7615
f 6413 1282 7616
f 7616 9999 6413
f 690 7617 902
f 4199 7617 9074
f 7618 5315 8028
f 7618 738 5315
f 7619 4536 3082
f 5997 7619 3082
f 7620 646 11961
f 707 11307 5638
f 10568 7619 5999
f 10568 5999 992
f 1342 7622 9488
f 9480 7622 1342
f 5752 7623 1342
f 5752 7621 7623
f 7624 8261 973
f 7624 973 6947
f 7625 9142 10304
f 7625 6652 7627
f 7626 11838 212
f 214 7626 212
f 7627 6652 3571
f 7627 3571 5997
f 7628 1831 10658
f 7628 11182 1831
f 1670 7631 7629
f 6890 1670 7629
f 3896 7630 7581
f 2616 7581 7630
f 1670 2346 7631
f 2346 5317 7631
f 5311 5315 7632
f 5311 7632 9739
f 5869 10810 7633
f 4473 7636 7633
f 5237 7634 11379
f 5241 5239 7635
f 7634 1922 7635
f 7634 7635 11379
f 4473 4471 7636
f 4471 8359 7636
f 4744 7637 4449
f 7637 6537 4449
f 8359 8352 7638
f 7636 8359 7638
f 7639 3125 11155
f 7639 8818 3125
f 3935 7640 3933
f 3933 11523 2613
f 368 4114 7641
f 7641 1801 368
f 5685 2434 7642
f 7642 4587 5685
f 6510 7643 4500
f 7643 4948 4500
f 1063 7644 5979
f 9533 7644 1063
f 2484 3999 7645
f 875 2484 7645
f 7646 11988 7642
f 9533 7646 7642
f 5089 7647 1766
f 8955 7744 11447
f 5592 7648 6089
f 11513 5592 4710
f 7649 8741 9098
f 1328 8738 7125
f 1235 6494 7650
f 1235 7650 7357
f 11371 4006 7651
f 7764 7651 4006
f 6756 7654 8717
f 9209 8717 7654
f 7653 502 3702
f 7653 3702 7655
f 155 7652 7654
f 10184 7654 7652
f 1718 4892 7655
f 1718 7655 3702
f 4855 1813 7656
f 2649 4855 7656
f 10883 7657 641
f 3500 7787 7657
f 514 7658 8712
f 4219 7658 7660
f 8876 7659 8874
f 7659 4090 1869
f 7660 1270 4219
f 1270 7660 5925
f 7661 8874 396
f 1724 7661 396
f 2860 7662 9479
f 7662 11093 6949
f 7663 3224 8675
f 7663 9327 3224
f 858 7664 6017
f 7664 6015 6017
f 3821 11350 7665
f 3821 7665 3818
f 7666 1210 3929
f 7666 7715 1210
f 5301 5297 7667
f 1398 5301 7667
f 7668 7010 6137
f 7668 6137 7670
f 1398 7667 7669
f 668 11763 11761
f 1210 7670 3929
f 3929 7670 6137
f 126 7671 6501
f 7725 6501 7671
f 4683 7672 4676
f 6826 7672 4683
f 1794 7673 4622
f 8869 4622 7673
f 6901 1502 7674
f 11581 1612 10425
f 7675 2917 7673
f 7675 5501 2917
f 1630 7674 7676
f 1630 7676 1228
f 8628 7677 7444
f 8435 7444 7677
f 4655 5919 7678
f 4655 7680 7009
f 8878 7679 1490
f 1490 7679 4794
f 7680 4655 7678
f 7680 7678 779
f 6225 10959 7681
f 7681 4263 2429
f 3632 10949 7682
f 7682 2775 8124
f 1503 6225 7685
f 6225 7681 7685
f 7684 2235 3729
f 6057 2235 7684
f 7683 7685 5029
f 1503 7685 7683
f 7686 5539 1479
f 5542 5539 7686
f 7683 7687 11154
f 7683 5029 7687
f 7688 11825 4669
f 11827 4669 3776
f 54 1048 7689
f 7689 1048 46
f 5878 7690 12005
f 12005 7690 11827
f 2528 10813 984
f 2442 984 10813
f 7689 7692 2655
f 7692 6676 2655
f 5566 5563 7693
f 5563 8832 7693
f 2075 6924 7694
f 2905 2075 7694
f 2918 961 7695
f 4819 7695 961
f 1583 7696 7156
f 5561 7696 1583
f 1318 6381 7697
f 1318 8443 5434
f 7698 3422 11320
f 11320 10086 7698
f 4031 7699 898
f 898 7699 8190
f 7221 2013 7700
f 2013 4218 7700
f 7698 7701 3422
f 3422 7701 5717
f 11265 7702 4576
f 1401 4576 7702
f 8725 7705 7707
f 7707 7221 7223
f 8475 2069 7704
f 7704 7706 1186
f 7221 7705 2013
f 7707 7705 7221
f 4295 6015 7706
f 4295 7706 7708
f 7703 8725 7707
f 7219 7703 7707
f 7704 7007 7708
f 7704 7708 7706
f 5067 6503 7709
f 7164 5067 7709
f 3635 9086 7710
f 9237 9244 7710
f 11106 3633 7711
f 3633 7713 7711
f 8678 7714 7712
f 1384 7712 425
f 7713 7710 2847
f 9237 7710 7713
f 7714 1914 425
f 7714 425 7712
f 4393 6280 8481
f 6280 3119 8481
f 10205 7717 1129
f 3026 11975 10208
f 4259 11887 11975
f 3026 4259 11975
f 601 9258 7718
f 7718 5200 601
f 7719 3026 10206
f 9511 4259 3026
f 7720 827 6741
f 11248 3971 827
f 7137 799 9811
f 1654 7137 7723
f 4923 7722 10489
f 4923 8942 7722
f 8147 7723 7721
f 7723 7137 9811
f 7724 924 6456
f 7152 924 7724
f 7725 4783 6501
f 4783 7725 685
f 7725 7726 685
f 685 7726 8137
f 4236 4533 7727
f 4533 3808 7727
f 7728 8902 7730
f 9929 7727 11675
f 2411 7729 4668
f 7733 7729 2411
f 3810 7730 4136
f 7728 7730 3810
f 7997 9755 7731
f 2417 11985 7616
f 1396 7732 9698
f 7732 1396 9407
f 7731 9659 10447
f 11986 8881 8085
f 221 2613 7734
f 7734 2613 11523
f 7735 4716 1713
f 8907 7735 5644
f 11669 7736 7486
f 11669 7073 7736
f 4778 7737 11511
f 1057 7737 4778
f 7738 6085 4156
f 457 7738 4156
f 7739 7486 7484
f 11669 7486 7739
f 11475 3452 7740
f 7947 5280 1927
f 7741 2407 11554
f 9134 2407 7741
f 9454 3508 7742
f 7742 9456 737
f 6064 2311 7743
f 7743 11730 6476
f 7744 9850 1766
f 7744 1766 7647
f 1115 7745 6234
f 6235 6234 7745
f 4518 10655 7746
f 11173 2737 5736
f 2918 7747 961
f 2918 3605 10006
f 4518 7748 10655
f 4518 7188 7748
f 7749 1692 7341
f 1692 7749 8041
f 2151 7750 3174
f 7248 7750 2151
f 1113 7751 5025
f 1113 3837 7754
f 7752 2221 6701
f 3647 8925 7752
f 7749 7753 3253
f 3253 7753 7751
f 3253 7751 7754
f 1113 7754 7751
f 3647 7755 8925
f 3647 1286 7755
f 7756 442 3339
f 2040 10023 3339
f 290 562 7757
f 562 302 7757
f 11661 7758 11526
f 5658 7758 10078
f 7759 4774 2849
f 7931 393 4774
f 11526 7758 5658
f 11526 5658 9123
f 528 7761 7513
f 6429 7761 528
f 10540 7762 4305
f 10537 7762 10540
f 9493 7763 10859
f 10857 10859 7763
f 4305 7764 4006
f 7762 7764 4305
f 2000 7765 7281
f 9493 3093 7765
f 7212 3241 7890
f 7890 3241 7892
f 7767 4396 3122
f 7767 4180 4396
f 1933 7768 6987
f 4207 7768 1933
f 5656 2556 7769
f 10388 5656 7769
f 2389 7770 2391
f 2391 7770 4205
f 2556 7771 7769
f 2556 6261 7771
f 6987 7772 10962
f 7604 7772 6987
f 7775 511 7773
f 7371 1366 7777
f 7774 2389 7604
f 7604 6987 7774
f 1366 7775 7777
f 7481 7775 1366
f 10566 1441 7776
f 684 7776 8188
f 7371 7777 7773
f 7775 7773 7777
f 9715 7778 2034
f 7778 2032 8854
f 876 2177 7779
f 10996 2177 10999
f 3570 7780 2803
f 7780 3184 2803
f 8895 7783 7781
f 8206 7785 2162
f 4886 11999 7782
f 3432 7782 2579
f 7129 2162 7783
f 2162 7781 7783
f 7784 3432 2145
f 7782 3432 7784
f 2162 7785 7781
f 8208 11791 7785
f 5865 7786 7788
f 5865 11045 7792
f 6112 842 7787
f 10881 7787 3500
f 1187 7788 7786
f 7788 1187 10810
f 1749 7789 3015
f 8026 10395 1749
f 1187 7786 7790
f 7790 10810 1187
f 6125 670 7791
f 7789 7791 670
f 7786 5865 7792
f 9310 7790 7786
f 990 7793 4536
f 990 6055 7793
f 11504 1871 7794
f 1613 7794 7796
f 11926 11921 8713
f 11922 11921 11926
f 7794 1871 9447
f 8115 9447 1871
f 7797 11922 11926
f 7797 4501 809
f 10981 3777 7798
f 7798 3777 9243
f 3988 3990 7799
f 7799 3990 1657
f 7800 10981 1428
f 10289 10981 7800
f 7801 3656 6424
f 713 3656 9657
f 7800 1428 7802
f 1428 7806 7802
f 2399 3078 7803
f 3078 5208 11841
f 6438 3780 7804
f 6438 7804 7808
f 6487 1313 7805
f 10032 1313 1415
f 7802 7806 485
f 7806 7804 485
f 7807 1754 3531
f 1754 7807 7273
f 1428 7808 7806
f 7806 7808 7804
f 7809 4230 6441
f 1167 4230 7809
f 5997 3082 7810
f 7810 7627 5997
f 641 7657 7811
f 5306 641 7811
f 7625 7812 11120
f 6644 1882 7812
f 7812 7627 7813
f 7810 7813 7627
f 7814 4825 7450
f 4825 7814 6281
f 7815 3925 7637
f 7817 1782 3925
f 7816 5735 506
f 7816 506 1565
f 7817 7815 7593
f 7817 3925 7815
f 7818 6887 668
f 4684 11651 668
f 4413 10196 7819
f 9767 7819 6471
f 4017 10072 7820
f 671 7818 11655
f 9796 2392 8931
f 9886 2392 9796
f 532 7822 11649
f 7823 532 5659
f 7822 532 7823
f 7822 7823 10284
f 7824 3899 2816
f 7824 2816 7359
f 4450 7825 7982
f 7825 7978 7982
f 2559 2862 7826
f 7826 2862 8568
f 1040 7827 7829
f 10948 1040 11936
f 7828 2702 2700
f 3685 7828 2700
f 7829 7827 2559
f 2559 7826 7829
f 2777 7830 158
f 2777 11110 7830
f 1390 7831 2258
f 11731 11733 7021
f 2068 7832 2795
f 304 2795 7832
f 7833 3121 6116
f 1271 3121 10694
f 5380 8029 7834
f 5380 7834 2314
f 5093 780 7835
f 780 7839 7835
f 4662 4660 7836
f 7834 7836 4660
f 7837 8713 2914
f 780 7963 7839
f 7838 2636 7114
f 7838 7114 3623
f 7839 11095 2914
f 2914 3518 7839
f 7840 6461 1705
f 7840 11596 7907
f 7349 7841 5363
f 5363 7841 5362
f 4371 3745 7842
f 7842 3745 9584
f 6214 745 7843
f 9028 745 2684
f 4371 7842 7844
f 7844 6333 4371
f 2881 2883 7845
f 2881 7845 4603
f 2223 7846 6720
f 2223 3034 7846
f 7849 7847 6450
f 6450 7847 5499
f 7990 7848 5525
f 1130 7848 1134
f 7849 6455 3537
f 7849 6450 6455
f 4295 7850 6013
f 5863 6013 7850
f 3182 7851 602
f 7851 2033 602
f 7852 1992 10278
f 1992 7852 7422
f 7853 6011 11502
f 11503 11505 11652
f 6868 7854 12003
f 4893 7854 637
f 7855 2422 5998
f 7855 5998 11503
f 7856 504 5117
f 5117 731 9266
f 6773 7857 1321
f 1321 7860 9655
f 6773 7858 7857
f 7857 7860 1321
f 5364 7859 9353
f 7859 5364 5357
f 11266 7860 7858
f 7857 7858 7860
f 1819 7861 9230
f 5466 7861 1819
f 2933 7862 426
f 5114 426 7862
f 9529 7816 7863
f 5893 2194 7863
f 1437 3220 7864
f 1437 7864 11246
f 7865 7117 9624
f 7865 9624 6486
f 7866 9849 9842
f 7868 7866 9842
f 7867 162 10040
f 7867 1573 3283
f 7195 7868 9844
f 5218 7868 9842
f 7869 11930 6254
f 7869 9344 1138
f 7870 11334 496
f 7870 496 6539
f 2743 7871 6252
f 6252 7871 3930
f 7872 5250 2656
f 328 7872 2656
f 2133 11377 7873
f 384 2133 7873
f 4654 2654 7874
f 7872 7874 2654
f 3877 11145 11341
f 390 3877 8337
f 10485 7876 723
f 9160 3414 9162
f 7877 977 4575
f 2062 7877 4575
f 1525 7878 8515
f 9316 104 7878
f 6356 3892 7879
f 8316 3892 2771
f 6240 1844 7880
f 11522 7880 1844
f 3065 5972 7881
f 8316 7883 5972
f 5376 7882 2814
f 2814 7882 1554
f 7883 6270 7881
f 7883 7881 5972
f 7884 1554 10550
f 2814 1554 7884
f 4494 6359 7885
f 4494 7885 5565
f 7886 2812 4909
f 7888 9589 2812
f 3641 7887 960
f 7887 9716 960
f 10838 7888 7886
f 7888 2812 7886
f 7889 3480 1242
f 7889 9787 3480
f 826 7890 7766
f 7766 7890 7892
f 2244 2242 7891
f 7891 2242 1161
f 7766 7892 4729
f 7894 4729 7892
f 4270 7893 10044
f 3300 7893 4270
f 3992 7894 4638
f 4729 7894 3992
f 2834 1503 7895
f 2830 2834 7895
f 7896 7591 5531
f 7896 5531 2363
f 4889 7897 1985
f 1985 9306 7895
f 7898 2625 8720
f 11405 2625 7898
f 4779 5671 7899
f 9789 4779 7899
f 7900 3409 3407
f 7900 3407 2623
f 7901 5848 4596
f 7901 4596 6610
f 7905 7902 5690
f 794 5690 7902
f 648 5861 7903
f 648 7903 8341
f 3958 2336 7904
f 2336 971 10292
f 2190 3695 7905
f 7905 5690 2190
f 7906 6029 3091
f 7906 3091 6837
f 5470 7907 2793
f 2793 7907 5927
f 8080 7908 8703
f 7908 1687 4092
f 316 7909 4265
f 8538 7909 316
f 7910 6633 9664
f 1743 9741 2524
f 11536 7911 561
f 4425 561 7911
f 579 5632 7912
f 6965 579 7912
f 5904 7913 3557
f 3559 3557 7913
f 7914 5873 5875
f 7129 5873 7914
f 11867 7915 4769
f 11273 4769 7915
f 7916 8641 7914
f 7914 5875 7916
f 11915 7917 2728
f 8623 7917 11915
f 4095 7918 1015
f 7918 6362 1015
f 7919 37 44
f 44 2445 7919
f 8835 4151 7920
f 7920 4151 8233
f 3016 10754 7921
f 7921 1312 1401
f 10355 2445 6477
f 694 2445 10355
f 10466 7923 2649
f 9898 9904 10615
f 1049 7924 10130
f 8457 7924 1049
f 4072 3288 7925
f 7925 3288 11695
f 754 7926 11124
f 7926 8527 11126
f 7927 6723 11245
f 6725 6723 7927
f 7928 1323 6324
f 7928 2501 1323
f 7929 2754 9515
f 7929 6651 8820
f 3807 11659 7930
f 3374 4921 7930
f 7759 7931 4774
f 4776 7931 7759
f 7932 3807 2429
f 7932 11659 3807
f 3766 7933 853
f 2901 853 7933
f 1392 8461 7934
f 9476 1392 9345
f 7935 1923 5170
f 6813 1923 7935
f 7936 8461 1392
f 7936 8467 1822
f 3050 7937 9675
f 345 7937 3050
f 7938 1738 1635
f 10573 7938 11115
f 655 7939 2341
f 7939 8944 2341
f 4644 7940 10104
f 7940 2474 2472
f 595 2203 7941
f 2203 2418 11691
f 7942 3450 4045
f 4045 10235 10113
f 11691 7943 4350
f 7943 7033 4350
f 3721 7944 9435
f 7944 3721 1103
f 7945 3190 4937
f 3190 7945 6469
f 6927 3875 7946
f 3875 11901 9720
f 11475 7740 11241
f 11241 11243 6457
f 7948 9247 3991
f 3991 3473 7948
f 7949 5414 1190
f 5683 5414 7949
f 7950 4024 3872
f 7047 7950 3872
f 1558 7951 3178
f 5745 10349 1558
f 9381 7952 3486
f 9206 10789 9203
f 7953 4528 7951
f 6102 4528 7953
f 2317 8770 7954
f 5943 7954 8770
f 11822 3845 7955
f 2766 9934 3845
f 5297 4441 7956
f 7956 7667 5297
f 7957 1229 3084
f 3244 1229 8186
f 1446 7035 7958
f 7958 3337 1446
f 9484 7959 5881
f 7959 9777 5881
f 4687 4690 7960
f 3638 7960 4690
f 5881 7961 7402
f 9777 7961 5881
f 2869 7962 9067
f 7962 2869 7961
f 7964 11095 7963
f 7963 11095 7839
f 7964 11097 11095
f 11778 11097 7964
f 2941 7965 767
f 5855 767 7965
f 1660 7966 3372
f 5169 11404 1660
f 4809 7967 11573
f 7967 7969 599
f 7968 1645 11073
f 4245 8875 7968
f 7969 7967 4809
f 4920 7969 4809
f 3584 7970 7303
f 7970 3584 2451
f 7971 9519 947
f 10000 947 10475
f 6238 7972 2600
f 10075 2600 7972
f 9519 7973 947
f 947 7973 4225
f 4679 1842 7974
f 2976 4679 11091
f 7975 2614 4663
f 2614 7975 6998
f 7976 1628 7543
f 7976 4435 1628
f 11089 7977 6607
f 11091 6607 7977
f 7825 2046 7978
f 11998 7978 2046
f 5175 7979 5983
f 7979 10893 5983
f 4450 7982 7980
f 2990 3134 7980
f 7981 3015 1714
f 1749 3015 7981
f 2990 7980 7982
f 7978 2990 7982
f 7983 501 9817
f 7986 11623 7983
f 3144 2085 7984
f 9372 3144 7984
f 5533 7985 2085
f 2085 7985 7984
f 11283 7986 3109
f 7986 7983 3109
f 4018 4062 7987
f 7987 6689 4018
f 7988 3111 514
f 3109 3111 11283
f 7989 2355 3391
f 2355 7989 57
f 7990 7988 1134
f 7990 1134 7848
f 5741 7991 5739
f 7991 9145 5739
f 4334 6288 7992
f 9747 9750 9743
f 7991 7993 9145
f 9131 7993 3958
f 5608 7994 7996
f 11234 7998 5608
f 537 7995 2805
f 2805 7995 9376
f 5606 7996 7994
f 10913 11409 5606
f 1951 7997 9704
f 2417 7997 11985
f 7998 5606 7994
f 7998 7994 5608
f 7999 1637 3913
f 3913 5416 8671
f 4083 9602 8000
f 4083 8000 8471
f 6349 8001 4799
f 4799 8001 7350
f 11713 8002 9284
f 8002 756 9284
f 321 8003 6788
f 10103 321 10958
f 4577 1091 8004
f 1091 11861 8004
f 6788 3313 8005
f 6788 11424 321
f 4262 8006 4942
f 8006 4944 4942
f 8007 7549 3987
f 1743 8007 3987
f 8008 1327 3315
f 8008 3315 8005
f 4676 4681 8009
f 4676 8009 6573
f 2664 3193 8010
f 1331 8011 3193
f 8011 7066 8010
f 8011 8010 3193
f 178 8012 1651
f 8014 178 9597
f 9686 8013 10776
f 7118 10515 2937
f 9599 8012 178
f 10199 8012 9599
f 8015 1080 10751
f 6782 8015 10751
f 8016 11165 10368
f 3118 7409 10370
f 7409 8017 10370
f 5657 8017 7409
f 1511 8018 202
f 8018 5896 202
f 8019 11836 4992
f 5162 8019 4992
f 8020 4023 7441
f 5889 4023 8020
f 4377 1801 8021
f 7641 8021 1801
f 686 8022 3804
f 8022 1584 3804
f 5957 1290 8023
f 8023 1290 1272
f 8024 6988 8022
f 686 8024 8022
f 8023 1272 8025
f 8025 1272 164
f 6951 8026 4147
f 8026 6951 4905
f 2192 4656 8027
f 4656 4006 8027
f 8028 2036 4951
f 2036 8028 5315
f 8027 8029 2192
f 2192 8029 5380
f 5038 8030 2680
f 2680 11023 1884
f 8031 568 4104
f 5642 8031 4104
f 8032 603 1746
f 603 8115 9977
f 1051 10471 8033
f 1051 8033 8217
f 5905 8034 6557
f 8034 4709 6557
f 9291 4286 8035
f 3704 8035 4286
f 3823 1268 8036
f 8036 1422 3823
f 8380 654 8037
f 8040 8037 654
f 1996 8038 6555
f 8038 1996 6852
f 242 8039 6128
f 11401 9149 8039
f 8040 5221 6657
f 654 5221 8040
f 8041 3837 4390
f 8041 7754 3837
f 5590 8042 4332
f 4332 8042 4066
f 4644 2906 8043
f 8043 6631 4644
f 4053 9338 8044
f 4053 8044 11580
f 3276 11031 8045
f 3276 8045 1046
f 8046 10746 10085
f 5129 2560 8048
f 3218 8047 3216
f 3218 7149 8047
f 2558 8048 10778
f 10746 10778 8048
f 9794 8931 3216
f 8931 9794 7821
f 8449 8050 1512
f 135 1512 8050
f 4830 8051 3467
f 3467 8051 1062
f 6269 8311 8052
f 8052 6265 3257
f 10900 8053 206
f 206 8053 11698
f 11297 8054 3400
f 1885 8054 11297
f 3257 2673 8055
f 8052 3257 8057
f 8056 2991 1885
f 8056 1885 11297
f 3257 8055 8057
f 8055 2146 11357
f 1540 8752 8058
f 5578 8058 5580
f 8059 1179 5737
f 1179 8059 817
f 10712 5578 5580
f 5578 10712 7234
f 6251 2908 8802
f 2908 5091 8802
f 2056 8062 12012
f 7260 8062 2056
f 8063 2908 6251
f 8063 6251 6249
f 1364 8064 7260
f 8064 11686 7260
f 1241 2111 9632
f 9632 3161 1241
f 8060 10723 11046
f 10721 10714 10718
f 8508 2168 8067
f 8067 2168 6912
f 9016 11046 10723
f 11688 8064 9014
f 8069 1577 11413
f 9497 9499 1983
f 8236 11417 12009
f 9014 8236 12009
f 8071 7653 7655
f 11818 7653 8071
f 7156 7154 8072
f 7156 8072 6960
f 8073 1292 1958
f 8073 1958 8071
f 8072 8074 8076
f 8530 1539 9638
f 1970 8075 8077
f 8075 5485 8077
f 8076 1583 6960
f 8072 8076 6960
f 5702 8077 8079
f 5485 3596 8077
f 7066 8011 8078
f 7066 8078 7190
f 5702 8079 8081
f 3596 8079 8077
f 2196 1687 8080
f 8080 1687 7908
f 3596 8081 8079
f 8081 3596 4546
f 269 8082 2303
f 11306 2303 8084
f 7174 3079 8083
f 3079 6067 8083
f 2303 8082 8084
f 8082 1178 8084
f 530 8085 2926
f 11986 8085 530
f 4448 6176 8086
f 11034 4448 8086
f 1296 5668 8087
f 8087 5668 4456
f 8088 4648 1255
f 8088 5645 9155
f 7517 2503 8089
f 8089 2503 4166
f 8090 1255 5094
f 8090 8088 1255
f 226 1618 8091
f 2617 226 8091
f 8092 8994 2648
f 5497 8092 2648
f 1530 5536 8093
f 10360 8093 5536
f 3764 6346 8094
f 8094 6346 2691
f 8095 6305 7598
f 8093 10360 8095
f 9591 1690 10152
f 4472 10152 9821
f 2202 8097 1060
f 8097 7334 1060
f 4439 8098 10537
f 3719 8098 4439
f 8097 4296 8099
f 11862 8431 4296
f 8100 10283 5397
f 8100 744 10285
f 5014 8101 7511
f 4127 8101 5014
f 8102 7351 6616
f 7351 8102 3547
f 9541 8103 2850
f 2850 8103 9524
f 8104 3380 10913
f 10911 11081 10913
f 9130 8105 2388
f 389 2388 8105
f 10911 8106 11081
f 5129 8106 10911
f 11007 11277 8107
f 1641 8107 6797
f 5209 1564 8108
f 1564 7761 11326
f 6205 8109 2
f 2 8109 33
f 2506 8110 653
f 2506 3709 8110
f 8111 8884 1101
f 4451 8111 1101
f 8112 8110 1337
f 7527 8112 1337
f 5443 10773 8113
f 5210 5443 8113
f 7950 919 8114
f 919 5934 8114
f 8032 11434 8115
f 603 8032 8115
f 1095 3612 8116
f 1095 8116 3927
f 7254 3937 8117
f 4864 8117 3937
f 4784 8118 4599
f 8120 4599 8118
f 8119 1559 10051
f 2632 2564 8119
f 8120 9663 4599
f 11222 11225 11217
f 3885 2197 8121
f 8121 2197 927
f 5662 2707 8122
f 5662 8122 4558
f 9446 8123 6965
f 6965 8123 8007
f 2775 475 8124
f 8124 475 11514
f 5439 8125 5437
f 10918 8125 4633
f 8126 1567 11181
f 1567 8126 1569
f 10570 8127 11859
f 8127 11857 11859
f 6316 8128 1195
f 6316 5002 8128
f 8129 634 4694
f 4635 634 8131
f 8130 1378 5412
f 1378 8130 535
f 8131 8129 7034
f 8131 634 8129
f 3851 672 8132
f 6590 3851 8132
f 2919 3496 8133
f 484 11848 8133
f 8134 117 10476
f 8711 117 11426
f 197 198 8135
f 197 8135 2330
f 1556 8136 8138
f 11333 8136 1556
f 685 8137 6378
f 8137 8139 6378
f 3179 8138 7606
f 8138 8663 7606
f 8137 3909 8139
f 8139 3909 10729
f 8140 5602 5604
f 5604 3383 8140
f 6908 5522 8141
f 8141 806 6908
f 3917 9178 8142
f 8144 4784 3917
f 5173 11141 1888
f 10033 11141 5173
f 6508 8144 9087
f 8142 8144 3917
f 8145 9433 4763
f 10373 11537 8145
f 1491 4945 8146
f 7841 8146 4945
f 8285 10174 3292
f 10174 9807 3292
f 11294 6394 8148
f 5938 8148 2825
f 3018 8149 11555
f 4894 8149 3018
f 544 6437 8150
f 6263 544 8152
f 3018 8153 3473
f 7948 3473 8153
f 6263 8152 8154
f 8152 544 8150
f 3018 11555 8153
f 7948 8153 8151
f 8152 8150 8154
f 8154 8150 6446
f 8929 8155 599
f 4811 599 8155
f 2927 8983 8156
f 11389 2927 8156
f 4811 8157 4813
f 4811 8155 8157
f 5339 3886 8158
f 8158 3886 1434
f 8777 2193 8159
f 8777 8159 3955
f 8160 6095 5520
f 8160 2586 6095
f 8161 714 2193
f 8161 2193 8777
f 8162 2934 5006
f 8162 5006 8164
f 8163 1900 3165
f 8163 3165 11129
f 2936 8162 8164
f 2936 8164 6620
f 8165 5856 4583
f 8327 5856 8165
f 5927 8166 1064
f 8166 8168 1064
f 4399 8167 9356
f 10276 8167 4399
f 8168 7340 1064
f 8168 2658 7340
f 3230 10635 8169
f 4335 10656 3172
f 8170 1809 5204
f 8170 8693 1809
f 8171 3024 4370
f 11887 8171 7717
f 8172 7946 3875
f 7094 7946 8172
f 4938 4984 8173
f 8173 4984 6648
f 2551 8174 3735
f 3735 8174 3733
f 9323 8175 3843
f 3843 8175 278
f 8176 7145 8353
f 9561 7145 8176
f 8868 4963 8177
f 8177 244 9998
f 7793 8178 4536
f 4536 8178 4455
f 3261 8179 1111
f 8179 2708 1111
f 10869 10597 10594
f 10597 10869 5372
f 3255 8181 3261
f 8179 3261 8181
f 5372 7140 8182
f 5372 8182 10597
f 4441 8183 808
f 5297 8183 4441
f 774 4421 8184
f 8184 4421 7697
f 3917 8185 9178
f 8185 3917 4784
f 8186 7957 2764
f 1229 7957 8186
f 1256 8187 1251
f 1251 8187 1900
f 8188 2302 7555
f 7776 2302 8188
f 8189 3020 1403
f 8189 1403 5386
f 8190 1078 1849
f 8190 7417 1078
f 8348 8191 6002
f 6004 9820 8191
f 2550 8126 8192
f 2550 8192 3713
f 4614 8193 7962
f 7461 8193 4614
f 9380 8194 9910
f 8194 11703 2733
f 11018 4620 8195
f 4620 8198 8195
f 11255 11148 4802
f 2934 11148 3459
f 533 1884 8197
f 8197 1884 6497
f 4620 533 8198
f 8198 533 8197
f 8199 9674 1699
f 9440 1699 8196
f 8200 9038 1752
f 4374 518 8200
f 8201 5718 9095
f 8203 6658 5718
f 7828 8202 2048
f 9917 8202 8204
f 3519 8203 10669
f 8203 5718 10612
f 3683 9917 8204
f 3683 8204 7585
f 3981 8205 4266
f 10469 10467 2848
f 7394 2361 8206
f 8206 2361 8208
f 8207 2367 3905
f 8207 3905 6757
f 8208 7392 11791
f 2361 7392 8208
f 3187 8209 5586
f 10661 8209 3187
f 5871 7392 8210
f 2361 8210 7392
f 8211 3818 8214
f 2224 8211 1622
f 8212 846 4010
f 6822 8212 4010
f 3030 4492 8213
f 8213 4492 1462
f 8211 8214 1622
f 1622 8214 2519
f 8215 1856 1834
f 8215 5144 1856
f 1607 8216 3393
f 3393 8216 10518
f 126 8217 6433
f 1051 8217 126
f 7228 10119 8218
f 1369 11458 8850
f 8219 8033 10471
f 8033 9467 6433
f 1537 6390 8220
f 8220 6390 4376
f 5898 4463 9570
f 2505 9568 4463
f 8222 4376 6388
f 8220 4376 8222
f 8223 9173 5451
f 11425 5451 3988
f 8222 6388 8224
f 8224 8220 8222
f 10543 8227 8225
f 8225 8227 10750
f 8226 9218 3916
f 3470 8226 3916
f 10543 5453 8227
f 5453 10749 8227
f 8228 5482 2730
f 9962 2730 2133
f 10591 8229 1502
f 10591 1107 9670
f 7159 2913 8230
f 8232 8230 2913
f 8231 9675 397
f 8231 397 1147
f 3852 8232 2913
f 10554 8232 3852
f 8233 5931 7920
f 8233 4080 5931
f 7463 8568 8234
f 7264 8234 1258
f 2572 10519 8235
f 2572 8235 11300
f 9014 8068 8236
f 11252 11421 8236
f 1890 692 8237
f 8237 692 4631
f 10791 7477 8238
f 5623 11051 5621
f 3248 8239 1362
f 10544 1862 1362
f 4525 8242 8240
f 4321 4525 8240
f 5235 11399 8243
f 1529 8243 11399
f 11281 5222 8242
f 5222 8240 8242
f 1529 3183 8243
f 8245 3116 8243
f 7092 5892 8244
f 7092 8244 11755
f 3183 2258 8245
f 3183 8245 8243
f 8246 1700 1866
f 1700 8246 4790
f 6388 8247 5207
f 8247 6388 4376
f 1700 4790 8248
f 8248 4790 757
f 8249 5167 3250
f 1483 8249 3250
f 8252 1708 8250
f 588 412 9062
f 8251 3765 1299
f 10825 1299 8863
f 9062 412 8252
f 7176 8252 412
f 5381 8253 3211
f 8253 11392 3211
f 8757 8254 3107
f 3107 8254 10979
f 7082 6989 8255
f 6989 2954 8255
f 3029 8256 4630
f 1875 4630 8256
f 8257 10164 876
f 8257 11242 9072
f 7416 8714 8258
f 4162 8426 8428
f 5239 10796 8259
f 8259 2019 10164
f 9278 9782 8260
f 8260 9781 867
f 8261 3065 930
f 9053 8261 930
f 7161 8262 7162
f 6790 7162 8776
f 12006 8263 2108
f 3980 10155 8263
f 1929 8264 6935
f 1929 5035 8264
f 8265 7004 3805
f 8265 3801 7004
f 11554 8266 1030
f 1030 8266 8269
f 1269 8267 3870
f 5079 3870 8267
f 8268 8270 5086
f 5084 10326 8268
f 8271 8269 7169
f 7169 8269 8266
f 8270 542 8267
f 8268 10326 8270
f 6069 8271 6071
f 8271 7169 6071
f 8272 1417 6259
f 6259 5559 8272
f 6073 8273 3813
f 8273 1030 3813
f 11872 11874 3904
f 6237 3904 11874
f 8275 3815 6443
f 6073 8275 6443
f 320 8276 3277
f 11678 320 4961
f 3815 8277 6443
f 3815 7741 8277
f 8278 1645 1367
f 5346 8278 1367
f 8281 8279 8215
f 8279 8281 7433
f 8280 5338 8278
f 5336 5338 8280
f 8281 8215 1834
f 8281 1834 11729
f 934 7885 8282
f 262 934 8282
f 8283 5013 8147
f 8283 10473 5013
f 9871 8284 9869
f 9869 8284 9712
f 4773 8285 3292
f 4773 8283 8285
f 8286 1578 6409
f 8288 7430 1578
f 8287 803 3898
f 8287 6741 803
f 9406 6673 8288
f 8286 8288 1578
f 10108 4687 10106
f 4687 7960 10106
f 3231 8290 2994
f 2924 2994 8290
f 8292 8291 7018
f 8666 8291 8664
f 8292 8664 8291
f 545 5822 10651
f 11419 624 8293
f 11414 8293 7481
f 9450 8294 5153
f 8294 6828 5153
f 8295 569 5749
f 8293 8295 5749
f 3537 3081 8296
f 7068 8296 3081
f 4933 8297 2578
f 2411 2578 8297
f 4184 8298 7902
f 7902 8298 794
f 2091 387 8299
f 6257 11600 387
f 5415 8300 1548
f 8300 10880 1548
f 1222 8301 5902
f 6577 8301 1222
f 3108 8302 3322
f 3322 8302 9180
f 8303 8301 2052
f 88 8303 2052
f 8304 6601 414
f 10163 6601 8304
f 4137 8305 6460
f 6460 8305 891
f 5863 8306 9791
f 8306 7187 939
f 8157 8307 4813
f 4813 8307 6086
f 8308 1488 6858
f 8308 6858 2351
f 8309 7165 2752
f 8309 5746 7165
f 293 5040 8310
f 293 8310 6911
f 8052 8311 6265
f 8311 3256 6265
f 8431 8312 2322
f 8312 8156 2322
f 245 250 8313
f 250 4967 8313
f 8314 3522 5968
f 6856 3522 8314
f 5222 8315 8240
f 2024 8240 8315
f 3892 8316 7879
f 8316 3065 7879
f 80 1799 8317
f 80 8317 10070
f 8318 4904 10144
f 7045 4904 8318
f 5106 8319 9299
f 576 8319 5106
f 8320 7516 610
f 8322 610 8943
f 576 8321 8319
f 11336 11436 576
f 8320 8322 5512
f 610 8322 8320
f 10448 8323 420
f 420 8323 7840
f 1391 6930 8324
f 1391 8324 5941
f 8325 4244 6429
f 8325 11074 4244
f 1748 8326 386
f 1748 8325 8326
f 4082 1263 8327
f 1263 5856 8327
f 4082 8327 8328
f 5136 4082 8328
f 1429 8329 3696
f 805 3696 9943
f 2638 9246 9177
f 9177 1084 2638
f 7348 8331 1557
f 1557 8331 9769
f 6585 8332 6042
f 8332 3305 6042
f 1084 8333 3623
f 10439 1084 8330
f 9832 8334 2890
f 2890 8334 1181
f 8335 2453 1842
f 2453 8335 893
f 2195 10720 8336
f 9003 2195 8336
f 8337 7875 2253
f 3877 7875 8337
f 7406 1788 8338
f 8338 1788 7419
f 4982 2253 8339
f 8339 2253 7875
f 8340 1264 4836
f 9158 4836 5635
f 2359 10999 8341
f 2359 8341 8210
f 8342 1957 324
f 8344 2585 8342
f 2728 8343 4254
f 7917 8343 2728
f 8342 324 8346
f 8346 324 10730
f 9338 4645 8345
f 4645 9643 9641
f 3277 8344 8346
f 8342 8346 8344
f 1142 3714 8347
f 3714 6917 8347
f 8348 2268 825
f 6002 2268 8348
f 9032 8349 1418
f 8349 5559 1418
f 9030 8350 9705
f 8350 2466 9509
f 2466 8351 2468
f 8350 9030 2466
f 7638 8352 5257
f 5257 8352 8002
f 2820 7147 8353
f 8353 7147 1073
f 10828 8354 1459
f 8354 1173 1459
f 8353 1073 8355
f 8357 1073 8352
f 679 7428 8356
f 8356 11042 11045
f 8359 8357 8352
f 8357 8359 1073
f 1287 8358 8544
f 8358 1287 4765
f 4471 8355 8359
f 1073 8359 8355
f 6980 8360 3074
f 6300 10428 8360
f 8739 3578 8361
f 509 8361 3578
f 3653 848 8362
f 8362 9277 3653
f 10945 8363 8367
f 4709 8363 11010
f 2842 2838 8364
f 6734 8364 2838
f 5954 2009 8365
f 5954 8365 2007
f 1193 8366 11047
f 4820 8366 1193
f 8367 6183 3789
f 8317 8367 3789
f 4013 8368 8366
f 2522 8368 4013
f 8369 4248 8582
f 4248 8369 883
f 10312 10265 9854
f 9854 1166 4282
f 2647 8371 2378
f 2647 8373 8371
f 4804 4806 8372
f 4806 3607 11720
f 1165 8373 4135
f 4135 8373 2647
f 10121 4804 10761
f 4804 9432 4806
f 5787 8375 10148
f 1165 8375 5787
f 1162 8376 6061
f 8376 1162 5944
f 3744 8377 6313
f 8377 157 6313
f 11023 456 8378
f 456 4526 8378
f 4159 9870 8379
f 4159 8379 6565
f 3176 4964 8380
f 3176 8380 8037
f 8381 3517 2129
f 2129 786 11176
f 187 4897 8382
f 8386 4897 8384
f 11815 8383 8167
f 11867 8383 6475
f 8384 4791 11335
f 8384 4897 4791
f 5837 4737 8385
f 8385 4737 10238
f 8386 8382 4897
f 5212 8382 11385
f 4634 8393 8387
f 5652 8391 8387
f 4842 9194 4343
f 11374 9194 4842
f 8389 8393 5302
f 3858 8389 9313
f 8119 8390 4170
f 4170 8390 8392
f 6938 8391 8389
f 5652 8389 8391
f 8392 11376 11368
f 8390 11376 8392
f 8393 5652 8387
f 8389 5652 8393
f 8394 4008 7189
f 6821 4008 8394
f 10868 4163 6565
f 10868 6565 8379
f 10009 1465 8396
f 7299 8396 1465
f 2621 8397 6339
f 8280 8397 8398
f 8657 8397 2621
f 9335 8657 2621
f 5680 8399 2337
f 2401 8400 8399
f 8399 8400 2337
f 2337 8400 5853
f 8403 8401 2443
f 3225 11435 8401
f 8402 1266 3722
f 11944 8406 3110
f 8597 8405 8403
f 8401 8403 3225
f 5823 6322 8404
f 5823 8404 8411
f 8403 8405 3225
f 3225 8405 7469
f 11944 8402 8406
f 8402 8410 8406
f 8410 8407 8406
f 6274 6408 8407
f 7943 8408 7033
f 7033 8408 543
f 3076 8409 2653
f 8430 8409 3076
f 8410 6274 8407
f 8404 6274 8410
f 8402 4153 8411
f 8411 4153 5823
f 8412 8409 8430
f 9238 8412 10430
f 11013 8413 5510
f 857 6232 11786
f 8414 6495 1568
f 9259 6495 8414
f 8414 1568 8415
f 8415 1568 6315
f 2421 8416 1398
f 8416 2421 8706
f 8417 6236 4907
f 7084 8417 4907
f 1170 8418 5267
f 1170 8420 9544
f 8419 7084 4907
f 8419 2316 7084
f 3937 8422 8420
f 904 9544 8420
f 4162 7588 10168
f 7588 11981 10168
f 2796 904 8422
f 8420 8422 904
f 8423 1772 5443
f 5443 1771 8423
f 8424 4162 8428
f 7588 4162 8424
f 8425 290 294
f 302 8425 294
f 8428 8426 7416
f 10170 7416 8426
f 4273 3297 8427
f 4650 10044 8427
f 8424 8428 8258
f 8428 7416 8258
f 3643 8429 958
f 3643 5450 8429
f 8412 8430 3690
f 3690 8430 6525
f 8431 8099 4296
f 8431 2322 8099
f 3914 11756 11758
f 11756 3693 3912
f 10861 8433 6336
f 6336 8433 5897
f 3914 8434 11756
f 8434 3914 8226
f 9509 3994 8435
f 8435 3994 7444
f 6419 5973 8436
f 8436 2409 6419
f 926 8437 4176
f 11609 8437 926
f 2846 11370 8438
f 2846 8438 6570
f 2251 4176 8439
f 8437 8439 4176
f 8445 8442 8440
f 4659 11039 11483
f 735 2251 8441
f 2251 8439 8441
f 8444 8442 8445
f 2557 5223 8442
f 7697 8443 1318
f 4421 8443 7697
f 8444 2557 8442
f 2825 2557 8444
f 4659 8445 11039
f 743 8445 4659
f 8446 10526 3649
f 8446 3649 9601
f 5454 10798 8447
f 5452 5454 8447
f 9882 4725 4723
f 9882 4723 8452
f 8449 136 815
f 136 8449 1512
f 5186 8450 2776
f 4723 8450 5186
f 667 8451 490
f 5170 490 8451
f 4723 5186 8452
f 6494 8452 5186
f 5603 8453 407
f 8453 2582 8455
f 1131 6070 8454
f 8454 6070 1363
f 8453 8455 407
f 407 8455 11683
f 6070 8456 1363
f 1363 8456 5105
f 2582 8457 8455
f 461 11863 2582
f 828 1238 8458
f 8458 1238 1234
f 7542 442 8459
f 7756 8459 442
f 4827 8460 5815
f 9822 5815 8460
f 7936 1822 8461
f 8461 1822 8463
f 1714 4796 8462
f 7981 1714 10628
f 7449 8463 1822
f 9863 7449 1125
f 3798 8464 8462
f 3798 8878 8464
f 8614 7449 8465
f 7449 1822 8465
f 7960 3638 8466
f 11331 10534 8468
f 3204 8467 5300
f 8465 8467 10887
f 8466 11331 8468
f 8466 8468 4688
f 8469 5400 9701
f 5400 8469 484
f 2751 8470 4362
f 9272 9274 4362
f 2374 4083 8471
f 11280 2374 8471
f 5288 5286 8472
f 8472 5286 5283
f 8473 2894 6106
f 2246 11910 11905
f 8474 1171 2865
f 8193 8474 2865
f 8475 7704 1186
f 2951 8475 1186
f 8476 1527 6485
f 1527 8476 3946
f 2951 6020 8477
f 2951 8477 8475
f 923 8478 5010
f 3068 5010 8478
f 8894 9239 4201
f 11055 11108 10138
f 11240 7309 8480
f 10317 11240 8480
f 11055 8481 7715
f 8481 3119 7715
f 8482 8480 7307
f 7307 9696 8482
f 9408 8483 4524
f 11514 4524 8691
f 7332 9229 3073
f 9227 8486 11150
f 8485 6362 4093
f 4093 6489 8485
f 8486 9227 8484
f 8737 11450 3094
f 8487 3214 2285
f 5458 3214 8487
f 10765 8488 8137
f 8488 3094 11450
f 5458 8489 3214
f 5459 8489 5458
f 8490 2434 4854
f 8490 4854 609
f 11739 8491 5172
f 915 8979 8491
f 8492 5878 4253
f 5878 8494 4983
f 8493 3244 2895
f 5800 8493 2895
f 8492 419 8494
f 8492 8494 5878
f 3244 8495 2895
f 8186 8495 3244
f 6147 8496 6140
f 6147 6145 8496
f 5560 1269 8497
f 3870 8497 1269
f 2715 4967 8498
f 2715 8498 255
f 10014 4323 8499
f 8501 8499 4316
f 11169 8498 8500
f 6470 11169 8502
f 10014 8499 8501
f 8503 4309 8501
f 10865 8502 8500
f 11169 8500 8502
f 8503 3560 4309
f 8503 2357 3560
f 6470 8504 249
f 8504 6470 8502
f 9883 8505 2574
f 1195 2574 8505
f 6183 8506 878
f 8506 7600 878
f 1195 8505 8507
f 8507 8505 5359
f 8508 3625 2168
f 8508 5670 3625
f 727 2931 8509
f 10495 727 8509
f 2925 8508 8510
f 5870 2925 8510
f 8511 1555 7136
f 8511 7959 1555
f 11940 11942 9861
f 8516 9861 11942
f 5417 8513 2991
f 11552 8896 8515
f 11987 8516 8514
f 8514 8516 1520
f 8513 8515 2991
f 8515 10602 2991
f 6109 9861 8516
f 11987 6109 8516
f 10140 8517 8519
f 10147 10151 10149
f 8518 161 7854
f 161 8518 3919
f 8519 448 4904
f 8517 448 8519
f 161 3919 8520
f 3919 169 8520
f 4322 4772 8521
f 6646 4322 8521
f 1298 8522 8520
f 8522 1298 8524
f 10481 10703 8531
f 10481 3495 2441
f 8526 4304 8524
f 9311 8524 4304
f 9867 8525 9869
f 8525 9867 871
f 1411 4302 8526
f 8526 4302 4304
f 8527 8074 8072
f 7154 8527 8072
f 8525 6159 8528
f 8529 1336 8528
f 8528 6159 8529
f 3495 8529 6159
f 8074 8530 9638
f 8530 8074 8527
f 3495 8531 8529
f 10481 8531 3495
f 5095 8532 5099
f 8532 2606 5099
f 467 5800 8533
f 8533 5800 2895
f 5095 8534 8532
f 5515 8534 5095
f 8535 1519 467
f 8533 8535 467
f 10381 1204 8536
f 10493 1204 10647
f 8537 1580 2457
f 10341 11632 2457
f 3729 1250 8538
f 1250 7909 8538
f 8551 6618 8539
f 8539 6618 1285
f 7794 5188 8540
f 5188 8086 10643
f 8541 4666 6997
f 10325 11537 4666
f 8542 7117 7119
f 7117 8542 7415
f 6400 8543 9367
f 438 8543 6400
f 8539 1285 8544
f 1287 8544 1285
f 6150 10532 8545
f 10713 11442 11486
f 10228 9094 5461
f 2285 5461 9092
f 2041 8547 2694
f 8545 8547 2041
f 8548 4109 9810
f 8548 9098 8741
f 2373 8549 906
f 8547 8549 2373
f 8550 4109 8548
f 8548 8741 8550
f 7351 8551 2210
f 1857 2210 8551
f 5814 8552 5348
f 8678 7712 5348
f 8553 5961 7989
f 1316 5961 8553
f 8554 2514 2807
f 8554 8523 11114
f 8561 8555 8558
f 5200 8555 8561
f 8556 7231 10323
f 11966 8556 5432
f 3022 10867 8557
f 3022 8557 896
f 3986 8558 8555
f 3986 4705 8558
f 3503 8559 2088
f 8559 5738 2088
f 10264 11805 8560
f 10227 4134 2063
f 8561 3503 2088
f 8561 8558 3503
f 194 2107 8562
f 3323 194 8562
f 9779 5545 8563
f 5545 695 8563
f 3035 680 8564
f 680 2385 8564
f 8565 6328 865
f 11719 6328 8565
f 8494 8566 4983
f 4983 8566 3579
f 5511 5506 9761
f 5506 9759 9761
f 1258 8234 8568
f 1258 8568 10948
f 8571 4510 8569
f 8567 4803 8569
f 8572 6906 6901
f 6904 6906 8572
f 8569 4803 8571
f 4514 8571 4803
f 8572 6901 8570
f 8570 3516 8572
f 2025 8573 2729
f 5622 8573 9271
f 5963 498 8574
f 498 9937 8574
f 5350 8575 8573
f 3847 8575 5350
f 835 8576 11103
f 835 8575 8660
f 4384 950 8577
f 8577 950 5963
f 950 8578 5963
f 5963 8578 498
f 10747 6746 625
f 9334 625 4798
f 4386 8580 7530
f 8580 2214 7530
f 8581 4704 5198
f 6213 4704 8581
f 4248 7466 8582
f 8582 7466 7219
f 6952 8583 189
f 8156 189 8583
f 2966 6099 8584
f 9510 2966 8584
f 8585 6952 189
f 6952 8585 7533
f 1865 1124 8586
f 1865 8586 6825
f 6982 510 8587
f 510 538 9191
f 1542 6351 8588
f 1542 10317 8482
f 8589 3215 8253
f 8787 597 3215
f 8590 7283 5599
f 8590 5599 7383
f 4342 2725 8591
f 9607 9247 9606
f 8592 1469 5012
f 2671 1469 8592
f 8593 9382 11050
f 8593 11050 1880
f 837 8594 3117
f 8594 837 7306
f 11109 8595 4499
f 7064 4499 8595
f 6004 8469 8596
f 6004 8596 9820
f 3793 6907 8597
f 3793 8597 8403
f 4762 5854 8598
f 11235 11233 10015
f 7149 2912 8599
f 7149 8599 8047
f 4772 8600 6421
f 10973 6421 8600
f 8601 1034 6850
f 8923 8601 4714
f 8923 1034 8601
f 8923 5522 1034
f 5763 6721 8603
f 1315 8603 6721
f 2211 10032 8604
f 11586 11195 9055
f 808 4714 8605
f 8609 8607 4714
f 8606 1704 11197
f 11586 11197 11195
f 8607 4712 8605
f 8607 8605 4714
f 8608 11197 1704
f 8608 1704 1947
f 1032 8609 6850
f 8601 6850 8609
f 8610 2249 1056
f 8612 8610 9496
f 3947 8611 2400
f 8846 2400 8611
f 8612 2249 8610
f 6539 2249 8612
f 8613 795 5269
f 796 795 8613
f 1125 7449 8614
f 8614 3411 1125
f 9009 8615 1379
f 5450 1379 8615
f 8616 3574 4548
f 8616 4548 3362
f 5562 4966 10698
f 10698 4966 2089
f 8618 7260 11902
f 1364 7260 8618
f 3319 8619 4509
f 6992 8619 3319
f 8620 8407 4509
f 8620 4509 8619
f 441 3161 8621
f 8622 11462 3157
f 1496 441 8622
f 441 11462 8622
f 8623 9630 4000
f 1458 8623 4000
f 8624 7482 4805
f 8624 4805 8103
f 8625 4001 10737
f 4000 9630 8625
f 6720 8626 1518
f 1518 8626 8624
f 2898 5936 8627
f 8627 5936 725
f 8628 11084 7677
f 2501 659 11086
f 4760 459 8629
f 9886 8629 459
f 4265 8630 8632
f 8630 4265 10752
f 3498 2332 8631
f 10933 9127 526
f 5249 4265 8632
f 5249 11584 558
f 8633 5306 8781
f 9127 5306 8633
f 4256 8634 6325
f 2628 8634 10836
f 4019 2271 8635
f 1286 8635 2271
f 8636 2406 5518
f 8638 11426 2406
f 8637 8683 1549
f 1549 4635 8637
f 8638 2406 8636
f 953 8638 8636
f 8639 7454 3973
f 10464 5023 8639
f 7405 6615 8640
f 10972 7031 8640
f 8641 11242 6608
f 8641 6608 7914
f 1485 6375 8642
f 5055 1485 8642
f 7393 8643 5314
f 5312 5314 8643
f 4964 8644 1461
f 8644 8691 1461
f 5788 8645 1653
f 8645 2175 1653
f 8646 704 4918
f 8646 8188 704
f 8832 8647 7693
f 7123 7547 8647
f 8648 1313 6487
f 8485 8648 6487
f 8649 10367 6635
f 8651 10367 8649
f 8650 5551 1813
f 11378 7750 5551
f 8651 11099 10367
f 9387 8647 5131
f 8656 11064 9321
f 7227 6340 11064
f 7918 8653 6362
f 6362 11087 4093
f 5329 8654 5327
f 8656 9321 5327
f 8655 5336 8280
f 11071 5336 8655
f 8654 2100 8656
f 8656 5327 8654
f 8657 8398 8397
f 8657 8655 8398
f 6014 8658 1320
f 380 11025 6014
f 8659 5225 9171
f 489 5225 8659
f 835 8660 8576
f 8576 8660 1890
f 901 11134 8661
f 8661 5514 9902
f 8662 11471 7333
f 8662 7333 7573
f 8136 1390 8663
f 8136 8663 8138
f 8664 10651 5822
f 8664 5822 8666
f 1390 8665 7831
f 5034 8665 1390
f 5822 6531 8666
f 6531 8670 8668
f 8663 1390 8667
f 8667 1390 2258
f 8666 8668 8019
f 6531 8668 8666
f 8669 2462 4738
f 8669 1478 2462
f 9409 6536 8670
f 8670 6536 8668
f 7999 3913 8671
f 11634 705 7999
f 2939 6955 8672
f 11644 6955 122
f 2154 11604 8673
f 2154 8673 5041
f 1437 8674 3220
f 3220 8675 3226
f 7663 8675 10536
f 3220 10538 8675
f 11199 8676 2552
f 2552 8676 4071
f 8677 5252 2152
f 5252 8677 1647
f 8552 3940 8678
f 5348 8552 8678
f 8679 1647 8677
f 8679 2656 1647
f 10816 8682 10812
f 8682 901 10812
f 5037 8681 5354
f 452 5354 8684
f 8680 901 8682
f 10814 8680 8682
f 8637 7298 8683
f 7298 6203 8683
f 7979 8684 8681
f 5354 8681 8684
f 7323 8685 4113
f 8685 7323 7325
f 5289 8686 5287
f 8686 5289 5952
f 8687 1591 2571
f 2571 1893 8692
f 8688 8483 5392
f 6657 8688 5392
f 2569 8689 8690
f 8687 8689 1591
f 8690 8689 8687
f 8690 8687 2571
f 8691 8483 1461
f 8483 8691 4524
f 2569 8690 8692
f 2571 8692 8690
f 4662 1809 8693
f 4662 8693 4660
f 4390 1694 8694
f 7611 4390 8694
f 11860 1513 8695
f 1513 7031 8695
f 2777 158 8696
f 167 8696 158
f 6710 3102 8697
f 8100 8697 8699
f 8698 2818 6080
f 2353 2818 8698
f 8697 3102 8699
f 3102 954 8699
f 8700 4952 8707
f 2824 4952 8700
f 4339 744 8701
f 8699 8701 744
f 8702 5068 3540
f 8702 11405 5068
f 8703 9013 2198
f 2198 8080 8703
f 3540 11123 8704
f 3540 8704 5499
f 6341 401 10589
f 10589 401 4086
f 8708 1960 8706
f 8416 8706 1960
f 4950 6155 8707
f 4950 8707 4952
f 8708 4424 1960
f 7587 4424 11301
f 3108 3320 8709
f 9955 4706 10705
f 8710 11889 10213
f 10998 11576 4370
f 4958 8711 7311
f 4958 117 8711
f 8712 4219 10705
f 7658 4219 8712
f 9847 9093 8713
f 11921 9847 8713
f 8714 9346 10853
f 8716 9346 8714
f 2968 2979 8715
f 2968 8715 6091
f 3639 9346 8716
f 701 3639 8716
f 8717 6750 6756
f 593 6750 8717
f 3167 6814 8718
f 8718 7935 3167
f 8719 10181 2325
f 8719 2325 4493
f 7898 8720 6706
f 6706 8720 2485
f 8122 2707 8721
f 2707 8719 8721
f 8722 1279 6587
f 8720 1279 8722
f 8723 958 8429
f 11925 958 8723
f 3103 8722 8724
f 8724 4625 3103
f 4770 1022 8725
f 8725 1022 7705
f 5004 8726 6748
f 6748 8726 1715
f 7851 8727 2033
f 8733 2033 8727
f 3159 8065 8728
f 3159 8728 4306
f 3182 8729 7851
f 8729 8727 7851
f 7912 8730 6842
f 8730 8250 6842
f 8731 8729 3182
f 8731 8735 8729
f 8732 8338 8734
f 7160 8732 583
f 8733 7261 2033
f 1397 7261 8733
f 583 8734 9567
f 8732 8734 583
f 8729 8735 8727
f 8727 8735 8733
f 1328 8736 8738
f 4107 8741 1328
f 8737 4267 8486
f 8737 8486 8484
f 8738 8736 7649
f 8940 8738 7649
f 6941 7573 8739
f 8739 7573 3578
f 10006 3605 8740
f 8742 8740 3605
f 8736 8741 7649
f 8736 1328 8741
f 5974 8742 3605
f 9778 8742 5974
f 4563 8743 1442
f 1442 8743 9600
f 7594 8744 1217
f 11664 11415 8746
f 4563 8745 8743
f 4563 10210 8745
f 7594 8746 8744
f 8746 7594 11135
f 8747 1235 7357
f 9727 1235 8747
f 2281 3760 8748
f 3760 2279 8748
f 8749 2622 4269
f 2622 8749 11619
f 1500 8750 3983
f 8750 1500 762
f 8751 1589 1039
f 2830 8751 9277
f 8754 5580 8752
f 5580 8058 8752
f 8928 8753 742
f 8753 4894 742
f 10719 8754 8752
f 10719 10712 8754
f 1080 8755 2916
f 8922 2916 8755
f 7010 8756 9364
f 8756 11165 9364
f 9928 8757 1523
f 8757 3809 132
f 7575 8758 1253
f 8758 7575 5667
f 6102 3708 8759
f 2618 6102 8759
f 8760 1297 4713
f 4711 8760 4713
f 6089 4711 8761
f 5400 8761 4711
f 95 3755 8762
f 95 8762 6258
f 6258 8763 3694
f 8763 6258 8762
f 3457 6136 8764
f 8764 6575 3457
f 8765 1173 3975
f 8764 8767 8765
f 10961 2049 8766
f 2049 404 10414
f 1173 8767 1459
f 8765 8767 1173
f 8768 10388 1229
f 11125 8768 1229
f 8773 5747 8769
f 8509 8769 5747
f 8770 5844 5943
f 8770 5849 5844
f 1400 8771 8769
f 5421 8771 1400
f 3582 10541 9330
f 10541 3582 11615
f 5804 7602 8773
f 5804 8773 8771
f 8774 10406 5883
f 8774 5883 2135
f 8775 2413 5002
f 2413 11909 8778
f 8776 7162 8262
f 8776 8262 8778
f 8777 3955 1340
f 1877 8777 1340
f 11047 8778 1193
f 11909 1193 8778
f 4581 5205 8779
f 8779 4268 4581
f 9418 3435 8780
f 7736 8780 3435
f 1300 8781 8783
f 8633 8781 1300
f 3400 8782 5785
f 9235 2394 8782
f 8783 7057 5381
f 1300 8783 5381
f 5406 8784 2493
f 2493 8784 6799
f 8783 8785 7057
f 7057 8785 8787
f 5805 872 8786
f 8786 2345 5805
f 7057 8787 8589
f 8787 3215 8589
f 488 8788 8790
f 2535 11811 11813
f 3546 8789 775
f 9303 9495 775
f 8788 2948 8790
f 8790 2948 10254
f 1021 3878 8791
f 7531 1021 11325
f 1629 4549 8792
f 4549 9450 8792
f 8793 2861 1711
f 10760 2861 10758
f 4495 11267 8794
f 4495 8794 11606
f 8793 1711 8795
f 8795 1711 1076
f 8796 4455 3005
f 11113 3005 2068
f 11517 11698 4695
f 4695 11698 8053
f 1115 6234 8798
f 6235 8798 6234
f 8799 802 8801
f 8799 3797 6686
f 3487 1475 8800
f 10074 10745 2344
f 8799 8801 3797
f 3797 8801 8803
f 674 8802 8061
f 8802 5091 8061
f 8803 705 7096
f 3797 8803 7096
f 6533 674 8804
f 8804 674 8061
f 2250 8805 5331
f 5331 8805 4331
f 357 8806 3461
f 8807 3463 8806
f 3463 8807 8809
f 8807 8806 8809
f 5056 7262 8808
f 5056 8808 1883
f 357 8809 8806
f 8809 357 9288
f 2840 8810 7262
f 7262 8810 5059
f 7725 2987 8811
f 2987 6433 8811
f 4293 8812 1020
f 1020 8812 1135
f 1495 8813 1872
f 9853 8813 10821
f 8814 11962 8751
f 2832 8814 1449
f 5066 8815 894
f 4402 894 8815
f 7578 7042 8816
f 7578 8816 11753
f 8817 5066 894
f 5066 8817 8998
f 581 4399 8818
f 7639 581 8818
f 3405 8819 3404
f 3405 894 8819
f 8820 2754 7929
f 2754 8820 789
f 8821 5686 912
f 5686 8821 5688
f 11767 8822 2073
f 8822 5253 11773
f 3660 8823 469
f 3660 563 9422
f 11767 8824 8822
f 10266 5253 8822
f 8825 2062 3782
f 8825 6867 2062
f 2912 8826 8828
f 1947 8826 8608
f 8827 10691 2043
f 89 8827 11976
f 1947 8828 8826
f 3406 8828 1947
f 8829 5163 5774
f 5776 8829 5774
f 439 5140 8830
f 8832 439 8830
f 8831 7087 3046
f 4995 7087 8831
f 8832 7123 8647
f 8832 5133 7123
f 8833 8830 8835
f 8832 8830 8833
f 8834 5409 5407
f 2898 8834 5407
f 8835 5135 4151
f 8830 5135 8835
f 2591 8836 2008
f 8836 8838 2008
f 10013 8837 275
f 275 8839 6401
f 2593 8838 2356
f 6214 2356 8838
f 10855 266 8839
f 8837 8839 275
f 4261 6638 8840
f 556 4261 10166
f 8841 11796 6564
f 8841 6564 6207
f 556 5247 8842
f 556 8842 4261
f 454 4036 8843
f 454 8843 10748
f 8844 2713 7109
f 8844 8842 2713
f 8845 9439 3900
f 3900 4976 8845
f 8846 9031 6276
f 6276 9804 8846
f 8847 6193 5283
f 4328 6193 8847
f 8497 8848 4718
f 8848 3713 4718
f 9836 8849 2091
f 11112 2091 8849
f 8218 8850 4722
f 8850 8218 10119
f 3162 8851 3327
f 8851 5533 3327
f 8852 4667 6558
f 4665 4667 8852
f 6446 6442 8853
f 6446 8855 1361
f 7778 8854 2034
f 2034 8854 4999
f 6446 8853 8855
f 8853 10375 11825
f 3796 4715 8856
f 11546 2101 11548
f 5441 8857 5439
f 5439 8857 8125
f 2589 3207 8858
f 2589 8858 3209
f 8859 5325 8861
f 8859 4312 5325
f 3207 8860 8858
f 8858 8860 7179
f 5872 8861 4325
f 4325 8861 5325
f 8862 5142 2385
f 2385 6445 8865
f 10825 8863 7181
f 8864 7181 8863
f 8864 2175 7181
f 1653 2175 8864
f 2385 8865 8862
f 8862 8865 6934
f 1454 8866 3703
f 3703 8866 1777
f 8867 3207 597
f 2587 3207 8867
f 9998 8868 8177
f 8868 3478 253
f 879 8869 4626
f 8869 7673 4626
f 996 8870 2074
f 2074 8870 8872
f 4689 4626 8871
f 4626 5758 8871
f 2074 8872 5161
f 8872 8914 5161
f 5537 8873 5254
f 4245 5254 8875
f 8874 1869 10293
f 7659 1869 8874
f 8873 8875 5254
f 1139 8875 8873
f 8876 7661 10535
f 8876 8874 7661
f 10861 6336 8877
f 3946 8877 10034
f 8878 4661 11296
f 3798 4661 8878
f 8879 1807 4444
f 4444 1810 8879
f 8880 3415 3820
f 3415 8880 10519
f 8881 9659 9661
f 10447 9659 8881
f 8882 1807 5204
f 4444 1807 8882
f 7496 8085 8883
f 8085 8881 8883
f 8884 2225 11890
f 9545 5298 2225
f 8885 4085 6298
f 1096 4085 8885
f 3080 1385 8886
f 5122 3080 8886
f 7526 8887 11469
f 8887 7381 11469
f 8888 4910 8892
f 8419 4910 8888
f 6094 8889 10916
f 6094 8887 8889
f 3080 10863 8890
f 3080 8890 1385
f 7651 8891 4658
f 7651 10616 8891
f 4102 3944 8892
f 8888 8892 3944
f 11780 3201 8893
f 11226 12001 429
f 8479 11055 10138
f 11055 8479 8481
f 1089 8895 7781
f 6661 8895 1089
f 2931 8896 11552
f 10310 2942 8896
f 564 2947 8897
f 2947 2889 8897
f 8898 10073 9141
f 5183 10743 2785
f 8899 3617 2265
f 10478 8899 2265
f 732 8900 1829
f 11508 8900 732
f 5825 8980 8901
f 8901 1244 5825
f 7730 8902 1455
f 1455 8902 465
f 7018 12018 8903
f 8901 9296 1244
f 8904 11941 3195
f 5753 11943 10732
f 5670 8905 2611
f 8905 4574 2611
f 8906 276 3438
f 3438 4591 8906
f 7735 8907 4716
f 8907 11800 4716
f 8908 1943 11840
f 1528 8908 5185
f 5777 8909 3158
f 3158 8909 9557
f 8910 1943 276
f 1943 8912 11840
f 3290 6791 8911
f 8911 6791 949
f 8910 252 8912
f 8910 8912 1943
f 6295 5532 8913
f 5530 8913 5532
f 5161 8914 2076
f 2659 2076 8914
f 8915 10737 10739
f 8625 10737 8915
f 7048 8916 3939
f 3938 3939 8916
f 5269 8917 1488
f 1488 8917 6858
f 5537 8918 328
f 7077 328 8918
f 8919 5269 1488
f 8613 5269 8919
f 7023 8920 683
f 683 8920 10711
f 4440 8602 8921
f 8921 6684 4440
f 1414 8922 8755
f 1158 8922 1414
f 4714 8602 8923
f 8602 4440 8923
f 8540 889 8924
f 11620 11504 889
f 7752 8925 2221
f 2221 8925 7755
f 8926 284 7196
f 11306 7196 7199
f 2221 7755 8927
f 8927 7755 1286
f 5386 8753 8928
f 8928 9576 5386
f 7870 8929 2458
f 8929 7870 6539
f 8930 11037 5089
f 4165 8930 5089
f 8049 8931 2392
f 8049 3216 8931
f 8928 8932 4165
f 8932 8930 4165
f 4802 8933 11255
f 4802 9401 8933
f 742 8934 8932
f 8932 8934 8930
f 10639 8935 892
f 8935 5909 892
f 8936 5093 3754
f 11491 3754 6535
f 5909 11364 8937
f 5909 8937 892
f 4561 2092 8938
f 9420 8938 2092
f 8939 2179 6372
f 8939 8937 2179
f 8940 3212 3210
f 10098 8487 8945
f 8941 8942 7329
f 7329 7331 9574
f 8942 4923 1094
f 8942 1094 7329
f 610 8940 8943
f 8945 8940 3210
f 8944 1219 6548
f 6548 2341 8944
f 8940 8945 8943
f 8943 8945 5456
f 8948 6682 8946
f 6682 962 8946
f 5456 8947 6905
f 8945 8947 5456
f 3126 8948 11864
f 8948 3126 6682
f 11862 8949 6678
f 8949 1043 6678
f 4342 8950 2725
f 2374 8950 4342
f 8951 4311 4310
f 457 4311 8951
f 10490 8949 11862
f 8949 10490 1043
f 4308 8953 3083
f 4308 8951 8953
f 10907 8954 3998
f 11708 8954 5538
f 8955 10888 7744
f 10891 10888 8955
f 11680 6291 8956
f 6291 11118 8956
f 3155 2109 8957
f 11205 3155 8957
f 10530 7418 9976
f 7551 7418 10530
f 10165 3263 8959
f 3263 926 8961
f 8960 7551 8962
f 7551 8960 10465
f 1741 8959 8961
f 3263 8961 8959
f 9181 8958 8962
f 8960 8962 8958
f 8965 4845 8963
f 5404 8963 4845
f 4794 7679 8964
f 4794 8964 8966
f 8965 9945 890
f 8965 890 4845
f 8966 6387 6196
f 8966 8964 6387
f 3238 8967 5897
f 3238 5839 8967
f 10930 6823 8968
f 8968 6823 4901
f 2960 8969 1903
f 661 1903 11089
f 2984 1579 8970
f 8970 1579 8135
f 8971 2444 898
f 8971 7362 2444
f 8972 2518 10736
f 8972 11406 2518
f 8973 2994 2093
f 8973 2093 9657
f 2298 8974 1334
f 2298 7339 8974
f 8975 10647 1205
f 7297 8975 1205
f 1102 8080 8976
f 8978 10052 1102
f 116 617 10233
f 617 7588 10233
f 1102 8976 8978
f 8978 8976 7431
f 539 8979 6433
f 8979 8811 6433
f 3860 6409 8980
f 1131 3860 8980
f 4767 8981 4765
f 8358 4765 8981
f 1035 7003 8982
f 8982 7003 4739
f 4577 2320 8983
f 8585 11312 2320
f 8984 7896 2363
f 8984 2363 11105
f 9973 772 8985
f 8986 772 8989
f 8986 1765 8985
f 772 8986 8985
f 11586 8988 8987
f 8603 8987 5763
f 6482 5763 8988
f 8987 8988 5763
f 4526 4415 8989
f 8378 4526 9138
f 8990 5763 6482
f 2368 8990 6482
f 9426 8991 1302
f 1302 8991 5305
f 4191 8992 3272
f 3272 8992 6090
f 9477 4884 8993
f 4884 5884 8993
f 1443 6275 8994
f 8994 6275 3569
f 8993 5884 8995
f 9477 8993 8995
f 11795 8996 5158
f 5158 8996 2166
f 8997 2277 632
f 3191 2277 8997
f 11696 10701 8998
f 5066 8998 6703
f 689 8999 3290
f 6182 8999 689
f 6182 9000 8999
f 9000 6182 11867
f 5959 9001 1586
f 9001 2433 1586
f 3098 9002 3758
f 3098 491 9002
f 9003 402 2195
f 4606 402 9003
f 866 9004 9542
f 4617 9004 866
f 7537 10517 9005
f 11149 7537 9005
f 1307 11654 9006
f 9004 1307 10555
f 5717 25 9007
f 25 9 9007
f 2228 9549 9008
f 2228 9008 10529
f 9009 1379 4009
f 9009 4009 6311
f 6868 9010 7854
f 5060 9010 6868
f 7038 3963 9011
f 3963 5062 9011
f 6168 9012 995
f 995 9012 6542
f 9013 4414 976
f 9013 1431 4414
f 9014 8064 8066
f 9014 8066 8068
f 5698 9015 5533
f 5698 11304 9015
f 8068 10716 8236
f 8066 10716 8068
f 11707 9017 3177
f 11304 9017 9015
f 10336 5268 9018
f 5268 6210 9018
f 9019 11542 725
f 9019 9021 464
f 9022 9020 2823
f 5223 2823 11613
f 10279 9021 4395
f 9021 3663 464
f 3113 9022 2823
f 9022 3113 405
f 4395 5409 9023
f 4395 9023 10279
f 5684 1968 9024
f 9024 1968 4796
f 9025 2305 5259
f 10738 2305 9025
f 8972 11410 11408
f 8972 11408 11406
f 9279 9029 9027
f 9029 11378 9027
f 476 7843 9028
f 9028 7843 745
f 9029 3174 11378
f 5069 3174 9029
f 9030 9705 11702
f 2466 9030 11702
f 9031 5069 9029
f 8846 5069 9031
f 8349 9032 2893
f 239 2893 11136
f 11122 2687 9033
f 9033 2687 2682
f 6231 468 9034
f 468 11136 9036
f 9652 9035 486
f 9035 9018 486
f 468 9036 9034
f 9034 11785 1637
f 5591 1830 9037
f 6173 9037 1830
f 9040 9038 518
f 518 9038 8200
f 9039 4323 10426
f 9039 8499 4323
f 2216 9040 1757
f 1757 9040 518
f 9217 9041 5625
f 5625 9041 9419
f 9042 2216 2438
f 2216 9042 9040
f 928 5627 9043
f 7477 928 9043
f 1376 9044 7011
f 2494 9044 1376
f 5627 9045 2181
f 928 9047 5627
f 10017 9046 9048
f 9046 7844 2045
f 9047 9045 5627
f 9041 9045 9047
f 160 9048 2045
f 9046 2045 9048
f 9049 1234 830
f 9049 830 2722
f 9136 2529 9050
f 5553 9050 2529
f 1238 9051 1234
f 830 1234 9051
f 3741 9052 10218
f 9052 3741 8377
f 9053 10882 5062
f 10882 9053 930
f 7108 7110 9054
f 9052 9054 7110
f 10034 8877 9055
f 11195 11193 9055
f 6057 9056 2235
f 1964 9056 6057
f 598 1110 9057
f 9056 598 9057
f 1211 3934 9058
f 9058 3934 6139
f 6690 9059 3669
f 9059 6690 1416
f 4891 9060 430
f 4891 8748 9060
f 760 1628 9061
f 760 9061 2396
f 9062 8252 8250
f 10452 9062 8250
f 7050 9065 9063
f 7050 9063 6629
f 7300 2458 9064
f 9064 2458 8929
f 1750 1052 9065
f 1750 9065 7050
f 7177 9066 6583
f 9066 2548 6583
f 9067 1352 2867
f 5246 1352 9067
f 4027 9068 7177
f 9068 9066 7177
f 11172 9069 4608
f 4608 9069 5548
f 9073 9070 9726
f 9073 6295 9077
f 2836 4257 9071
f 330 2836 9071
f 3730 8257 9072
f 5038 3730 9072
f 10683 6303 9073
f 9073 9726 3834
f 690 9074 7617
f 11123 9074 690
f 9075 9078 3832
f 9075 3832 10870
f 6367 9076 2562
f 1281 2562 9076
f 9077 9075 9070
f 9073 9077 9070
f 11694 9078 9080
f 5347 9078 9077
f 9079 10915 6373
f 2353 9079 6373
f 5347 9080 9078
f 5347 2024 9080
f 9081 1604 4628
f 9081 6108 1604
f 9082 5432 5430
f 5430 7455 9082
f 3999 4003 9083
f 6670 3999 10867
f 9084 7197 9085
f 9088 7635 11777
f 11777 9085 10902
f 2017 9085 5432
f 9086 6340 7227
f 2847 10127 7227
f 8142 9087 8144
f 9086 9087 9091
f 9090 9082 10902
f 10902 9085 9090
f 9089 9087 8142
f 9178 9089 8142
f 9082 9090 2017
f 9085 2017 9090
f 9091 9089 6340
f 9087 9089 9091
f 9092 10877 10875
f 9092 5461 9094
f 7517 9093 1345
f 9093 9847 1345
f 9092 9094 8546
f 9096 10879 8546
f 9095 7517 7519
f 7517 9095 9093
f 10228 9096 9094
f 9094 9096 8546
f 1271 10694 9097
f 10951 9953 9099
f 9098 5463 9096
f 5463 9810 11006
f 9099 9953 9097
f 8634 9099 9097
f 564 8897 9100
f 5780 9100 8897
f 9101 8024 686
f 686 9108 9101
f 6115 6306 9102
f 1487 10632 11066
f 7143 9103 7135
f 7135 9103 799
f 477 6537 9104
f 686 9106 9108
f 7141 9105 5242
f 9105 7141 7143
f 9106 477 9104
f 5564 477 9106
f 7141 9107 7143
f 7143 9107 9103
f 9108 9104 7637
f 9106 9104 9108
f 5171 10139 9109
f 9109 10139 10137
f 9110 4443 10638
f 8326 4443 9110
f 9111 2851 7347
f 5445 9111 7347
f 11723 6374 9112
f 5167 1306 9112
f 9113 10777 5247
f 556 9113 5247
f 1713 10775 9114
f 1713 9114 7735
f 5390 2145 9115
f 4886 5390 9115
f 9116 9119 9342
f 9121 245 2980
f 11903 4886 9117
f 4886 9115 9117
f 9118 1371 9989
f 1180 1371 10423
f 9116 2980 9119
f 9119 2980 241
f 9120 10219 2927
f 2207 4579 9120
f 9116 9121 2980
f 9116 1910 9121
f 3844 1707 9122
f 9122 6825 3844
f 9123 388 4506
f 9123 4506 3110
f 9124 5125 3232
f 11695 3288 5125
f 3055 9125 4758
f 9125 3055 7523
f 6948 9126 838
f 9126 782 838
f 10933 8631 9127
f 9127 8631 5306
f 2747 9128 2882
f 9128 2747 6048
f 9129 1995 5572
f 5877 1995 9129
f 11482 9130 11484
f 2388 11484 9130
f 9145 7993 9131
f 7904 9145 9131
f 9132 1666 5473
f 9132 5473 1991
f 9133 1803 5698
f 9487 1803 9133
f 1666 9134 7741
f 9134 1666 9132
f 866 2535 9135
f 10173 9135 2535
f 9050 2527 9136
f 9136 2527 5589
f 1485 9137 6375
f 9137 3945 6375
f 9138 8989 772
f 4526 8989 9138
f 4851 9139 3948
f 9139 9137 3948
f 2289 6190 9140
f 6190 6293 9140
f 9141 9143 5942
f 9141 10073 730
f 9142 5591 9037
f 8042 5591 9142
f 730 4262 9143
f 9141 730 9143
f 2338 9144 3506
f 9500 9144 2338
f 7904 6530 9145
f 1452 9145 6530
f 11615 9146 6500
f 9146 5838 6500
f 1408 1452 9147
f 6530 9147 1452
f 9146 9148 5838
f 5838 9148 1292
f 8039 9149 6128
f 3232 6128 9152
f 4064 9150 4582
f 5209 9150 4064
f 11403 11587 5196
f 11401 1739 11403
f 9149 9151 9152
f 9152 6128 9149
f 2468 11138 9153
f 1538 9153 11138
f 3232 9152 9154
f 9124 3232 9154
f 8088 9155 4648
f 4648 9155 4646
f 7238 9156 10314
f 7238 4327 9156
f 9157 3117 2498
f 837 3117 9157
f 9158 8340 4836
f 8340 9158 6337
f 9159 7908 4092
f 4092 8724 9159
f 1546 9160 7876
f 7876 9160 723
f 1878 9161 7542
f 7542 9161 114
f 9162 8394 723
f 9160 9162 723
f 72 71 9163
f 72 9163 53
f 9405 9164 3135
f 9164 1695 313
f 9165 860 1515
f 4638 11127 10878
f 2135 9166 703
f 2135 10934 11574
f 10295 1494 9167
f 11984 1494 9187
f 7086 3673 9168
f 9168 3673 2868
f 5991 9169 3353
f 4545 9169 5991
f 8017 9170 2978
f 9170 1068 2978
f 9171 3342 3791
f 5225 3342 9171
f 5991 3353 9172
f 9172 3353 1074
f 578 500 9173
f 8227 10749 9173
f 2215 5724 9174
f 2970 9174 5724
f 10576 3146 9175
f 9766 10576 9175
f 9176 673 6784
f 2654 673 9176
f 9177 8330 1084
f 8330 9177 8332
f 9178 7590 8421
f 8185 7590 9178
f 10372 3310 9179
f 1590 9179 3310
f 1270 5925 9180
f 11189 5925 9941
f 8185 9181 7590
f 9181 8962 7590
f 5034 9182 5529
f 11333 2756 5529
f 9183 4389 1389
f 5941 9186 9183
f 8424 9184 7414
f 7414 9184 9349
f 469 3668 9185
f 469 9185 10614
f 9186 3668 4389
f 9183 9186 4389
f 11984 9187 340
f 340 9187 347
f 469 9188 3668
f 4389 3668 11624
f 2146 8587 9189
f 9189 6148 2146
f 514 8712 9190
f 514 9190 5981
f 8587 510 9191
f 9189 8587 9191
f 10203 9192 7716
f 11923 10205 1129
f 9193 529 7346
f 5592 529 9193
f 8388 4343 9194
f 9194 9196 8388
f 3002 11113 9195
f 3000 3002 9195
f 1852 8388 9196
f 119 1852 9196
f 4168 9197 7215
f 4168 2563 9197
f 474 6142 9198
f 9197 474 9198
f 6515 4408 9199
f 6515 9199 4459
f 8212 9200 846
f 9840 846 9200
f 9204 6518 1861
f 9204 1861 1864
f 4459 9202 9201
f 9204 1950 9201
f 7952 11466 3486
f 3486 11466 11472
f 9199 9204 9202
f 9204 9201 9202
f 7952 3484 9205
f 9208 3484 4511
f 9206 9203 7952
f 7952 9205 9206
f 7241 2187 9207
f 9207 2187 7294
f 9206 9205 9208
f 9208 9205 3484
f 9209 593 8717
f 5849 593 9209
f 6166 2981 9210
f 9210 2981 8284
f 9211 5468 4682
f 9211 7820 5468
f 9214 9212 1284
f 1284 10187 4931
f 6243 9213 4682
f 9211 4682 9213
f 885 9214 1284
f 4437 9214 885
f 9507 9215 6243
f 6243 9215 9213
f 4065 9216 2635
f 2635 9216 2634
f 6671 2181 9217
f 9045 9217 2181
f 8226 3914 9218
f 9218 3914 11758
f 970 9407 9219
f 9407 2592 9219
f 5905 9220 8034
f 74 9220 5905
f 5248 9221 762
f 5250 9221 5248
f 74 9222 9220
f 84 9222 74
f 5735 9223 506
f 5735 5819 9223
f 8815 9224 4402
f 4402 9224 4530
f 791 9225 1326
f 1326 9225 1760
f 4530 11133 5505
f 11133 4530 9224
f 11888 3073 9227
f 9229 9227 3073
f 9232 9228 9231
f 8561 9228 9232
f 9229 8484 9227
f 8484 11450 8737
f 9230 6668 3062
f 9230 3786 6668
f 9228 2290 9231
f 2290 5376 9231
f 9232 5377 11420
f 10742 9232 11420
f 3729 9233 8178
f 3729 8538 9233
f 9234 6064 6238
f 9234 11017 6064
f 8782 3400 9235
f 8054 9235 3400
f 6632 6136 9236
f 3457 10873 6136
f 3633 9237 7713
f 9237 3633 9240
f 3694 9238 11756
f 3694 8763 9238
f 9239 6628 6669
f 6669 1901 9240
f 9240 3633 9239
f 6669 9240 9239
f 9241 11689 1028
f 3489 6597 9241
f 1901 9242 3635
f 1901 6504 9242
f 9243 6440 6438
f 9243 6438 7808
f 9244 3635 7710
f 1901 3635 9244
f 2519 9245 1620
f 7020 1620 9245
f 9246 10433 5766
f 9246 5766 9177
f 1977 9247 7948
f 9247 1977 9606
f 752 5677 9248
f 9248 5677 1440
f 2452 5641 9249
f 9249 6535 9409
f 6399 11902 9250
f 9250 7099 6399
f 3563 3806 9251
f 6654 3563 9253
f 9252 3126 8952
f 9252 6682 3126
f 9253 3563 9251
f 5641 9253 9251
f 4250 9254 4242
f 6397 4242 9254
f 9255 3606 2460
f 3960 9255 2460
f 10923 174 9256
f 11589 10387 9256
f 8912 9257 3841
f 9257 5428 3841
f 9258 5547 9459
f 9258 5549 5547
f 9540 3266 9259
f 3266 10957 9259
f 1951 10679 9260
f 3011 9840 10681
f 10079 2796 9261
f 11782 11784 10339
f 7942 9262 1248
f 11117 1248 9262
f 779 9263 9264
f 779 5395 9263
f 9264 4653 1154
f 9263 4653 9264
f 987 9265 2601
f 9265 7405 2601
f 5117 9266 7856
f 7856 9266 11752
f 9265 9267 6615
f 6615 9267 8640
f 731 9268 5284
f 6392 10832 731
f 9265 9269 9267
f 3258 10972 10783
f 3348 9270 5484
f 5484 9270 3430
f 9271 8573 2025
f 9271 2025 774
f 4362 8470 9272
f 8470 8705 9272
f 3960 2460 9273
f 9273 7300 3960
f 9274 9272 836
f 9274 836 9270
f 1537 1689 9275
f 4378 9275 1689
f 9276 5431 64
f 53 5431 9276
f 9277 1039 3653
f 8751 1039 9277
f 9278 4417 9782
f 4417 9278 6812
f 11382 1815 9031
f 1817 1815 11382
f 9280 640 9953
f 3192 640 9280
f 9281 6942 4976
f 9281 4976 1476
f 11582 9747 9282
f 5255 11582 9282
f 1894 9283 11765
f 2949 9283 3335
f 4315 9284 5255
f 9284 756 5255
f 306 9285 7503
f 9285 306 9287
f 11711 9286 6660
f 7194 8002 11713
f 306 3704 11932
f 11932 3704 4286
f 2523 2044 9288
f 8809 9288 2044
f 9289 10248 5307
f 11932 9289 5307
f 5033 9290 2870
f 9290 5033 1331
f 5064 9291 4287
f 9291 5064 9289
f 1631 5831 9292
f 5831 4114 9292
f 9293 4113 8685
f 4110 9293 8685
f 8292 8903 9294
f 8292 10651 8664
f 7237 9295 1540
f 9295 11728 1540
f 9296 9294 8903
f 8903 1244 9296
f 959 9297 2794
f 7077 9297 959
f 9300 7316 9298
f 7316 5624 9298
f 800 9301 9299
f 5106 9299 525
f 1596 9300 7321
f 6253 7321 9300
f 7186 525 9301
f 525 9299 9301
f 7321 9302 1596
f 9302 10102 1596
f 775 9305 9303
f 11470 9305 1041
f 9304 3269 4618
f 9304 11449 9540
f 8789 7897 9305
f 775 8789 9305
f 8789 9306 7897
f 7897 9306 1985
f 907 9307 7986
f 9307 11623 7986
f 1053 9310 9308
f 1053 9312 10810
f 9506 2424 9309
f 9504 9508 11114
f 7786 7792 9310
f 9310 7792 9308
f 5651 1853 9311
f 5651 9311 1416
f 11001 1053 9308
f 11001 9308 9878
f 9620 11597 9313
f 8389 5302 9313
f 9314 9762 4678
f 9762 9314 10051
f 2953 9315 4354
f 9315 9317 4354
f 9316 11556 5366
f 11556 9316 7878
f 9315 3724 9317
f 9317 3724 7380
f 4668 9318 9677
f 7729 9318 4668
f 7328 3859 9319
f 3859 6540 9319
f 11557 9320 1851
f 3641 10315 9320
f 11064 6340 9321
f 6340 8421 9321
f 4610 2956 9322
f 2956 8028 9322
f 9325 9323 1383
f 1383 9323 3843
f 6794 9324 436
f 436 9327 7663
f 9325 6799 1976
f 1976 9323 9325
f 11871 3888 9326
f 1785 11871 11873
f 9324 5235 9327
f 436 9324 9327
f 6480 9330 9326
f 3582 9330 6480
f 688 9329 2072
f 6067 9329 688
f 9330 11869 11873
f 9330 8772 9328
f 10301 9331 6096
f 9331 1448 6096
f 8373 1165 9332
f 9332 8371 8373
f 7426 9333 8349
f 11432 7426 790
f 9334 8579 625
f 9932 8579 9334
f 651 9335 2619
f 4956 9335 651
f 1040 4824 9336
f 9337 4824 5968
f 9336 4824 9337
f 9337 716 9336
f 3552 9338 3550
f 3550 9338 11076
f 9339 5968 537
f 8314 5968 9339
f 9340 227 228
f 10744 9116 9342
f 9343 9341 541
f 6396 6398 9341
f 9342 230 227
f 9342 227 9340
f 9343 6396 9341
f 7958 6396 9343
f 7869 6254 9344
f 1138 9344 6254
f 9345 7934 7569
f 1392 7934 9345
f 9346 413 10853
f 9346 8318 413
f 9216 9347 1510
f 1510 9347 7407
f 7353 9350 9348
f 9348 1576 7355
f 7414 9349 10142
f 10142 10853 413
f 9350 7867 1576
f 9348 9350 1576
f 1758 9351 6859
f 6859 9351 2350
f 11687 9352 6174
f 9352 10615 6174
f 7335 9353 10185
f 9353 7335 2405
f 4401 9354 6860
f 9354 1946 6860
f 5477 9355 2161
f 1649 9355 5477
f 8818 9356 466
f 466 9356 9354
f 558 9357 6626
f 558 2712 9357
f 7541 4567 9358
f 9358 4567 10448
f 9359 2705 7352
f 9359 3396 2705
f 9360 9358 433
f 9360 433 2028
f 1304 9361 6827
f 6827 9365 4978
f 9362 51 17
f 10 9362 17
f 9365 9363 2540
f 9363 7356 2540
f 4553 9364 11671
f 7010 9364 4553
f 6827 9361 9365
f 9365 9361 9363
f 9365 2540 9366
f 9366 2540 1303
f 7010 4553 9367
f 9367 6137 7010
f 9368 1897 5385
f 9368 1068 1897
f 6187 6185 9369
f 6187 9369 727
f 9370 9483 5330
f 9485 9372 9483
f 859 9371 7373
f 375 9371 859
f 9368 4067 9481
f 9481 4067 721
f 9371 3354 9373
f 3354 1354 9373
f 4821 9374 9278
f 10119 11216 11215
f 5659 3672 9375
f 3672 3674 10288
f 2805 9376 3975
f 9378 8765 3975
f 5049 9377 1274
f 1848 1274 9377
f 9378 3975 9376
f 9376 3338 9378
f 9379 9377 5049
f 9379 5049 3025
f 9380 5054 829
f 9383 9380 829
f 3484 9381 736
f 8593 736 9382
f 9381 3486 9382
f 9382 736 9381
f 1458 9383 829
f 9383 1458 9996
f 9384 11633 5594
f 9384 5594 10424
f 6631 9385 11237
f 10828 9385 6631
f 8800 9386 4731
f 9386 1477 4731
f 9387 11099 8651
f 6636 9387 8651
f 9388 2534 11516
f 2537 9388 11516
f 2209 969 9389
f 969 10767 9389
f 3897 9390 6711
f 6711 9390 3504
f 6575 9393 10267
f 10267 9393 7028
f 2649 9392 4855
f 9392 9394 4855
f 9391 7026 9393
f 6575 9391 9393
f 9396 6069 1817
f 483 6069 9396
f 9395 825 8899
f 9395 4973 825
f 9392 9396 9394
f 9396 1817 9394
f 6505 1610 9397
f 6505 9397 929
f 9398 7565 7556
f 7565 9398 4764
f 9397 9399 5047
f 9399 9397 1610
f 9400 2824 6507
f 9400 6507 5047
f 10786 9401 2476
f 4802 2476 9401
f 5047 9399 9402
f 9400 5047 9402
f 9403 85 11853
f 86 85 9403
f 6393 5050 9404
f 6393 11327 6871
f 9405 1695 9164
f 1695 9405 10236
f 9406 8288 8286
f 4640 9406 8286
f 9407 5197 6481
f 970 5197 9407
f 5392 9408 2585
f 9408 4524 2585
f 2452 9249 9409
f 8670 2452 9409
f 9410 1218 3150
f 6825 9410 3150
f 9411 1221 9416
f 9150 1221 9411
f 9412 9996 7160
f 7160 10509 9412
f 7456 2301 9413
f 2301 9411 10050
f 8370 9414 9415
f 9414 217 218
f 9414 218 9415
f 9415 218 217
f 10050 9416 636
f 9416 8042 636
f 9417 5182 9708
f 9417 5177 5182
f 9418 5975 5973
f 8780 5975 9418
f 1456 5625 9419
f 1456 9419 2418
f 9420 4212 8938
f 2307 4212 9420
f 6673 5625 9421
f 1456 9421 5625
f 9422 11019 8823
f 8823 3660 9422
f 9425 9423 6485
f 8476 6485 9423
f 9424 4616 2896
f 9426 2896 8991
f 5235 9425 682
f 9425 6485 682
f 9424 2896 9426
f 6736 9424 9426
f 2771 5080 9427
f 9427 5080 2969
f 9428 4900 6878
f 9428 6878 2388
f 9427 9429 6266
f 6266 9431 10204
f 8866 9430 1405
f 9430 10767 1405
f 2969 9431 9429
f 6266 9429 9431
f 9432 4804 10121
f 7467 9432 10121
f 9433 8145 789
f 8820 9433 789
f 7612 11158 9434
f 7612 9434 6561
f 7476 9435 6739
f 9435 7476 3721
f 9436 5393 4053
f 5393 9436 5919
f 9437 1120 1003
f 9439 1003 9729
f 3753 9438 2170
f 9438 10141 2170
f 1003 9439 9437
f 9439 8845 9437
f 11968 8199 1699
f 5911 8199 11968
f 9441 7118 2937
f 5428 10171 9441
f 2163 9766 9442
f 3425 2163 9442
f 9443 5818 2178
f 9686 9443 2178
f 9688 9444 6368
f 9444 10581 6368
f 11793 444 9445
f 10963 1911 10965
f 4951 9446 1182
f 9446 6965 1182
f 7796 7794 9447
f 7796 9447 5733
f 3355 982 9448
f 10759 9448 982
f 9449 6946 6139
f 9449 11206 6946
f 318 9450 5153
f 9450 318 6788
f 4150 5947 9451
f 9451 5947 2583
f 1097 9454 9452
f 9452 6296 3908
f 9453 3595 1093
f 3595 9453 7352
f 9454 6296 9452
f 6296 9454 7742
f 1250 9455 7909
f 1250 9057 9455
f 8084 9456 3508
f 7742 3508 9456
f 5849 9457 6752
f 5847 6752 9457
f 9457 491 9458
f 491 3283 10613
f 737 9456 9459
f 9459 9461 737
f 9462 9460 5228
f 9460 831 5228
f 9461 5955 3509
f 737 9461 3509
f 9462 7270 9460
f 6101 7270 9462
f 6283 6965 9463
f 6283 9463 1708
f 9464 3264 3781
f 4194 9464 3781
f 2180 652 9465
f 5673 9465 652
f 10471 9466 8219
f 10471 2848 9466
f 8219 9467 8033
f 9467 8219 9466
f 1736 6078 9468
f 5778 1736 9468
f 9469 881 9474
f 9467 9466 9469
f 2695 9470 4411
f 4411 9470 1733
f 9470 9471 913
f 9473 2691 913
f 9469 9472 9467
f 9472 6433 9467
f 2693 9473 9471
f 9471 9473 913
f 9469 9474 9472
f 9472 10402 9312
f 7130 2262 9475
f 5044 7130 9475
f 8967 9476 5897
f 9476 11598 5897
f 4922 9477 3756
f 9477 1707 3756
f 9478 1067 2697
f 9478 7809 1067
f 9479 5164 1508
f 9479 4064 5164
f 7623 9480 1342
f 9480 7623 7621
f 9372 7984 9481
f 9481 721 9372
f 9482 7402 7470
f 9484 9482 7136
f 9483 9372 721
f 5330 9483 721
f 9484 7402 9482
f 9484 5881 7402
f 9485 9487 3144
f 9485 9483 9370
f 9486 4795 3387
f 3481 9486 3387
f 9370 6745 9487
f 9485 9370 9487
f 5716 1342 9488
f 1962 5716 9488
f 3058 1188 9489
f 9489 1188 7187
f 9492 1944 9490
f 1944 6343 9490
f 2031 7187 9491
f 7187 1188 9491
f 9492 4101 1944
f 3083 4101 9492
f 2000 9493 7765
f 2000 2522 9493
f 3083 9494 4101
f 8953 9494 3083
f 9495 4922 1449
f 11468 9477 4922
f 7277 9496 2718
f 8612 9496 7277
f 1345 1577 9497
f 9499 9497 1577
f 2204 7216 9498
f 9498 7216 10004
f 9499 1577 8069
f 3051 9499 8069
f 9500 2338 2935
f 1407 9500 2935
f 3710 10328 9501
f 9501 3974 8038
f 7348 2973 9502
f 1407 9502 2973
f 5046 1565 9503
f 7863 5046 9505
f 9309 9504 9502
f 2424 9504 9309
f 9505 9503 10427
f 5046 9503 9505
f 4138 2010 9506
f 2005 9506 2010
f 9507 10688 2790
f 1413 9507 2790
f 2424 9508 9504
f 2424 9506 11116
f 8350 9509 1233
f 8435 1233 9509
f 9510 11263 2966
f 11264 11268 1017
f 7719 9511 3026
f 2756 9511 7719
f 2659 9512 2076
f 1078 9512 2659
f 2246 11905 9513
f 6106 79 9513
f 5403 535 9514
f 535 7191 9514
f 9515 5703 1194
f 9515 1194 9517
f 748 4394 9516
f 748 9516 5404
f 1194 1599 9517
f 3805 9517 1599
f 4394 9518 9514
f 748 9518 4394
f 6529 2448 9519
f 9519 2448 7973
f 9520 1309 5570
f 9520 9521 8221
f 9520 5570 9521
f 403 9521 5570
f 4919 9522 6050
f 11694 9522 4919
f 7767 676 9523
f 11003 9523 676
f 5510 9524 4807
f 8103 4807 9524
f 9525 1592 2799
f 1592 9525 1594
f 6758 9526 3196
f 9156 9526 6758
f 4560 9527 3842
f 9527 4126 3842
f 7424 2818 9528
f 2353 9528 2818
f 2194 9529 7863
f 1921 9529 2194
f 2353 9530 9528
f 7424 9528 9530
f 11875 9531 1921
f 1921 9531 9529
f 9532 6736 2743
f 9532 2743 6252
f 512 1126 9533
f 9533 1063 512
f 9534 2880 2180
f 9534 5692 2880
f 9535 3664 6743
f 9017 9535 6743
f 10516 9143 9644
f 10516 9644 5987
f 8413 11194 10710
f 4366 10710 11194
f 1208 5600 9538
f 9538 5600 5132
f 7182 9539 4366
f 4366 9541 10710
f 9540 11449 7326
f 9540 7326 3266
f 9539 8624 9541
f 9539 9541 4366
f 9542 9004 2026
f 11244 2026 5004
f 6514 4454 9543
f 6514 9543 6512
f 9544 8418 1170
f 9544 7403 11959
f 9545 2225 8884
f 9543 9545 8884
f 11997 9546 596
f 9546 1784 596
f 5552 9547 619
f 9547 2897 619
f 3977 9548 4445
f 9548 547 4445
f 9548 9549 547
f 2228 547 9549
f 5929 980 9550
f 4543 5929 9550
f 4876 9551 4746
f 9551 7593 4746
f 9552 2222 565
f 6126 2222 9552
f 696 9553 4360
f 2788 9963 696
f 9554 2497 6541
f 9555 11530 2497
f 9555 9554 2952
f 9555 2497 9554
f 1657 9556 3485
f 3485 9558 9963
f 9557 1484 4973
f 4968 1484 9557
f 9556 3487 9558
f 3485 9556 9558
f 9559 4116 3649
f 9559 3649 10526
f 740 4189 9560
f 9560 4189 3470
f 10402 881 9561
f 881 6915 9563
f 5372 2488 9562
f 2488 5032 9562
f 9563 7145 9561
f 881 9563 9561
f 3589 9564 6158
f 6158 9564 3012
f 2083 2999 9565
f 2081 2083 9565
f 9566 650 6197
f 9566 8228 650
f 860 9567 3609
f 9567 10277 3609
f 9568 9570 4463
f 7536 9570 9568
f 10986 3606 9569
f 394 9569 3606
f 7536 8221 9570
f 8221 9521 9570
f 9571 6033 6944
f 6033 9571 6861
f 7722 9572 10489
f 8942 9572 7722
f 5660 9573 1199
f 5386 10334 5660
f 9574 9572 8941
f 7329 9574 8941
f 7331 11450 9575
f 7331 9575 9574
f 9576 11592 10334
f 8928 2610 9576
f 9577 223 9665
f 11574 9577 3536
f 9915 4536 9578
f 10618 9915 9578
f 1257 8052 9579
f 9579 8052 8057
f 6644 9578 9580
f 6644 9580 1882
f 3566 9581 6351
f 9583 9581 3566
f 2058 3709 9582
f 2117 9582 3709
f 3566 9585 9583
f 9585 9111 9583
f 1350 9052 9584
f 1350 9584 1573
f 3566 567 9585
f 567 9696 9585
f 9586 10727 1467
f 10715 9586 1467
f 9536 9587 9588
f 9005 9588 9587
f 9536 9588 9590
f 9005 9592 9588
f 11550 9660 9589
f 9660 4909 9589
f 9590 3027 9644
f 9590 9588 9592
f 9591 5217 1690
f 5217 9591 10156
f 9590 9592 3027
f 9005 3027 9592
f 9593 92 6719
f 97 92 9593
f 7926 9594 4554
f 4552 4554 9594
f 2358 9595 4214
f 8255 4214 9595
f 6900 6747 9596
f 9596 6747 569
f 8009 9597 6573
f 4681 9597 8009
f 1503 2834 9598
f 9598 6225 1503
f 8014 9599 178
f 4489 9599 8014
f 10477 9600 10002
f 1442 9600 10477
f 4377 9601 1801
f 4377 6146 9601
f 9602 5452 7213
f 8591 5452 9602
f 6146 9603 9601
f 4871 9603 6146
f 9604 2727 2725
f 1487 2727 9604
f 5256 3338 9605
f 10786 2476 5256
f 8591 9606 5452
f 2725 9606 8591
f 2725 9607 9606
f 9607 2725 2727
f 7440 9609 9608
f 5923 657 9608
f 806 5923 9609
f 9608 9609 5923
f 9610 497 6358
f 11749 9610 6032
f 9611 4523 8691
f 3511 4523 9611
f 11982 9612 3706
f 9612 3322 10468
f 9613 2760 11386
f 6022 2760 9613
f 3705 9614 4720
f 9612 11982 3705
f 6211 9615 11803
f 6213 9615 6211
f 9616 4406 6041
f 9616 6041 1952
f 1471 2238 9617
f 9617 2238 9619
f 9618 1050 2548
f 9066 9618 2548
f 2238 5688 9619
f 8821 9619 5688
f 8393 9620 5302
f 9620 9313 5302
f 1050 10894 9621
f 2548 1050 9621
f 2616 9622 7581
f 5824 9622 2616
f 8747 1693 9623
f 9623 1693 4974
f 7117 7415 9624
f 8711 9624 7415
f 338 9625 337
f 337 9625 10483
f 9626 3352 566
f 2698 9626 566
f 4171 9627 2765
f 6216 2765 9627
f 3157 7040 9628
f 9628 11205 2532
f 10657 9629 4355
f 4353 4355 9629
f 9630 4001 8625
f 9630 3541 4001
f 1562 9634 9631
f 11217 11225 9663
f 3159 9632 8065
f 5950 8065 9632
f 9633 7070 4597
f 9634 4597 701
f 1562 9633 9634
f 9633 4597 9634
f 9635 911 6490
f 9635 4351 11207
f 9636 5880 5879
f 9636 9881 5880
f 9637 9639 10984
f 10511 2202 9637
f 8076 9638 9885
f 8074 9638 8076
f 9639 9637 2202
f 9639 2202 4467
f 3488 6931 9640
f 71 3488 9640
f 4645 9641 8345
f 9641 7737 8345
f 11604 9642 4531
f 1588 9642 536
f 4469 7184 9643
f 7184 9641 9643
f 9143 9536 9644
f 9536 9590 9644
f 4469 9645 7287
f 9643 9645 4469
f 550 4240 9646
f 4240 5534 9646
f 1062 5397 9647
f 9647 10336 9035
f 4631 9648 225
f 9648 9646 225
f 9695 741 9649
f 5337 9649 741
f 1091 9650 3314
f 9650 9652 3314
f 751 9651 1698
f 1698 9651 347
f 3314 9652 5020
f 5020 9652 5266
f 9653 6772 199
f 9653 199 776
f 3520 4227 9654
f 10807 9654 4227
f 9655 4460 3520
f 9655 3520 9654
f 1684 7039 9656
f 7039 10088 9656
f 9657 3656 7801
f 8973 9657 7801
f 4673 9658 2329
f 9660 4673 4909
f 9659 7733 9661
f 9755 7733 9659
f 9486 9658 9660
f 4673 9660 9658
f 7733 2411 9661
f 2411 4702 9661
f 9662 1585 10697
f 956 9664 9662
f 9663 11225 9631
f 9663 9631 10465
f 956 2524 9664
f 7910 9664 2524
f 3536 9665 4928
f 9665 3536 9577
f 10109 9666 5788
f 5788 9666 8645
f 8340 9667 1264
f 11384 1264 10630
f 1502 11579 7674
f 1502 8229 11579
f 9669 3302 4566
f 9669 2630 3302
f 8229 9670 11579
f 9670 8229 10591
f 2630 9671 5704
f 9669 9671 2630
f 9672 968 1761
f 2660 9672 1761
f 2630 5704 9673
f 9673 5704 9667
f 1761 968 9674
f 10258 9674 968
f 9675 8231 7460
f 9675 7460 3507
f 3695 9676 3223
f 6847 3223 9676
f 9677 4670 887
f 9318 4670 9677
f 6454 9678 1294
f 9678 9165 1294
f 4865 11315 9679
f 6160 4865 9679
f 5596 2275 9680
f 10958 11422 11451
f 9679 4671 9681
f 2410 9681 4671
f 9682 3576 1174
f 1174 5523 9682
f 3881 886 9683
f 2477 3881 9683
f 9684 3271 3056
f 821 3271 9684
f 9685 2169 6513
f 3184 9685 6513
f 2937 10515 9686
f 9686 2178 2937
f 8920 9687 4651
f 9687 5395 4651
f 9444 9688 2352
f 9686 10776 9688
f 11264 9689 9690
f 9689 7397 4460
f 9655 9690 4460
f 9690 9689 4460
f 8920 10120 9691
f 9687 8920 9691
f 57 9692 4708
f 11358 9692 11907
f 9697 9695 9693
f 7023 10120 8920
f 4207 1933 9694
f 9696 4205 4207
f 9695 3773 741
f 9697 3773 9695
f 9696 4207 9694
f 9696 9694 9585
f 9693 7023 9697
f 7023 3773 9697
f 3577 9698 5230
f 5230 9698 3349
f 3102 9699 954
f 954 9699 5082
f 3402 750 9700
f 3402 9700 8828
f 3151 6966 9701
f 5400 3151 9701
f 1280 9702 5516
f 1280 733 9702
f 4912 8607 9707
f 8350 4912 11851
f 9704 7997 2417
f 5516 9704 2417
f 8350 11851 9705
f 11702 9705 9703
f 10328 3710 9706
f 6648 9706 3710
f 9707 8609 9703
f 11851 9703 9705
f 5180 9417 9708
f 5180 9708 2020
f 6582 9709 9711
f 11456 9709 1316
f 6711 3504 9710
f 9710 3504 6089
f 9711 9709 582
f 9713 9711 582
f 9462 9712 460
f 8284 460 9712
f 9713 582 7019
f 11052 9713 7019
f 2273 6854 9714
f 2273 9714 4551
f 8870 5647 9715
f 5645 9715 5647
f 9716 4612 7206
f 9716 2137 10919
f 3753 9717 9438
f 842 9717 3753
f 1789 9718 2012
f 2012 9718 1820
f 9719 4817 2295
f 4817 9719 3607
f 9674 8172 9720
f 3875 9720 8172
f 8449 815 9721
f 9721 815 9723
f 1969 9722 5497
f 148 9722 1969
f 5180 2020 9723
f 9721 9723 2020
f 1598 9724 6966
f 9724 1598 4145
f 6360 2287 9725
f 9725 2287 3446
f 9728 3834 9726
f 6773 9728 9726
f 551 9727 8747
f 3687 9729 551
f 9728 116 3834
f 9728 617 116
f 9729 9727 551
f 9729 1003 9727
f 9730 5835 8254
f 132 5835 9730
f 9731 6596 5210
f 6596 9733 5213
f 5872 333 9732
f 333 6888 9732
f 9733 9771 10960
f 6596 9731 9733
f 9734 3941 1069
f 9734 1069 1706
f 9737 9735 5538
f 9735 11708 5538
f 6848 9736 3901
f 9736 9740 3901
f 5211 9737 1771
f 9735 9737 5211
f 4411 1733 9738
f 3901 9740 1733
f 9741 955 9739
f 5311 9739 955
f 4707 9738 9740
f 9738 1733 9740
f 9741 9739 7910
f 7910 2524 9741
f 9742 3247 1098
f 1100 3247 10762
f 9743 10354 5606
f 10354 9743 9750
f 10544 1863 9744
f 1863 5108 9744
f 11700 9745 6288
f 6288 9745 7992
f 1989 7242 9746
f 8861 9746 7242
f 7992 9749 9747
f 7992 9747 11582
f 6719 9748 2259
f 7228 2259 9748
f 9749 11820 2375
f 7992 11820 9749
f 9749 2375 9750
f 9749 9750 9747
f 9722 148 9751
f 8335 9751 148
f 2629 9752 4169
f 2629 3745 9752
f 4200 1253 9753
f 4200 9753 10681
f 9754 7308 1314
f 7308 9754 9
f 5664 631 9755
f 9755 631 7733
f 9753 11946 5664
f 5664 11946 631
f 9757 7936 1392
f 9757 1392 8967
f 9758 8758 9756
f 9753 9758 11946
f 9761 9759 7480
f 3762 7480 9759
f 254 9760 6222
f 9760 254 9662
f 8567 9761 7480
f 5511 9761 11476
f 9762 1559 1993
f 1559 9762 10051
f 861 9763 4801
f 9763 7400 4801
f 9764 11256 9442
f 10060 11256 9764
f 9765 10101 6463
f 10101 9765 4939
f 2163 6665 9766
f 9766 6665 10576
f 9767 4939 9765
f 4939 9767 6471
f 465 9768 1455
f 9768 465 9770
f 1557 9769 11995
f 7111 458 9769
f 3867 9770 6516
f 9768 9770 3867
f 9771 9733 9731
f 9771 9731 6592
f 6738 5421 9772
f 9772 5421 105
f 6592 6598 9773
f 9771 6592 9773
f 10383 9774 3588
f 3588 9774 4318
f 575 9775 6109
f 9775 575 3107
f 9776 6685 563
f 563 3660 9776
f 147 7961 9777
f 9775 147 9777
f 5976 9778 5974
f 10956 9778 5976
f 9779 1633 4834
f 5487 9779 4834
f 9780 5935 1388
f 3325 5935 9780
f 9781 1018 11737
f 1018 9782 7544
f 9781 8260 9782
f 1018 9781 9782
f 1221 9783 4066
f 4066 9783 4332
f 1571 4141 9784
f 164 9784 9786
f 9785 11135 769
f 10904 3676 9785
f 9784 4141 9786
f 4141 7355 9786
f 9787 7889 1211
f 1031 9787 1211
f 5792 4850 9788
f 5791 5792 9790
f 1821 4798 9789
f 1821 10420 11328
f 9788 11719 9790
f 5792 9788 9790
f 7185 9791 939
f 8306 939 9791
f 4911 9792 11171
f 6492 2643 9792
f 11822 3873 9793
f 9793 3873 1330
f 8047 5065 9794
f 5065 7821 9794
f 9797 9795 1543
f 9795 6385 1543
f 9796 7821 5065
f 9796 8931 7821
f 9797 1330 9795
f 9793 1330 9797
f 976 9800 9798
f 7431 976 9798
f 6014 1320 9799
f 1320 7193 9799
f 9798 9800 9802
f 9802 9800 451
f 9801 10476 2400
f 5518 10476 11801
f 4820 9802 8366
f 9798 9802 4820
f 9803 5995 2486
f 2248 5995 9803
f 6276 591 9804
f 9804 591 11799
f 9807 1894 9805
f 9805 1894 4769
f 6533 9806 9249
f 6533 9808 9806
f 10174 9809 9807
f 9807 12007 1894
f 6533 8804 9808
f 8804 11491 9808
f 8147 7721 9809
f 9809 12007 9807
f 9810 5463 9098
f 9810 9098 8548
f 7723 9811 7721
f 9809 7721 12007
f 1227 4406 9812
f 9812 4406 9616
f 1136 9813 10909
f 3111 9813 1136
f 1026 9814 9812
f 9616 9816 1026
f 9813 9815 3106
f 9815 9817 3106
f 9814 9816 10432
f 9814 1026 9816
f 3106 9817 395
f 9817 1347 9819
f 2747 2882 9818
f 2882 1891 9818
f 9819 6233 395
f 9817 9819 395
f 6002 9820 6611
f 9820 6002 8191
f 4747 9821 1690
f 10152 1690 9821
f 6591 1917 9822
f 1917 5815 9822
f 9823 1246 5915
f 9823 10157 1246
f 4882 9824 6981
f 2141 9824 4882
f 3344 7060 9825
f 1663 3344 9825
f 1252 9826 7089
f 7085 9826 1252
f 7304 9827 2967
f 747 2967 9827
f 7859 5357 9828
f 5360 9828 9830
f 3178 4528 9829
f 9829 7206 3178
f 5357 452 9830
f 5357 9830 9828
f 10407 9831 3476
f 9831 3474 3476
f 3916 3910 9832
f 3910 7520 9832
f 5959 9833 9831
f 9833 5959 666
f 2249 9834 2716
f 2716 9834 2254
f 6950 9835 2463
f 6950 2324 9835
f 8849 9836 4211
f 9834 4211 9836
f 9837 3442 9839
f 9837 7976 3442
f 6105 9838 7639
f 9838 6522 7639
f 5177 9839 3442
f 9839 5177 4429
f 9840 2763 10681
f 9840 10361 2763
f 11432 4313 9841
f 4313 1746 9841
f 9849 5118 9842
f 5218 9842 5118
f 1288 9843 3924
f 7263 9843 1288
f 9844 5218 5118
f 7868 5218 9844
f 9845 2915 7322
f 809 2915 9845
f 94 9846 91
f 94 8827 9846
f 9845 7322 9847
f 9847 7322 4785
f 5105 9848 6439
f 6439 9848 1450
f 9849 385 5748
f 7866 385 9849
f 11594 11884 4161
f 10886 4159 4161
f 502 9851 5607
f 5609 5607 9851
f 6945 9852 10186
f 517 9852 6945
f 502 9853 3702
f 502 5607 9853
f 9854 8370 1166
f 10989 9414 8370
f 6898 9855 6484
f 6484 9855 7382
f 9984 503 9856
f 9856 503 2670
f 921 9102 9857
f 7384 921 9857
f 6939 9858 1709
f 1709 9858 6154
f 9857 9859 6273
f 2040 6273 9859
f 5890 9860 6120
f 6120 9860 3236
f 8511 9861 3345
f 9861 9777 3345
f 7317 2371 9862
f 11409 9862 2371
f 3408 8463 9863
f 9863 8463 7449
f 9864 6519 6498
f 2684 9864 6498
f 9865 5629 3414
f 7873 9865 3414
f 8934 2612 9866
f 2612 4187 9866
f 4409 9867 2278
f 2278 9867 6103
f 9785 1973 9868
f 11192 3051 9868
f 9867 9869 6103
f 9869 9712 6103
f 4159 3829 9870
f 3829 9872 9870
f 8525 8528 9871
f 8525 9871 9869
f 7511 82 9872
f 3829 7511 9872
f 10284 10286 9873
f 769 11135 10288
f 7017 9876 9874
f 9874 7125 7017
f 164 9875 3101
f 9875 7867 3101
f 7017 3858 9876
f 3858 9313 9876
f 9877 10836 1957
f 9877 1957 8342
f 9312 9878 2746
f 9308 9880 9878
f 9881 5355 9879
f 5355 2387 9879
f 10639 9880 8935
f 9878 9880 10639
f 5880 9881 5515
f 5515 9881 9879
f 4403 9882 8448
f 8448 9882 8452
f 9883 3443 5359
f 6790 3443 9883
f 9886 9796 9884
f 11923 5449 9884
f 8076 9885 5337
f 5337 9885 9649
f 9886 5449 8629
f 9884 5449 9886
f 8787 9887 597
f 8867 597 9887
f 3541 9888 1207
f 9630 9888 3541
f 7344 9889 9887
f 9887 9889 8867
f 9890 1207 549
f 3541 1207 9890
f 1847 9891 4341
f 5636 4341 9891
f 1076 4610 9892
f 1184 1076 9892
f 1023 47 9893
f 1023 9893 1678
f 5425 3749 9894
f 1928 5425 9894
f 10615 9904 2649
f 2649 9904 9392
f 9896 4766 3316
f 2471 9896 3316
f 9897 8492 3483
f 10803 11845 9899
f 9902 5514 1762
f 9902 1762 9907
f 9899 11845 3483
f 9899 3483 10289
f 9898 9900 9904
f 9895 9907 5978
f 414 3142 9901
f 414 9901 6220
f 8661 9902 9898
f 9902 9900 9898
f 7546 6604 9903
f 10582 5420 10584
f 9904 9895 9392
f 9900 9895 9904
f 9905 9907 1762
f 9905 1762 5514
f 7607 5507 9906
f 5507 2740 9906
f 9902 9907 9900
f 9900 9907 9895
f 9908 1955 4767
f 11218 9908 4767
f 2443 5978 9909
f 9909 5978 9907
f 9910 8194 2733
f 9910 2733 5057
f 11331 9911 10534
f 3638 932 9911
f 639 9912 10966
f 10968 3340 2174
f 10534 4692 8423
f 9911 4692 10534
f 7279 9914 1770
f 9914 5809 1770
f 3082 4536 9915
f 9915 7810 3082
f 2694 9916 6915
f 6915 9916 9563
f 2048 9917 4869
f 9917 2048 8202
f 811 7596 9918
f 9924 9918 7596
f 4744 9919 9921
f 9923 9919 11997
f 4797 2902 9920
f 2902 9918 9920
f 9923 1658 9921
f 9923 9921 9919
f 9924 7596 9922
f 5829 2326 9922
f 9923 5757 1658
f 10458 5757 9923
f 9920 9924 2326
f 2326 9924 9922
f 10059 9925 6377
f 10685 10233 6377
f 4938 831 9926
f 5736 4938 9926
f 1536 9927 2430
f 2430 9927 193
f 3809 8757 9928
f 9928 3471 3809
f 3810 9929 7728
f 9929 3810 11809
f 4496 9930 9295
f 9931 6027 9930
f 9931 9930 4496
f 7230 9931 4496
f 521 9932 4818
f 9932 521 8579
f 9933 3147 4726
f 5584 9933 4726
f 9934 2770 7955
f 3845 9934 7955
f 9935 9776 768
f 1570 9935 768
f 1007 1005 9936
f 9938 1005 1370
f 6294 4921 9937
f 8574 9937 4921
f 9936 1005 9938
f 9936 9938 3921
f 3706 9941 9939
f 9939 580 1876
f 10308 9940 360
f 360 9940 8646
f 5925 580 9941
f 9941 580 9939
f 9942 2906 8088
f 4642 2906 9942
f 9943 8329 2231
f 3696 8329 9943
f 4642 9942 9944
f 6423 4642 9944
f 890 9945 4428
f 9945 9947 4428
f 1127 9946 6937
f 1177 6937 9946
f 9945 805 9947
f 805 9943 11960
f 3402 9948 750
f 9948 9796 750
f 1131 8980 9949
f 6070 1131 9949
f 9950 6851 6853
f 5292 6851 9950
f 9951 270 5764
f 7200 270 9951
f 8848 9952 3715
f 9952 2550 3715
f 9097 9953 1271
f 640 1271 9953
f 11410 10736 10481
f 8972 10736 11410
f 9006 9955 3320
f 3320 9955 10705
f 1332 9956 10854
f 9956 1332 5772
f 9957 4058 7112
f 9957 4063 4058
f 6409 7430 9958
f 9421 9958 7430
f 3469 9959 4112
f 9959 3469 2734
f 594 2472 9960
f 10462 5757 10458
f 5708 9961 6039
f 1952 6039 9961
f 650 8228 9962
f 8228 2730 9962
f 9963 9553 696
f 9963 9558 9553
f 5576 9964 5696
f 9964 5576 826
f 10577 2826 9965
f 2826 10039 9965
f 9964 826 9966
f 9966 826 7766
f 545 9967 5555
f 11697 545 6409
f 9968 1408 11587
f 5741 1408 9968
f 11675 7724 9969
f 9969 8902 7728
f 11257 9970 6411
f 9421 6411 9970
f 3674 9971 6179
f 3674 948 9971
f 6830 9972 574
f 574 9972 10804
f 948 9973 9971
f 772 9973 9975
f 4021 9974 1691
f 4025 9974 4021
f 3515 9975 948
f 9975 9973 948
f 9976 8716 7416
f 9978 8716 9976
f 5806 9977 1734
f 1734 9977 1871
f 701 8716 9978
f 9980 9634 701
f 9437 9979 4403
f 9979 1047 4403
f 9980 9978 9976
f 9980 701 9978
f 6067 9981 10815
f 10815 9981 982
f 9983 4369 9982
f 11489 734 9982
f 504 9983 5720
f 4369 9983 504
f 11841 1877 9984
f 503 9984 1877
f 1580 9985 9856
f 9985 9984 9856
f 3731 9988 9986
f 7877 9986 9988
f 9987 5516 4019
f 5516 9987 1280
f 1081 5174 9988
f 2802 9988 5174
f 9989 8133 9991
f 2364 9989 4968
f 4360 5524 9990
f 5524 489 9990
f 9989 9991 4968
f 9991 1484 4968
f 4600 150 9992
f 1158 4600 9992
f 9993 428 7995
f 10200 9605 428
f 697 7569 11894
f 697 11894 10355
f 4697 9995 5007
f 9997 5007 9995
f 6839 9996 11819
f 9996 6839 7160
f 9997 888 5007
f 9999 530 888
f 248 3478 9998
f 8868 9998 3478
f 9997 6413 9999
f 9999 888 9997
f 6477 7971 10000
f 7971 947 10000
f 5858 10001 10005
f 5835 10001 5858
f 10002 2140 5150
f 10002 5150 287
f 10003 9773 4872
f 10005 10001 10003
f 961 10004 9120
f 7747 10004 961
f 10005 10003 4872
f 5858 10005 4872
f 10006 10004 7747
f 2918 10006 7747
f 4185 10009 10007
f 11743 2624 4185
f 10008 9490 6343
f 3395 10008 6343
f 1460 4181 10009
f 1460 10009 4185
f 10012 10010 286
f 10013 6401 10010
f 6083 10011 3817
f 3817 10011 11821
f 10012 10013 10010
f 10013 10012 290
f 10013 3893 286
f 3893 280 10013
f 10013 290 3893
f 4309 3931 10014
f 4309 10014 8501
f 4762 8598 10015
f 10015 8598 7134
f 10584 10016 10020
f 10613 10020 10016
f 1218 10017 3744
f 1218 5383 10017
f 9458 10613 10016
f 491 10613 9458
f 6383 10019 207
f 6383 5693 10019
f 10022 10020 10024
f 10613 10024 10020
f 10021 1006 847
f 10021 4186 1006
f 6604 10022 9903
f 9903 10022 151
f 6391 7756 10023
f 3339 10023 7756
f 10022 10024 151
f 10018 151 10024
f 10025 6310 6312
f 2022 6310 10025
f 4370 4368 10026
f 10026 10028 1610
f 10027 9776 1322
f 5870 10027 1322
f 4368 10028 10026
f 4370 10031 4368
f 10029 9173 6414
f 6414 11072 10029
f 4743 10030 10029
f 10030 11854 1657
f 10031 5312 10028
f 4368 10031 10028
f 10032 7805 1313
f 2211 7805 10032
f 11137 11143 10033
f 11143 11141 10033
f 6405 10034 1415
f 11193 10032 1415
f 3548 5859 10035
f 10035 3092 3548
f 10036 3262 8549
f 11365 4728 3262
f 8000 10037 2376
f 2376 10037 11957
f 4728 9191 10038
f 3262 4728 10038
f 1435 10039 2826
f 3181 10039 11313
f 10040 3517 1573
f 7867 10040 1573
f 10041 4740 7539
f 782 4740 10041
f 7404 10042 2755
f 2755 10042 6107
f 10043 10041 2102
f 6142 10043 2102
f 4273 10044 4587
f 8427 10044 4273
f 5830 6709 10045
f 10045 6709 1242
f 5977 4980 10046
f 991 10048 10046
f 10045 1242 10047
f 10047 1242 3480
f 10046 10048 5977
f 7484 5977 10048
f 10049 4674 6058
f 1054 4674 10049
f 2301 10050 9413
f 636 9413 10050
f 10051 9314 2632
f 8119 10051 2632
f 1102 10052 450
f 450 10052 4200
f 606 3248 10053
f 4856 606 10053
f 10054 4338 9790
f 4343 4338 10054
f 10057 1750 10055
f 10057 10055 10053
f 3587 10056 6580
f 3587 10656 10056
f 3248 1362 10057
f 10057 10053 3248
f 10058 432 6172
f 10058 7903 432
f 9925 10059 4340
f 10059 11719 4340
f 10058 6172 10060
f 7903 10058 10060
f 2071 10061 5253
f 5253 10061 2069
f 1011 10062 4451
f 11878 10063 1011
f 10063 10062 1011
f 10063 6544 10062
f 9071 10064 2071
f 2071 10064 10061
f 619 2897 10065
f 2897 6365 10065
f 10066 10657 4355
f 4355 9627 10066
f 10067 10444 6072
f 10256 10067 6072
f 4392 1860 10068
f 1864 4392 10068
f 7154 418 10069
f 7693 10069 418
f 878 7598 10070
f 6305 10070 7598
f 1935 10071 190
f 6808 190 10071
f 10072 671 11655
f 671 10072 10849
f 10073 11423 730
f 10743 5183 10073
f 8800 10074 9386
f 1475 10074 8800
f 10075 10654 2047
f 10075 2047 2600
f 3713 10078 10076
f 1954 10076 10078
f 10077 2742 7403
f 904 10077 7403
f 3713 7166 10078
f 5658 10078 7166
f 7401 6909 10079
f 2796 10079 6909
f 10080 11248 3734
f 10080 3734 7454
f 2587 10081 3207
f 2587 6445 10081
f 4758 10082 6873
f 4758 11970 10082
f 10083 2212 4436
f 11863 10083 4436
f 6933 10084 9206
f 9208 10086 6933
f 10746 4924 10085
f 10087 10085 4924
f 10086 1319 10084
f 6933 10086 10084
f 4924 3001 10087
f 10087 3001 3003
f 10088 4838 2641
f 10088 938 4838
f 1528 10089 2292
f 1528 5185 10089
f 7140 10090 4665
f 4665 10090 4667
f 10091 7062 408
f 408 4975 10091
f 1158 10092 2423
f 6832 2423 10092
f 54 10093 38
f 6841 10093 10096
f 816 4301 10094
f 822 10094 4301
f 1780 7459 10095
f 7459 715 10095
f 54 7689 10096
f 54 10096 10093
f 3212 10097 10098
f 3212 7649 10097
f 3210 10098 8945
f 3212 10098 3210
f 4941 10099 1627
f 4935 10099 4941
f 5876 5874 10100
f 5876 10100 738
f 10101 1627 6463
f 4941 1627 10101
f 3752 10102 127
f 9302 127 10102
f 8003 321 10103
f 2620 8003 10103
f 5645 10104 2472
f 7940 2472 10104
f 1214 10105 2456
f 10105 7797 2456
f 10106 4688 8289
f 10108 10106 8289
f 7797 10107 4501
f 4501 10107 8415
f 1925 10108 8289
f 8264 10108 1925
f 3127 4978 10109
f 10081 3127 10109
f 2694 8547 10110
f 2694 10110 9916
f 1742 10111 9719
f 735 10111 1742
f 1497 10112 11005
f 10114 10112 1497
f 7942 4045 10113
f 10113 9262 7942
f 1497 7253 10114
f 7253 1338 10114
f 924 10115 6451
f 10115 3865 6451
f 10312 5614 10116
f 5614 5612 10116
f 3300 10117 7893
f 3300 1835 10117
f 10118 754 10237
f 754 10118 7926
f 10119 1369 8850
f 10119 867 1369
f 10120 7023 9693
f 10120 9693 4269
f 7467 10121 8374
f 10124 10121 8431
f 1154 10120 10122
f 1154 10122 10928
f 1275 10123 3758
f 10123 3234 3758
f 8374 10121 10124
f 4810 8374 10124
f 4808 10125 6678
f 11862 6678 10125
f 4961 10126 3767
f 10126 4961 644
f 7227 10127 9086
f 10127 7710 9086
f 10128 4759 11858
f 10128 1445 4759
f 10129 2847 7067
f 7713 2847 10129
f 10132 10130 7224
f 10130 5784 7224
f 2100 7395 10131
f 11064 2100 10131
f 8455 10133 1745
f 10133 7224 1745
f 8455 10132 10133
f 10133 10132 7224
f 10131 10134 7067
f 10136 10134 10031
f 10135 6202 3294
f 10137 3294 9103
f 10136 7067 10134
f 10129 7067 10136
f 10137 10139 10135
f 10135 3294 10137
f 10138 7069 4370
f 10138 7711 7069
f 10139 11637 3295
f 10139 3295 10135
f 4906 10147 10140
f 10140 8532 4906
f 10141 4360 10968
f 696 4360 10141
f 7414 10142 4290
f 10142 413 4290
f 10143 5005 3707
f 4591 10143 3707
f 10144 4904 448
f 10144 448 10146
f 812 10145 837
f 10145 812 10143
f 10140 10146 8517
f 8517 10146 448
f 10140 10147 10146
f 10147 10144 10146
f 11366 2061 10148
f 2065 11364 5909
f 10147 10149 10144
f 413 10144 10149
f 10150 8109 23
f 8109 10150 32
f 10149 10151 4290
f 7414 4290 10151
f 8096 11956 10152
f 8096 10152 4472
f 2323 9176 10153
f 2323 10153 10637
f 5678 2401 10154
f 2003 5678 10154
f 2003 10154 10155
f 3980 2003 10155
f 5217 10156 1597
f 10156 11883 1597
f 10157 6199 1246
f 11602 6962 6199
f 10158 3827 10162
f 10158 5416 3827
f 1506 5937 10159
f 6354 1506 10159
f 223 10162 10160
f 223 10160 9665
f 5937 10161 8577
f 1506 10161 5937
f 6600 10162 223
f 6600 10158 10162
f 10161 10163 5939
f 10163 8304 5939
f 10164 2982 2177
f 7458 2982 10164
f 431 1850 10165
f 10165 1850 10198
f 4261 8840 10166
f 3629 10166 8840
f 6549 10167 10974
f 10167 1512 10976
f 10168 11390 10170
f 11390 10168 11981
f 3258 10169 6549
f 2708 6549 10169
f 10168 10170 4288
f 10170 8426 4288
f 1898 10173 10171
f 10171 7118 9441
f 10172 2910 11760
f 10452 10172 10454
f 10171 10173 7118
f 10173 10515 7118
f 8283 8147 10174
f 10174 8147 9809
f 10175 10177 4522
f 8712 4706 10175
f 7446 1099 10176
f 1099 5732 10176
f 10175 4706 10177
f 4706 9955 10177
f 10178 8376 3726
f 5730 10178 3726
f 11057 10179 3630
f 7247 3630 10179
f 10180 10182 3593
f 3590 1241 10180
f 5122 10181 3080
f 10181 5122 10770
f 3161 10182 1241
f 10180 1241 10182
f 7240 10183 7239
f 4192 10183 7240
f 10184 9209 7654
f 5849 9209 10184
f 7749 7341 10185
f 7335 10185 7341
f 6164 10186 6166
f 6945 10186 6164
f 3751 10187 9212
f 9212 10187 1284
f 10188 4 12
f 4 10188 1
f 1284 4931 10189
f 10189 4931 10192
f 10190 1 10188
f 1 10190 10
f 10191 4702 10192
f 9661 4702 10191
f 10189 10192 8297
f 4702 8297 10192
f 4685 8289 10193
f 10193 6935 4685
f 5802 8533 10194
f 10194 8669 5802
f 10195 3687 4977
f 10197 10195 4977
f 6471 7819 10196
f 6471 10196 10696
f 1476 10195 10197
f 9281 1476 10197
f 1850 6469 10198
f 6469 10699 10696
f 4489 10199 9599
f 1988 10199 4489
f 9993 10200 428
f 9993 7829 10200
f 1988 4489 10201
f 9888 1988 10201
f 4275 7318 10202
f 4275 10202 10946
f 6556 487 10203
f 487 9192 10203
f 3828 1605 10204
f 3828 11286 2900
f 10206 10205 11923
f 10206 3026 10208
f 487 10206 9192
f 9192 10206 11923
f 6457 763 10207
f 10207 763 5037
f 10208 7717 10205
f 10206 10208 10205
f 1768 5487 10209
f 10211 10209 4834
f 10210 2953 4521
f 10210 1409 2953
f 10211 1768 10209
f 11308 2941 1768
f 3517 4115 10212
f 4115 6726 10212
f 10213 11578 10998
f 6280 11578 10213
f 3290 10214 6791
f 10214 949 6791
f 10213 10215 5330
f 9511 5330 10215
f 620 3708 10216
f 5734 620 10216
f 10217 2024 5347
f 2024 11671 8240
f 3741 10218 7509
f 10218 5495 10220
f 4579 10219 9120
f 4579 5626 10219
f 10218 10220 7509
f 10220 165 7509
f 4577 10221 1091
f 10219 10221 4577
f 10222 10224 2067
f 2067 1519 10222
f 7068 902 10223
f 10223 902 7617
f 10224 2492 6434
f 10222 2492 10224
f 5273 8371 10225
f 9332 10225 8371
f 444 3755 10226
f 10963 10969 6256
f 10229 10227 2063
f 10229 10225 10227
f 10228 6902 5459
f 5459 7649 10228
f 10229 2063 8560
f 10229 8560 5273
f 5935 10230 1388
f 11101 1388 10230
f 8977 10231 681
f 8534 681 10231
f 5935 571 10232
f 571 1249 10232
f 681 10233 8977
f 7588 8977 10233
f 5608 7996 10234
f 5608 10234 7313
f 1758 10235 5915
f 1758 10113 10235
f 10236 309 4649
f 309 10236 9405
f 754 6635 10237
f 10237 6635 3830
f 4737 4742 10238
f 4741 10238 4742
f 8895 10239 7783
f 10240 7783 10239
f 7129 10240 5873
f 10240 10239 5873
f 9951 10241 7200
f 10243 7200 10241
f 1626 5387 10242
f 10244 1626 10242
f 259 269 10243
f 10243 269 7199
f 10244 1896 1626
f 1896 10244 6522
f 9100 10245 564
f 8819 564 10245
f 10246 5083 5082
f 5083 10246 5924
f 6178 2077 10247
f 2059 6178 10247
f 284 10248 6386
f 10248 300 6386
f 3938 10249 1071
f 3938 8916 10249
f 10250 1735 11274
f 1735 10250 11156
f 10916 4388 10251
f 10251 4388 586
f 10252 4298 9420
f 4298 10252 1137
f 10253 10114 3826
f 10253 3826 435
f 4131 10254 5679
f 10257 10255 4131
f 8790 10254 10255
f 10255 10254 4131
f 10256 6072 4788
f 10256 4788 10346
f 1712 10255 10257
f 5781 1712 10257
f 11300 7094 10258
f 10258 7094 8172
f 10259 6637 7311
f 10259 6634 6637
f 2229 3129 10260
f 10260 3129 1197
f 3330 10263 7079
f 11084 10263 3330
f 6304 10262 1058
f 10262 6264 1058
f 10261 10263 11734
f 10261 7079 10263
f 10148 10264 2063
f 8560 2063 10264
f 10265 1168 10989
f 10265 5761 1168
f 336 10266 8824
f 8822 8824 10266
f 10267 5274 3457
f 5274 10267 7032
f 9390 10268 529
f 10268 7346 529
f 5274 7032 10269
f 1109 5274 10269
f 5294 5292 10270
f 4603 5294 10270
f 10271 6297 6138
f 10271 6301 6297
f 10272 6301 6303
f 6297 6301 10272
f 6922 710 10273
f 6922 10273 11642
f 10687 10274 10272
f 10274 10687 10429
f 10275 5216 10273
f 10275 3856 5216
f 7336 10276 4447
f 10276 4399 4447
f 10277 7419 1183
f 8338 7419 10277
f 4034 10278 3980
f 7852 10278 4034
f 9021 10279 3663
f 10279 10535 11455
f 4119 1651 10280
f 4119 10280 783
f 4996 783 10281
f 10281 783 10280
f 10282 9560 4896
f 4187 10282 4896
f 10283 2018 5268
f 10283 8100 10285
f 6925 10284 3437
f 7822 10284 6925
f 10283 10285 2018
f 2099 2018 10285
f 9375 3672 10286
f 7823 9375 10286
f 3381 3378 10287
f 3381 10287 11558
f 10288 10286 3672
f 10288 9873 10286
f 4253 10289 4255
f 10289 3483 4255
f 2506 653 10290
f 653 9154 10290
f 9626 10291 3352
f 10293 6996 3352
f 2336 10292 7904
f 6530 7904 10292
f 8874 10293 10291
f 10291 10293 3352
f 10294 1587 5196
f 10294 5196 11587
f 2718 10295 6204
f 6204 10295 9167
f 10292 1587 10296
f 10294 10296 1587
f 10297 6968 6705
f 10295 6968 10297
f 1090 4239 10298
f 11888 9227 11150
f 10299 6705 1056
f 5224 6705 10299
f 10300 4690 638
f 11934 10300 638
f 595 7941 10301
f 595 10301 9848
f 6337 10302 5636
f 4341 5636 10302
f 7399 239 10303
f 239 468 10303
f 3571 6652 10304
f 7625 10304 6652
f 10305 3136 6746
f 10305 1996 3136
f 7036 86 10306
f 440 7036 10306
f 10307 8919 4725
f 5857 10309 4725
f 5291 9940 10308
f 10308 6639 5291
f 8613 10307 10309
f 10309 10307 4725
f 9369 10310 2931
f 10310 8896 2931
f 1453 2637 10311
f 1160 10311 2637
f 10312 9854 4282
f 10312 4282 5614
f 5799 1404 10313
f 5799 10313 5951
f 10314 7246 7244
f 8859 7246 10314
f 10315 5450 1851
f 1851 9320 10315
f 10316 10314 9156
f 8859 10314 10316
f 10317 1542 8588
f 8588 3240 10317
f 7353 3009 10318
f 10318 3009 176
f 7531 10321 10319
f 139 5494 10319
f 2732 10320 1061
f 10668 1061 10320
f 1533 139 10321
f 139 10319 10321
f 5777 10322 2098
f 398 10322 5777
f 129 7354 10323
f 10323 7231 129
f 6603 10324 896
f 3022 896 10324
f 5703 10325 8541
f 10325 4666 8541
f 542 8270 10326
f 11183 542 10326
f 10327 11885 196
f 10327 196 1848
f 4077 3974 10328
f 9501 10328 3974
f 10725 10329 381
f 10329 8966 381
f 538 6977 10330
f 10332 10489 6977
f 10331 1634 4613
f 7478 10333 10331
f 10332 4923 10489
f 1094 4923 10332
f 10331 10333 1634
f 10333 1829 1634
f 5660 10334 9573
f 10868 9573 10334
f 10337 10335 7315
f 7317 9862 10335
f 10283 10336 5397
f 5397 10336 9647
f 7317 10337 5283
f 7317 10335 10337
f 1768 2941 10338
f 1768 10338 11057
f 3937 10339 11784
f 7254 10339 3937
f 10340 570 4028
f 10340 4993 570
f 11292 10341 833
f 833 10341 2457
f 570 4993 10342
f 4993 2087 10342
f 10343 10345 3939
f 10343 1989 7288
f 7107 5220 10344
f 1381 7107 10344
f 10345 7288 3941
f 7288 10345 10343
f 4788 10403 10346
f 10401 1226 10346
f 708 5617 10347
f 10347 6493 708
f 1226 11457 10348
f 1226 10348 10346
f 10349 7953 7951
f 10349 7951 1558
f 131 10350 7386
f 10350 10351 4217
f 10351 131 2959
f 131 10351 10350
f 11820 10352 2375
f 2375 10354 9750
f 10353 3575 3472
f 10351 3575 10353
f 10352 10354 2375
f 10354 10352 5275
f 697 10355 7922
f 7922 10355 9055
f 6923 10356 6919
f 10356 3170 6919
f 10977 10357 6923
f 6923 10357 10356
f 916 10358 10384
f 9715 10358 916
f 7579 10359 1514
f 1514 10359 9612
f 10360 6305 8095
f 6305 10360 7508
f 10361 6717 2763
f 6717 10361 3665
f 10610 10362 10527
f 10362 2334 3192
f 6749 10363 6751
f 10363 2473 6751
f 7267 10364 6545
f 3047 6545 10364
f 6635 10365 7045
f 10367 10365 6635
f 2513 2030 10366
f 3166 10366 2030
f 10367 11658 10365
f 10367 11099 1524
f 3118 8016 10368
f 11847 10368 5726
f 10369 10497 4454
f 10369 4454 9770
f 10370 2022 8016
f 3118 10370 8016
f 3160 10371 4257
f 4257 10371 6327
f 10372 3308 3310
f 3308 10372 1436
f 10373 8145 4763
f 5745 10373 4763
f 3185 3181 10374
f 9015 3185 10374
f 10375 6444 3777
f 10375 3778 6444
f 11849 5657 7409
f 5385 5657 11849
f 8035 8040 10377
f 10377 8040 6657
f 2788 10378 981
f 10378 2788 7146
f 10379 10380 5637
f 10379 11461 4306
f 4306 8728 10380
f 4306 10380 10379
f 332 7374 10381
f 332 10381 632
f 10382 3634 8872
f 6384 3634 10382
f 5060 1857 10383
f 10383 1857 9774
f 916 10384 4228
f 3906 4228 10384
f 5060 10385 9010
f 10385 5060 10383
f 3875 3967 10386
f 3967 1553 10386
f 9256 10387 4477
f 4869 4477 10387
f 11768 662 10388
f 662 5797 10388
f 5428 1581 10389
f 5428 10389 10171
f 8766 10390 656
f 656 10390 10874
f 10393 10391 516
f 4691 11367 10391
f 10396 3988 10398
f 10394 8562 2107
f 11063 4691 10393
f 10393 4691 10391
f 10394 10396 10392
f 10394 10392 3881
f 6129 7789 10395
f 7789 1749 10395
f 10396 10394 2107
f 10396 2107 10821
f 10397 7046 1777
f 7046 10397 7448
f 10396 10398 10392
f 10392 10398 11852
f 10399 3123 857
f 10966 3123 10399
f 10001 10400 10003
f 3120 10003 10400
f 7388 5705 10401
f 10400 7388 10403
f 9474 10402 9472
f 881 10402 9474
f 7388 10401 10403
f 10346 10403 10401
f 10404 3048 9675
f 344 3048 10404
f 10405 2364 823
f 823 7168 10405
f 6503 10406 8774
f 5067 10406 6503
f 2554 9831 10407
f 3149 2554 10407
f 11460 10412 10408
f 10408 7203 2145
f 10409 3421 6534
f 4073 3421 10409
f 10408 10410 7203
f 6973 7203 10410
f 10411 2416 6024
f 10411 3600 2416
f 6973 10410 10412
f 10408 10412 10410
f 10413 4601 11217
f 10415 4601 10413
f 8766 10414 10390
f 2049 10414 8766
f 10415 3375 4601
f 6914 3375 10415
f 10419 7433 10416
f 1151 10416 7433
f 10417 10418 6504
f 11058 10418 10417
f 10418 6502 10415
f 6244 6502 10418
f 8279 10419 2854
f 10419 8279 7433
f 1821 9789 10420
f 9789 7899 10420
f 10419 10421 2854
f 10421 6371 2854
f 10422 7190 7931
f 10422 7931 4776
f 10423 1371 9118
f 3761 10423 9118
f 10424 4485 1180
f 10424 1180 7109
f 7674 10425 4438
f 11579 10425 7674
f 10426 4319 4325
f 4319 10426 4323
f 10427 9503 4314
f 10427 4314 5081
f 3074 8360 10428
f 3074 10428 10431
f 10429 4848 739
f 6147 10429 739
f 10430 8412 3690
f 3693 10430 3690
f 10431 1727 3074
f 5077 1727 10431
f 9816 6517 10432
f 6517 4643 10434
f 5612 10433 9246
f 5614 10433 5612
f 6517 10434 10432
f 10434 5711 10432
f 11468 10435 4884
f 4884 10435 1041
f 2837 10436 6055
f 10434 12013 2837
f 10437 6003 3410
f 7172 10437 3410
f 996 2074 10438
f 11494 10438 2074
f 10439 10443 8333
f 10439 8333 1084
f 9621 10440 2212
f 10440 11342 2212
f 10443 3533 10441
f 10441 10892 1474
f 10442 9442 5969
f 3425 9442 10442
f 10443 1474 7838
f 10441 1474 10443
f 10444 10442 130
f 10444 130 6284
f 10445 2099 2029
f 5373 2099 10445
f 10446 11881 6324
f 6324 1323 10446
f 11985 11986 4703
f 4703 11986 530
f 2791 10448 6967
f 433 10448 2791
f 3274 10449 4749
f 9319 10449 3274
f 1609 10453 10450
f 10450 706 9253
f 792 10938 10451
f 577 10451 4072
f 2910 10172 10452
f 10452 8250 2910
f 706 10450 10453
f 10455 706 10453
f 4456 6124 10454
f 10454 6124 10452
f 10455 3518 10456
f 3518 10455 10453
f 6656 10456 11865
f 11865 10456 3518
f 10457 10461 813
f 10457 2789 10459
f 10458 594 9960
f 7778 594 10458
f 2787 10457 10459
f 10459 6952 2787
f 2474 10460 10462
f 10460 2474 11237
f 2787 10461 10457
f 10461 2787 7533
f 2474 10462 9960
f 10458 9960 10462
f 10463 3855 2758
f 10461 3855 10463
f 4738 10464 3973
f 3973 10464 8639
f 4599 9663 10465
f 8960 4599 10465
f 6293 10466 2651
f 7656 2651 10466
f 8205 1703 10467
f 8205 10467 10469
f 3706 10468 9941
f 3706 9612 10468
f 4266 8205 10469
f 4266 10469 7131
f 10470 6465 9843
f 10470 6467 6465
f 7131 10469 10471
f 1051 7131 10471
f 10472 5803 8895
f 5875 5803 10472
f 8283 5008 10473
f 10473 5008 5011
f 7204 10474 7202
f 7202 10474 8063
f 947 4225 10475
f 10475 4225 3197
f 10476 2546 3947
f 10476 3947 2400
f 11693 10477 6264
f 10477 10002 6264
f 2265 4241 10478
f 10478 10480 1847
f 10479 3941 7288
f 10479 9732 3941
f 4241 9891 10480
f 10478 4241 10480
f 11410 10481 8523
f 10481 11114 8523
f 10482 573 5971
f 573 10482 1520
f 6209 10483 1726
f 10483 6209 337
f 10484 10677 1520
f 10484 1520 10482
f 10485 723 1537
f 1188 10485 1537
f 10486 1038 4391
f 398 1038 10487
f 10487 1038 10486
f 2764 10487 10486
f 1722 10488 10293
f 1722 989 10488
f 10330 6977 10489
f 11973 10489 10298
f 10490 11862 11864
f 8948 10490 11864
f 10491 1618 6739
f 1618 10491 5266
f 6051 632 10492
f 6051 10492 1516
f 10493 8536 1204
f 8536 10493 6920
f 9934 10494 2770
f 10494 4686 2770
f 3811 10495 8506
f 8506 10495 5747
f 10496 11467 2433
f 5245 10496 2433
f 6454 10497 3865
f 10497 6454 4454
f 5942 9143 10498
f 5942 10498 11788
f 7083 10499 5666
f 177 5666 10499
f 3331 10500 3329
f 5982 10500 3331
f 10501 7226 6861
f 10501 211 7226
f 11788 10504 11790
f 11790 10504 3333
f 4603 10270 10503
f 10506 4603 10503
f 11788 10502 10504
f 10500 10504 10502
f 10505 3333 10504
f 2317 3333 10505
f 1826 10506 8784
f 1826 4603 10506
f 449 4677 10507
f 8618 10507 4677
f 10508 3884 10621
f 10508 1268 10623
f 1853 10509 7894
f 1853 9412 10509
f 4060 10510 7286
f 10510 2289 7286
f 1783 10511 7478
f 11868 10511 1783
f 10512 6930 3716
f 7310 10512 3716
f 6578 492 10513
f 1621 10513 492
f 2561 10514 6035
f 2561 8622 10514
f 10515 8013 9686
f 2535 8013 10515
f 10517 5042 10516
f 10498 10516 5042
f 10517 5984 5042
f 7537 5984 10517
f 4722 3391 10518
f 8218 4722 10518
f 11941 10519 3195
f 10519 8880 3195
f 1527 10520 6485
f 6485 10520 6491
f 10524 10521 4094
f 4094 11203 11804
f 11157 1313 10522
f 8648 10522 1313
f 909 11327 10523
f 909 10523 4756
f 2691 10524 4094
f 6346 10524 2691
f 7101 10525 417
f 7558 417 10525
f 4800 9559 10526
f 4800 10526 4802
f 10527 3192 9280
f 10362 3192 10527
f 10839 10528 10837
f 2622 11619 10839
f 2228 10529 7243
f 10529 7241 7243
f 8962 10530 7590
f 7551 10530 8962
f 7163 10531 11949
f 8328 6428 10531
f 10532 2146 6148
f 10532 6148 8545
f 10533 10835 4908
f 4908 10528 10533
f 10534 8423 9913
f 9913 8468 10534
f 10535 9183 1389
f 1389 8876 10535
f 3222 10536 8674
f 8675 10538 10536
f 10537 4307 1726
f 10537 7102 4307
f 10536 10538 8674
f 8674 10538 3220
f 6682 10539 962
f 962 10539 10822
f 7102 10537 10540
f 7102 10540 10542
f 9330 10541 8772
f 8772 10541 11615
f 6161 10542 2683
f 7102 10542 6161
f 11993 6944 5453
f 11993 9571 6944
f 8239 10544 1362
f 4199 10544 8239
f 6944 10547 5453
f 5453 10547 10749
f 3318 10546 8180
f 10546 5372 10869
f 10547 10545 4593
f 6944 10545 10547
f 4937 10548 7841
f 10548 4937 3190
f 10644 10549 4754
f 10549 5635 4754
f 7884 10550 11550
f 2699 10553 1550
f 10549 10551 5635
f 10551 9158 5635
f 6431 10552 3108
f 10552 3320 3108
f 6708 10553 10550
f 10553 11550 10550
f 4461 10554 3852
f 4464 10554 4461
f 10552 10555 9006
f 1307 9006 10555
f 5223 10556 2823
f 2557 10556 5223
f 8230 10557 4030
f 4030 10557 8232
f 2080 3955 10558
f 8159 10558 3955
f 10559 4030 10554
f 10559 2257 4030
f 6153 5743 10560
f 10560 11232 6153
f 10572 10561 900
f 10561 7417 900
f 2360 10562 7553
f 2360 997 10562
f 10563 4593 4595
f 10564 4595 4155
f 500 10563 10564
f 10564 10563 4595
f 10565 806 9609
f 10565 6908 806
f 9940 11446 684
f 11446 7776 684
f 8637 4635 10567
f 10567 4635 8131
f 7621 7619 10568
f 9480 7621 10568
f 10569 6403 4818
f 4818 1297 10569
f 6550 4864 10570
f 4864 8420 10570
f 1144 1932 10571
f 10571 11842 1144
f 7215 1202 10572
f 4031 7215 10572
f 10573 11115 1167
f 10573 1167 10575
f 8803 10574 6231
f 468 6231 10574
f 10573 10575 4260
f 10561 4260 10575
f 10576 6665 6170
f 10576 6170 3146
f 2478 6099 10577
f 2478 10577 9965
f 10578 8341 3146
f 10578 3146 6170
f 10579 9171 776
f 3123 10579 776
f 10580 2877 6117
f 2105 2877 10580
f 10581 10583 6368
f 6366 2626 10581
f 6604 10582 10584
f 6604 6754 10582
f 10581 2626 10583
f 2626 559 10583
f 6604 10584 10022
f 10022 10584 10020
f 10585 10587 5839
f 2942 5300 10585
f 10590 3565 10586
f 5241 10586 10592
f 10585 5300 10587
f 8467 10587 5300
f 7458 10588 2021
f 10590 7458 3565
f 8705 6341 10589
f 8705 10589 9272
f 10590 7455 10588
f 10590 10588 7458
f 6904 10591 6906
f 1301 10591 6904
f 10592 10586 3565
f 10592 3565 2019
f 5528 8913 10593
f 10593 3836 5528
f 10594 10599 6277
f 10597 10599 10594
f 5895 10595 2105
f 2105 10595 2877
f 1696 8852 10603
f 10597 8182 1696
f 10597 10601 10599
f 10597 1696 10601
f 9331 10598 1448
f 10598 3337 1448
f 10599 895 3569
f 10601 895 10599
f 10600 1887 11298
f 10602 7878 10600
f 10601 10603 895
f 1696 10603 10601
f 10602 729 11295
f 10602 10600 11299
f 10603 10596 895
f 8852 10596 10603
f 4293 10604 4292
f 4292 10604 2094
f 4016 10605 1652
f 10605 1775 1652
f 7411 2634 10606
f 7411 10606 2094
f 899 5753 10607
f 899 10607 8235
f 2697 1067 10608
f 4124 2697 10608
f 7947 5037 10609
f 10609 5037 5032
f 4759 1445 10610
f 872 10610 1445
f 7546 10611 6604
f 2304 10611 7546
f 8201 10612 5718
f 10669 8201 7515
f 10613 10018 10024
f 3283 10018 10613
f 768 10614 7491
f 9185 7491 10614
f 10615 7923 6174
f 10615 2649 7923
f 10616 5384 4442
f 7762 5384 10616
f 3679 6177 10617
f 10617 6177 5809
f 9915 10618 7810
f 10618 7813 7810
f 7247 10617 10619
f 10617 5809 10619
f 10620 6191 8440
f 6191 10620 3312
f 11974 8376 11527
f 11527 11530 2950
f 10622 4372 1052
f 1750 10622 1052
f 2860 3884 10623
f 10623 3884 10508
f 10624 4096 7918
f 4098 4096 10624
f 1062 10625 5397
f 8051 10625 1062
f 9327 10626 4095
f 10626 10624 4095
f 2605 11543 10627
f 2605 10627 5444
f 8462 3332 10628
f 10628 1714 8462
f 6849 844 10629
f 4464 10629 844
f 9667 10630 1264
f 5704 10630 9667
f 5110 10631 6849
f 6849 10631 844
f 10632 1912 6115
f 6115 11066 10632
f 1962 10633 9812
f 1962 9488 10633
f 10632 10634 1912
f 10832 1912 10634
f 3172 8169 10635
f 10635 5201 3172
f 6061 10636 2070
f 10640 2070 10636
f 10637 9221 2150
f 2323 10637 2150
f 4443 4853 10638
f 4853 10640 10638
f 10639 539 2746
f 9878 10639 2746
f 1420 10640 4853
f 1420 2070 10640
f 3771 10641 5335
f 10641 8761 5335
f 6021 10642 7525
f 10642 6023 7525
f 8540 10643 11356
f 8540 5188 10643
f 7225 10644 5964
f 7369 5964 10644
f 10645 5356 2988
f 10643 10645 2988
f 4352 11282 10646
f 5418 4352 10646
f 8975 2573 10647
f 10493 10647 2573
f 10649 446 10648
f 5356 10648 5358
f 10649 10648 5356
f 10645 10649 5356
f 10650 173 5956
f 10650 5956 11323
f 9294 8901 10651
f 8292 9294 10651
f 10000 11259 6479
f 73 6479 11259
f 10653 5639 11040
f 5639 10653 2641
f 5240 10654 4482
f 10654 6222 4482
f 11173 10655 2737
f 10655 8453 2737
f 8169 3172 10656
f 3587 8169 10656
f 2983 11480 10657
f 10657 1215 5422
f 6133 548 10658
f 7628 10658 548
f 10658 6129 10659
f 6133 10658 10659
f 3370 10660 2962
f 3370 4416 10660
f 10661 3147 8209
f 7599 3147 10661
f 10662 1441 10566
f 10662 6650 1441
f 9744 10663 3428
f 3428 10663 3430
f 6650 4468 10664
f 6650 10664 1441
f 1178 7500 10665
f 1178 10665 1616
f 1862 6188 10666
f 10666 6188 333
f 10667 3245 1532
f 4330 3245 10667
f 10668 4112 1061
f 10668 6367 4112
f 10669 10612 8201
f 8203 10612 10669
f 8140 3383 10670
f 3383 6583 10670
f 10671 7516 8320
f 10671 8320 5512
f 5102 1360 10672
f 10672 1360 792
f 792 5631 10673
f 11038 10673 5631
f 10674 2645 611
f 611 10671 10674
f 10675 4291 4453
f 10675 864 4291
f 5505 10676 2510
f 11133 10676 5505
f 10677 8514 1520
f 11987 8514 10677
f 10678 106 4127
f 658 10678 4127
f 3011 9260 10679
f 10679 1949 3011
f 10680 10682 6171
f 6169 10680 6162
f 3011 10681 9260
f 9753 9260 10681
f 5361 10682 6169
f 6169 10682 10680
f 10683 9073 3834
f 10683 3834 116
f 1914 7714 10684
f 2467 1914 10684
f 9925 1212 10685
f 9925 10685 6377
f 6243 6640 10686
f 10686 6640 3493
f 10687 1212 4848
f 10685 1212 10687
f 10686 3493 10688
f 4901 10688 3493
f 160 10689 9048
f 9584 10689 160
f 3491 2766 10690
f 6820 10690 2766
f 10691 5588 5502
f 2903 5588 10691
f 4901 10692 10688
f 10692 4901 2318
f 8418 11959 5267
f 9544 11959 8418
f 10694 3121 7833
f 6327 10694 7833
f 10695 5102 1743
f 2524 10695 1743
f 6469 10696 10198
f 924 10198 10696
f 956 10697 10695
f 10697 956 9662
f 1295 10698 8617
f 10698 2089 8617
f 4935 10699 10099
f 10699 4935 10696
f 10700 7280 8307
f 10702 6204 10704
f 10701 1724 6703
f 8998 10701 6703
f 11279 10702 10704
f 7277 10702 11279
f 10703 4365 517
f 4367 4365 10703
f 11279 10704 7280
f 7280 10704 6204
f 4219 8709 10705
f 3320 10705 8709
f 10706 1019 8421
f 10706 10805 1019
f 10707 7049 3952
f 10707 3952 9636
f 7031 10708 8695
f 11860 8695 10708
f 5560 10709 4720
f 868 4720 10709
f 5508 10710 9537
f 9541 9537 10710
f 8920 5024 10711
f 10711 5024 7105
f 10719 8060 10712
f 8060 2053 10712
f 128 10713 11486
f 1703 10713 128
f 8752 1540 10714
f 10719 8752 10714
f 7408 1675 10715
f 10715 1675 9586
f 8066 9016 10716
f 9016 10723 10718
f 272 5333 10717
f 8805 10717 5333
f 10718 11421 11252
f 9016 10718 11252
f 2871 10719 10714
f 10719 2871 8060
f 927 5041 10720
f 5041 5265 10722
f 10723 10721 10718
f 2871 10714 10721
f 10722 10720 5041
f 10722 8694 10720
f 10723 2871 10721
f 8060 2871 10723
f 3454 2426 10724
f 10724 2426 11394
f 3332 10329 10725
f 10628 3332 10927
f 193 192 10726
f 2430 193 10726
f 4701 10727 2414
f 2414 10727 5056
f 10726 10728 6008
f 10728 195 6008
f 6152 10729 3909
f 2545 10729 6152
f 326 3280 10730
f 3280 6876 10730
f 10731 2297 1256
f 10731 1243 2297
f 2106 10732 1108
f 5753 10732 2106
f 6579 10733 7064
f 6579 3848 10733
f 4367 10734 2435
f 4811 2435 10734
f 6579 10735 3848
f 3543 11830 10735
f 10736 9954 10703
f 9954 10736 2518
f 3543 10737 11830
f 10739 10737 3543
f 2495 1765 10738
f 10738 10740 2305
f 7138 10739 4087
f 10739 3543 4087
f 1765 10740 10738
f 8986 10740 1765
f 824 10741 7406
f 11819 8625 10741
f 6870 10742 1664
f 6870 8561 10742
f 10743 10073 8898
f 10743 8898 8900
f 10744 9340 229
f 10744 9342 9340
f 1475 10745 10074
f 5199 10745 1475
f 2560 10746 8048
f 10746 2560 4924
f 8579 10747 625
f 8579 8347 10747
f 8827 10748 2903
f 2903 10748 5588
f 10547 578 10749
f 10749 578 9173
f 8227 9173 10750
f 8223 10750 9173
f 6782 10751 6777
f 6777 10751 2916
f 561 4425 10752
f 10797 4425 10799
f 5896 10753 5894
f 10753 5896 210
f 1312 10754 11588
f 7921 10754 1312
f 2315 2313 10755
f 5215 2315 10755
f 507 11770 10756
f 507 10756 2822
f 10757 11044 3731
f 10757 8795 1184
f 10757 10758 8793
f 2861 8793 10758
f 1074 10759 3445
f 9156 3445 10759
f 2863 10760 1071
f 2863 5817 10760
f 10761 4819 2927
f 4822 4819 10761
f 10762 3247 9742
f 10762 9742 6298
f 7726 8811 10763
f 7726 10763 10765
f 10764 587 6061
f 10764 6061 10178
f 3094 8488 10765
f 3094 10765 10763
f 6504 10766 6506
f 10766 6504 10418
f 969 2496 10767
f 1405 10767 2496
f 10768 6506 1000
f 6504 6506 10768
f 10768 1000 10769
f 9087 10769 1000
f 2325 10770 5124
f 10840 10770 8886
f 522 884 10771
f 522 10771 4271
f 3348 10772 9270
f 3348 6704 10772
f 1772 6770 10773
f 1772 10773 5443
f 10774 1786 6964
f 10775 7362 1786
f 5564 10775 10774
f 1786 10774 10775
f 10776 2352 9688
f 10776 5367 2352
f 10777 3738 6000
f 5247 10777 6000
f 10895 7009 10778
f 10746 8046 10778
f 4959 10779 4329
f 10779 4959 1126
f 10780 1205 7506
f 7297 1205 10780
f 3161 3159 10781
f 3161 10781 8621
f 6524 10782 10783
f 10782 6524 987
f 6524 10783 9269
f 9269 10783 9267
f 1183 10784 3035
f 3035 10784 680
f 10785 3679 7247
f 10904 3679 10785
f 9605 10786 5256
f 9605 4727 10786
f 10787 3681 7247
f 3681 10787 6309
f 10788 1259 5908
f 10788 1010 1259
f 10084 6931 10789
f 9206 10084 10789
f 3571 7622 10790
f 3571 10790 992
f 10791 11051 5623
f 10791 5623 2899
f 5044 10792 7130
f 5044 9400 10792
f 10793 7477 7479
f 10793 2418 7477
f 336 8824 10794
f 12002 335 336
f 11765 2308 10795
f 10795 2308 7271
f 10592 2019 10796
f 10796 2019 8259
f 8630 10752 10797
f 10797 10752 4425
f 8447 10798 3016
f 3016 10798 10754
f 11833 2711 10799
f 2711 10797 10799
f 2767 2983 10800
f 10802 6331 2767
f 10801 11151 555
f 10801 555 4630
f 10800 10802 2767
f 10800 4167 10802
f 6905 11845 10803
f 6905 10803 6907
f 9972 3678 10804
f 10804 3678 2911
f 10805 10807 5329
f 1019 10805 5329
f 4590 4928 10806
f 10806 4928 9665
f 5324 1321 10807
f 10805 5324 10807
f 2776 10808 4398
f 10808 5542 4398
f 10809 5432 2584
f 2584 1267 10809
f 10810 4473 7633
f 941 4473 10810
f 10811 4872 6594
f 10773 10811 6594
f 10627 7121 10812
f 10812 7121 10816
f 10813 2528 7691
f 10813 7691 2442
f 5655 8680 10814
f 10816 10814 8682
f 10815 982 2442
f 10815 2442 7691
f 10816 10674 5655
f 10816 5655 10814
f 10818 10817 1149
f 7518 1149 10817
f 10818 3268 2093
f 3268 10818 4730
f 5655 10674 10819
f 8680 5655 10819
f 10595 4831 10820
f 4831 2581 10820
f 1495 10821 8813
f 1495 10396 10821
f 4812 6680 10822
f 6680 962 10822
f 6903 10823 9909
f 6903 6907 10823
f 6967 10824 4148
f 10824 10896 4148
f 8251 1299 10825
f 1683 8251 11412
f 4252 10826 479
f 4252 869 10826
f 10831 10827 10829
f 10831 3451 10827
f 4696 10828 10826
f 4696 8354 10828
f 10824 10829 10896
f 10827 10896 10829
f 6304 1058 10830
f 2068 6304 10830
f 6371 10831 572
f 10831 10829 572
f 9268 10832 5285
f 731 10832 9268
f 10833 6640 1412
f 10833 1412 4684
f 10834 5285 10634
f 9268 5285 10834
f 3831 10835 1522
f 10835 11174 1522
f 10836 8634 4256
f 10836 4256 1957
f 7163 10837 10531
f 10837 8328 10531
f 10838 7886 2577
f 11420 10838 2577
f 7163 10839 10837
f 4268 10839 7163
f 5124 10770 10840
f 1464 5124 10840
f 10841 2751 3088
f 2752 2751 10841
f 10842 10844 2490
f 10842 2490 6744
f 2485 3088 10843
f 2751 10843 3088
f 2490 10844 1309
f 10844 7412 1309
f 2485 10845 3088
f 8720 10845 2485
f 10846 8287 10848
f 10846 5930 2184
f 5026 10847 3970
f 10847 8129 3970
f 5930 10848 880
f 10846 10848 5930
f 10849 5265 671
f 10849 10722 5265
f 4694 4637 10850
f 4637 7297 10850
f 6926 1706 10851
f 1711 6926 10851
f 10780 7295 10852
f 10852 7295 2549
f 10142 9349 10853
f 8714 10853 9349
f 8974 10854 7337
f 10854 4110 7337
f 8837 4494 10855
f 8837 10855 8839
f 3800 10856 550
f 10856 232 10858
f 451 10857 7763
f 4414 10857 451
f 10856 10858 550
f 550 10858 4240
f 9493 10859 3093
f 1431 3093 10859
f 1267 8556 10860
f 1267 10864 4592
f 3946 8476 10861
f 3946 10861 8877
f 10862 10323 7354
f 7354 4215 10862
f 8888 3944 10863
f 415 8888 10863
f 10860 10864 1267
f 4215 10864 10860
f 6224 246 10865
f 10865 8500 6224
f 5842 3077 10866
f 10866 3077 10731
f 10867 9083 1086
f 3999 9083 10867
f 9573 10868 8395
f 10868 8379 8395
f 8180 10869 10594
f 10546 10869 8180
f 5322 9726 10870
f 5322 10940 6771
f 10871 9236 6136
f 10871 11636 9236
f 11770 10872 10756
f 11770 3259 10872
f 1109 10871 10873
f 10871 6136 10873
f 6831 10876 10874
f 10874 10390 6831
f 10877 1133 11626
f 1133 2181 11627
f 10876 4077 10874
f 10876 3974 4077
f 9092 8546 10877
f 10879 10877 8546
f 10878 11127 9165
f 9678 10878 9165
f 10879 1133 10877
f 11051 1133 10879
f 10880 6735 8298
f 8478 6735 10880
f 6112 7787 10881
f 6112 10881 978
f 10882 4916 10884
f 4916 10882 930
f 10883 2332 3500
f 7657 10883 3500
f 6763 10884 2245
f 4916 2245 10884
f 10885 645 5766
f 10885 6040 645
f 9850 7744 10886
f 10886 4161 11884
f 10887 8467 3204
f 6185 10887 3204
f 10888 3390 7366
f 10891 3390 10888
f 10889 1671 1104
f 1671 10889 3922
f 6457 10890 763
f 10890 6457 4434
f 10891 6271 1066
f 10891 1066 3390
f 2463 10892 6778
f 10892 10441 6778
f 10893 10890 4434
f 5983 10893 4434
f 1702 7840 10894
f 1050 1702 10894
f 8046 10895 10778
f 10895 8046 10085
f 10827 4283 10896
f 10896 11618 7222
f 10897 6355 7371
f 7260 6355 10897
f 10898 2761 3279
f 11262 3279 1115
f 10260 1197 10899
f 2156 10899 1197
f 10898 10900 2761
f 2761 10900 206
f 2761 206 11699
f 11698 11699 206
f 10902 9088 11777
f 9088 10902 9082
f 3279 4251 10903
f 10901 10903 4251
f 769 6179 10904
f 769 10904 9785
f 3347 10905 8512
f 8516 8512 10905
f 10906 5499 7847
f 3540 5499 10906
f 3347 10907 3998
f 8512 10907 3347
f 7151 2822 10908
f 8352 7151 10908
f 5912 10909 793
f 1136 10909 5912
f 6953 1128 10910
f 10220 6953 10910
f 10913 5277 10911
f 5279 10911 5277
f 4229 10912 600
f 1729 10912 4229
f 5277 10913 5275
f 10354 5275 10913
f 6119 3854 10914
f 10914 3854 3718
f 10915 4578 526
f 10915 10917 4616
f 8889 7534 10916
f 10916 7534 4388
f 526 9127 10917
f 10915 526 10917
f 2004 5437 10918
f 5437 8125 10918
f 1558 4612 10919
f 10919 4612 9716
f 8022 6988 10920
f 6988 10918 10920
f 10921 1847 3971
f 10921 11098 8639
f 1805 10922 1887
f 1805 2756 10922
f 1037 10923 9122
f 1037 174 10923
f 4565 10924 3306
f 6281 10924 4565
f 2533 10927 10925
f 11518 10925 6814
f 1478 4972 10926
f 10926 4972 9395
f 10927 3332 10725
f 10927 10725 10925
f 10928 4268 8779
f 10928 2622 4268
f 2254 10929 4846
f 9834 10929 2254
f 9293 5575 10930
f 10930 5575 6823
f 11341 10931 4846
f 2254 4846 10931
f 6151 6141 10932
f 6141 6630 10932
f 3498 8631 10933
f 520 3498 10933
f 10934 3599 9577
f 7256 3599 10934
f 10935 1171 8474
f 10935 5372 1171
f 10936 2345 8786
f 1664 2345 10936
f 4166 10937 5855
f 10937 11721 1983
f 4072 10451 10938
f 4072 10938 3288
f 7198 10939 11775
f 10941 10939 7198
f 3832 10940 10870
f 10870 10940 5322
f 10941 7198 1922
f 10941 11898 5543
f 10942 6771 10940
f 11266 6771 10942
f 8762 11745 10943
f 8763 8762 11747
f 6996 687 10944
f 5261 10944 687
f 1273 10945 1799
f 1273 5888 11010
f 5261 10946 6978
f 687 10946 5261
f 8680 10819 10947
f 8680 10947 901
f 7827 10948 2862
f 1040 10948 7827
f 7682 10949 2775
f 10949 2773 2775
f 7257 2309 10950
f 2309 5728 10950
f 10949 10951 2773
f 2773 10951 9099
f 10952 5993 10834
f 2422 5993 10952
f 1216 6497 11649
f 6497 4513 11649
f 1667 6255 10954
f 5249 10954 6255
f 9259 10957 10955
f 10957 10953 10955
f 10956 5976 8441
f 8439 10956 8441
f 3266 1216 10957
f 10957 1216 10953
f 2275 10958 11451
f 10103 10958 2275
f 7681 10959 4263
f 10959 10159 4263
f 1769 3998 10960
f 1769 10960 6284
f 629 10961 5784
f 2793 10961 629
f 10964 10962 7772
f 1933 6987 10962
f 10963 10967 10969
f 10967 10963 10965
f 1933 10962 10964
f 10964 9694 1933
f 10967 10965 9445
f 9445 10965 1487
f 9912 2174 10966
f 10966 2174 3123
f 10967 10971 10969
f 10967 9445 10971
f 10141 10968 9912
f 10968 2174 9912
f 6256 10969 10226
f 10969 10971 10226
f 4081 3759 10970
f 3759 7921 10970
f 10971 444 10226
f 444 10971 9445
f 10783 10972 9267
f 9267 10972 8640
f 10973 3299 609
f 3299 10973 8600
f 10974 10167 10976
f 3258 6549 10974
f 10975 6923 7054
f 10975 7054 8783
f 3258 10974 10976
f 3258 10976 10972
f 8781 10977 10975
f 10975 10977 6923
f 10218 10978 5495
f 2125 5495 10978
f 10979 2907 7461
f 11934 638 2907
f 10980 2764 603
f 2764 10980 10487
f 10289 3776 10981
f 3776 4669 10981
f 7348 1557 10982
f 1557 11995 10982
f 10983 8638 4870
f 4870 118 10983
f 9637 10984 6840
f 1829 6840 10984
f 4634 8387 10985
f 10985 11075 4634
f 6664 2199 10986
f 3606 10986 2199
f 1836 10987 7150
f 10987 1836 1482
f 8614 10988 3411
f 8614 6187 11029
f 9854 10989 8370
f 10265 10989 9854
f 6676 3411 10990
f 10990 3411 10988
f 10991 6490 10994
f 6459 10991 10993
f 10997 10992 5970
f 6272 5970 10992
f 10993 2658 635
f 6490 2658 10994
f 10993 10994 2658
f 10991 10994 10993
f 11128 10995 4970
f 3451 4970 10995
f 2177 10996 7779
f 10996 7394 7779
f 1370 1005 10997
f 1370 10997 5970
f 8710 10998 3024
f 10213 10998 8710
f 648 10999 3472
f 10353 3472 10999
f 6289 2653 11000
f 6289 11000 4193
f 1053 11001 9312
f 9312 11001 9878
f 6289 11002 4472
f 6289 4193 11002
f 11003 2165 1823
f 2165 11003 676
f 11004 519 7385
f 11004 7385 5887
f 2825 11005 10112
f 8148 11005 2825
f 11006 2933 10791
f 2933 11006 7862
f 5170 11007 1641
f 11007 8107 1641
f 11008 6737 6053
f 1054 6737 11008
f 10569 11009 6403
f 11009 11011 6403
f 11010 8363 10945
f 1273 11010 10945
f 11011 5402 6403
f 11011 7091 5402
f 6572 11012 6330
f 6330 11012 5517
f 10399 857 11013
f 857 8413 11013
f 6330 5517 11014
f 5515 11014 5517
f 352 11015 3343
f 11015 352 6969
f 2745 11016 9818
f 11016 2745 4487
f 273 11017 5345
f 11017 273 2311
f 3269 8257 11018
f 8195 3269 11018
f 2343 11019 5601
f 11019 2343 8823
f 11020 7257 10950
f 7257 11020 4041
f 11021 909 4756
f 7609 11021 4756
f 11022 6486 9624
f 11022 3364 6486
f 2680 8030 11023
f 8030 456 11023
f 11024 11120 7457
f 7456 11024 7457
f 2729 11103 11025
f 11025 8658 6014
f 1124 11026 4650
f 1124 4869 11026
f 3811 6183 11027
f 8367 11027 6183
f 11998 3431 11028
f 11028 3431 6683
f 10988 8614 11029
f 10990 10988 11029
f 11030 7264 404
f 404 6620 11030
f 11031 6239 6237
f 6237 11874 11031
f 11030 6619 11032
f 6619 1260 11032
f 11033 1623 8274
f 8045 1623 11033
f 5913 11034 5188
f 10247 11034 5913
f 6886 11035 8028
f 11035 7629 8028
f 3476 11036 253
f 2110 253 11036
f 11037 9832 1665
f 1665 5089 11037
f 11388 11038 5632
f 5632 11038 4070
f 11039 8445 8440
f 11039 8440 6191
f 11040 588 9062
f 5639 588 11040
f 11041 6749 5982
f 11041 5457 6749
f 11042 5571 2744
f 11042 2744 7792
f 11043 3003 7428
f 679 11043 7428
f 1184 11044 10757
f 11044 1184 9892
f 5865 679 11045
f 679 8356 11045
f 9016 8066 11046
f 8066 8064 11046
f 6790 8776 11047
f 11047 8776 8778
f 11048 6582 9711
f 3486 6582 11048
f 11049 6746 359
f 625 6746 11049
f 5722 1880 11050
f 5720 5722 11053
f 10791 8238 11051
f 11051 8238 5628
f 11050 9382 11052
f 5722 11050 11053
f 11050 11052 11053
f 11053 11052 7019
f 6027 11054 7442
f 7442 11054 1688
f 11055 7715 8894
f 11055 8894 11108
f 11056 6916 6244
f 11058 6244 10418
f 1768 11057 7278
f 7278 11057 3630
f 6628 11056 11058
f 11056 6244 11058
f 2495 10738 11059
f 5809 2495 11059
f 7528 1296 11060
f 1296 8087 11060
f 3906 11061 4228
f 4078 11061 3906
f 11544 11062 4502
f 11062 8707 4502
f 5874 616 11063
f 11063 10393 5874
f 11064 10131 8652
f 8652 7227 11064
f 4755 11065 9892
f 7178 11065 4755
f 11066 9102 921
f 11066 6115 9102
f 1491 11067 4947
f 11067 5446 11069
f 10732 11068 3772
f 3772 11068 4303
f 11069 10021 4947
f 11067 11069 4947
f 11068 1329 11070
f 11070 1329 6359
f 11071 6929 2173
f 2173 11073 11071
f 10029 11072 5199
f 5199 11072 10745
f 7968 11073 4245
f 2173 4245 11073
f 1748 3462 11074
f 7577 11074 3462
f 11435 11075 5674
f 11077 3227 5674
f 1057 4778 11076
f 9338 1057 11076
f 11077 5674 11075
f 10985 11077 11075
f 4043 11080 11078
f 7268 4043 11078
f 51 6841 11079
f 11079 6841 5646
f 4043 1237 11080
f 5166 11080 1237
f 8106 8104 11081
f 11081 8104 10913
f 7987 11082 6689
f 6693 6689 11082
f 4098 11083 11085
f 5235 11083 4098
f 659 10263 11084
f 659 11084 8628
f 4098 11085 4096
f 4096 11085 8653
f 11054 11086 8628
f 659 8628 11086
f 11085 11087 8653
f 8653 11087 6362
f 2496 969 11088
f 11088 969 2114
f 8969 7977 11089
f 1903 8969 11089
f 971 11088 11090
f 971 11090 1447
f 11091 7974 6607
f 11091 4679 7974
f 11089 6607 11092
f 7974 11092 6607
f 11093 2860 10623
f 7662 2860 11093
f 6921 11094 6932
f 6934 6932 11094
f 2914 11095 7837
f 7837 11095 11097
f 11096 11094 6921
f 6934 11094 11096
f 11778 2454 11097
f 2454 7837 11097
f 10921 3971 11098
f 11098 3971 11248
f 9387 5131 11099
f 5131 1524 11099
f 394 11100 6279
f 11100 6784 12004
f 11101 5577 4593
f 11101 10232 5577
f 6321 6992 11102
f 6321 11102 5100
f 11025 11103 8658
f 11103 5341 8658
f 11104 9224 8815
f 11104 11133 9224
f 3149 11105 781
f 3149 8984 11105
f 11106 4201 3633
f 8894 4201 11106
f 2633 6031 11107
f 5173 2633 11107
f 11108 11106 10138
f 8894 11106 11108
f 11109 5891 719
f 4499 5891 11109
f 7595 7830 11110
f 7595 11110 163
f 6253 1214 11111
f 1214 2456 11111
f 3573 11112 5181
f 5771 11288 3573
f 8796 3005 11113
f 3002 8796 11113
f 11114 9508 2514
f 8554 11114 2514
f 11115 1635 3334
f 7938 1635 11115
f 9508 2424 11116
f 9508 11116 2807
f 3252 11117 9262
f 11115 11117 3252
f 8956 11118 4191
f 8992 4191 11118
f 3788 2681 11119
f 11119 2681 1444
f 11120 1882 7457
f 1882 11120 7812
f 4199 11121 10544
f 9074 11121 4199
f 11122 3788 2687
f 3788 11122 2681
f 11123 399 1175
f 11123 1175 9074
f 6636 8649 11124
f 6636 11126 9387
f 11125 8493 5949
f 5053 11125 5949
f 11126 11124 7926
f 11126 6636 11124
f 11127 9567 860
f 11127 860 9165
f 11443 11128 4970
f 11130 11128 2885
f 5208 11129 5464
f 11129 8161 5464
f 3065 3921 11130
f 11130 3921 11128
f 11131 10478 1521
f 5023 11131 1521
f 5512 5509 11132
f 10671 5512 11132
f 11133 9226 10676
f 11104 9226 11133
f 11134 9905 5514
f 8661 11134 5514
f 11135 9873 10288
f 3437 9873 11135
f 11136 2893 9032
f 11136 9032 9036
f 8641 7396 11144
f 11144 7396 11139
f 2468 3997 11138
f 3997 10565 11138
f 11139 1886 8143
f 7396 1886 11139
f 2403 11140 4633
f 6715 4633 11140
f 11141 8143 10472
f 11143 8143 11141
f 2403 4633 11142
f 9449 2403 11142
f 11144 11139 11143
f 11139 8143 11143
f 5038 11144 11137
f 11144 11143 11137
f 11145 711 3985
f 711 11145 7801
f 11146 2826 6312
f 6310 11146 6312
f 6672 11147 4960
f 4960 11147 5717
f 8196 4802 11148
f 9440 8196 11148
f 11149 9005 5786
f 10801 11149 11151
f 1090 10298 11150
f 11150 4135 1090
f 11151 5786 4944
f 11149 5786 11151
f 2979 7027 11152
f 7027 1261 11152
f 4013 8366 11153
f 9802 11153 8366
f 3132 7683 11154
f 11154 9682 3132
f 795 6105 11155
f 6105 7639 11155
f 3545 11156 10250
f 11156 3545 2678
f 6405 1415 11157
f 6405 11157 10522
f 531 9434 11158
f 531 11158 318
f 1745 7582 11159
f 11161 5088 11159
f 6359 1008 11160
f 11160 1008 289
f 7582 10874 11161
f 11159 7582 11161
f 11162 4508 4514
f 11352 11162 4514
f 6710 1744 11163
f 9699 11163 1744
f 3297 11164 3201
f 2122 11164 3297
f 2022 11167 11165
f 8016 2022 11165
f 4418 5455 11166
f 4418 11166 7537
f 11167 1381 4321
f 11165 11167 4321
f 1982 5957 11168
f 11168 5957 8023
f 11169 255 8498
f 11169 256 255
f 11170 9729 3687
f 10195 11170 3687
f 11171 9792 2643
f 11171 2643 9113
f 2339 11172 4608
f 10143 11172 2339
f 7746 11173 1220
f 7746 10655 11173
f 11619 11174 10533
f 10533 11174 10835
f 4595 6380 11175
f 11175 6380 3078
f 11176 10218 8381
f 2129 11176 8381
f 1191 11177 3985
f 2716 11177 1191
f 11178 524 6262
f 11178 8698 524
f 4832 4837 11179
f 11179 4837 3467
f 11178 6262 11180
f 1045 11180 6262
f 3039 7592 11181
f 8126 11181 7592
f 225 5534 11182
f 11182 5534 233
f 11185 5079 11183
f 5079 542 11183
f 7257 4041 11184
f 3934 11184 4041
f 5081 11181 11185
f 5081 11185 11183
f 5466 11184 11186
f 5466 11186 7861
f 11187 6271 10891
f 6271 11187 7384
f 1669 11188 9347
f 11188 1669 2646
f 11189 9180 5925
f 3322 9180 11189
f 1973 3528 11190
f 11192 11190 3051
f 9903 152 11191
f 9903 11191 5418
f 11190 11192 1973
f 9868 1973 11192
f 10034 9055 11193
f 11193 1415 10034
f 3534 4366 11194
f 6578 3534 11196
f 11195 8604 11193
f 11195 2211 8604
f 11786 11196 11194
f 3534 11194 11196
f 11197 8608 2211
f 11195 11197 2211
f 3857 11198 118
f 5111 118 11744
f 7372 5643 11199
f 7372 11199 2037
f 2645 11200 11198
f 118 11198 11744
f 5695 11201 5697
f 5695 5699 11201
f 11202 3661 1368
f 5344 11202 1368
f 10521 3943 11203
f 10521 11203 4094
f 184 11204 6622
f 6622 11204 3198
f 9628 7040 11205
f 7040 3155 11205
f 11206 9449 5441
f 11206 5441 3717
f 9635 11207 911
f 11207 11209 911
f 11206 3717 11208
f 11208 3717 4874
f 3820 3822 11209
f 11207 3820 11209
f 6529 11210 1845
f 1845 11210 63
f 11211 6079 6963
f 6079 11211 2142
f 3614 11212 5431
f 11212 3614 5649
f 7660 793 11213
f 793 4497 11213
f 11214 4554 7074
f 7072 11214 7074
f 11215 4821 867
f 9374 4821 11215
f 9374 11215 11216
f 11216 6812 9374
f 10413 11217 8120
f 11217 9663 8120
f 5054 5057 11218
f 11218 5057 9908
f 11219 1562 9631
f 1562 11219 11222
f 11220 11222 119
f 7072 11220 11214
f 9255 421 11221
f 11223 11224 11221
f 7072 1562 11222
f 11220 7072 11222
f 421 4981 11223
f 11221 421 11223
f 6784 11224 2015
f 11223 2015 11224
f 11219 9631 11225
f 11222 11219 11225
f 4329 11226 8893
f 8893 11226 11780
f 3423 5681 11227
f 4073 3423 11227
f 11228 8893 3201
f 11228 11316 8893
f 5850 5843 11229
f 11231 11229 5843
f 11230 5070 5926
f 11799 5070 11230
f 4762 11231 669
f 5843 669 11231
f 6153 11232 560
f 11232 9009 560
f 11233 4762 10015
f 4762 11233 11231
f 11234 7313 7317
f 11234 5608 7313
f 4596 5848 11235
f 11235 5848 5850
f 7862 11006 11236
f 5114 7862 11236
f 9385 6632 11237
f 10460 11237 6632
f 11383 11238 7443
f 11238 3958 7443
f 1753 8880 11239
f 7574 1753 11239
f 10317 5707 11240
f 5707 7481 11240
f 11241 10207 7947
f 11241 7947 1927
f 11242 876 6608
f 11242 8257 876
f 11241 7740 11243
f 3452 11243 7740
f 2535 9542 11244
f 9542 2026 11244
f 11894 7569 11245
f 7934 11245 7569
f 11246 3216 8049
f 11246 3218 3216
f 1141 4572 11247
f 1141 11247 8905
f 3734 11248 7720
f 7720 11248 827
f 6577 81 11249
f 11605 6577 11249
f 11250 6372 3043
f 11250 8939 6372
f 11253 11251 5656
f 1480 7577 11251
f 11252 8236 10716
f 9016 11252 10716
f 6379 1480 11253
f 11253 1480 11251
f 121 11254 1244
f 11260 11522 2203
f 3459 11148 11255
f 1262 3459 11255
f 432 11256 6172
f 10060 6172 11256
f 9967 11257 6240
f 6240 11257 1844
f 8456 11258 5105
f 11258 9848 5105
f 10652 11259 10000
f 1870 11259 10652
f 11258 11254 11260
f 121 11524 11254
f 1681 2961 11261
f 11261 2961 11500
f 776 10898 11262
f 11262 10898 3279
f 1017 4457 11263
f 9510 1017 11263
f 11264 9510 4462
f 9510 11264 1017
f 11265 3757 10970
f 3757 11265 10086
f 11266 11268 4458
f 11266 4458 7860
f 3020 11267 1403
f 11588 11267 3020
f 11264 9690 11268
f 9690 4458 11268
f 11269 10441 3533
f 6585 11269 3533
f 4974 11270 10158
f 1693 11270 4974
f 11271 2792 1360
f 11271 5426 2792
f 7357 7095 11272
f 7357 11272 11270
f 4773 6226 11273
f 11273 6226 4769
f 10250 11274 1730
f 1730 11274 717
f 11275 5833 5598
f 8396 5833 11275
f 3279 3278 11276
f 3278 3902 11276
f 11277 3622 8107
f 11792 4453 3622
f 1127 6937 11278
f 6941 11278 6937
f 10700 11279 7280
f 10700 7277 11279
f 11280 2422 10952
f 5998 2422 11280
f 8242 2828 11281
f 10577 11281 2828
f 11282 660 5422
f 4349 660 11282
f 11283 7988 7990
f 7988 11283 3111
f 11284 3240 6351
f 11284 10525 3240
f 821 3273 11285
f 10155 821 11285
f 11286 3828 10204
f 11286 10204 2380
f 6795 11287 11289
f 6798 11287 6795
f 11288 11112 3573
f 11112 11288 387
f 6795 11289 2703
f 11289 6417 2703
f 11290 6811 1860
f 4392 11290 1860
f 3182 7849 11291
f 5145 3182 11291
f 3562 11292 10842
f 2344 11292 11293
f 11293 3562 546
f 11293 11292 3562
f 11294 5938 743
f 8148 5938 11294
f 11295 3095 9235
f 6278 3095 11295
f 850 6394 11296
f 850 11296 4661
f 3097 11297 3400
f 8056 11297 3097
f 729 11298 11295
f 11299 729 10602
f 10600 11298 11299
f 11299 11298 729
f 11300 1855 7094
f 11300 8235 1855
f 11301 4424 8708
f 9642 11301 8708
f 11303 11302 3822
f 11302 2066 9672
f 11303 11300 2066
f 11302 11303 2066
f 11304 3177 9017
f 11304 1803 3177
f 6410 11305 11623
f 501 11305 4374
f 11306 8084 8926
f 11306 8926 7196
f 6824 7620 11307
f 7620 5638 11307
f 11308 1768 10211
f 11308 10211 1265
f 2941 11309 7965
f 7965 11309 4166
f 7377 1792 11310
f 1792 10806 11310
f 2941 11311 11309
f 2941 11308 11311
f 8983 2320 11312
f 8983 11312 189
f 1435 11313 10039
f 3327 11313 1435
f 6197 1546 11314
f 11314 9566 6197
f 885 1284 11315
f 11315 1284 10189
f 11316 4329 8893
f 4959 4329 11316
f 4476 1986 11317
f 11317 7233 4476
f 5992 11318 5328
f 11318 268 5328
f 11319 7233 11317
f 7236 7233 11319
f 1319 11320 9754
f 10086 11320 1319
f 11321 4385 4739
f 4139 4385 11321
f 11322 6984 510
f 7345 6984 11322
f 1382 11323 5276
f 11323 1619 5276
f 11324 6984 7345
f 7345 2673 11324
f 7218 11325 8791
f 11325 1021 8791
f 11326 8108 1564
f 11326 9783 8108
f 10523 11327 9404
f 9404 11327 6393
f 11328 9763 861
f 7350 11328 861
f 11329 7109 1180
f 8844 7109 11329
f 11330 2627 6062
f 2627 11330 9273
f 3638 11331 8466
f 3638 9911 11331
f 11332 1906 9819
f 11332 10065 1906
f 5529 9182 11333
f 11333 9182 8136
f 2570 11334 7870
f 11391 2570 7303
f 11383 11335 4792
f 201 4792 11335
f 2741 11340 11336
f 2295 7285 11338
f 11337 2661 5885
f 506 2661 11337
f 11340 11338 11336
f 11338 1781 11336
f 11339 5129 10911
f 6318 5129 11339
f 11340 2295 11338
f 3392 2295 11340
f 8339 7875 11341
f 3877 11341 7875
f 5470 2793 11342
f 10894 5470 11342
f 9069 11343 5548
f 2502 5548 11343
f 11344 1164 2972
f 11347 1211 1164
f 2851 840 11345
f 2851 11345 7347
f 840 7772 11346
f 11345 840 11346
f 2652 11347 11344
f 11347 1164 11344
f 11348 3478 248
f 11348 248 237
f 11184 2652 11349
f 2652 11344 11349
f 3821 4420 11350
f 11350 4420 1355
f 11351 7249 4039
f 11349 11351 4039
f 7482 11162 11352
f 11352 3762 7482
f 5409 11353 5941
f 4226 11353 5409
f 11354 4911 1611
f 11356 11354 1611
f 1681 11355 2961
f 1681 5439 11355
f 3629 11356 1611
f 8540 11356 3629
f 8057 8055 11357
f 8057 11357 11363
f 4708 9692 11358
f 62 4708 11358
f 9579 11359 1257
f 11363 11359 9579
f 11583 7103 11360
f 7103 7105 11360
f 11359 841 11361
f 2545 11361 841
f 11362 384 3414
f 9962 384 11362
f 841 11363 11357
f 11359 11363 841
f 11366 10148 11364
f 11364 10148 8937
f 6148 11365 10036
f 11365 3262 10036
f 6241 11366 2065
f 2065 11366 11364
f 11367 1649 4285
f 1710 11367 11369
f 549 11368 4627
f 11368 10197 4627
f 11369 4285 5485
f 11367 4285 11369
f 4844 11370 2846
f 7085 11370 4844
f 11371 4658 7836
f 7651 4658 11371
f 11372 7085 9196
f 7085 11372 11374
f 3573 6157 11373
f 6731 11373 6157
f 11374 8438 11370
f 7085 11374 11370
f 11375 1140 5771
f 5771 11373 11377
f 8390 2079 11376
f 2079 9281 11376
f 11375 5771 11377
f 2133 11375 11377
f 9027 11378 8650
f 11378 5551 8650
f 7635 11381 11379
f 11379 11381 5237
f 9279 9027 11380
f 11380 9027 8650
f 5239 8259 11381
f 5239 11381 7635
f 11382 9279 11380
f 11382 9031 9279
f 11383 1837 11385
f 7443 1837 11383
f 1264 11384 1561
f 11384 1563 1561
f 11385 8382 8386
f 11383 11385 8386
f 11384 11386 1563
f 11386 6423 1563
f 5605 11387 1443
f 1443 11387 6275
f 8007 11388 579
f 579 11388 5632
f 11389 8156 8312
f 10761 11389 8312
f 10170 11390 8421
f 10706 8421 11390
f 5179 11334 11391
f 2570 11391 11334
f 3211 11392 3765
f 3765 11392 3209
f 11393 6713 1526
f 11393 11395 6713
f 146 6900 11394
f 11394 6900 9596
f 10715 11395 4559
f 4559 11395 11393
f 949 11396 7306
f 7306 11396 7338
f 6765 5190 11397
f 1430 6765 11397
f 1589 11398 5426
f 5426 11398 2792
f 5235 8241 11399
f 1529 11399 11400
f 11400 11399 8241
f 11402 1529 11400
f 11401 1589 8751
f 1589 11401 8039
f 11400 8241 11402
f 5235 11402 8241
f 11403 5196 9151
f 11401 11403 9151
f 11404 3042 7966
f 11404 7966 1660
f 11405 5108 1863
f 5108 11405 7898
f 7967 11406 11408
f 7967 599 11406
f 11407 4787 11391
f 4787 11407 519
f 11410 9026 11408
f 7967 11408 9026
f 5606 11409 7996
f 7996 11409 10234
f 11411 11410 8523
f 11410 11411 9026
f 391 11411 8523
f 11411 391 11573
f 11412 8251 10825
f 11412 10825 1931
f 4785 6342 11413
f 11415 11413 6342
f 8293 11414 11419
f 8236 11421 11417
f 11415 6342 8744
f 8746 11415 8744
f 11418 11416 7453
f 11416 4829 11764
f 11421 11414 11417
f 11414 1366 11417
f 6311 4829 11418
f 11416 11418 4829
f 11421 11419 11414
f 3876 624 11419
f 4143 11420 2577
f 10742 11420 4143
f 10714 3876 11421
f 3876 11419 11421
f 11422 8005 710
f 11422 710 6922
f 5183 10463 11423
f 5183 11423 10073
f 6788 8005 11424
f 11422 11424 8005
f 11427 8223 11425
f 5451 11425 8223
f 117 8134 11426
f 2406 11426 8134
f 11427 11991 10543
f 11425 1872 11427
f 4971 6787 11428
f 11428 6787 3441
f 11429 11549 6695
f 2054 11429 6695
f 11070 4898 11430
f 11430 4898 301
f 11431 2875 1118
f 11431 1118 4768
f 11432 9333 7426
f 11432 9841 9333
f 7113 2671 11433
f 2671 8592 11433
f 1965 9447 11434
f 1965 11434 11432
f 8275 11435 3229
f 11435 3227 3229
f 8321 576 11436
f 8321 11436 10822
f 5246 11437 3318
f 11437 1171 11439
f 1072 6897 11438
f 1072 11438 979
f 11437 11439 3318
f 3318 11439 10546
f 2545 11440 10729
f 11440 2545 11442
f 11441 6897 1072
f 1075 11441 1072
f 2545 6150 11442
f 6150 8545 11442
f 11128 11443 2885
f 11443 10416 2885
f 4745 4747 11444
f 5217 11444 4747
f 11445 5053 6175
f 7015 11445 6175
f 11446 6846 10566
f 11446 10566 7776
f 11447 7744 7647
f 5087 11447 7647
f 3592 6798 11448
f 3592 11448 4437
f 9304 4618 11449
f 11449 4618 7326
f 11450 9229 9575
f 8484 9229 11450
f 2275 11451 9680
f 4940 9680 11451
f 4438 10425 11452
f 4438 11452 7364
f 1173 4930 11453
f 5692 11453 4930
f 5923 11454 657
f 657 11454 11452
f 3663 11455 6702
f 11455 3663 10279
f 582 11456 1369
f 582 9709 11456
f 1224 2959 11457
f 11457 2959 131
f 11458 1316 8553
f 11456 1316 11458
f 11459 5178 3932
f 11459 11870 5178
f 1094 10332 11460
f 7329 1094 11460
f 11461 10379 11462
f 8621 10781 11461
f 441 8621 11462
f 8621 11461 11462
f 11463 3281 5940
f 11465 5940 7652
f 5620 9203 11464
f 5620 11464 2164
f 728 11463 11465
f 11463 5940 11465
f 7952 9203 11466
f 11466 9203 5620
f 10216 11908 11467
f 2433 11467 5243
f 9495 11470 11468
f 11468 4922 9495
f 6829 7524 11469
f 7381 6829 11469
f 9495 9303 11470
f 11470 9303 9305
f 8662 6983 11471
f 11471 6983 6877
f 6582 11472 9709
f 3486 11472 6582
f 1903 6360 11473
f 9725 11473 6360
f 11474 5620 2164
f 11472 5620 11474
f 11475 11241 1927
f 1927 10193 11475
f 11476 9761 8567
f 11476 8567 3615
f 11477 2720 5187
f 2720 11477 3494
f 5182 11478 3802
f 3802 11478 7387
f 936 11479 11481
f 5816 11479 936
f 10657 11480 1215
f 11480 5418 1215
f 11481 3613 11482
f 936 11481 11482
f 936 11482 6893
f 6893 11482 11484
f 6389 11483 8964
f 6389 4659 11483
f 6893 11484 6212
f 11484 6894 6212
f 9322 4951 11485
f 11485 4951 1182
f 2041 11486 8545
f 11442 8545 11486
f 2311 11487 3194
f 1684 3194 11487
f 4724 11488 4957
f 5921 4957 11488
f 4369 7856 11489
f 4369 11489 9982
f 11490 2697 4124
f 9478 2697 11490
f 8804 8936 11491
f 8936 3754 11491
f 11494 2076 11492
f 2076 9512 11496
f 6684 11493 7676
f 11493 6684 8183
f 10438 11494 6801
f 11494 11492 6801
f 1228 11493 11495
f 8416 1228 11495
f 6801 11492 11496
f 11492 2076 11496
f 6364 11497 6844
f 11497 6364 10381
f 11498 6962 6201
f 11498 6201 11490
f 6962 11499 6201
f 11490 6201 11499
f 11500 2961 3923
f 1782 11500 3923
f 1687 3667 11501
f 11501 3667 1672
f 734 11502 6011
f 7855 11502 734
f 11503 7853 11502
f 7855 11503 11502
f 8924 889 11504
f 11504 7794 8924
f 5998 11280 11505
f 11503 5998 11505
f 5040 11506 310
f 11506 3286 310
f 11511 4315 11507
f 11507 4315 4328
f 9639 4467 11508
f 10743 11512 11510
f 6660 9286 11509
f 11511 11509 4315
f 2202 11510 4467
f 11512 4467 11510
f 7737 6660 11511
f 6660 11509 11511
f 11508 11512 8900
f 11512 11508 4467
f 5592 11513 7648
f 11513 4711 7648
f 475 2628 11514
f 11514 2628 10836
f 5894 11515 11517
f 11515 5894 10753
f 11516 6853 4356
f 2537 11516 4356
f 11515 463 11517
f 11517 463 11698
f 10925 11518 2533
f 8026 2533 11518
f 2331 6562 11519
f 11519 5232 2331
f 6477 10000 11520
f 6477 11520 2368
f 11519 11521 5232
f 11521 1385 5232
f 121 4990 11522
f 121 11522 11524
f 11523 3933 7640
f 3526 11523 7640
f 11260 11524 11522
f 11254 11524 11260
f 11525 2094 4561
f 4292 2094 11525
f 11526 9123 7760
f 2089 11526 7760
f 10508 10621 11527
f 11527 10621 11530
f 2642 11528 6117
f 10580 6117 11528
f 1041 4889 11529
f 4884 1041 11529
f 10621 6018 11530
f 6018 281 11530
f 8887 11531 7381
f 7381 11531 1582
f 4048 11532 5820
f 7911 11534 4048
f 4264 5176 11533
f 11535 5176 5882
f 11534 11532 4048
f 2493 11532 11534
f 11533 5176 11535
f 11535 9366 11533
f 9455 11536 7909
f 7909 11536 4265
f 712 11539 11537
f 10373 712 11537
f 9455 11538 11536
f 9455 5406 11538
f 11539 560 2604
f 11537 11539 11541
f 11538 612 11540
f 612 11534 11540
f 11539 2604 11541
f 11541 2604 6593
f 11542 9019 464
f 11542 464 11696
f 2605 4419 11543
f 4419 2609 11543
f 11544 4502 6510
f 11544 6510 929
f 4419 11545 2609
f 2609 11545 10259
f 4715 1614 11546
f 4715 11546 11548
f 11547 5953 6691
f 11549 11547 6691
f 4715 11548 8856
f 8856 11548 931
f 6695 11549 11551
f 11551 11549 6691
f 9660 11550 2699
f 10553 2699 11550
f 613 11551 6634
f 6695 11551 613
f 8513 11552 8515
f 2931 11552 8513
f 4462 11553 7132
f 11553 615 7132
f 2407 953 11554
f 953 8636 11554
f 8151 8153 11555
f 8151 11555 1979
f 5366 11556 1525
f 11556 7878 1525
f 11557 5745 2137
f 2137 9320 11557
f 1278 4636 11558
f 4636 11885 11560
f 7059 11559 494
f 11559 7059 3885
f 11560 11558 4636
f 3381 11558 11560
f 11561 4606 4602
f 4602 150 11561
f 11562 11560 1281
f 11562 1281 5368
f 11563 11561 11559
f 11559 3885 11563
f 11564 2767 5383
f 11564 5383 1218
f 2015 4920 11565
f 11565 4920 11571
f 11566 6250 3853
f 11568 11572 6250
f 11567 614 3654
f 11565 614 11567
f 1595 11568 11566
f 11568 6250 11566
f 11571 2516 11569
f 614 11569 3654
f 416 5851 11570
f 416 11570 5770
f 614 11571 11569
f 11565 11571 614
f 11572 11570 5851
f 6395 11570 11572
f 11411 11573 9026
f 7967 9026 11573
f 2135 11574 9166
f 1122 9166 11574
f 8554 2516 11575
f 11571 11575 2516
f 1009 4370 11576
f 11578 11576 10998
f 1107 4188 11577
f 11577 4188 1612
f 11578 1009 11576
f 6280 1009 11578
f 11579 9668 10425
f 9670 9668 11579
f 11580 11360 3090
f 10035 11580 3090
f 9668 11577 11581
f 9668 11581 10425
f 756 7992 11582
f 756 11582 5255
f 3552 11583 11580
f 11583 3552 3550
f 8632 559 11584
f 5249 8632 11584
f 254 6222 11585
f 6222 10654 11585
f 11586 8987 8606
f 11586 8606 11197
f 9968 11587 1739
f 1739 11587 11403
f 11588 8794 11267
f 10754 8794 11588
f 4887 11589 174
f 11589 9256 174
f 9323 940 11590
f 10089 11590 940
f 91 11591 87
f 11591 6719 87
f 9576 2610 11592
f 11592 2610 7490
f 11593 4627 4721
f 11593 4721 4499
f 11592 11594 4163
f 4163 11594 4161
f 6630 11595 6143
f 11595 6630 628
f 11596 1705 635
f 11596 7840 1705
f 11597 5190 6767
f 9620 5190 11597
f 6336 5897 11598
f 6336 11598 697
f 11599 5469 4107
f 9876 5469 11599
f 387 11600 8299
f 7073 8299 11600
f 666 11601 274
f 10010 274 11601
f 5092 11602 10157
f 10157 11602 6199
f 1372 2224 11603
f 11603 2224 5233
f 536 9642 11604
f 536 11604 2154
f 11605 11249 804
f 4594 11605 804
f 1979 4495 11606
f 10798 1979 11606
f 7210 11607 5694
f 5694 11607 1939
f 2262 11608 5312
f 10028 5312 11608
f 3808 7195 11609
f 11609 926 3808
f 11612 2509 11610
f 7030 11610 2509
f 11611 405 7195
f 11611 7195 3808
f 11208 4874 11612
f 11612 4874 2509
f 11613 9020 11611
f 2823 9020 11613
f 11614 6572 6570
f 8438 11614 6570
f 8772 11615 3816
f 6500 3816 11615
f 11616 5055 11617
f 9359 11616 3396
f 11617 11180 3396
f 11616 11617 3396
f 10896 4283 11618
f 4283 9827 11618
f 11619 10533 10528
f 11619 10528 10839
f 11620 2098 5806
f 11620 7168 2098
f 1644 11621 3516
f 10446 11621 1644
f 3419 6580 11622
f 3419 11622 5672
f 11305 501 11623
f 11623 501 7983
f 11624 9188 2343
f 3668 9188 11624
f 11625 11445 6173
f 1830 11625 6173
f 10877 11626 10875
f 10875 11627 6671
f 10875 11626 11627
f 1133 11627 11626
f 7438 11628 1308
f 11628 7803 1308
f 11629 1471 9617
f 2940 1471 11629
f 11630 1308 1580
f 7438 1308 11630
f 2940 11631 1471
f 11631 2940 1399
f 11632 8537 2457
f 11632 11630 8537
f 527 5799 11633
f 4826 527 11633
f 5061 11634 8671
f 7999 8671 11634
f 11635 747 10827
f 3451 11635 10827
f 11636 9551 4876
f 10460 11636 4876
f 11637 3894 3295
f 11637 7150 3894
f 7206 3180 11638
f 3180 11925 11638
f 4940 11642 11639
f 3180 11639 11925
f 11640 874 10949
f 11858 10527 874
f 11641 7824 7359
f 4537 11641 7359
f 11642 10273 3191
f 11925 11639 11642
f 11643 7608 434
f 830 11643 434
f 11644 8672 6955
f 11644 122 11645
f 11645 765 8672
f 8672 11644 11645
f 3852 11648 11646
f 4461 11646 3695
f 11647 4272 11650
f 11647 122 10474
f 7905 3695 11648
f 11648 3695 11646
f 1216 11649 10953
f 7822 10953 11649
f 11647 11650 122
f 122 11650 11645
f 7818 668 11651
f 11655 7818 11653
f 11652 5994 7853
f 11503 11652 7853
f 4684 11653 11651
f 11653 7818 11651
f 11654 406 10177
f 406 11654 1307
f 7820 11655 5468
f 10072 11655 7820
f 11656 2646 4337
f 7407 11656 4337
f 8577 5962 11657
f 11657 5962 3374
f 10367 1524 11658
f 1524 11660 11658
f 11657 3374 11659
f 3374 7930 11659
f 1524 2662 11660
f 11660 2662 7043
f 5562 11661 4966
f 11661 11526 4966
f 7811 7126 11662
f 7811 11662 5816
f 7498 11663 364
f 3061 364 11663
f 3051 8069 11664
f 3051 11664 9868
f 639 10966 11665
f 11662 639 11665
f 3544 11666 6093
f 3544 6424 11666
f 11667 2172 11013
f 2172 11667 11665
f 1372 11668 4144
f 8158 4144 11668
f 7739 784 11669
f 7073 11669 784
f 11670 1479 5539
f 10303 1479 11670
f 4553 11671 10217
f 10217 11671 2024
f 11672 4435 6457
f 1603 4435 11672
f 5017 11673 207
f 6383 207 11673
f 2544 319 11674
f 2544 11674 4611
f 9929 11675 7728
f 11675 9969 7728
f 1875 1854 11676
f 6037 11676 1854
f 5893 719 11677
f 11677 2194 5893
f 1655 8276 11678
f 11678 8276 320
f 7043 3831 11679
f 3831 1522 11679
f 11680 8956 2653
f 11682 11680 2653
f 10937 1983 11681
f 11681 1983 9499
f 3699 6293 11682
f 9140 3699 11684
f 8455 1745 11683
f 11683 1745 11159
f 11682 2653 11684
f 11684 3699 11682
f 11683 11159 11685
f 11685 407 11683
f 8062 7260 11686
f 8062 11686 6353
f 2289 11687 6190
f 4059 11687 2289
f 11688 8070 8064
f 8070 11690 11686
f 11689 9241 6597
f 6597 4516 11689
f 8070 11688 11690
f 12009 1366 12011
f 7941 11691 9331
f 7941 2203 11691
f 6194 5807 11692
f 5319 11692 5807
f 1440 11693 10262
f 1440 5679 11693
f 11694 3832 9078
f 11694 4919 3832
f 9124 5165 11695
f 11695 5125 9124
f 4564 10701 11696
f 464 4564 11696
f 545 11697 9967
f 9970 9967 11697
f 463 8797 11698
f 11698 8797 11699
f 4251 11699 10901
f 8797 10901 11699
f 6290 6892 11700
f 6288 6290 11700
f 5584 449 11701
f 449 2391 11701
f 2466 11702 8351
f 11702 1032 8351
f 3031 6692 11703
f 11703 6692 3069
f 6929 11704 11706
f 11704 9112 618
f 11705 5584 5586
f 8209 11705 5586
f 11704 618 11706
f 11706 618 8918
f 9487 6745 11707
f 6745 9535 11707
f 11708 3998 8954
f 3998 11708 10960
f 3364 11709 10983
f 11426 11709 3364
f 11710 3581 8084
f 5198 3581 11710
f 7638 7194 11711
f 11711 7194 11713
f 6010 589 11712
f 11712 589 1740
f 11711 11713 9286
f 9286 11713 9284
f 11714 7013 4380
f 11714 4380 4382
f 11717 11715 3812
f 4844 11715 3046
f 5213 1771 11716
f 1771 5443 11716
f 11717 3046 11715
f 8831 3046 11717
f 11718 4819 4822
f 11720 11718 4822
f 8565 4345 11719
f 10054 11719 4345
f 11720 4822 8372
f 4806 11720 8372
f 2503 11721 4166
f 11721 10937 4166
f 4962 11722 2116
f 7254 2116 11722
f 1306 7201 11723
f 1306 11723 9112
f 11724 237 6352
f 11724 6352 11726
f 4606 11725 402
f 11563 11725 4606
f 4963 11726 6352
f 5740 11726 4963
f 4534 11727 6727
f 4530 11727 4534
f 7442 7440 11728
f 11728 7440 624
f 8281 11729 7022
f 11729 3692 7022
f 7743 2311 11730
f 2311 3194 11730
f 2258 7831 11731
f 2258 11731 8245
f 9538 5132 11732
f 5137 11732 5132
f 7831 6569 11733
f 7831 11733 11731
f 11734 5712 7583
f 1662 5712 11734
f 11735 504 11737
f 504 11735 8459
f 8599 11736 3962
f 3962 11736 9700
f 11737 1018 1878
f 11735 11737 1878
f 11738 11740 5374
f 4625 11738 3103
f 915 8491 11739
f 10763 915 11739
f 4625 11740 11738
f 1672 11740 4625
f 5367 752 11741
f 6366 11741 752
f 6028 11742 770
f 6028 6031 11742
f 4028 11743 10007
f 4185 10007 11743
f 11200 7265 11744
f 11200 11744 11198
f 11745 5953 5488
f 11745 5488 6815
f 2523 2521 11746
f 7319 11746 2521
f 10943 2057 11747
f 8762 10943 11747
f 4512 11748 4510
f 4508 11748 4512
f 497 9610 11749
f 7142 497 11749
f 2986 11750 10123
f 11750 2986 6623
f 4965 11751 5587
f 5587 11751 981
f 7855 11752 2422
f 7856 11752 7855
f 11753 11755 7578
f 11755 11753 4752
f 6256 11754 4189
f 4189 11754 3688
f 4753 7092 11755
f 4753 11755 4752
f 8432 11756 8434
f 11754 11756 8432
f 4753 4752 11757
f 11757 4752 9838
f 11758 3912 3910
f 3912 11758 11756
f 3938 4327 11759
f 1989 11759 4327
f 10172 11760 4070
f 5632 4070 11760
f 4686 11761 7669
f 11763 7669 11761
f 10924 11762 3293
f 11762 5798 3293
f 11763 1398 7669
f 2421 1398 11763
f 5798 11416 11764
f 3293 5798 11764
f 11765 9283 2949
f 11765 2949 2308
f 5888 11766 11010
f 76 11766 5888
f 11767 6020 7664
f 11767 2073 6020
f 839 11768 8768
f 2348 11768 839
f 2073 11769 6020
f 11773 2073 8822
f 11770 11772 11774
f 507 11772 11770
f 11771 2069 8475
f 11769 11771 8475
f 11772 906 6895
f 507 906 11772
f 11773 11771 11769
f 2073 11773 11769
f 2378 11774 6895
f 11772 6895 11774
f 11777 7635 11775
f 10939 11779 11775
f 11776 949 5011
f 11776 8911 949
f 11775 9084 11777
f 11777 9084 9085
f 2908 2456 11778
f 11778 2456 7797
f 11775 11779 9084
f 11779 7197 9084
f 11226 429 11780
f 11780 429 5309
f 4520 4917 11781
f 4520 11781 966
f 11781 9261 11782
f 11782 9261 2796
f 705 11783 7999
f 11783 705 8803
f 11782 2796 11784
f 11784 2796 8422
f 9036 11785 9034
f 11785 9036 7495
f 857 11786 8413
f 8413 11786 11194
f 11787 848 6599
f 11787 8362 848
f 1634 11788 4613
f 4613 11788 4150
f 11789 2620 4551
f 11789 9450 2620
f 11788 11790 4150
f 4150 11790 5947
f 1089 7781 11791
f 11791 7781 7785
f 5319 11792 11277
f 11792 3622 11277
f 11793 9445 2055
f 2240 11793 2055
f 1959 6427 11794
f 11796 6427 6564
f 11795 5158 1110
f 1261 11795 1110
f 694 11794 11796
f 11796 11794 6427
f 6930 11797 5751
f 10512 11797 6930
f 296 303 11798
f 3965 11798 303
f 11801 9801 9804
f 11801 10476 9801
f 8907 11802 11800
f 11800 4031 898
f 11801 9804 11799
f 8266 11801 11799
f 2563 4031 11802
f 11802 4031 11800
f 6210 11803 9615
f 6210 5373 11803
f 11203 1617 11804
f 1617 9126 11804
f 10264 5127 11805
f 5127 5279 11806
f 5127 11806 11805
f 11806 11808 11805
f 11807 10820 2689
f 11807 2689 5438
f 11806 584 11808
f 11808 584 5275
f 5223 4236 11809
f 11809 4236 9929
f 1016 11810 4210
f 4210 11810 7435
f 11811 8788 488
f 11811 5004 8788
f 11812 2602 3666
f 8324 2602 11812
f 11813 488 1712
f 11811 488 11813
f 3666 11814 3668
f 2602 11814 3666
f 6473 6475 11815
f 11815 6475 8383
f 6910 541 11816
f 541 11817 11816
f 6769 6767 11817
f 541 6769 11817
f 9843 11818 3924
f 3924 11818 8071
f 824 6839 11819
f 10741 824 11819
f 9745 10352 11820
f 7992 9745 11820
f 3817 11821 1404
f 1404 11821 10313
f 11822 2768 3873
f 2768 11822 7955
f 3130 4122 11823
f 1145 3130 11823
f 3038 3845 11824
f 3038 11824 5796
f 8855 8853 11825
f 11829 8855 11825
f 1746 3084 11826
f 7769 11826 3084
f 4985 7688 11827
f 11827 7688 4669
f 11828 2785 11510
f 2785 11828 10457
f 4985 11829 7688
f 4985 8855 11829
f 11830 11593 3848
f 10735 11830 3848
f 8220 540 11831
f 7180 11831 540
f 7214 5994 11957
f 11957 5994 11652
f 11833 6217 5818
f 5818 10583 11833
f 1997 4529 11834
f 3636 11834 4529
f 11835 5827 9949
f 11835 8456 5827
f 11836 5093 7835
f 11836 3754 5093
f 5523 4475 11837
f 4475 2048 11837
f 6653 667 11838
f 11838 6951 6653
f 1346 11839 3874
f 2962 3874 11839
f 8908 11840 5185
f 5185 11840 1386
f 7803 11841 9984
f 3078 11841 7803
f 5592 11842 4710
f 11842 10571 4710
f 6394 6098 11843
f 11843 3482 6394
f 10421 11844 6371
f 6371 11844 10831
f 9897 3483 11845
f 11845 6905 9897
f 4136 11846 11878
f 4136 7730 11846
f 11847 7409 3118
f 11847 3118 10368
f 11848 6004 2919
f 11848 2919 8133
f 10376 3119 11849
f 11849 11847 10376
f 5720 11850 6488
f 5720 11053 11850
f 11851 9707 9703
f 4912 9707 11851
f 886 11852 4766
f 10392 11852 886
f 11853 75 6666
f 11853 6666 3197
f 11854 4743 1475
f 10030 4743 11854
f 8910 4108 11855
f 4108 1219 11855
f 2604 11856 6593
f 11856 1917 6593
f 252 11857 1581
f 11857 10389 1581
f 11858 874 11640
f 3632 11858 11640
f 8910 11859 252
f 252 11859 11857
f 140 4598 11860
f 11860 4598 7901
f 11861 3314 7944
f 2320 11861 7944
f 11864 11862 1785
f 1785 11862 4296
f 2582 11863 8457
f 11863 4436 8457
f 3126 11864 8952
f 8952 11864 1785
f 3519 11865 6658
f 6658 11865 3518
f 8952 1785 11866
f 9252 8952 11866
f 11867 4769 424
f 11867 424 9354
f 11871 11868 3890
f 3890 11868 1783
f 9328 11866 11869
f 9330 9328 11869
f 5179 11870 11459
f 5179 1375 11870
f 5768 11871 3890
f 11871 5768 3888
f 1115 11872 7745
f 11872 3904 7745
f 9330 11873 9326
f 11871 9326 11873
f 8274 11874 11872
f 1623 11874 8274
f 3687 5290 11875
f 11875 5290 9531
f 6196 11876 2319
f 2319 11876 10675
f 135 4431 11877
f 4431 6609 11877
f 11878 1011 864
f 11876 11878 864
f 11405 11879 399
f 1175 399 11879
f 11880 5194 553
f 553 11882 11880
f 6023 6324 11881
f 11881 7525 6023
f 8212 11882 9200
f 11880 11882 8212
f 10156 3251 11883
f 6863 11883 3251
f 2888 9850 11884
f 9850 10886 11884
f 11885 11712 2928
f 11560 11885 2928
f 8660 2505 11886
f 2505 4463 11886
f 11887 3024 8171
f 11889 3024 11887
f 10298 10489 11888
f 10298 11888 11150
f 5332 11889 11887
f 10215 11889 5332
f 2227 11890 862
f 862 11890 6718
f 6499 1605 11891
f 1605 3828 11891
f 694 10355 11892
f 11894 11892 10355
f 11893 3721 5759
f 6776 11893 5759
f 11894 9994 11892
f 11245 9994 11894
f 11895 11899 11897
f 884 1304 11895
f 3511 11896 944
f 5258 944 11896
f 2974 884 11897
f 11895 11897 884
f 10941 1922 11898
f 1922 5237 11898
f 11899 12010 3346
f 11897 11899 3346
f 7773 11904 7371
f 10897 7371 11904
f 3875 5026 11901
f 5026 3970 11901
f 11902 10897 11904
f 7260 10897 11902
f 2141 11903 6971
f 4886 11903 2141
f 7773 11900 11904
f 11900 11902 11904
f 8473 6106 11905
f 6106 9513 11905
f 6776 6426 11906
f 11906 6426 2636
f 11907 11910 2246
f 11907 4198 8473
f 11467 11908 5243
f 5243 11908 925
f 9798 11909 8775
f 11909 2413 8775
f 11907 8473 11910
f 8473 11905 11910
f 11911 1092 11888
f 9574 1092 11911
f 6817 11912 2321
f 6817 10725 11912
f 8012 11913 1651
f 11913 4478 1651
f 6857 11914 2023
f 2023 11914 11916
f 1196 11915 5293
f 11915 1196 8623
f 393 11916 2874
f 11914 11918 11916
f 11917 1196 11919
f 1196 11917 1988
f 11918 4672 2874
f 11918 2874 11916
f 4480 11919 4478
f 11917 11919 4480
f 560 1317 11920
f 11920 1317 5001
f 11921 9845 9847
f 11922 9845 11921
f 7797 809 11922
f 809 9845 11922
f 7716 11923 4698
f 9192 11923 7716
f 11778 7797 11924
f 7797 11926 11924
f 11925 3191 958
f 11642 3191 11925
f 11924 11926 7795
f 11926 8713 7795
f 752 5367 11927
f 5367 10257 11927
f 11928 6459 382
f 382 9125 11928
f 4964 1461 11929
f 11929 1461 8688
f 6736 9426 11930
f 2743 6736 11930
f 2977 966 11931
f 11931 966 11782
f 306 11932 9287
f 11932 5307 9287
f 4996 11933 1804
f 11933 4996 10281
f 10979 11934 2907
f 8254 11934 10979
f 11935 6864 6976
f 10946 6864 11935
f 10876 11936 1838
f 1838 11936 4878
f 7609 1106 11937
f 11939 3770 11937
f 11938 5371 4479
f 4869 11938 4479
f 11939 1106 1329
f 11939 11937 1106
f 8511 10907 11940
f 8511 11940 9861
f 11943 5753 11941
f 11941 5753 899
f 8512 11942 11940
f 8516 11942 8512
f 11943 11941 8904
f 11943 8904 11939
f 11944 10764 1266
f 8402 11944 1266
f 9862 11945 4583
f 8165 4583 11945
f 9758 9756 11946
f 11946 9756 631
f 11945 11947 8165
f 11947 6428 8165
f 11951 11948 6529
f 11948 59 6529
f 11947 11949 6428
f 10531 6428 11949
f 11302 2660 11950
f 11952 11950 2660
f 38 45 11951
f 11951 45 11948
f 6490 11950 11952
f 2658 6490 11952
f 6442 1450 11953
f 6442 11953 8853
f 11954 211 9851
f 211 11954 5932
f 6096 11955 1450
f 1450 11955 11953
f 11956 8096 3740
f 4193 11956 3740
f 2376 11957 11832
f 11957 11652 11832
f 2231 6434 11958
f 9943 2231 11958
f 11959 2742 10693
f 5267 11959 10693
f 11960 2184 9947
f 805 11960 9947
f 7620 11961 5638
f 5638 11961 2464
f 2832 5741 11962
f 11962 8814 2832
f 11963 11961 858
f 858 8174 11963
f 8669 11964 1478
f 11964 3158 1478
f 11965 11967 6049
f 11965 4875 11967
f 8556 11966 7231
f 11966 3882 7231
f 11967 4875 4873
f 11967 4873 10403
f 11968 1699 9440
f 2934 11968 9440
f 9191 538 11969
f 11969 538 10330
f 11970 2328 7541
f 2328 11970 4758
f 10489 11971 10330
f 11969 10330 11971
f 90 11972 5048
f 99 5048 11972
f 11973 11969 11971
f 11973 11971 10489
f 11974 11527 2950
f 2950 4517 11974
f 11975 11887 7717
f 10208 11975 7717
f 81 11976 2043
f 8827 2043 11976
f 6323 11977 810
f 7584 810 11977
f 7584 11978 810
f 11978 7584 3477
f 11979 6213 8581
f 486 6213 11979
f 5709 11980 3477
f 11978 3477 11980
f 11390 11981 10706
f 11981 1940 10706
f 3705 11982 9614
f 11982 5399 9614
f 6453 11983 3539
f 3539 11983 1759
f 9167 11984 7439
f 9167 1494 11984
f 7997 7731 11985
f 11985 7731 10447
f 11985 10447 11986
f 10447 8881 11986
f 11987 3107 575
f 11987 575 6109
f 2122 6612 11988
f 2122 11988 7646
f 11989 8067 6912
f 8510 8067 11989
f 11990 5645 996
f 4646 11990 996
f 5609 11991 1872
f 11427 1872 11991
f 10048 11992 5435
f 11992 390 5435
f 11993 5453 10543
f 11991 11993 10543
f 2143 2145 11994
f 11996 11994 7556
f 11995 458 11842
f 11995 9769 458
f 2143 11996 11284
f 2143 11994 11996
f 9923 11997 2032
f 11997 596 2032
f 3436 11998 2046
f 3436 5992 11998
f 11999 2579 7782
f 4022 2579 11999
f 1585 12000 10697
f 1585 6218 12000
f 12001 4893 429
f 12003 7854 4893
f 331 12002 10794
f 10794 12002 336
f 1802 12003 12001
f 12001 12003 4893
f 12004 3489 6279
f 6279 11100 12004
f 12005 4253 5878
f 10289 4253 12005
f 3980 8263 12006
f 7738 3980 12006
f 7721 9811 12007
f 12007 9811 1894
f 10027 4623 12008
f 12008 4623 409
f 11688 12009 11690
f 11688 9014 12009
f 3346 12010 7060
f 7060 12010 7437
f 12009 12011 11690
f 11686 11690 12011
f 12012 12014 1366
f 8062 12014 12012
f 6057 10436 12013
f 12013 10436 2837
f 12011 12014 6353
f 8062 6353 12014
f 2069 4991 12015
f 4991 6116 12015
f 5388 12016 6774
f 9373 12016 5388
f 6046 12017 5785
f 12017 6046 4036
f 1244 12018 121
f 8903 12018 1244

 