# File exported by ZBrush version 2026
# www.zbrush.com
#Vertex Count 1614
#Face Count 3212
#Auto scale x=1.000000 y=1.000000 z=1.000000
#Auto offset x=0.000000 y=0.000000 z=0.000000
v -0.51971679 -2.3445878 0.1787125
v 0.51972949 -2.34459352 0.17875717
v -0.57258212 -1.87709462 -0.03687271
v -0.21645094 -2.38371229 0.23265297
v 0.57757657 -1.86449837 -0.03204001
v 0.21519693 -2.38324499 0.23306214
v -0.00000003 -2.494982 -0.32660684
v -0.00000003 -2.3678224 0.37268418
v -0.00000003 -2.35794782 -0.40225169
v -0.00000003 -2.27578568 0.34104099
v -0.00000003 -2.44816541 -0.31236314
v -0.00000003 -2.19574427 0.36807766
v 0.55129832 -2.36327052 -0.08582624
v -0.55117899 -2.36378884 -0.08600301
v 0.43590271 -2.3056755 -0.38761535
v -0.43537139 -2.30597996 -0.38785892
v 0.47084313 -2.42876482 -0.29418489
v -0.46586051 -2.43060207 -0.29847604
v -0.00000003 -2.34076404 -0.37672314
v 0.44471862 -2.29853892 -0.33622732
v -0.4438793 -2.29985809 -0.33574998
v 0.51230394 -2.39526486 -0.2066158
v -0.5103293 -2.39440345 -0.20814602
v 0.55249118 -2.3985145 -0.19868913
v -0.55348432 -2.39817333 -0.19730359
v 0.55661732 -2.25588774 -0.23203778
v -0.55643707 -2.25843977 -0.22966177
v 0.62703806 -2.22883081 -0.19942681
v -0.62646246 -2.22868871 -0.20055608
v 0.63155376 -2.23330473 -0.02891981
v -0.63155835 -2.23392224 -0.03174902
v 0.26820325 -2.32225561 -0.40665766
v -0.26794716 -2.32263946 -0.40716779
v 0.38756603 -2.40585994 -0.29615205
v -0.3838593 -2.40978527 -0.29590031
v 0.2352612 -2.29800367 0.33462116
v -0.23473952 -2.29942441 0.33547917
v 0.53584182 -2.23258757 0.15140985
v -0.53686207 -2.23113489 0.14946544
v -0.00000003 -2.2459836 0.4092547
v 0.59199613 -2.29799151 0.09294346
v -0.59115529 -2.30325603 0.09170375
v 0.1065376 -2.467772 -0.35818868
v -0.10428852 -2.46582102 -0.35830313
v 0.19010537 -2.1886816 0.40343543
v -0.19115756 -2.18942213 0.40306392
v 0.57141888 -2.38009166 0.00672467
v -0.57018357 -2.38008785 0.00596177
v 0.14399755 -2.36738443 0.3898313
v -0.14289446 -2.36748242 0.39027816
v 0.37263274 -2.45202207 -0.31501206
v -0.37657839 -2.45126581 -0.3144449
v 0.5666092 -2.20975303 0.07581663
v -0.58271014 -2.14700794 0.07323502
v 0.58655852 -2.14869117 0.15486128
v -0.58615183 -2.15030503 0.15520055
v 0.33785107 -2.31237626 -0.36196082
v -0.34159866 -2.31247758 -0.36108419
v 0.25965651 -2.26111555 0.37739905
v -0.26001662 -2.26124453 0.377741
v 0.51219397 -2.27524495 -0.33527824
v -0.5119276 -2.27439999 -0.33439436
v 0.23127794 -2.221776 0.33822628
v -0.23163938 -2.22252798 0.33807814
v 0.60048502 -2.20037293 -0.15693314
v -0.59877318 -2.20380759 -0.16050975
v 0.13452331 -2.37125277 -0.3995476
v -0.13497833 -2.36978936 -0.40000012
v 0.61052966 -2.21457552 -0.21769325
v -0.61038237 -2.21475195 -0.21812795
v 0.08579357 -2.4088304 -0.35743662
v -0.0831278 -2.41914629 -0.35302272
v 0.58605301 -2.33330488 -0.18594595
v -0.58452242 -2.33663988 -0.18791581
v -0.00000003 -2.42441916 -0.37421456
v 0.57500737 -2.29065752 -0.30017262
v -0.57634478 -2.29029822 -0.29981425
v 0.11116202 -2.35846686 0.35323062
v -0.12970414 -2.35888147 0.35511657
v 0.54618185 -2.36601018 0.04346846
v -0.5468539 -2.36644172 0.04299379
v 0.21430021 -2.33646798 0.34576347
v -0.21483381 -2.33752226 0.34722241
v 0.38878315 -2.34218573 -0.40249157
v -0.38884648 -2.34242725 -0.40227168
v 0.57548075 -2.12729692 0.12965357
v -0.57590806 -2.12648916 0.13020692
v 0.61683535 -2.17871928 -0.12875908
v -0.6151337 -2.17919445 -0.12879587
v 0.3271774 -2.42975878 -0.36105492
v -0.33217927 -2.42946481 -0.360511
v -0.00000003 -2.31431937 0.38541582
v 0.09229511 -2.49357962 -0.32607391
v -0.093925 -2.49384617 -0.32664635
v 0.55812478 -2.32305264 -0.28091386
v -0.55194217 -2.32718229 -0.28548938
v 0.47439417 -2.37314796 -0.25396531
v -0.47101649 -2.37531232 -0.25546929
v 0.12236972 -2.33932328 -0.3900536
v -0.11832755 -2.33953428 -0.38857644
v 0.46195828 -2.41662597 -0.3269633
v -0.46184366 -2.41531205 -0.32741597
v -0.00000003 -2.20560026 0.40789276
v 0.53322958 -2.29953861 0.18335765
v -0.52946901 -2.29694891 0.18559654
v 0.36770343 -2.43233418 -0.30013769
v -0.35750833 -2.43452215 -0.30260607
v 0.51092153 -2.34415102 0.13172055
v -0.51092523 -2.34413123 0.13277837
v 0.62375295 -2.22265815 0.05158092
v -0.62405014 -2.22251772 0.05067151
v 0.43601307 -2.33798503 0.44479078
v -0.43601286 -2.33798408 0.44479182
v -0.00000003 -2.36752152 0.3493523
v 0.53859508 -2.35771679 0.28687459
v -0.53859907 -2.35771417 0.28687375
v 0.53935557 -2.3080666 0.45358347
v -0.53935563 -2.30806684 0.45358347
v 0.13053034 -2.25861477 0.40605679
v -0.13171151 -2.26309824 0.40573692
v 0.58571839 -2.31778574 0.33514812
v -0.58571279 -2.31778907 0.33515897
v 0.55672055 -2.33862733 0.28424021
v -0.55671751 -2.33862972 0.28423237
v -0.00000003 -2.39574623 -0.33391973
v 0.62989836 -2.27489924 0.29376372
v -0.62989813 -2.27489996 0.29376366
v 0.52954888 -2.34834337 0.15068598
v -0.52974474 -2.34795737 0.15120181
v 0.46015647 -2.38494968 0.22914016
v -0.46015602 -2.38495302 0.22916403
v 0.43263885 -2.39657259 0.21193683
v -0.43261304 -2.39650321 0.2114904
v 0.42775774 -2.37086033 -0.35992288
v -0.42873206 -2.37148404 -0.35944214
v 0.42140105 -2.39172482 0.34073638
v -0.42140355 -2.39172005 0.34074944
v 0.62705677 -2.26378011 0.23904193
v -0.62705653 -2.26377987 0.23903913
v 0.13630934 -2.19481158 0.36282345
v -0.13489663 -2.19468426 0.36298987
v 0.57134288 -2.244318 0.4706633
v -0.57134306 -2.24431753 0.47066336
v 0.42252466 -2.39635109 0.34161511
v -0.42253869 -2.39634919 0.34162175
v 0.63810384 -2.24943709 0.31197953
v -0.63810193 -2.24944067 0.31198194
v 0.64107263 -2.21822476 0.37251868
v -0.64107227 -2.21822524 0.3725194
v 0.50658899 -2.26530695 0.18044811
v -0.50727736 -2.26380491 0.18013003
v 0.55031716 -2.34316062 0.22244058
v -0.55032092 -2.34315562 0.2224282
v 0.5586304 -2.20129752 0.15220038
v -0.55812615 -2.20127201 0.15198686
v 0.47772732 -2.36518526 0.17389366
v -0.477651 -2.36520409 0.17382681
v 0.58501952 -2.28569483 0.39674383
v -0.58501583 -2.28569746 0.3967466
v 0.37886458 -2.40442514 0.27545917
v -0.37890785 -2.40443301 0.27544286
v 0.61095285 -2.24590611 0.39446279
v -0.61095386 -2.24590539 0.39446139
v 0.66249936 -2.16113615 0.22135929
v -0.66249853 -2.16113567 0.22135525
v 0.39900001 -2.38201618 0.38910469
v -0.39898866 -2.38201642 0.38910487
v 0.65671479 -2.04713964 0.28511622
v -0.6567161 -2.04714632 0.28511354
v 0.2942838 -2.30427885 0.46893468
v -0.29428517 -2.30427455 0.46893844
v 0.63917946 -2.20022583 0.14685271
v -0.6391797 -2.20022368 0.14685098
v 0.48461666 -2.37220287 0.39745262
v -0.48461616 -2.37220311 0.39745208
v 0.6651445 -2.20122075 0.28767204
v -0.66514563 -2.20121669 0.28766977
v 0.48748791 -2.33100485 0.43610757
v -0.48748579 -2.331007 0.43610543
v 0.66625666 -2.09876012 0.32574439
v -0.66625672 -2.09876012 0.32574403
v 0.64684391 -2.10295367 0.36433014
v -0.64684313 -2.10295319 0.36433199
v 0.41498047 -2.35080933 0.44227734
v -0.41498443 -2.35080766 0.44227919
v 0.57166498 -2.28759408 0.14079912
v -0.57166343 -2.28759384 0.14079602
v 0.62713575 -2.15349555 0.41305777
v -0.62713635 -2.15349531 0.41305685
v 0.55860686 -2.08404731 -0.02761939
v -0.55834096 -2.08472681 -0.02788914
v 0.51429909 -2.30444669 0.46089738
v -0.51430004 -2.3044455 0.46089807
v 0.57164412 -2.27893877 0.1105011
v -0.5716117 -2.27893853 0.11044348
v 0.48724266 -2.27860975 0.48336127
v -0.48724138 -2.27861094 0.48336115
v 0.53237897 -2.24186182 0.02450293
v -0.53237325 -2.24171876 0.02434842
v 0.45362871 -2.23743963 0.51633918
v -0.45363 -2.23744416 0.51633775
v 0.3589994 -2.25621509 0.50839757
v -0.35899943 -2.25621485 0.50839769
v 0.56496089 -2.19362306 0.01336798
v -0.56504952 -2.19346284 0.01338354
v 0.35809132 -2.29663372 0.48391407
v -0.35808616 -2.29663419 0.48391294
v 0.49658322 -2.28735804 -0.3033376
v -0.49584361 -2.28514814 -0.30565327
v 0.42706483 -2.13300013 0.52804154
v -0.42706534 -2.13300013 0.5280416
v 0.23775696 -2.34286928 -0.35393831
v -0.23623736 -2.34430193 -0.35366189
v 0.58722597 -2.21337699 0.4516012
v -0.58722579 -2.21337795 0.45160117
v 0.57955884 -2.1524744 0.48117676
v -0.57955879 -2.15247321 0.48117673
v 0.26132565 -2.38398289 0.31680843
v -0.26147213 -2.3839674 0.31700646
v 0.41074237 -2.10627865 0.57075077
v -0.41074565 -2.10627865 0.57074952
v 0.20736083 -2.29407405 0.42717105
v -0.20737288 -2.29406309 0.42718911
v 0.63850069 -2.17676639 -0.05877311
v -0.63890022 -2.17929911 -0.0659832
v 0.30919686 -2.3394196 0.43088674
v -0.3091903 -2.33941817 0.43088668
v -0.00000003 -2.35689115 0.38260492
v 0.2576338 -2.36724567 0.37240696
v -0.25763836 -2.36724948 0.37240213
v 0.38092339 -2.42854452 -0.35072484
v -0.38159513 -2.42772126 -0.35088664
v 0.36078989 -2.39878678 0.3241575
v -0.36077046 -2.39878988 0.32414689
v 0.62339222 -2.26955723 -0.11433289
v -0.62132787 -2.27416586 -0.11662779
v 0.26890981 -2.38882255 0.32899293
v -0.26899743 -2.38884735 0.32900068
v 0.16753539 -2.36244559 0.36177194
v -0.16714498 -2.36369013 0.36437559
v 0.40116024 -2.414258 0.26410782
v -0.40115773 -2.41425824 0.26410651
v -0.00000003 -2.37778759 -0.40130558
v 0.14649732 -2.33387112 0.29776814
v -0.14684386 -2.33389926 0.29832994
v 0.18725706 -2.32899451 -0.37575277
v -0.18456292 -2.32940959 -0.37572887
v 0.15896548 -2.35040617 0.29488793
v -0.15872027 -2.35098838 0.29276329
v 0.60195142 -2.2092328 0.12413212
v -0.60093957 -2.21433091 0.12357984
v 0.17422676 -2.37041735 0.2441847
v -0.16932553 -2.36751437 0.24503839
v 0.61048519 -2.30626344 -0.01399244
v -0.61023002 -2.30734849 -0.01504184
v 0.10837273 -2.32118082 0.24569115
v -0.10705422 -2.320086 0.24594947
v 0.62466245 -2.09429955 0.41217652
v -0.62466394 -2.09430074 0.41217494
v 0.6028254 -2.27898407 0.17189715
v -0.60281795 -2.27899098 0.17189279
v 0.59304225 -2.01826119 0.46025049
v -0.59304219 -2.01826119 0.46025058
v 0.53389906 -2.370193 -0.15153968
v -0.53258937 -2.36981415 -0.15702761
v 0.66173619 -2.02123332 0.11875526
v -0.66173583 -2.02123308 0.11875332
v 0.17028614 -2.18105912 0.35796573
v -0.17317022 -2.18115949 0.35717615
v 0.67223566 -2.15651011 0.25646111
v -0.67223584 -2.1565082 0.25645861
v 0.07248842 -2.47221589 -0.33921158
v -0.07258206 -2.4714837 -0.33925467
v 0.66050195 -2.12718224 0.32963052
v -0.66050136 -2.12718343 0.32963267
v 0.48350897 -2.3236351 0.06845813
v -0.48331937 -2.32338762 0.0678206
v 0.31332528 -2.27024602 0.49988839
v -0.31332257 -2.27024006 0.49989119
v 0.51662588 -2.30275631 0.08423863
v -0.51660901 -2.30272221 0.08415878
v 0.26335001 -2.20462393 0.51236665
v -0.2633509 -2.20462393 0.51236701
v 0.18559464 -2.25756526 0.44118866
v -0.18559567 -2.25756454 0.44118914
v 0.31817647 -2.42247223 -0.31183576
v -0.3199945 -2.42194771 -0.31141829
v 0.19236023 -2.29773545 0.42113792
v -0.19236104 -2.29774117 0.42113345
v 0.44663453 -2.41958451 -0.27196952
v -0.44678357 -2.41617798 -0.27032092
v 0.06230808 -2.27013945 0.25681144
v -0.06048702 -2.26762151 0.25709489
v 0.14264047 -2.23084545 0.45898234
v -0.14264147 -2.23084521 0.4589836
v 0.38619154 -2.29685688 -0.39431467
v -0.3827967 -2.29665303 -0.39380118
v 0.16429401 -2.25953126 0.43119838
v -0.1642932 -2.25953269 0.43119525
v 0.08146145 -2.36579561 -0.37726333
v -0.08277325 -2.36295437 -0.37695518
v 0.11596492 -2.3110249 0.31078577
v -0.11635907 -2.31139278 0.31077539
v 0.09664698 -2.26188325 0.35843521
v -0.09662658 -2.26190948 0.35838973
v 0.57543468 -2.1066389 0.47852593
v -0.57543462 -2.10663938 0.47852605
v 0.06750851 -2.2538836 0.31061822
v -0.06746319 -2.2538197 0.3106099
v 0.32825046 -2.18530297 0.53004705
v -0.32825034 -2.18530321 0.53004694
v 0.03504211 -2.15085887 0.30279183
v -0.03492276 -2.15084862 0.30235722
v 0.32840088 -2.22012734 0.52587014
v -0.32839736 -2.22012496 0.52587044
v 0.2439429 -2.22768187 0.38596975
v -0.24282197 -2.22586631 0.38648933
v 0.45946756 -2.32646369 -0.38097369
v -0.45320195 -2.3262093 -0.38356372
v 0.37413331 -2.39556169 0.16625703
v -0.37302354 -2.39631462 0.16857735
v 0.03466034 -2.4084208 -0.37754395
v -0.02558802 -2.40778803 -0.37990784
v 0.60748785 -2.10177707 0.05071068
v -0.60748291 -2.10173416 0.05069125
v 0.60340297 -2.3539164 -0.06931782
v -0.60357797 -2.35376501 -0.06998291
v 0.62683355 -2.13847374 0.08629874
v -0.62682539 -2.13846516 0.08627709
v 0.13680674 -2.41267967 -0.37557444
v -0.13599979 -2.41232204 -0.37565842
v 0.58721715 -2.02122116 0.00755009
v -0.58721506 -2.02121377 0.00754554
v 0.6027528 -2.20992302 0.09506932
v -0.60274672 -2.20993161 0.09506511
v 0.24036309 -2.26778912 0.4747605
v -0.2403637 -2.26779079 0.47475981
v 0.59827351 -2.19310426 -0.06867054
v -0.59879416 -2.19172334 -0.0725881
v 0.65137308 -2.14465236 0.14601674
v -0.6513735 -2.14465117 0.14601758
v 0.18840931 -2.2199459 0.5039621
v -0.18841005 -2.21994543 0.50396305
v 0.56089919 -2.25194716 -0.30324274
v -0.56181079 -2.25223469 -0.30342316
v 0.12348683 -2.13446521 0.47223517
v -0.12350444 -2.1344552 0.47225663
v 0.11254193 -2.20422172 0.4420596
v -0.11254252 -2.20422196 0.44206059
v 0.35915085 -2.35992908 0.41614145
v -0.35915762 -2.35993242 0.41613835
v 0.01916742 -2.17096281 0.25350654
v -0.0198072 -2.17381763 0.25347679
v 0.0601414 -2.24460506 0.4053311
v -0.04441011 -2.24881672 0.40438184
v 0.09548375 -2.21154904 0.40688407
v -0.09548972 -2.21154451 0.40689694
v 0.64253681 -2.15884709 0.03001107
v -0.64201146 -2.15661907 0.03183108
v 0.07083635 -2.03527712 0.33716672
v -0.07106348 -2.03499317 0.33741089
v 0.21396891 -2.34511113 0.36853057
v -0.21293525 -2.34576702 0.36938756
v 0.02824303 -2.15852093 0.29809367
v -0.02804679 -2.15829896 0.29767757
v 0.42865335 -2.38516283 -0.28476443
v -0.43354165 -2.38603234 -0.28039065
v 0.58247757 -2.21788454 0.44836977
v -0.58247757 -2.21788501 0.44836929
v 0.50127905 -2.20587301 0.50107085
v -0.50127905 -2.20587372 0.50107061
v 0.07716786 -2.29724741 0.25459331
v -0.07714312 -2.29726004 0.25460156
v 0.63068723 -2.23058104 0.17544588
v -0.63068705 -2.23058128 0.17544581
v 0.54399931 -2.39980602 -0.18297852
v -0.54382193 -2.39993906 -0.18328951
v 0.55984312 -2.28395009 0.4325827
v -0.55984276 -2.28395056 0.43258273
v 0.65320015 -2.05000543 0.16424934
v -0.65320235 -2.05000495 0.16425989
v 0.50366145 -2.35291409 -0.32382684
v -0.50588411 -2.35385489 -0.32121309
v 0.65901923 -2.17642617 0.32759809
v -0.65901887 -2.17642688 0.32759836
v 0.63440191 -2.05043792 0.10053094
v -0.63440251 -2.05043768 0.10053268
v 0.51503914 -2.29413747 0.46061119
v -0.51503753 -2.29414105 0.46060934
v 0.34301787 -2.41040945 0.28354871
v -0.34203338 -2.41049337 0.28264492
v 0.50248295 -2.40937757 -0.29063788
v -0.50209742 -2.40986108 -0.29045835
v 0.54107844 -2.09543943 0.4870761
v -0.54107844 -2.09543943 0.4870761
v 0.66093814 -2.19677519 0.21780523
v -0.66093772 -2.19677543 0.21780361
v 0.5390048 -2.26157879 0.47456547
v -0.53900355 -2.26157879 0.47456577
v 0.63977736 -1.90798449 0.30166864
v -0.64229971 -1.91344833 0.30209243
v 0.56736403 -2.30167055 -0.03176556
v -0.56675243 -2.30388593 -0.03208467
v 0.64488875 -2.04955911 0.11441291
v -0.64488977 -2.04955935 0.11441615
v 0.63844806 -2.02710676 0.08611921
v -0.63844764 -2.02710723 0.08611983
v 0.58386981 -2.37415361 0.02091794
v -0.58387005 -2.37452983 0.01866429
v 0.66051888 -2.04480457 0.2937054
v -0.66051888 -2.04480409 0.29370555
v 0.53569585 -1.9587773 -0.06303823
v -0.53584224 -1.95937919 -0.06283369
v 0.63834518 -2.02972221 0.34919464
v -0.63834679 -2.02972197 0.34918871
v 0.59322327 -1.94473123 -0.02692034
v -0.59373402 -1.94472146 -0.02641136
v 0.5839104 -1.97299385 -0.02739894
v -0.58389145 -1.97303295 -0.02739315
v 0.58083564 -2.09693455 0.45377919
v -0.58083587 -2.09693408 0.45377856
v 0.63286501 -2.00419783 0.04874541
v -0.63286501 -2.00419783 0.0487454
v 0.58396768 -2.08708667 0.45676872
v -0.5839678 -2.08708858 0.45676901
v 0.65535157 -1.99753034 0.07671048
v -0.65535181 -1.99754118 0.07671931
v 0.50785154 -2.32489442 0.17681409
v -0.50800824 -2.32464075 0.17703378
v 0.66482889 -2.04954314 0.25761595
v -0.66482871 -2.04954361 0.25761741
v 0.53204274 -2.13975334 -0.04398813
v -0.53180545 -2.14020228 -0.04407975
v 0.64902955 -1.88905012 0.07713339
v -0.6485039 -1.88707101 0.07623378
v 0.43046334 -2.33470106 0.05279667
v -0.42975187 -2.33556938 0.05385537
v 0.6779257 -2.01904344 0.24363002
v -0.67792582 -2.01904416 0.24361775
v 0.46999374 -2.29829359 0.01651318
v -0.47040808 -2.29757833 0.01601214
v 0.677217 -2.00992631 0.28475108
v -0.67721915 -2.0098505 0.28498417
v 0.39962986 -2.37521886 0.1018219
v -0.39999359 -2.37488722 0.10119386
v 0.65065676 -1.98890531 0.37834519
v -0.65070396 -1.98889255 0.37820136
v 0.55161094 -2.23032188 0.02528279
v -0.55169105 -2.23030042 0.02536011
v 0.67892128 -2.01096797 0.28748127
v -0.67898571 -2.01153087 0.28626397
v 0.51354003 -2.19919347 -0.03932827
v -0.51399529 -2.19818162 -0.03957315
v 0.58568739 -2.32255125 0.2811461
v -0.58568888 -2.32255029 0.28114917
v 0.62328183 -2.2649188 -0.18886141
v -0.6230182 -2.2652173 -0.18973656
v 0.50191032 -2.37464499 0.23793876
v -0.50191658 -2.3746407 0.2379273
v 0.64553111 -2.20690131 -0.12836693
v -0.64511346 -2.20619893 -0.13123615
v 0.55236387 -2.34456944 -0.09066131
v -0.55216628 -2.34513425 -0.09037602
v 0.56739676 -2.26303672 0.4690535
v -0.56739682 -2.26303744 0.46905311
v 0.59388428 -2.12739968 0.13152621
v -0.59462297 -2.12784361 0.13225494
v 0.57844775 -2.21670436 0.47657069
v -0.57844787 -2.21670413 0.47657072
v 0.20943987 -2.33658146 0.37317138
v -0.2094421 -2.33658003 0.37317633
v 0.57683098 -2.25947403 0.44338488
v -0.57683026 -2.25947475 0.44338604
v 0.53815102 -2.25073528 -0.27744066
v -0.53814744 -2.25072932 -0.27744481
v 0.53382444 -2.32538461 0.41720739
v -0.53382009 -2.32538843 0.41720578
v 0.50628626 -2.35620927 0.38634792
v -0.50628781 -2.35620737 0.38635265
v 0.48980245 -2.06126141 0.54082369
v -0.48980239 -2.06126165 0.5408234
v 0.44915419 -2.3750453 0.38830474
v -0.44915077 -2.37505006 0.38829767
v 0.62064111 -2.15055751 0.41321024
v -0.62064039 -2.15055608 0.41321131
v 0.21200779 -2.35930943 -0.39793872
v -0.2168132 -2.35934567 -0.3978554
v 0.48917511 -2.31021618 0.1674492
v -0.48905429 -2.31006288 0.16766181
v 0.57552403 -2.26415181 -0.30159935
v -0.57526147 -2.26411771 -0.30193942
v 0.26837998 -2.31238937 -0.39912557
v -0.26886999 -2.31124472 -0.39840361
v 0.65244329 -2.21888756 0.2487874
v -0.65244275 -2.21888685 0.24878281
v 0.05850148 -2.18251872 0.36191502
v -0.0585014 -2.18251848 0.36191481
v 0.43925526 -2.20706939 0.52028334
v -0.43925875 -2.20707035 0.52028232
v 0.50573641 -2.36150074 0.1880503
v -0.50572925 -2.36149954 0.1880303
v 0.189172 -2.48357033 -0.33187899
v -0.18804045 -2.48409462 -0.33202153
v 0.53140848 -2.32186341 0.41424968
v -0.53140902 -2.32186245 0.41424924
v 0.58164143 -2.22092247 0.14682056
v -0.58060687 -2.22420048 0.14712694
v 0.60644775 -2.29487705 0.29133155
v -0.6064437 -2.29488253 0.29132434
v 0.50186294 -2.35243654 0.41693282
v -0.50186318 -2.35243654 0.41693291
v 0.66701567 -2.11603546 0.23093938
v -0.66701626 -2.11604046 0.23094452
v 0.53663313 -2.34714055 0.33777919
v -0.53663528 -2.34713983 0.33777466
v 0.67498499 -2.0150845 0.22466367
v -0.67500054 -2.01496315 0.22422809
v -0.00000003 -2.19998765 0.39818769
v 0.58617514 -2.05142355 0.43774655
v -0.58617538 -2.05142283 0.43774604
v 0.13077674 -2.20542407 0.40941149
v -0.12773193 -2.20645594 0.40997821
v 0.37840065 -2.40854859 0.22608186
v -0.37974226 -2.40866923 0.22720536
v 0.5948708 -2.03223896 0.43187132
v -0.59486961 -2.03223848 0.43187302
v 0.27098736 -2.39578008 0.26947823
v -0.27103322 -2.39581394 0.26932629
v 0.55059683 -2.04069852 0.46852076
v -0.55059665 -2.040699 0.46852099
v 0.25508034 -2.40212392 0.22540392
v -0.25199341 -2.40141177 0.22602893
v 0.50728356 -2.09391164 0.49843502
v -0.5072835 -2.09391188 0.49843508
v 0.29965788 -2.37309479 0.37550842
v -0.29966414 -2.37308764 0.37552452
v 0.50919234 -2.14589428 0.50692951
v -0.50919103 -2.14589166 0.50693017
v 0.53992861 -2.03085517 0.51339173
v -0.53992879 -2.03085494 0.51339173
v 0.57336747 -2.17549395 0.02445836
v -0.57341802 -2.17558002 0.02458223
v 0.5631352 -2.084867 -0.03065099
v -0.56376946 -2.08331418 -0.03003269
v 0.53776568 -2.11330246 0.48393523
v -0.5377655 -2.11330318 0.48393526
v 0.37545228 -2.40045905 0.33905321
v -0.37545847 -2.40045833 0.33905345
v 0.50791299 -2.06367158 0.49848687
v -0.50791287 -2.06367135 0.49848702
v 0.54146099 -2.18968248 0.48222008
v -0.54146093 -2.18968296 0.48222005
v 0.2062121 -2.34177446 0.37328213
v -0.20620653 -2.34178352 0.37326407
v 0.56053692 -2.32976317 0.22743813
v -0.56053048 -2.32976579 0.22742573
v 0.62402081 -1.97983479 0.01227228
v -0.62421602 -1.98021936 0.01277154
v 0.54371166 -1.96081376 -0.06446419
v -0.54150492 -1.95595324 -0.06639523
v 0.60171026 -2.23325777 0.10274211
v -0.60170954 -2.23326325 0.10274627
v 0.64410203 -2.1732316 0.059129
v -0.64387607 -2.17270183 0.06004201
v 0.63750195 -2.12480688 0.11942134
v -0.63750261 -2.12480855 0.11942357
v 0.67370939 -1.95839262 0.14720241
v -0.67371016 -1.95836496 0.14719645
v 0.24876904 -2.30461621 0.3613308
v -0.24843402 -2.30456733 0.36050111
v 0.06109739 -2.48509359 -0.30821895
v -0.06266443 -2.48567056 -0.30877128
v 0.49042734 -2.23651433 -0.02415922
v -0.49027898 -2.23686146 -0.02395643
v 0.60366433 -2.26619148 0.40271255
v -0.60366618 -2.26619005 0.40271052
v 0.49733418 -2.37385082 0.29308056
v -0.49732685 -2.37385392 0.29308801
v 0.60532301 -2.29388237 -0.17738942
v -0.60390937 -2.29509806 -0.18117518
v 0.53409463 -2.34522938 0.06791307
v -0.53416585 -2.3446846 0.06810195
v 0.38563972 -2.22374439 0.52810907
v -0.38563823 -2.22374463 0.52810901
v 0.60096359 -2.36357712 -0.01073133
v -0.60146933 -2.36275458 -0.01119119
v 0.37655285 -2.14665031 0.53717082
v -0.37654832 -2.14665269 0.53717136
v 0.67138212 -1.92546653 0.13808798
v -0.6715365 -1.92654907 0.13844424
v 0.45586973 -2.10173916 0.52173817
v -0.4558711 -2.10173821 0.52173775
v 0.66796201 -1.954095 0.2089091
v -0.66795969 -1.95411682 0.20900696
v 0.46161422 -2.17761898 0.52397269
v -0.4616141 -2.1776216 0.52397269
v 0.63889175 -1.88449311 0.23927731
v -0.64167106 -1.8932724 0.24163115
v 0.3107714 -2.16429472 0.56205797
v -0.31077149 -2.16429472 0.56205815
v 0.42012438 -2.28298234 0.49584034
v -0.42012563 -2.28298354 0.49583989
v 0.37268102 -2.14820623 0.54247736
v -0.37268182 -2.14820575 0.54247719
v -0.00000003 -2.34829545 -0.36240479
v 0.40824416 -2.10816574 0.57243812
v -0.40824836 -2.10816454 0.57243669
v 0.24585993 -2.22716713 0.4941596
v -0.24585935 -2.2271676 0.49415913
v 0.38479197 -2.03779554 0.57592314
v -0.38488706 -2.03750181 0.57590508
v 0.10048757 -2.25657701 0.38284313
v -0.10048719 -2.25657677 0.38284242
v 0.50966125 -1.98357927 0.53129935
v -0.50964921 -1.98330533 0.53128808
v 0.1489389 -2.21066331 0.48053926
v -0.14893876 -2.21066331 0.4805392
v 0.56405687 -2.15028977 0.14682065
v -0.56334745 -2.15013003 0.14607052
v 0.25534403 -2.0218234 0.5593422
v -0.25489857 -2.02149605 0.55915319
v 0.62450462 -2.04469037 0.3841649
v -0.62450504 -2.04469037 0.38416418
v 0.21807199 -2.21178913 0.51581233
v -0.21807226 -2.21178913 0.51581227
v 0.63570946 -2.04351949 0.37707963
v -0.63571 -2.04351925 0.37707871
v 0.18527287 -2.22202134 0.50250738
v -0.18527326 -2.22202134 0.50250798
v 0.63760852 -2.00779438 0.40993821
v -0.63757187 -2.00776863 0.41003754
v 0.16005045 -2.13244199 0.50989085
v -0.16005684 -2.1324768 0.50989049
v 0.61183238 -2.1356635 0.02732652
v -0.61325484 -2.1374197 0.02096448
v 0.20779591 -2.11486697 0.5436812
v -0.20780299 -2.11488628 0.54368376
v 0.12839664 -2.1884315 0.38363227
v -0.13124878 -2.18834567 0.38486895
v 0.20580317 -2.14856338 0.5426014
v -0.20580533 -2.14854955 0.54260468
v 0.58308571 -2.01115727 0.48261612
v -0.58308446 -2.01115179 0.48262205
v 0.11177295 -2.14661383 0.46103867
v -0.11178047 -2.14661645 0.46104663
v 0.59265524 -2.03166294 0.42779976
v -0.59265601 -2.03166461 0.42779919
v 0.13682018 -2.01225328 0.4489735
v -0.13174472 -2.01408433 0.44270351
v 0.38587313 -2.33498263 0.45270645
v -0.38587069 -2.33498096 0.45270845
v 0.08922122 -2.08967423 0.42902275
v -0.08923026 -2.08970642 0.42903834
v 0.08882197 -2.08274412 0.43241035
v -0.08882364 -2.08276033 0.43241661
v 0.57969689 -2.00991749 0.48746705
v -0.57970106 -2.00991797 0.48746299
v 0.05446997 -2.09798431 0.37003362
v -0.05445668 -2.09799504 0.37000739
v 0.5466786 -2.03395199 0.49295327
v -0.54667896 -2.03395175 0.49295377
v 0.04422937 -2.17477703 0.32922288
v -0.04423594 -2.17478799 0.32922899
v 0.66428548 -2.17612409 0.27861601
v -0.664285 -2.17612838 0.27861508
v 0.38718411 -2.30751037 -0.40597158
v -0.38431227 -2.30815172 -0.4066315
v -0.04832226 -2.35727763 -0.39866897
v 0.05800809 -2.3567903 -0.39433562
v 0.35857209 -2.29595255 -0.37845602
v -0.34840816 -2.29743409 -0.37793162
v 0.13050481 -2.08125042 0.48532474
v -0.13051 -2.08118987 0.48533466
v 0.54123312 -2.38440561 -0.14476308
v -0.54060363 -2.38453388 -0.14624767
v 0.05323881 -2.06741094 0.33650413
v -0.05324233 -2.06741356 0.33651608
v 0.15639506 -2.14590096 0.5072633
v -0.156378 -2.14592051 0.50724309
v 0.03503439 -2.09085297 0.30336225
v -0.03512255 -2.09062647 0.30350622
v 0.41041317 -2.13699293 0.5370692
v -0.41041228 -2.13699507 0.5370692
v 0.02596448 -2.09509396 0.28375437
v -0.02699991 -2.09245824 0.28758347
v 0.03839877 -2.2621231 0.39696943
v 0.01423052 -2.11476421 0.25527745
v -0.01449646 -2.11269974 0.25569179
v 0.66995066 -2.15690684 0.30523496
v -0.66995108 -2.15690469 0.30523261
v 0.01491589 -2.17745828 0.25560489
v -0.01503279 -2.17749714 0.25590059
v 0.63966196 -2.25165176 0.22549749
v -0.63966155 -2.25165152 0.22549451
v 0.57446682 -2.2351675 -0.23909743
v -0.57598608 -2.23328733 -0.23414525
v 0.21901567 -2.29575753 0.38706985
v -0.20733286 -2.30616045 0.38922762
v 0.25605624 -2.33491873 0.42078506
v -0.25605937 -2.33491706 0.42078918
v 0.13025298 -2.31691861 0.39925062
v -0.13109844 -2.3153038 0.39978051
v 0.53903365 -2.06510806 0.48428365
v -0.53903377 -2.06510758 0.48428365
v 0.13625565 -2.34095931 0.40309131
v -0.13693253 -2.34095883 0.40328496
v 0.18724198 -2.33291149 -0.39054915
v -0.18600641 -2.33336901 -0.39075878
v 0.66040599 -2.05229687 0.2232137
v -0.66040635 -2.0522964 0.22321775
v 0.62639606 -1.89935982 0.01621765
v -0.62645208 -1.8989371 0.01633485
v 0.16737149 -2.31727838 0.36060741
v -0.16741445 -2.31721782 0.36074376
v 0.24215506 -2.3722465 -0.33887046
v -0.25108072 -2.37587976 -0.33706685
v 0.20359671 -2.37263035 0.27505022
v -0.20411069 -2.37289142 0.27493181
v 0.20095996 -2.43982529 -0.31441322
v -0.19727309 -2.44076538 -0.31422612
v 0.11946634 -2.27366375 0.37275946
v -0.11946144 -2.27365851 0.37276163
v 0.54436695 -2.20451331 0.48487871
v -0.54436719 -2.20451211 0.48487886
v 0.27384385 -2.29879236 0.4585728
v -0.27384293 -2.29878521 0.45857843
v 0.12843591 -2.07735681 0.47979971
v -0.12852239 -2.07743072 0.47990104
v 0.55207479 -2.06894254 0.47184479
v -0.55207502 -2.06894326 0.47184497
v 0.11424514 -2.30996656 0.34880021
v -0.1159316 -2.31272578 0.34901842
v 0.54324305 -2.35052466 0.03622772
v -0.54319757 -2.35111999 0.03588466
v 0.15456277 -2.31108117 0.34849596
v -0.15310783 -2.31179642 0.34865239
v 0.63437163 -2.18367123 -0.13090328
v -0.63366997 -2.18245387 -0.13035747
v 0.65593564 -1.94955897 0.08190426
v -0.65593373 -1.94963419 0.08190204
v 0.52775961 -2.29158234 -0.34094175
v -0.52334511 -2.2907834 -0.34323161
v 0.4531067 -2.36577463 0.39482432
v -0.45310467 -2.36577582 0.39482384
v 0.18993681 -2.47865629 -0.31885188
v -0.19068568 -2.47870063 -0.31872904
v 0.06973241 -2.16208148 0.38712534
v -0.0697317 -2.16208195 0.38712373
v 0.59152287 -2.10453963 0.01410506
v -0.59168106 -2.10432601 0.01431957
v 0.04789509 -2.20250296 0.309118
v -0.04777938 -2.20216941 0.30908983
v 0.23071624 -2.43025112 -0.36666491
v -0.21288187 -2.42887759 -0.36763963
v 0.65427571 -1.8938744 0.08333808
v -0.65337723 -1.88801205 0.0829113
v 0.39141827 -2.31681084 0.47844147
v -0.39142605 -2.3168087 0.47844386
v 0.60835111 -2.31536269 -0.07565031
v -0.60768973 -2.3179183 -0.07527459
v 0.45283103 -2.31601238 0.47365361
v -0.45283573 -2.31601262 0.47365206
v 0.59829843 -2.02869916 0.01588125
v -0.59829634 -2.02867627 0.01586893
v 0.62938088 -2.26083803 0.35438045
v -0.62938058 -2.26084017 0.35437735
v 0.49788299 -2.27720141 0.02741681
v -0.49761092 -2.27725315 0.02719097
v 0.24737688 -2.25650692 0.33072826
v -0.2477182 -2.25925517 0.33048564
v 0.5895856 -2.16749024 0.02985933
v -0.5887255 -2.16860961 0.030357
v 0.5203545 -2.33574891 0.43663141
v -0.52035433 -2.33574914 0.43663102
v 0.28612113 -2.46227812 -0.33614987
v -0.29546922 -2.4608612 -0.33220344
v 0.52701813 -2.35810542 0.34264841
v -0.52701306 -2.35810947 0.34264034
v 0.5231778 -2.27442979 0.03871334
v -0.52376383 -2.27425837 0.03920747
v 0.12874287 -2.26702237 0.38259124
v -0.12872521 -2.26703858 0.38255268
v 0.61732417 -2.13221836 0.06184284
v -0.61806708 -2.13250708 0.05959903
v 0.61731034 -2.16844868 -0.07024827
v -0.61722379 -2.16851759 -0.07082407
v 0.66371446 -1.99592006 0.349148
v -0.66408675 -1.99619495 0.34793344
v 0.2578465 -2.20761132 0.51499021
v -0.25784549 -2.20761203 0.51498961
v 0.64166855 -2.02969241 0.35523688
v -0.64166903 -2.02969312 0.35523581
v 0.22044557 -2.19271636 0.54137581
v -0.22044198 -2.19271802 0.54137361
v 0.50211584 -2.41237092 -0.24005129
v -0.50003039 -2.41324496 -0.24283263
v 0.26774215 -2.17881107 0.55825442
v -0.26774248 -2.17881083 0.55825454
v 0.45966517 -2.42942929 -0.2811501
v -0.45951223 -2.42883563 -0.28051728
v 0.26432365 -2.18013191 0.55912065
v -0.26432234 -2.18013238 0.55912035
v 0.43163967 -2.28153991 0.50199335
v -0.43163421 -2.28154134 0.50199353
v 0.57762187 -2.18138027 0.47783041
v -0.57762181 -2.18138217 0.47783026
v 0.65477687 -2.11721825 0.16701184
v -0.65477705 -2.1172111 0.16701071
v 0.10702396 -2.3057208 0.28695306
v -0.10533747 -2.30457592 0.28607705
v 0.66862171 -1.94902682 0.18491563
v -0.66856819 -1.94900298 0.18526129
v 0.67020511 -2.01730418 0.19024384
v -0.67016959 -2.01735854 0.19004176
v 0.67011463 -2.02693224 0.18268774
v -0.67011505 -2.02693104 0.18268838
v 0.50865876 -2.36521911 0.24130022
v -0.5086506 -2.3652234 0.24129878
v 0.51452064 -2.2112627 0.50071358
v -0.51451987 -2.21126294 0.50071388
v 0.07463959 -2.05314397 0.3981328
v -0.07480213 -2.05306506 0.39839839
v 0.61953288 -1.97965419 0.01060657
v -0.61962395 -1.97966957 0.0107509
v 0.1477838 -2.18490648 0.48619014
v -0.14778378 -2.18490743 0.48618987
v 0.03125521 -2.06204962 0.25567218
v -0.03174234 -2.06153821 0.25671941
v 0.5801298 -1.99664235 -0.00409011
v -0.58011382 -1.99666047 -0.0040923
v 0.03115353 -2.04487633 0.26036691
v -0.02903849 -2.0505445 0.25867009
v 0.56286096 -2.00033283 -0.027785
v -0.56246084 -2.00016784 -0.02844321
v 0.04164373 -2.03685021 0.26484954
v -0.04252875 -2.03505563 0.26563009
v 0.56629437 -2.35167932 0.12357168
v -0.5659666 -2.35320067 0.12135251
v 0.06382878 -2.0421698 0.3408477
v -0.0639317 -2.04213118 0.34109082
v 0.15274773 -2.00122284 0.42982861
v -0.15286202 -2.0011208 0.42837429
v 0.58468937 -2.04686355 0.44728559
v -0.58468973 -2.04686331 0.44728505
v 0.10491533 -1.98456704 0.36550927
v -0.10566987 -1.98472917 0.36693465
v 0.58849513 -1.84312796 -0.02521481
v -0.58366209 -1.8512696 -0.03029822
v 0.06359794 -2.00058722 0.30418053
v -0.06215584 -2.00117158 0.30174055
v 0.27585631 -2.34324336 -0.4086253
v -0.27638989 -2.33989977 -0.41004288
v 0.50700008 -2.36681413 -0.21623736
v -0.50693017 -2.36896014 -0.21418581
v 0.61491173 -2.21417045 0.41706344
v -0.61491447 -2.21416854 0.41706028
v 0.59816354 -2.16892194 0.14905645
v -0.59852546 -2.1670432 0.14912928
v 0.41108056 -2.30559015 -0.34523946
v -0.41799503 -2.30590081 -0.34260204
v 0.65286082 -2.1191008 0.36730295
v -0.65286064 -2.11910128 0.36730328
v 0.49190327 -2.26784873 0.49469688
v -0.49190351 -2.26784992 0.49469634
v 0.66898876 -2.10308957 0.20742084
v -0.66898864 -2.10308909 0.20742006
v 0.3654007 -2.26954817 0.50910526
v -0.36539676 -2.26954388 0.50910681
v 0.31717172 -2.41013288 0.22230909
v -0.30894899 -2.40935277 0.2216749
v 0.54932206 -2.31285476 0.16595578
v -0.55133038 -2.31492757 0.16315387
v 0.22953592 -2.38902902 0.27612155
v -0.22837813 -2.38901209 0.27409908
v 0.51753604 -2.26702284 0.18877165
v -0.51706564 -2.26742267 0.1887872
v 0.54465299 -2.27067089 0.07328539
v -0.54461413 -2.27066326 0.07321899
v 0.56469255 -2.38284969 -0.20566915
v -0.56162279 -2.38341403 -0.21176017
v 0.6033225 -2.16837811 0.05519311
v -0.60332012 -2.16835737 0.05517627
v 0.58211392 -2.36369729 -0.17809416
v -0.58289647 -2.36328601 -0.17683798
v 0.55562967 -2.32355284 0.17029951
v -0.55563312 -2.32355022 0.17029941
v 0.58372139 -2.38561487 -0.12040853
v -0.5831027 -2.38538718 -0.11982986
v 0.03695761 -2.22246503 0.27888765
v -0.03724756 -2.22286605 0.27913576
v 0.57336622 -2.24787068 -0.18925015
v -0.57451528 -2.24361109 -0.19181293
v 0.04955958 -2.25860858 0.26343447
v -0.04977516 -2.25876474 0.263682
v 0.20328638 -2.34476685 -0.39940434
v -0.20555932 -2.34401178 -0.39932408
v 0.60400384 -2.28595781 0.34964805
v -0.60399967 -2.28595924 0.34965929
v 0.56666654 -2.39059543 -0.11738149
v -0.56553256 -2.39115881 -0.12162619
v 0.01799064 -2.48982405 -0.34116032
v -0.01952063 -2.48834013 -0.34375941
v 0.43050345 -2.29032111 -0.37263453
v -0.43269488 -2.29053974 -0.37278148
v 0.21499759 -2.35999417 0.33444926
v -0.21506951 -2.3600173 0.33447128
v 0.58738839 -2.15476203 0.4585413
v -0.58738881 -2.15476703 0.45854079
v 0.49920776 -2.35539531 0.38144034
v -0.49921023 -2.35539221 0.3814454
v 0.59894758 -2.30448055 0.23151503
v -0.59895294 -2.3044753 0.23151737
v 0.46006268 -2.38533973 0.3264026
v -0.46006369 -2.38533902 0.32640865
v 0.67100876 -1.98971164 0.13162259
v -0.6710087 -1.98971176 0.13162304
v 0.44527271 -2.39388537 0.33967459
v -0.44526782 -2.39388823 0.33966732
v 0.54797673 -2.03395509 0.49498772
v -0.54797697 -2.03395485 0.49498823
v 0.14983037 -2.31331682 0.35796207
v -0.14988119 -2.31344294 0.35784128
v 0.56351256 -2.06657409 0.47164163
v -0.56351262 -2.06657457 0.47164174
v 0.47968441 -2.34672069 0.4272333
v -0.4796808 -2.34672403 0.42723056
v 0.32855784 -2.35895323 -0.33762872
v -0.33242723 -2.34574031 -0.34337377
v 0.58360767 -2.14843678 0.06807889
v 0.64790779 -2.16188597 0.36558657
v -0.64790839 -2.1618855 0.36558559
v 0.4811699 -2.29620862 -0.37507024
v -0.48088362 -2.29682803 -0.37566259
v 0.67330384 -2.1080172 0.2635222
v -0.67330402 -2.10801839 0.26352086
v 0.53556942 -2.25916528 0.47137686
v -0.53556835 -2.25916385 0.47137752
v 0.64045566 -2.21640944 -0.07120309
v -0.64003014 -2.21836853 -0.07331755
v 0.28605309 -2.44779396 -0.31540042
v -0.29102203 -2.44647169 -0.31507569
v -0.03330347 -2.26443123 0.3959918
v -0.00000003 -2.37081527 0.36022386
v 0.05797799 -2.09958457 0.36938446
v -0.05797986 -2.09958815 0.36938852
v 0.63039451 -1.90678501 0.02950188
v -0.62996071 -1.91660726 0.02814033
v 0.06744771 -2.18998837 0.36558735
v -0.06744835 -2.18999052 0.36558774
v 0.6099646 -1.89770674 -0.00488136
v -0.61161178 -1.89648413 -0.0028097
v 0.5757581 -2.27059984 -0.09813261
v -0.57566845 -2.27137947 -0.09712708
v 0.53782177 -2.02730321 0.52035623
v -0.53782081 -2.02731823 0.52034592
v 0.35459336 -2.37185216 0.4064565
v -0.35458979 -2.37185335 0.40645411
v 0.51341784 -2.06439209 0.49985966
v -0.51341968 -2.06439137 0.49985852
v 0.59890735 -2.27155757 -0.24703662
v -0.59404635 -2.27083897 -0.26237791
v 0.47701153 -2.09621143 0.51698869
v -0.47701153 -2.09621143 0.51698887
v 0.06649831 -2.16234922 0.38884621
v -0.06650014 -2.1623466 0.38885092
v 0.48952511 -2.06031417 0.54470628
v -0.48952463 -2.06031465 0.54470658
v 0.45271396 -2.39989495 -0.26457309
v -0.45335388 -2.39930439 -0.26390859
v 0.45540943 -2.10216856 0.52650713
v -0.45541074 -2.1021676 0.5265069
v 0.31016755 -2.14118552 0.57501471
v -0.31016606 -2.14118623 0.57501387
v 0.50113767 -2.29641675 0.18886996
v -0.50075537 -2.29568076 0.18868339
v 0.19134289 -2.47698545 -0.34618425
v -0.18976357 -2.47744393 -0.34622466
v 0.42776167 -2.07602191 0.56662303
v -0.4277586 -2.07602453 0.56662458
v 0.16631965 -2.46300172 -0.36025729
v -0.14959558 -2.46426296 -0.36063817
v 0.45890712 -2.06767678 0.55853623
v -0.45890545 -2.06767678 0.55853736
v 0.10482868 -2.48916626 -0.34442821
v -0.10274157 -2.48857593 -0.34529516
v -0.00000003 -2.33514142 0.33509165
v 0.64459979 -2.22406315 -0.11798891
v -0.64429211 -2.22700738 -0.12256129
v 0.33285042 -2.13320994 0.58026474
v -0.33289 -2.13318228 0.58027291
v 0.57783913 -2.30311179 -0.26769256
v -0.5720483 -2.32305765 -0.24414762
v 0.28956088 -2.06465387 0.57321566
v -0.28917029 -2.06535887 0.57316118
v 0.5494008 -2.30842351 -0.31333309
v -0.54528778 -2.30814647 -0.31735864
v 0.25863251 -2.11971235 0.56746953
v -0.25861734 -2.11972689 0.56746435
v 0.57638537 -2.30740213 0.38772311
v -0.57637882 -2.30740284 0.38773387
v 0.2577078 -2.12073111 0.56583374
v -0.25769296 -2.12068224 0.56582868
v 0.11521084 -2.01194787 0.40120214
v -0.11997505 -2.00751709 0.40252202
v 0.27306237 -2.39901447 0.2233297
v -0.27346202 -2.39906024 0.22359684
v 0.15399424 -2.02969002 0.4972516
v -0.15374283 -2.02703094 0.49642783
v 0.63139575 -2.02821302 0.08466236
v -0.63139575 -2.02821397 0.08466339
v 0.19826899 -2.07454419 0.53957426
v -0.19829334 -2.07527446 0.5396384
v 0.386868 -2.22944498 0.52085554
v -0.38686564 -2.22944545 0.52085536
v 0.11521518 -2.01153087 0.38997587
v -0.11204865 -2.01243376 0.38663318
v 0.18997266 -2.20302176 0.51965814
v -0.18997341 -2.20302176 0.51965862
v 0.12098765 -2.03353738 0.46202427
v -0.11867824 -2.03460836 0.45930886
v 0.21735219 -2.21531558 0.5120719
v -0.21735407 -2.21531558 0.5120719
v 0.05323417 -2.06377005 0.35006505
v -0.05322381 -2.06376934 0.35004973
v 0.58449333 -2.15450239 0.453924
v -0.58449345 -2.15450406 0.45392367
v -0.00000003 -2.20001602 0.35508009
v 0.44676709 -2.35434079 0.09138149
v -0.44704464 -2.35419464 0.09133712
v 0.07721893 -2.20058846 0.35879173
v -0.07856161 -2.20081114 0.35903489
v 0.42261412 -2.3803296 0.15511275
v -0.4224033 -2.38035035 0.15495075
v 0.37350279 -2.40220642 0.17486622
v -0.37500566 -2.40114116 0.17160713
v 0.18468487 -2.24287462 0.4535914
v -0.18468454 -2.24287462 0.4535909
v 0.5360611 -2.06583499 0.47971183
v -0.53606122 -2.06583452 0.47971183
v 0.21273976 -2.16776132 0.54207843
v -0.21274252 -2.16775846 0.54208082
v 0.10679161 -1.98491442 0.35811233
v -0.10666638 -1.98497557 0.35784861
v 0.6631667 -2.02315926 0.11496036
v -0.66316676 -2.02315926 0.11496038
v 0.01991615 -2.11259985 0.25353083
v -0.01939328 -2.11433363 0.25316736
v 0.67308318 -1.98838138 0.12902711
v -0.67308616 -1.98836684 0.12903
v 0.6278702 -2.24158477 0.16947507
v -0.6278699 -2.24158692 0.16947731
v 0.15402127 -2.35201287 0.24636787
v -0.15305376 -2.35164856 0.24616952
v 0.58085209 -2.23746252 -0.26337015
v -0.57971674 -2.23743748 -0.26384908
v 0.64128208 -2.005589 0.40812569
v -0.64128571 -2.005584 0.40812328
v 0.05460881 -2.48612737 -0.31836915
v -0.05109109 -2.48623538 -0.31879293
v 0.61714345 -1.99748086 0.44320508
v -0.61718314 -1.99747777 0.44316408
v 0.07452356 -2.25442743 0.31309211
v -0.07420216 -2.25354075 0.31342977
v 0.32743269 -2.3940823 0.35353049
v -0.32744088 -2.39409518 0.35350394
v 0.06436473 -2.22366619 0.33832138
v -0.06435216 -2.22366499 0.33829817
v 0.4912976 -2.24498868 -0.02339781
v -0.49139204 -2.24460935 -0.02369629
v 0.13584494 -2.24928712 0.42874601
v -0.13584475 -2.24928712 0.42874553
v 0.61021286 -2.03209233 0.04798867
v -0.6102125 -2.03209185 0.0479878
v 0.63518506 -1.98127329 0.0415187
v -0.6351946 -1.98127818 0.0415551
v 0.5944668 -2.01813912 0.46167799
v -0.59446668 -2.01813912 0.46167829
v 0.34595188 -2.31735324 0.47223687
v -0.34595176 -2.31735372 0.47223675
v 0.65723222 -2.05011081 0.15722033
v -0.65723288 -2.05010986 0.15722301
v 0.10950727 -2.41116356 -0.37216416
v -0.1061355 -2.4045782 -0.37283301
v 0.53610688 -2.19435763 -0.01043989
v -0.5360291 -2.19404459 -0.01074892
v 0.31177189 -2.26909112 0.493559
v -0.31176841 -2.26908659 0.493561
v 0.53251951 -2.14998889 -0.04634603
v -0.53295129 -2.14908051 -0.04629136
v 0.26428821 -2.16179823 0.56385451
v -0.26428821 -2.16179847 0.56385457
v 0.37887311 -2.40278101 0.22546447
v -0.376731 -2.4029994 0.22614699
v -0.00000003 -2.34446334 -0.39298227
v 0.53841453 -2.36250639 0.10674689
v -0.53741604 -2.36174511 0.10834376
v 0.32212501 -2.40426778 0.26806828
v -0.32216519 -2.40430212 0.26775825
v 0.46598818 -2.39129567 0.25989097
v -0.46598598 -2.3912971 0.25988981
v 0.41845387 -2.39981174 0.25645533
v -0.41844698 -2.39981293 0.25644055
v 0.62484175 -2.07973527 0.39836487
v -0.62484127 -2.07973313 0.39836511
v 0.40110403 -2.40927362 0.26329046
v -0.40110647 -2.40927195 0.26329761
v -0.00000003 -2.48879742 -0.31411632
v 0.17124509 -2.23066067 0.40505677
v -0.16928841 -2.22852587 0.40557584
v 0.37826848 -2.3795681 -0.37221503
v -0.37466809 -2.38063168 -0.3725532
v 0.2447818 -2.25433349 0.47877445
v -0.24477706 -2.25433039 0.4787741
v 0.33683636 -2.37260103 -0.38437145
v -0.33348247 -2.37514138 -0.38339725
v 0.64381712 -2.21499514 0.35188505
v -0.64381682 -2.21499681 0.35188496
v 0.57751154 -2.33283567 0.121408
v -0.57769966 -2.33233642 0.12131252
v 0.58053636 -2.28338694 0.13003073
v -0.58172088 -2.28152465 0.12841451
v 0.62597936 -2.21226954 0.39123091
v -0.62597829 -2.21227026 0.39123305
v 0.34180387 -2.4053533 0.2193233
v -0.34139409 -2.40524244 0.21882793
v 0.47733411 -2.35808396 -0.33996281
v -0.47016307 -2.35953998 -0.34376323
v 0.48893696 -2.32105588 -0.37393608
v -0.49071997 -2.3206892 -0.37300097
v 0.1152644 -2.03308773 0.45896017
v -0.11513759 -2.03314018 0.45875212
v 0.26914018 -2.30811119 -0.38537487
v -0.2672134 -2.30882859 -0.38364407
v 0.15593047 -2.00910282 0.48611047
v -0.15637055 -2.00697445 0.48435488
v 0.58853352 -2.24972271 0.11300516
v -0.58853358 -2.24972367 0.11300619
v 0.10824012 -2.02576494 0.41540834
v -0.11445096 -2.023458 0.42541196
v 0.60399764 -2.26821017 0.17280241
v -0.6039974 -2.26820969 0.17280113
v 0.60403001 -1.96565604 -0.00638552
v -0.60397434 -1.96558964 -0.00648245
v 0.46231928 -2.39034605 0.3263688
v -0.46232271 -2.39034366 0.32637652
v 0.43589058 -2.43361997 -0.32329678
v -0.43425327 -2.43330717 -0.3252322
v 0.57648664 -1.95087146 -0.03641612
v -0.57687622 -1.94987297 -0.03613719
v 0.65801334 -1.99672138 0.08934927
v -0.65801209 -1.99670827 0.08933801
v 0.66706812 -2.00029754 0.33224028
v -0.66691702 -2.00014758 0.33280152
v 0.07585023 -2.05452895 0.39196282
v -0.0760684 -2.05424571 0.3922894
v 0.56473487 -2.3125782 -0.10071504
v -0.56397754 -2.31456708 -0.10147544
v 0.05288413 -2.1244452 0.35270836
v -0.05288382 -2.12445044 0.35270625
v 0.50016778 -2.27656149 -0.32040995
v -0.5035181 -2.27493596 -0.32020482
v 0.46340358 -2.31190204 0.46622064
v -0.46340385 -2.31190371 0.46621933
v 0.50861942 -2.03282022 0.53592002
v -0.50861924 -2.03282022 0.53592002
v 0.40948399 -2.36661291 0.40615987
v -0.40949904 -2.36661052 0.40616208
v 0.36817404 -2.38251638 0.37417751
v -0.36817443 -2.38251638 0.37417706
v 0.12658304 -2.35300064 -0.39995372
v -0.12859825 -2.35128736 -0.39959508
v 0.30018496 -2.36659765 0.3979302
v -0.30017402 -2.36659598 0.39792785
v 0.60581988 -1.99009895 0.00123987
v -0.60581976 -1.99009895 0.00123989
v 0.45859175 -2.35260987 0.11445467
v -0.4584667 -2.35261416 0.11433057
v 0.58582264 -1.99486076 -0.00656392
v -0.58582264 -1.99486076 -0.00656392
v 0.42912986 -2.07546091 0.56792843
v -0.42912349 -2.07547259 0.56792902
v 0.57387924 -1.99696552 -0.02219072
v -0.57103729 -1.99603354 -0.02621487
v 0.43318966 -2.10229277 0.55219984
v -0.43318924 -2.10229325 0.55219876
v 0.59374398 -2.25354743 -0.26259031
v -0.59135055 -2.25322747 -0.26626232
v 0.50525158 -2.15029811 0.50252229
v -0.50525111 -2.15029668 0.5025224
v 0.66114914 -2.17319178 0.34383803
v -0.66114926 -2.17319107 0.34383806
v 0.06277594 -2.22446322 0.40859016
v -0.06115049 -2.22497558 0.40930867
v 0.19183646 -2.1946125 0.5219289
v -0.19183664 -2.19461393 0.52192819
v 0.54644531 -2.20584559 0.13530381
v -0.5471847 -2.20376396 0.13443926
v 0.64459341 -1.84597337 0.081893
v -0.64503604 -1.84659183 0.08334446
v 0.14512121 -2.23608183 0.46268868
v -0.1451205 -2.23608279 0.4626871
v 0.51094448 -2.0317676 0.53416532
v -0.5109443 -2.03176713 0.53416526
v 0.04133895 -2.21988844 0.27730783
v -0.04127371 -2.21982193 0.27715539
v 0.19418519 -2.35933208 0.32674759
v -0.1940478 -2.35947132 0.32625851
v 0.43197995 -2.34020257 0.05048842
v -0.43235465 -2.33973431 0.04991626
v 0.08759129 -2.46003079 -0.30746173
v -0.07473257 -2.46109461 -0.30736917
v 0.31171968 -2.19053745 0.53283351
v -0.31171995 -2.19053721 0.53283351
v -0.0668219 -2.40726685 -0.35478729
v 0.06842716 -2.40586447 -0.35485512
v 0.14459967 -2.36988091 0.37524232
v -0.14460292 -2.36990022 0.37518006
v 0.5106498 -2.30734419 -0.26676365
v -0.51086229 -2.30788517 -0.26581987
v 0.05297235 -2.4689393 -0.33833813
v -0.05336785 -2.46599292 -0.33976182
v 0.28574761 -2.06092643 0.57284426
v -0.28574985 -2.06127953 0.57286566
v 0.54914969 -2.2978971 0.46021208
v -0.54914969 -2.2978971 0.4602122
v 0.32905882 -2.0244143 0.57639223
v -0.32843655 -2.02329826 0.57625788
v -0.00000003 -2.34143877 0.3869839
v 0.5892899 -2.30335712 0.21984422
v -0.58928811 -2.30335617 0.21983525
v 0.54955083 -2.24555254 -0.29132807
v -0.54812729 -2.24643516 -0.29277643
v 0.63547891 -2.17303156 0.13557322
v -0.63547915 -2.17302942 0.13557259
v 0.18318265 -2.03084874 0.51646357
v -0.18330729 -2.03061008 0.51654166
v 0.42998677 -2.29283714 -0.35544148
v -0.43022331 -2.29273939 -0.35547483
v 0.08270434 -2.34015011 -0.36984655
v -0.08420758 -2.34083962 -0.37030372
v 0.63146126 -2.14237427 0.06802088
v -0.63143736 -2.14168953 0.06587442
v 0.22321221 -2.19222736 0.53987973
v -0.22321286 -2.19222712 0.53988021
v 0.54310518 -2.00625157 0.51278489
v -0.54310518 -2.00625157 0.51278489
v 0.03262615 -2.4635837 -0.35698249
v -0.02632449 -2.46634602 -0.3588818
v 0.48944556 -2.03379583 0.54459607
v -0.48944315 -2.03380537 0.54459548
v 0.65300405 -2.2165122 0.30857476
v -0.65300422 -2.21651244 0.30857157
v 0.57970416 -2.31348943 0.33978188
v -0.579705 -2.31348943 0.33977872
v 0.49890771 -2.06085181 0.52058702
v -0.49890771 -2.06085181 0.52058696
v 0.42085519 -2.40473389 0.25773653
v -0.42086225 -2.40473365 0.25775268
v 0.54511368 -2.32617425 -0.17537815
v -0.5458039 -2.32548856 -0.17385841
v 0.38304075 -2.40988516 0.27829209
v -0.38302433 -2.40987634 0.27833464
v 0.08435842 -2.21731042 0.39134058
v -0.08435884 -2.21731257 0.39134025
v 0.44441428 -2.39913153 0.33698508
v -0.44441542 -2.39913153 0.33698582
v 0.11090469 -2.33052635 0.24709446
v -0.10984709 -2.32956051 0.24725377
v 0.31622538 -2.39467811 0.326536
v -0.3162066 -2.39468288 0.32651782
v 0.29311561 -2.40180015 0.29944619
v -0.29322353 -2.40181517 0.29948183
v 0.6031326 -2.31528186 0.0258434
v -0.60334378 -2.31292343 0.02832202
v 0.55331087 -2.34387779 -0.03184857
v -0.55263328 -2.34576463 -0.02756782
v 0.47660791 -2.28374958 -0.36360591
v -0.47303816 -2.28473997 -0.36571505
v 0.57697522 -2.25733566 -0.02852747
v -0.57759803 -2.25626182 -0.03419159
v 0.56649231 -2.14864778 -0.00716686
v -0.56677734 -2.14861393 -0.00680366
v 0.65176612 -2.18264913 0.18868371
v -0.6517663 -2.18264627 0.18868127
v 0.35759064 -2.17447829 0.53375738
v -0.3575854 -2.17447972 0.53375726
v 0.09350471 -2.26756644 0.35322421
v -0.0934947 -2.26755118 0.35321599
v 0.33199134 -2.15409731 0.55697172
v -0.33199152 -2.15409994 0.55696928
v 0.06394255 -2.23565983 0.3386164
v -0.0639464 -2.23566508 0.33861675
v 0.33841025 -2.13057899 0.57911163
v -0.33839711 -2.13056659 0.57912725
v 0.04875685 -2.21010661 0.32024103
v -0.04886972 -2.21026778 0.32042095
v 0.0417487 -2.30739927 0.33933293
v -0.03944542 -2.30928182 0.33911383
v 0.19560481 -2.33145761 -0.36619645
v -0.19487492 -2.33211922 -0.3659628
v 0.0402407 -2.17386913 0.33185273
v -0.04022108 -2.17386937 0.33181271
v 0.43324509 -2.10121512 0.55148321
v -0.43324467 -2.1012156 0.55148208
v 0.52454215 -2.31766414 0.10800983
v -0.52444374 -2.31766057 0.10785836
v 0.44858446 -2.12937688 0.52443558
v -0.44858366 -2.12937736 0.52443599
v 0.59865015 -2.32616376 -0.13793203
v -0.59803992 -2.32709693 -0.14051672
v -0.00000003 -2.22739815 0.41573262
v 0.55939853 -2.29262805 0.43352076
v -0.559399 -2.29262805 0.43352004
v -0.00000003 -2.35800433 0.34059014
v 0.43692767 -2.13008213 0.53169059
v -0.43692803 -2.13008213 0.53169071
v 0.0589979 -2.37336754 -0.39016211
v -0.04920676 -2.37411308 -0.39607808
v 0.19467955 -2.01747775 0.52471411
v -0.1944846 -2.0149014 0.5239284
v 0.59117418 -1.97091937 -0.0265274
v -0.59206676 -1.97052156 -0.0258604
v 0.27069902 -2.37453198 -0.38851994
v -0.26648005 -2.37702226 -0.38764134
v 0.57653969 -2.1027584 0.48017743
v -0.57653939 -2.10275769 0.48017728
v 0.55741167 -2.37008976 -0.03444228
v -0.55711454 -2.37035989 -0.03394647
v 0.54316943 -2.14911699 0.48869931
v -0.54316932 -2.14911651 0.48869928
v 0.53561586 -2.3308947 0.16804035
v -0.53814005 -2.33112335 0.16691543
v 0.63352876 -2.24797153 -0.18222868
v -0.63311708 -2.24805045 -0.18352854
v 0.40475171 -2.36337089 0.091407
v -0.40480536 -2.363312 0.09134588
v 0.61323595 -1.84649884 0.00361729
v -0.61095118 -1.84410655 -0.00131998
v 0.66676199 -2.13140702 0.29316046
v -0.66676181 -2.13140821 0.29316383
v 0.66371125 -1.87751197 0.17032748
v -0.6637603 -1.87874674 0.16955968
v 0.52290308 -2.25735354 0.14819887
v -0.52757298 -2.25559282 0.14044889
v 0.65886539 -1.85887837 0.13959075
v -0.65850991 -1.85776686 0.13958671
v 0.5165106 -2.33672928 0.11043227
v -0.51611113 -2.33767914 0.11050515
v 0.65836834 -1.92606961 0.23088678
v -0.65968763 -1.93251395 0.23179586
v 0.11833617 -2.22960543 0.41077128
v -0.11762367 -2.228374 0.4110693
v 0.65852701 -1.93682181 0.22678212
v -0.65898871 -1.93862009 0.22774943
v 0.55789917 -2.37728977 -0.0814623
v -0.55728077 -2.37745428 -0.08449072
v 0.59101504 -2.21529531 -0.14349839
v -0.59012252 -2.21811699 -0.14295482
v 0.38772752 -2.35082888 -0.32702273
v -0.38400867 -2.36599516 -0.31999513
v 0.65459728 -2.21436286 0.33519855
v -0.65459746 -2.21436452 0.33519613
v 0.49346604 -2.38068699 0.29814261
v -0.49346691 -2.38068676 0.29814216
v 0.65336775 -2.23434853 0.28770759
v -0.65336799 -2.23434782 0.28770148
v 0.31663185 -2.33604097 -0.40715339
v -0.31770932 -2.33655524 -0.40717208
v 0.06826234 -2.19468784 0.38102129
v -0.06477189 -2.1951127 0.38166934
v 0.64085543 -2.08941507 0.10651328
v -0.64085406 -2.08940887 0.10650976
v 0.03042301 -2.11224174 0.28479397
v -0.03026459 -2.10875392 0.2827911
v 0.50613921 -2.39586281 -0.30185926
v -0.50597953 -2.3949902 -0.30261787
v 0.62962406 -1.96333313 0.40882304
v -0.62993443 -1.96414887 0.4087015
v -0.00000003 -2.46928906 -0.30866286
v 0.64729303 -1.94703531 0.34901705
v -0.64495885 -1.94166791 0.34966126
v 0.64429432 -2.17246413 0.38327136
v -0.6442942 -2.17246389 0.38327196
v 0.6559748 -1.98344981 0.36840888
v -0.65583968 -1.98320782 0.36860582
v 0.55281209 -2.35189604 -0.2574239
v -0.54928201 -2.35183167 -0.26358729
v 0.17732133 -2.07410693 0.52193844
v -0.17732696 -2.07435274 0.52195596
v 0.65388488 -1.92669665 0.29164737
v -0.65805417 -1.93997359 0.29549768
v 0.21026344 -2.06586694 0.54346501
v -0.21031802 -2.06554627 0.54347109
v 0.65563488 -1.93788373 0.29623699
v -0.65378946 -1.93115961 0.29388475
v 0.6174547 -1.8474276 0.0048298
v -0.61788225 -1.84729552 0.0054243
v 0.44190934 -2.38452911 0.16846297
v -0.44214621 -2.3844304 0.16839653
v 0.39829957 -2.18098521 0.53566396
v -0.39829659 -2.18098449 0.53566455
v 0.46344229 -2.29988741 0.02357762
v -0.46280419 -2.30040621 0.02371761
v 0.24402831 -2.30603551 0.44556844
v -0.24402436 -2.30603647 0.44556549
v 0.55910688 -2.0055511 0.5020194
v -0.55908089 -2.00557637 0.50202822
v 0.64333587 -2.01610612 0.38104382
v -0.64333558 -2.01610636 0.3810437
v 0.55358177 -2.04117727 0.47224396
v -0.55358165 -2.04117751 0.47224402
v 0.37824478 -2.45127296 -0.3264116
v -0.37304937 -2.45132327 -0.32925882
v 0.62984424 -2.17030477 -0.07105364
v -0.62954318 -2.16993594 -0.07064629
v 0.63699007 -2.0505135 0.36252319
v -0.6369909 -2.05051279 0.36252155
v 0.66568279 -2.15215253 0.20230034
v -0.66568225 -2.15215492 0.20229874
v 0.64124679 -2.01635384 0.37997862
v -0.64124614 -2.01635479 0.37997838
v 0.25879877 -2.2828145 0.37345945
v -0.25934049 -2.28279995 0.37309736
v 0.61285883 -2.16611695 0.08381669
v -0.61286169 -2.16610455 0.08381553
v 0.21154712 -2.19960761 0.34578523
v -0.21409365 -2.20150995 0.34491935
v 0.04133171 -2.13990092 0.34019726
v -0.04133691 -2.13991594 0.34020763
v 0.22654107 -2.20694828 0.39282411
v -0.22381052 -2.2048521 0.39381465
v 0.02936862 -2.10763263 0.3101072
v -0.0293146 -2.10697674 0.30992507
v 0.65847528 -2.08002233 0.31607866
v -0.65847474 -2.08002185 0.31607988
v 0.67109948 -1.90092933 0.14892225
v -0.67115956 -1.90084922 0.14857646
v -0.00000003 -2.36043977 -0.35359495
v 0.54423868 -2.31858444 0.15566538
v -0.54423755 -2.31857943 0.1556507
v 0.66525477 -2.05040478 0.2118837
v -0.66525507 -2.05040502 0.21188701
v 0.49135655 -2.09460663 0.50546735
v -0.49135655 -2.09460663 0.50546753
v 0.67568361 -2.02004504 0.2117367
v -0.67568373 -2.0200448 0.21173736
v 0.58147513 -2.13721036 0.0184904
v -0.5813803 -2.13733768 0.01839205
v 0.67142736 -1.94100141 0.17305003
v -0.67142343 -1.9407854 0.17272521
v 0.5653119 -2.22384691 0.04856793
v -0.56525856 -2.2238233 0.04847078
v 0.4104563 -2.31298875 0.47445836
v -0.41045677 -2.31299138 0.47445637
v 0.55873549 -2.14398336 0.13555991
v -0.55912709 -2.1438024 0.13424316
v 0.484871 -2.32858204 0.09129531
v -0.48454892 -2.32870578 0.09115042
v 0.48824521 -2.40535998 -0.238652
v -0.49032229 -2.40526533 -0.2371117
v 0.63707691 -2.00370001 0.04827972
v -0.63707703 -2.00370073 0.04828036
v 0.59002715 -1.84031999 -0.01593836
v -0.58669006 -1.84284448 -0.01937483
v 0.61940228 -2.0268073 0.05244641
v -0.61940079 -2.02680492 0.05244232
v 0.10325224 -2.34294414 0.34714624
v -0.10634005 -2.34416294 0.3480708
v 0.32561376 -2.31497216 0.46191766
v -0.32561475 -2.31497764 0.46191254
v 0.15649259 -2.34307622 0.34918507
v -0.15978483 -2.34063959 0.34887036
v 0.08878292 -2.02270269 0.37094995
v -0.08910393 -2.02212739 0.37090495
v 0.59125292 -2.37394738 -0.13665756
v -0.59046471 -2.37483787 -0.1394232
v 0.31995707 -2.2235434 0.51739943
v -0.31995633 -2.22354197 0.51739984
v 0.55161488 -2.36366224 0.10976628
v 0.49070954 -2.24607372 0.49572315
v -0.49070879 -2.24607396 0.49572333
v 0.49944976 -2.06138253 0.52218812
v -0.49944967 -2.06138157 0.52218788
v 0.24551723 -2.32997179 0.41069218
v -0.24551701 -2.32996988 0.41069424
v 0.03510771 -2.12658405 0.31421992
v -0.03509468 -2.12661051 0.31419128
v 0.25989645 -2.35726642 0.3789941
v -0.25989392 -2.35726714 0.37899017
v 0.45363599 -2.00825977 0.55903756
v -0.45364296 -2.00823545 0.55903124
v 0.55559015 -2.32458329 0.3714171
v -0.55558973 -2.32458496 0.37141376
v 0.48897543 -2.35429692 0.13801808
v -0.48902645 -2.35421013 0.13786575
v 0.45557031 -2.07011652 0.56013923
v -0.45557054 -2.07011628 0.56013923
v 0.62247622 -2.04089903 0.3965688
v -0.62247622 -2.04089832 0.3965688
v 0.56684887 -2.07306313 0.46486592
v -0.56684869 -2.07306242 0.46486568
v 0.47143095 -2.37781024 0.3775523
v -0.4714297 -2.37781167 0.37755069
v 0.33490786 -2.34082937 0.44648551
v -0.33491459 -2.34082651 0.44649153
v 0.61831682 -2.08346009 0.05722359
v -0.61831814 -2.0834577 0.05722559
v 0.53389042 -2.35296273 -0.16174691
v -0.53311884 -2.35322761 -0.16356138
v 0.64286857 -2.20002603 -0.07088522
v -0.64261359 -2.19494223 -0.06012341
v 0.35748231 -2.44464874 -0.345959
v -0.35533857 -2.44367361 -0.34710505
v 0.24990437 -2.29055261 0.33958816
v -0.24838601 -2.29446673 0.34152618
v 0.22268837 -2.45660996 -0.35747402
v -0.20933689 -2.45938372 -0.35688388
v 0.57395136 -2.38132882 -0.05190492
v -0.57335239 -2.38130426 -0.05468094
v 0.06425751 -2.00581026 0.29527354
v -0.06544388 -2.00520348 0.29729479
v 0.60341125 -2.13704443 0.13816599
v -0.60325205 -2.13598012 0.1371662
v 0.1846202 -2.24474191 0.45749452
v -0.18462103 -2.24474215 0.45749461
v 0.55524539 -2.33380317 0.36599266
v -0.55524516 -2.33380365 0.3659909
v 0.29266583 -2.45508313 -0.31986117
v -0.29204583 -2.45496487 -0.31965354
v 0.55064886 -2.02943182 -0.05035168
v -0.55013155 -2.02639985 -0.05111099
v 0.1983695 -2.30251026 0.34140729
v -0.18911722 -2.29966259 0.34364137
v -0.00000003 -2.47114348 -0.36107218
v 0.55738097 -2.28334832 0.45542511
v -0.55738139 -2.28334784 0.45542505
v 0.14321106 -2.02045941 0.48755392
v -0.14353041 -2.02153348 0.48823875
v 0.57347863 -2.25617075 0.44049686
v -0.57347834 -2.25617122 0.4404971
v 0.60976064 -1.88631057 -0.00930667
v -0.61014318 -1.89459621 -0.00943293
v 0.5134105 -2.18801116 -0.03728689
v -0.51228898 -2.19059276 -0.03673537
v 0.23636777 -2.22982263 0.4963094
v -0.23636838 -2.22982215 0.4963099
v 0.60682994 -2.20649814 -0.19906064
v -0.6077665 -2.20534157 -0.19624792
v 0.56828981 -1.89494299 -0.04638163
v -0.57043343 -1.89081108 -0.04472414
v 0.49355343 -2.09442377 0.51047575
v -0.49355343 -2.09442377 0.51047593
v 0.53922939 -1.92632544 -0.06270325
v -0.53933525 -1.92381477 -0.06222762
v 0.65933239 -2.10052871 0.1612668
v -0.65933227 -2.100528 0.16126632
v 0.31420645 -2.16537809 0.55959838
v -0.31420621 -2.16537785 0.55959916
v 0.63042557 -2.14150667 0.01569599
v -0.62969112 -2.14122104 0.0151117
v 0.34152346 -2.18015241 0.53745037
v -0.34151977 -2.18015384 0.53745007
v 0.56860852 -2.2208116 0.15461951
v -0.5686593 -2.22129106 0.1546581
v 0.19883835 -2.34301781 0.38101181
v -0.19780385 -2.34408998 0.38135832
v 0.54598158 -2.22760152 0.15995243
v -0.54590654 -2.22773361 0.15986719
v 0.17707313 -2.32945704 0.39316117
v -0.17390474 -2.3352549 0.39303499
v 0.593611 -2.1840949 -0.01423025
v -0.59072846 -2.18896317 -0.0060972
v 0.63353633 -2.25637364 -0.15454793
v -0.63441407 -2.25467944 -0.15510161
v 0.60681402 -2.17699718 -0.06795381
v -0.60606896 -2.17769098 -0.06570103
v 0.59081059 -1.98878824 0.47179332
v -0.59069472 -1.98876905 0.4719187
v 0.14137658 -2.35662651 0.40101182
v -0.14114972 -2.35689449 0.4012987
v 0.36445045 -2.44567871 -0.3057658
v -0.35366323 -2.44767046 -0.30881348
v 0.62265539 -2.25215339 0.36577498
v -0.6226558 -2.25215292 0.36577424
v 0.45381301 -2.25602459 0.50375515
v -0.45380809 -2.25602388 0.5037567
v 0.38567322 -2.32699894 -0.4098804
v -0.38711676 -2.32732129 -0.40973013
v 0.10881546 -2.16324067 0.44880974
v -0.10881688 -2.16324377 0.44881027
v 0.66501641 -2.09063935 0.2822996
v -0.66501623 -2.09063911 0.28230223
v 0.33361977 -2.15978097 0.55207318
v -0.33362337 -2.15978121 0.55207133
v 0.10365093 -2.28250122 0.32910054
v -0.10310816 -2.28196311 0.3291817
v 0.63722711 -1.88044488 0.2542667
v -0.63755846 -1.88022422 0.25374549
v 0.07994981 -2.14112806 0.41676408
v -0.07994352 -2.14112901 0.41675466
v 0.0332711 -2.06512069 0.28509229
v -0.03390377 -2.06411981 0.28563484
v 0.07429137 -2.2115252 0.37275153
v -0.07429102 -2.21152329 0.37275201
v 0.2598631 -2.16253972 0.56391519
v -0.25986319 -2.16254043 0.56391519
v 0.55717068 -2.36969327 0.06950552
v -0.55050146 -2.36271143 0.11315861
v 0.66600728 -1.94158959 0.10382755
v -0.66604483 -1.94185054 0.10394956
v 0.27966103 -2.42859435 -0.31502184
v -0.27838546 -2.4284234 -0.31514912
v 0.60185396 -1.99454617 0.45818781
v -0.6018272 -1.99457871 0.45818236
# The following MRGB block contains ZBrush Vertex Color (Polypaint) and masking output as 4 hexadecimal values per vertex. The vertex color format is MMRRGGBB with up to 64 entries per MRGB line.
#MRGB fff5b0ecfff5b0ecfff5b0ecfff5b0ecfff5b0ecfff5b0ecfff5b0ecfff5b0ecfff5b0ecfff5b0ecfff5b0ecfff5b0ecfff5b0ecfff5b0ecfff5b0ecfff5b0ecfff5b0ecfff5b0ecfff5b0ecfff5b0ecfff5b0ecfff5b0ecfff5b0ecfff5b0ecfff5b0ecfff5b0ecfff5b0ecfff5b0ecfff5b0ecfff5b0ecfff5b0ecfff5b0ecfff5b0ecfff5b0ecfff5b0ecfff5b0ecfff5b0ecfff5b0ecfff5b0ecfff5b0ecfff5b0ecfff5b0ecfff5b0ecfff5b0ecfff5b0ecfff5b0ecfff5b0ecfff5b0ecfff5b0ecfff5b0ecfff5b0ecfff5b0ecfff5b0ecfff5b0ecfff5b0ecfff5b0ecfff5b0ecfff5b0ecfff5b0ecfff5b0ecfff5b0ecfff5b0ecfff5b0ecfff5b0ec
#MRGB fff5b0ecfff5b0ecfff5b0ecfff5b0ecfff5b0ecfff5b0ecfff5b0ecfff5b0ecfff5b0ecfff5b0ecfff5b0ecfff5b0ecfff5b0ecfff5b0ecfff5b0ecfff5b0ecfff5b0ecfff5b0ecfff5b0ecfff5b0ecfff5b0ecfff5b0ecfff5b0ecfff5b0ecfff5b0ecfff5b0ecfff5b0ecfff5b0ecfff5b0ecfff5b0ecfff5b0ecfff5b0ecfff5b0ecfff5b0ecfff5b0ecfff5b0ecfff5b0ecfff5b0ecfff5b0ecfff5b0ecfff5b0ecfff5b0ecfff5b0ecfff5b0ecfff5b0ecfff5b0ecfff5b0ecfff5b0ecfff5b0ecfff5b0ecfff5b0ecfff5b0ecfff5b0ecfff5b0ecfff5b0ecfff5b0ecfff5b0ecfff5b0ecfff5b0ecfff5b0ecfff5b0ecfff5b0ecfff5b0ecfff5b0ec
#MRGB fff5b0ecfff5b0ecfff5b0ecfff5b0ecfff5b0ecfff5b0ecfff5b0ecfff5b0ecfff5b0ecfff5b0ecfff5b0ecfff5b0ecfff5b0ecfff5b0ecfff5b0ecfff5b0ecfff5b0ecfff5b0ecfff5b0ecfff5b0ecfff5b0ecfff5b0ecfff5b0ecfff5b0ecfff5b0ecfff5b0ecfff5b0ecfff5b0ecfff5b0ecfff5b0ecfff5b0ecfff5b0ecfff5b0ecfff5b0ecfff5b0ecfff5b0ecfff5b0ecfff5b0ecfff5b0ecfff5b0ecfff5b0ecfff5b0ecfff5b0ecfff5b0ecfff5b0ecfff5b0ecfff5b0ecfff5b0ecfff5b0ecfff5b0ecfff5b0ecfff5b0ecfff5b0ecfff5b0ecfff5b0ecfff5b0ecfff5b0ecfff5b0ecfff5b0ecfff5b0ecfff5b0ecfff5b0ecfff5b0ecfff5b0ec
#MRGB fff5b0ecfff5b0ecfff5b0ecfff5b0ecfff5b0ecfff5b0ecfff5b0ecfff5b0ecfff5b0ecfff5b0ecfff5b0ecfff5b0ecfff5b0ecfff5b0ecfff5b0ecfff5b0ecfff5b0ecfff5b0ecfff5b0ecfff5b0ecfff5b0ecfff5b0ecfff5b0ecfff5b0ecfff5b0ecfff5b0ecfff5b0ecfff5b0ecfff5b0ecfff5b0ecfff5b0ecfff5b0ecfff5b0ecfff5b0ecfff5b0ecfff5b0ecfff5b0ecfff5b0ecfff5b0ecfff5b0ecfff5b0ecfff5b0ecfff5b0ecfff5b0ecfff5b0ecfff5b0ecfff5b0ecfff5b0ecfff5b0ecfff5b0ecfff5b0ecfff5b0ecfff5b0ecfff5b0ecfff5b0ecfff5b0ecfff5b0ecfff5b0ecfff5b0ecfff5b0ecfff5b0ecfff5b0ecfff5b0ecfff5b0ec
#MRGB fff5b0ecfff5b0ecfff5b0ecfff5b0ecfff5b0ecfff5b0ecfff5b0ecfff5b0ecfff5b0ecfff5b0ecfff5b0ecfff5b0ecfff5b0ecfff5b0ecfff5b0ecfff5b0ecfff5b0ecfff5b0ecfff5b0ecfff5b0ecfff5b0ecfff5b0ecfff5b0ecfff5b0ecfff5b0ecfff5b0ecfff5b0ecfff5b0ecfff5b0ecfff5b0ecfff5b0ecfff5b0ecfff5b0ecfff5b0ecfff5b0ecfff5b0ecfff5b0ecfff5b0ecfff5b0ecfff5b0ecfff5b0ecfff5b0ecfff5b0ecfff5b0ecfff5b0ecfff5b0ecfff5b0ecfff5b0ecfff5b0ecfff5b0ecfff5b0ecfff5b0ecfff5b0ecfff5b0ecfff5b0ecfff5b0ecfff5b0ecfff5b0ecfff5b0ecfff5b0ecfff5b0ecfff5b0ecfff5b0ecfff5b0ec
#MRGB fff5b0ecfff5b0ecfff5b0ecfff5b0ecfff5b0ecfff5b0ecfff5b0ecfff5b0ecfff5b0ecfff5b0ecfff5b0ecfff5b0ecfff5b0ecfff5b0ecfff5b0ecfff5b0ecfff5b0ecfff5b0ecfff5b0ecfff5b0ecfff5b0ecfff5b0ecfff5b0ecfff5b0ecfff5b0ecfff5b0ecfff5b0ecfff5b0ecfff5b0ecfff5b0ecfff5b0ecfff5b0ecfff5b0ecfff5b0ecfff5b0ecfff5b0ecfff5b0ecfff5b0ecfff5b0ecfff5b0ecfff5b0ecfff5b0ecfff5b0ecfff5b0ecfff5b0ecfff5b0ecfff5b0ecfff5b0ecfff5b0ecfff5b0ecfff5b0ecfff5b0ecfff5b0ecfff5b0ecfff5b0ecfff5b0ecfff5b0ecfff5b0ecfff5b0ecfff5b0ecfff5b0ecfff5b0ecfff5b0ecfff5b0ec
#MRGB fff5b0ecfff5b0ecfff5b0ecfff5b0ecfff5b0ecfff5b0ecfff5b0ecfff5b0ecfff5b0ecfff5b0ecfff5b0ecfff5b0ecfff5b0ecfff5b0ecfff5b0ecfff5b0ecfff5b0ecfff5b0ecfff5b0ecfff5b0ecfff5b0ecfff5b0ecfff5b0ecfff5b0ecfff5b0ecfff5b0ecfff5b0ecfff5b0ecfff5b0ecfff5b0ecfff5b0ecfff5b0ecfff5b0ecfff5b0ecfff5b0ecfff5b0ecfff5b0ecfff5b0ecfff5b0ecfff5b0ecfff5b0ecfff5b0ecfff5b0ecfff5b0ecfff5b0ecfff5b0ecfff5b0ecfff5b0ecfff5b0ecfff5b0ecfff5b0ecfff5b0ecfff5b0ecfff5b0ecfff5b0ecfff5b0ecfff5b0ecfff5b0ecfff5b0ecfff5b0ecfff5b0ecfff5b0ecfff5b0ecfff5b0ec
#MRGB fff5b0ecfff5b0ecfff5b0ecfff5b0ecfff5b0ecfff5b0ecfff5b0ecfff5b0ecfff5b0ecfff5b0ecfff5b0ecfff5b0ecfff5b0ecfff5b0ecfff5b0ecfff5b0ecfff5b0ecfff5b0ecfff5b0ecfff5b0ecfff5b0ecfff5b0ecfff5b0ecfff5b0ecfff5b0ecfff5b0ecfff5b0ecfff5b0ecfff5b0ecfff5b0ecfff5b0ecfff5b0ecfff5b0ecfff5b0ecfff5b0ecfff5b0ecfff5b0ecfff5b0ecfff5b0ecfff5b0ecfff5b0ecfff5b0ecfff5b0ecfff5b0ecfff5b0ecfff5b0ecfff5b0ecfff5b0ecfff5b0ecfff5b0ecfff5b0ecfff5b0ecfff5b0ecfff5b0ecfff5b0ecfff5b0ecfff5b0ecfff5b0ecfff5b0ecfff5b0ecfff5b0ecfff5b0ecfff5b0ecfff5b0ec
#MRGB fff5b0ecfff5b0ecfff5b0ecfff5b0ecfff5b0ecfff5b0ecfff5b0ecfff5b0ecfff5b0ecfff5b0ecfff5b0ecfff5b0ecfff5b0ecfff5b0ecfff5b0ecfff5b0ecfff5b0ecfff5b0ecfff5b0ecfff5b0ecfff5b0ecfff5b0ecfff5b0ecfff5b0ecfff5b0ecfff5b0ecfff5b0ecfff5b0ecfff5b0ecfff5b0ecfff5b0ecfff5b0ecfff5b0ecfff5b0ecfff5b0ecfff5b0ecfff5b0ecfff5b0ecfff5b0ecfff5b0ecfff5b0ecfff5b0ecfff5b0ecfff5b0ecfff5b0ecfff5b0ecfff5b0ecfff5b0ecfff5b0ecfff5b0ecfff5b0ecfff5b0ecfff5b0ecfff5b0ecfff5b0ecfff5b0ecfff5b0ecfff5b0ecfff5b0ecfff5b0ecfff5b0ecfff5b0ecfff5b0ecfff5b0ec
#MRGB fff5b0ecfff5b0ecfff5b0ecfff5b0ecfff5b0ecfff5b0ecfff5b0ecfff5b0ecfff5b0ecfff5b0ecfff5b0ecfff5b0ecfff5b0ecfff5b0ecfff5b0ecfff5b0ecfff5b0ecfff5b0ecfff5b0ecfff5b0ecfff5b0ecfff5b0ecfff5b0ecfff5b0ecfff5b0ecfff5b0ecfff5b0ecfff5b0ecfff5b0ecfff5b0ecfff5b0ecfff5b0ecfff5b0ecfff5b0ecfff5b0ecfff5b0ecfff5b0ecfff5b0ecfff5b0ecfff5b0ecfff5b0ecfff5b0ecfff5b0ecfff5b0ecfff5b0ecfff5b0ecfff5b0ecfff5b0ecfff5b0ecfff5b0ecfff5b0ecfff5b0ecfff5b0ecfff5b0ecfff5b0ecfff5b0ecfff5b0ecfff5b0ecfff5b0ecfff5b0ecfff5b0ecfff5b0ecfff5b0ecfff5b0ec
#MRGB fff5b0ecfff5b0ecfff5b0ecfff5b0ecfff5b0ecfff5b0ecfff5b0ecfff5b0ecfff5b0ecfff5b0ecfff5b0ecfff5b0ecfff5b0ecfff5b0ecfff5b0ecfff5b0ecfff5b0ecfff5b0ecfff5b0ecfff5b0ecfff5b0ecfff5b0ecfff5b0ecfff5b0ecfff5b0ecfff5b0ecfff5b0ecfff5b0ecfff5b0ecfff5b0ecfff5b0ecfff5b0ecfff5b0ecfff5b0ecfff5b0ecfff5b0ecfff5b0ecfff5b0ecfff5b0ecfff5b0ecfff5b0ecfff5b0ecfff5b0ecfff5b0ecfff5b0ecfff5b0ecfff5b0ecfff5b0ecfff5b0ecfff5b0ecfff5b0ecfff5b0ecfff5b0ecfff5b0ecfff5b0ecfff5b0ecfff5b0ecfff5b0ecfff5b0ecfff5b0ecfff5b0ecfff5b0ecfff5b0ecfff5b0ec
#MRGB fff5b0ecfff5b0ecfff5b0ecfff5b0ecfff5b0ecfff5b0ecfff5b0ecfff5b0ecfff5b0ecfff5b0ecfff5b0ecfff5b0ecfff5b0ecfff5b0ecfff5b0ecfff5b0ecfff5b0ecfff5b0ecfff5b0ecfff5b0ecfff5b0ecfff5b0ecfff5b0ecfff5b0ecfff5b0ecfff5b0ecfff5b0ecfff5b0ecfff5b0ecfff5b0ecfff5b0ecfff5b0ecfff5b0ecfff5b0ecfff5b0ecfff5b0ecfff5b0ecfff5b0ecfff5b0ecfff5b0ecfff5b0ecfff5b0ecfff5b0ecfff5b0ecfff5b0ecfff5b0ecfff5b0ecfff5b0ecfff5b0ecfff5b0ecfff5b0ecfff5b0ecfff5b0ecfff5b0ecfff5b0ecfff5b0ecfff5b0ecfff5b0ecfff5b0ecfff5b0ecfff5b0ecfff5b0ecfff5b0ecfff5b0ec
#MRGB fff5b0ecfff5b0ecfff5b0ecfff5b0ecfff5b0ecfff5b0ecfff5b0ecfff5b0ecfff5b0ecfff5b0ecfff5b0ecfff5b0ecfff5b0ecfff5b0ecfff5b0ecfff5b0ecfff5b0ecfff5b0ecfff5b0ecfff5b0ecfff5b0ecfff5b0ecfff5b0ecfff5b0ecfff5b0ecfff5b0ecfff5b0ecfff5b0ecfff5b0ecfff5b0ecfff5b0ecfff5b0ecfff5b0ecfff5b0ecfff5b0ecfff5b0ecfff5b0ecfff5b0ecfff5b0ecfff5b0ecfff5b0ecfff5b0ecfff5b0ecfff5b0ecfff5b0ecfff5b0ecfff5b0ecfff5b0ecfff5b0ecfff5b0ecfff5b0ecfff5b0ecfff5b0ecfff5b0ecfff5b0ecfff5b0ecfff5b0ecfff5b0ecfff5b0ecfff5b0ecfff5b0ecfff5b0ecfff5b0ecfff5b0ec
#MRGB fff5b0ecfff5b0ecfff5b0ecfff5b0ecfff5b0ecfff5b0ecfff5b0ecfff5b0ecfff5b0ecfff5b0ecfff5b0ecfff5b0ecfff5b0ecfff5b0ecfff5b0ecfff5b0ecfff5b0ecfff5b0ecfff5b0ecfff5b0ecfff5b0ecfff5b0ecfff5b0ecfff5b0ecfff5b0ecfff5b0ecfff5b0ecfff5b0ecfff5b0ecfff5b0ecfff5b0ecfff5b0ecfff5b0ecfff5b0ecfff5b0ecfff5b0ecfff5b0ecfff5b0ecfff5b0ecfff5b0ecfff5b0ecfff5b0ecfff5b0ecfff5b0ecfff5b0ecfff5b0ecfff5b0ecfff5b0ecfff5b0ecfff5b0ecfff5b0ecfff5b0ecfff5b0ecfff5b0ecfff5b0ecfff5b0ecfff5b0ecfff5b0ecfff5b0ecfff5b0ecfff5b0ecfff5b0ecfff5b0ecfff5b0ec
#MRGB fff5b0ecfff5b0ecfff5b0ecfff5b0ecfff5b0ecfff5b0ecfff5b0ecfff5b0ecfff5b0ecfff5b0ecfff5b0ecfff5b0ecfff5b0ecfff5b0ecfff5b0ecfff5b0ecfff5b0ecfff5b0ecfff5b0ecfff5b0ecfff5b0ecfff5b0ecfff5b0ecfff5b0ecfff5b0ecfff5b0ecfff5b0ecfff5b0ecfff5b0ecfff5b0ecfff5b0ecfff5b0ecfff5b0ecfff5b0ecfff5b0ecfff5b0ecfff5b0ecfff5b0ecfff5b0ecfff5b0ecfff5b0ecfff5b0ecfff5b0ecfff5b0ecfff5b0ecfff5b0ecfff5b0ecfff5b0ecfff5b0ecfff5b0ecfff5b0ecfff5b0ecfff5b0ecfff5b0ecfff5b0ecfff5b0ecfff5b0ecfff5b0ecfff5b0ecfff5b0ecfff5b0ecfff5b0ecfff5b0ecfff5b0ec
#MRGB fff5b0ecfff5b0ecfff5b0ecfff5b0ecfff5b0ecfff5b0ecfff5b0ecfff5b0ecfff5b0ecfff5b0ecfff5b0ecfff5b0ecfff5b0ecfff5b0ecfff5b0ecfff5b0ecfff5b0ecfff5b0ecfff5b0ecfff5b0ecfff5b0ecfff5b0ecfff5b0ecfff5b0ecfff5b0ecfff5b0ecfff5b0ecfff5b0ecfff5b0ecfff5b0ecfff5b0ecfff5b0ecfff5b0ecfff5b0ecfff5b0ecfff5b0ecfff5b0ecfff5b0ecfff5b0ecfff5b0ecfff5b0ecfff5b0ecfff5b0ecfff5b0ecfff5b0ecfff5b0ecfff5b0ecfff5b0ecfff5b0ecfff5b0ecfff5b0ecfff5b0ecfff5b0ecfff5b0ecfff5b0ecfff5b0ecfff5b0ecfff5b0ecfff5b0ecfff5b0ecfff5b0ecfff5b0ecfff5b0ecfff5b0ec
#MRGB fff5b0ecfff5b0ecfff5b0ecfff5b0ecfff5b0ecfff5b0ecfff5b0ecfff5b0ecfff5b0ecfff5b0ecfff5b0ecfff5b0ecfff5b0ecfff5b0ecfff5b0ecfff5b0ecfff5b0ecfff5b0ecfff5b0ecfff5b0ecfff5b0ecfff5b0ecfff5b0ecfff5b0ecfff5b0ecfff5b0ecfff5b0ecfff5b0ecfff5b0ecfff5b0ecfff5b0ecfff5b0ecfff5b0ecfff5b0ecfff5b0ecfff5b0ecfff5b0ecfff5b0ecfff5b0ecfff5b0ecfff5b0ecfff5b0ecfff5b0ecfff5b0ecfff5b0ecfff5b0ecfff5b0ecfff5b0ecfff5b0ecfff5b0ecfff5b0ecfff5b0ecfff5b0ecfff5b0ecfff5b0ecfff5b0ecfff5b0ecfff5b0ecfff5b0ecfff5b0ecfff5b0ecfff5b0ecfff5b0ecfff5b0ec
#MRGB fff5b0ecfff5b0ecfff5b0ecfff5b0ecfff5b0ecfff5b0ecfff5b0ecfff5b0ecfff5b0ecfff5b0ecfff5b0ecfff5b0ecfff5b0ecfff5b0ecfff5b0ecfff5b0ecfff5b0ecfff5b0ecfff5b0ecfff5b0ecfff5b0ecfff5b0ecfff5b0ecfff5b0ecfff5b0ecfff5b0ecfff5b0ecfff5b0ecfff5b0ecfff5b0ecfff5b0ecfff5b0ecfff5b0ecfff5b0ecfff5b0ecfff5b0ecfff5b0ecfff5b0ecfff5b0ecfff5b0ecfff5b0ecfff5b0ecfff5b0ecfff5b0ecfff5b0ecfff5b0ecfff5b0ecfff5b0ecfff5b0ecfff5b0ecfff5b0ecfff5b0ecfff5b0ecfff5b0ecfff5b0ecfff5b0ecfff5b0ecfff5b0ecfff5b0ecfff5b0ecfff5b0ecfff5b0ecfff5b0ecfff5b0ec
#MRGB fff5b0ecfff5b0ecfff5b0ecfff5b0ecfff5b0ecfff5b0ecfff5b0ecfff5b0ecfff5b0ecfff5b0ecfff5b0ecfff5b0ecfff5b0ecfff5b0ecfff5b0ecfff5b0ecfff5b0ecfff5b0ecfff5b0ecfff5b0ecfff5b0ecfff5b0ecfff5b0ecfff5b0ecfff5b0ecfff5b0ecfff5b0ecfff5b0ecfff5b0ecfff5b0ecfff5b0ecfff5b0ecfff5b0ecfff5b0ecfff5b0ecfff5b0ecfff5b0ecfff5b0ecfff5b0ecfff5b0ecfff5b0ecfff5b0ecfff5b0ecfff5b0ecfff5b0ecfff5b0ecfff5b0ecfff5b0ecfff5b0ecfff5b0ecfff5b0ecfff5b0ecfff5b0ecfff5b0ecfff5b0ecfff5b0ecfff5b0ecfff5b0ecfff5b0ecfff5b0ecfff5b0ecfff5b0ecfff5b0ecfff5b0ec
#MRGB fff5b0ecfff5b0ecfff5b0ecfff5b0ecfff5b0ecfff5b0ecfff5b0ecfff5b0ecfff5b0ecfff5b0ecfff5b0ecfff5b0ecfff5b0ecfff5b0ecfff5b0ecfff5b0ecfff5b0ecfff5b0ecfff5b0ecfff5b0ecfff5b0ecfff5b0ecfff5b0ecfff5b0ecfff5b0ecfff5b0ecfff5b0ecfff5b0ecfff5b0ecfff5b0ecfff5b0ecfff5b0ecfff5b0ecfff5b0ecfff5b0ecfff5b0ecfff5b0ecfff5b0ecfff5b0ecfff5b0ecfff5b0ecfff5b0ecfff5b0ecfff5b0ecfff5b0ecfff5b0ecfff5b0ecfff5b0ecfff5b0ecfff5b0ecfff5b0ecfff5b0ecfff5b0ecfff5b0ecfff5b0ecfff5b0ecfff5b0ecfff5b0ecfff5b0ecfff5b0ecfff5b0ecfff5b0ecfff5b0ecfff5b0ec
#MRGB fff5b0ecfff5b0ecfff5b0ecfff5b0ecfff5b0ecfff5b0ecfff5b0ecfff5b0ecfff5b0ecfff5b0ecfff5b0ecfff5b0ecfff5b0ecfff5b0ecfff5b0ecfff5b0ecfff5b0ecfff5b0ecfff5b0ecfff5b0ecfff5b0ecfff5b0ecfff5b0ecfff5b0ecfff5b0ecfff5b0ecfff5b0ecfff5b0ecfff5b0ecfff5b0ecfff5b0ecfff5b0ecfff5b0ecfff5b0ecfff5b0ecfff5b0ecfff5b0ecfff5b0ecfff5b0ecfff5b0ecfff5b0ecfff5b0ecfff5b0ecfff5b0ecfff5b0ecfff5b0ecfff5b0ecfff5b0ecfff5b0ecfff5b0ecfff5b0ecfff5b0ecfff5b0ecfff5b0ecfff5b0ecfff5b0ecfff5b0ecfff5b0ecfff5b0ecfff5b0ecfff5b0ecfff5b0ecfff5b0ecfff5b0ec
#MRGB fff5b0ecfff5b0ecfff5b0ecfff5b0ecfff5b0ecfff5b0ecfff5b0ecfff5b0ecfff5b0ecfff5b0ecfff5b0ecfff5b0ecfff5b0ecfff5b0ecfff5b0ecfff5b0ecfff5b0ecfff5b0ecfff5b0ecfff5b0ecfff5b0ecfff5b0ecfff5b0ecfff5b0ecfff5b0ecfff5b0ecfff5b0ecfff5b0ecfff5b0ecfff5b0ecfff5b0ecfff5b0ecfff5b0ecfff5b0ecfff5b0ecfff5b0ecfff5b0ecfff5b0ecfff5b0ecfff5b0ecfff5b0ecfff5b0ecfff5b0ecfff5b0ecfff5b0ecfff5b0ecfff5b0ecfff5b0ecfff5b0ecfff5b0ecfff5b0ecfff5b0ecfff5b0ecfff5b0ecfff5b0ecfff5b0ecfff5b0ecfff5b0ecfff5b0ecfff5b0ecfff5b0ecfff5b0ecfff5b0ecfff5b0ec
#MRGB fff5b0ecfff5b0ecfff5b0ecfff5b0ecfff5b0ecfff5b0ecfff5b0ecfff5b0ecfff5b0ecfff5b0ecfff5b0ecfff5b0ecfff5b0ecfff5b0ecfff5b0ecfff5b0ecfff5b0ecfff5b0ecfff5b0ecfff5b0ecfff5b0ecfff5b0ecfff5b0ecfff5b0ecfff5b0ecfff5b0ecfff5b0ecfff5b0ecfff5b0ecfff5b0ecfff5b0ecfff5b0ecfff5b0ecfff5b0ecfff5b0ecfff5b0ecfff5b0ecfff5b0ecfff5b0ecfff5b0ecfff5b0ecfff5b0ecfff5b0ecfff5b0ecfff5b0ecfff5b0ecfff5b0ecfff5b0ecfff5b0ecfff5b0ecfff5b0ecfff5b0ecfff5b0ecfff5b0ecfff5b0ecfff5b0ecfff5b0ecfff5b0ecfff5b0ecfff5b0ecfff5b0ecfff5b0ecfff5b0ecfff5b0ec
#MRGB fff5b0ecfff5b0ecfff5b0ecfff5b0ecfff5b0ecfff5b0ecfff5b0ecfff5b0ecfff5b0ecfff5b0ecfff5b0ecfff5b0ecfff5b0ecfff5b0ecfff5b0ecfff5b0ecfff5b0ecfff5b0ecfff5b0ecfff5b0ecfff5b0ecfff5b0ecfff5b0ecfff5b0ecfff5b0ecfff5b0ecfff5b0ecfff5b0ecfff5b0ecfff5b0ecfff5b0ecfff5b0ecfff5b0ecfff5b0ecfff5b0ecfff5b0ecfff5b0ecfff5b0ecfff5b0ecfff5b0ecfff5b0ecfff5b0ecfff5b0ecfff5b0ecfff5b0ecfff5b0ecfff5b0ecfff5b0ecfff5b0ecfff5b0ecfff5b0ecfff5b0ecfff5b0ecfff5b0ecfff5b0ecfff5b0ecfff5b0ecfff5b0ecfff5b0ecfff5b0ecfff5b0ecfff5b0ecfff5b0ecfff5b0ec
#MRGB fff5b0ecfff5b0ecfff5b0ecfff5b0ecfff5b0ecfff5b0ecfff5b0ecfff5b0ecfff5b0ecfff5b0ecfff5b0ecfff5b0ecfff5b0ecfff5b0ecfff5b0ecfff5b0ecfff5b0ecfff5b0ecfff5b0ecfff5b0ecfff5b0ecfff5b0ecfff5b0ecfff5b0ecfff5b0ecfff5b0ecfff5b0ecfff5b0ecfff5b0ecfff5b0ecfff5b0ecfff5b0ecfff5b0ecfff5b0ecfff5b0ecfff5b0ecfff5b0ecfff5b0ecfff5b0ecfff5b0ecfff5b0ecfff5b0ecfff5b0ecfff5b0ecfff5b0ecfff5b0ecfff5b0ecfff5b0ecfff5b0ecfff5b0ecfff5b0ecfff5b0ecfff5b0ecfff5b0ecfff5b0ecfff5b0ecfff5b0ecfff5b0ecfff5b0ecfff5b0ecfff5b0ecfff5b0ecfff5b0ecfff5b0ec
#MRGB fff5b0ecfff5b0ecfff5b0ecfff5b0ecfff5b0ecfff5b0ecfff5b0ecfff5b0ecfff5b0ecfff5b0ecfff5b0ecfff5b0ecfff5b0ecfff5b0ec
# End of MRGB block 
g Group18773
f 818 556 124
f 914 515 910
f 123 555 817
f 909 514 913
f 1115 754 1517
f 753 90 1516
f 240 114 943
f 114 239 943
f 1359 927 286
f 1528 502 775
f 928 1360 287
f 1529 776 503
f 903 670 1237
f 1516 90 1512
f 671 904 1238
f 91 1517 1513
f 1375 1386 879
f 290 1581 51
f 1582 291 800
f 1387 1376 880
f 1133 247 708
f 246 492 707
f 859 57 1359
f 474 208 26
f 58 860 1360
f 209 475 696
f 795 17 24
f 1218 853 26
f 796 25 18
f 1219 27 854
f 456 579 960
f 1355 674 899
f 457 961 580
f 675 1356 900
f 1259 1156 891
f 110 41 1273
f 1260 892 1157
f 42 111 1274
f 69 28 1186
f 1559 358 224
f 1187 29 70
f 225 359 1560
f 235 987 938
f 460 224 1510
f 939 988 236
f 225 461 1511
f 903 1237 1160
f 231 1110 134
f 904 1161 1238
f 232 135 1111
f 366 97 208
f 1459 290 799
f 209 98 367
f 291 796 800
f 1297 1030 731
f 316 697 59
f 1031 1298 732
f 698 317 60
f 1279 1571 338
f 250 41 110
f 1280 339 1572
f 42 251 111
f 64 60 317
f 769 63 316
f 80 1095 108
f 80 47 1095
f 1096 81 109
f 81 1096 48
f 71 1082 43
f 775 976 1516
f 1083 72 44
f 977 1513 1517
f 638 518 45
f 1108 1351 119
f 639 46 518
f 1352 1109 120
f 899 376 887
f 235 30 254
f 377 900 888
f 31 236 255
f 943 1216 49
f 1351 686 119
f 1217 8 50
f 355 120 942
f 290 51 799
f 134 101 231
f 1582 800 52
f 135 232 102
f 581 1196 53
f 871 1120 250
f 582 54 1197
f 872 251 1121
f 618 154 55
f 783 466 1241
f 155 619 56
f 467 784 1242
f 1239 246 707
f 715 125 11
f 247 1240 100
f 125 716 11
f 769 316 59
f 1422 697 1565
f 64 770 60
f 698 1423 1566
f 903 61 1277
f 1386 1375 382
f 62 904 1278
f 1376 1387 383
f 140 268 1532
f 1369 638 140
f 269 141 1533
f 639 1370 141
f 952 891 1156
f 695 1547 1054
f 892 953 1157
f 696 1055 1548
f 1094 1239 300
f 243 1317 1215
f 1240 1094 668
f 1318 323 1214
f 65 1547 695
f 88 1547 65
f 1548 66 696
f 1548 89 66
f 984 1058 272
f 322 1215 1247
f 1059 985 273
f 1214 323 1248
f 883 1386 73
f 1309 326 1475
f 1387 884 74
f 327 1310 1476
f 1058 901 1220
f 1059 1221 902
f 1186 1054 69
f 1277 61 741
f 1055 1187 70
f 62 933 742
f 769 1532 268
f 1514 1422 569
f 770 269 1533
f 1515 570 1423
f 80 1327 1518
f 771 1279 733
f 1328 81 48
f 1572 734 403
f 1532 36 82
f 239 1314 78
f 37 1472 83
f 240 79 1314
f 666 318 1587
f 32 851 895
f 16 667 1588
f 896 852 33
f 634 86 466
f 929 1196 1455
f 87 784 467
f 54 1456 1197
f 785 1575 771
f 86 634 929
f 786 772 1576
f 635 87 54
f 1110 84 134
f 851 1114 1323
f 85 1111 135
f 1368 1324 1115
f 1228 92 702
f 92 1228 701
f 93 1058 984
f 745 940 571
f 1059 94 985
f 746 572 941
f 382 995 95
f 1386 960 579
f 996 383 96
f 992 1387 74
f 968 22 853
f 674 13 264
f 23 969 98
f 1356 675 265
f 707 492 895
f 71 300 1082
f 493 708 896
f 301 72 1083
f 17 1412 1146
f 24 17 392
f 1413 18 1147
f 18 25 393
f 518 46 522
f 45 518 521
f 250 506 871
f 428 128 1331
f 507 251 872
f 129 429 1332
f 571 940 1210
f 715 1210 719
f 572 1211 941
f 716 720 1211
f 488 1343 1347
f 875 974 104
f 1344 489 1348
f 975 876 105
f 30 110 1273
f 224 563 1510
f 111 31 255
f 359 225 1511
f 152 454 115
f 500 458 1398
f 153 116 455
f 501 1399 459
f 1468 986 1314
f 986 1467 1314
f 777 478 1144
f 1526 476 478
f 778 1145 479
f 1527 479 477
f 575 1312 999
f 158 1492 504
f 576 1000 1313
f 1493 159 505
f 1108 701 1569
f 701 1228 705
f 120 1109 1570
f 702 706 1228
f 454 121 115
f 1526 478 777
f 455 116 122
f 1527 778 479
f 508 555 123
f 897 508 1253
f 556 509 124
f 509 898 1254
f 1438 716 125
f 715 1438 125
f 765 121 126
f 194 260 885
f 766 127 122
f 195 886 261
f 1331 128 837
f 837 1479 408
f 838 129 1332
f 409 1608 838
f 514 577 913
f 1099 1257 132
f 578 515 914
f 1100 133 1258
f 913 577 1101
f 130 1032 320
f 1102 578 914
f 321 1033 131
f 134 84 318
f 1128 995 382
f 135 319 85
f 996 1129 383
f 233 136 160
f 482 166 144
f 161 137 234
f 483 145 167
f 138 1140 1229
f 172 1050 561
f 1230 1141 139
f 173 562 1051
f 1027 1030 10
f 1369 140 12
f 1031 1027 10
f 1370 12 141
f 146 508 897
f 494 374 138
f 509 147 898
f 375 495 139
f 1064 1271 390
f 523 390 869
f 1065 391 1272
f 524 870 391
f 1583 146 897
f 1365 765 126
f 898 147 1584
f 1366 127 766
f 1190 1382 148
f 855 472 575
f 1191 149 1383
f 856 576 473
f 488 150 1343
f 104 1563 875
f 489 1344 151
f 105 876 1564
f 2 156 817
f 186 280 1439
f 157 1 818
f 281 187 1440
f 154 1455 1196
f 38 150 1567
f 619 155 1197
f 39 1568 151
f 194 885 1305
f 152 458 500
f 195 1306 886
f 153 501 459
f 1539 162 158
f 378 158 504
f 159 163 1540
f 159 379 505
f 1034 444 1398
f 132 1257 523
f 445 1035 1399
f 133 524 1258
f 368 162 1539
f 484 1122 368
f 163 369 1540
f 1123 485 369
f 1283 374 494
f 396 1365 693
f 375 1284 495
f 397 694 1366
f 1166 743 136
f 1168 136 233
f 137 744 1167
f 137 1169 234
f 1339 664 384
f 1339 512 664
f 665 1340 385
f 665 513 1340
f 184 1504 956
f 229 237 1064
f 185 957 1505
f 230 1065 238
f 328 340 172
f 270 176 396
f 329 173 341
f 271 397 177
f 184 166 482
f 192 761 925
f 185 483 167
f 193 926 762
f 176 1190 1361
f 270 689 176
f 177 1362 1191
f 271 177 690
f 1162 388 178
f 112 743 1166
f 179 389 1163
f 744 113 1167
f 430 180 934
f 861 258 188
f 431 935 181
f 862 189 259
f 182 274 930
f 410 791 180
f 275 183 931
f 411 181 792
f 803 867 757
f 867 1078 757
f 804 758 868
f 868 758 1079
f 1283 1233 374
f 328 172 881
f 375 1234 1284
f 329 882 173
f 258 907 188
f 855 214 472
f 259 189 908
f 856 473 215
f 1424 541 334
f 186 877 280
f 542 1425 335
f 281 878 187
f 863 761 192
f 398 863 192
f 864 193 762
f 399 193 864
f 779 194 1305
f 881 172 561
f 780 1306 195
f 882 562 173
f 196 388 1162
f 370 936 1480
f 389 197 1163
f 937 371 1481
f 334 541 1451
f 204 561 448
f 1452 542 335
f 205 449 562
f 595 1400 200
f 819 595 200
f 596 201 1401
f 820 201 596
f 1013 1585 601
f 583 867 803
f 1586 1014 602
f 584 804 868
f 1088 204 452
f 543 763 749
f 1089 453 205
f 544 750 764
f 202 601 206
f 1469 650 226
f 602 203 207
f 651 1470 227
f 1160 20 208
f 20 366 208
f 1161 209 21
f 209 367 21
f 587 1307 498
f 1307 370 498
f 499 1308 588
f 371 1308 499
f 1299 605 212
f 57 927 1359
f 605 1300 213
f 58 1360 928
f 258 424 907
f 1329 537 819
f 259 908 425
f 1330 820 538
f 591 1443 1188
f 646 1103 420
f 1189 1444 592
f 1104 647 421
f 1504 1172 956
f 336 1404 170
f 1505 957 1173
f 337 171 1405
f 220 210 587
f 480 1443 591
f 211 221 588
f 1444 481 592
f 725 226 1484
f 1504 699 1172
f 227 726 1485
f 1505 1173 700
f 1547 88 737
f 69 737 28
f 89 1548 738
f 738 70 29
f 218 535 1269
f 905 1488 535
f 1270 536 219
f 536 1489 906
f 8 1579 228
f 50 8 228
f 229 1206 237
f 699 553 229
f 230 238 1207
f 700 230 554
f 1412 1512 1146
f 775 1516 1512
f 1413 1147 1513
f 977 776 1513
f 233 160 1097
f 218 1269 527
f 161 234 1098
f 1270 219 528
f 235 759 1309
f 1386 579 73
f 760 236 1310
f 992 74 580
f 1271 531 390
f 252 531 873
f 1272 391 532
f 532 253 874
f 239 1471 82
f 1216 362 49
f 79 240 83
f 363 1217 50
f 144 547 1261
f 1099 1144 1257
f 145 1262 548
f 1100 1258 1145
f 668 9 243
f 9 1317 243
f 713 470 905
f 252 873 248
f 471 714 906
f 253 249 874
f 57 1299 212
f 1132 1299 670
f 1300 58 928
f 1133 671 1300
f 302 1267 248
f 288 721 921
f 303 249 1268
f 289 922 722
f 857 506 250
f 857 250 563
f 251 858 564
f 507 858 251
f 6 1052 717
f 1052 244 717
f 1053 4 718
f 1053 718 245
f 837 408 585
f 47 887 585
f 409 838 586
f 888 409 586
f 1052 6 252
f 1267 252 248
f 4 1053 253
f 253 1268 249
f 414 1434 182
f 646 622 1103
f 1435 415 183
f 1104 623 647
f 260 911 885
f 693 1365 126
f 261 886 912
f 694 127 1366
f 626 258 861
f 1498 525 258
f 627 862 259
f 1499 259 526
f 853 22 264
f 26 853 1259
f 854 265 23
f 854 27 1260
f 380 386 807
f 807 386 565
f 808 387 381
f 566 387 808
f 268 1426 769
f 1426 268 45
f 1427 269 770
f 269 1427 1431
f 1080 1441 865
f 404 1555 1371
f 1081 866 1442
f 405 1372 1556
f 71 43 272
f 1247 1215 1220
f 44 72 273
f 1214 1248 1221
f 414 168 1434
f 709 512 1591
f 1435 169 415
f 513 710 1592
f 1028 1494 1398
f 2 1457 1176
f 1029 1399 1495
f 1177 1458 1
f 278 336 170
f 314 789 278
f 279 171 337
f 315 279 790
f 440 779 276
f 440 276 1208
f 441 277 780
f 441 1209 277
f 282 1477 1086
f 1112 725 222
f 1478 283 1087
f 726 1113 223
f 781 284 222
f 284 1112 222
f 223 285 782
f 1113 285 223
f 106 34 286
f 719 1210 940
f 107 287 35
f 1211 720 941
f 298 721 288
f 336 1524 288
f 299 289 722
f 337 289 1525
f 968 106 290
f 290 1459 968
f 1460 291 969
f 291 107 35
f 809 244 256
f 781 222 713
f 245 810 257
f 714 223 782
f 294 342 1036
f 1070 284 781
f 1037 343 295
f 285 1071 782
f 1132 670 296
f 32 666 1587
f 671 493 297
f 667 33 1368
f 1200 721 298
f 628 1200 1524
f 1201 299 722
f 629 1525 1201
f 1239 1170 300
f 1170 67 300
f 100 1240 301
f 1171 301 68
f 1287 372 302
f 1200 612 721
f 1288 303 373
f 1201 722 613
f 356 294 304
f 256 292 809
f 295 357 305
f 293 257 810
f 394 958 537
f 424 216 907
f 395 538 959
f 425 908 217
f 348 1599 1263
f 1287 893 372
f 349 1264 1600
f 1288 373 894
f 282 310 1477
f 1285 498 1013
f 1478 311 283
f 499 1286 1014
f 364 691 1295
f 1204 751 1062
f 365 1296 692
f 1063 752 1205
f 797 310 282
f 1400 583 200
f 311 798 283
f 1401 201 584
f 1426 45 1430
f 1430 1108 697
f 269 1431 46
f 1431 698 1109
f 666 15 318
f 932 741 1128
f 16 1588 319
f 742 933 1129
f 130 320 1101
f 1097 160 1124
f 321 131 1102
f 1125 161 1098
f 323 322 75
f 243 1215 322
f 243 322 323
f 1318 243 323
f 1072 332 324
f 332 190 324
f 325 333 1073
f 191 333 325
f 254 759 235
f 41 585 1273
f 255 236 760
f 586 42 1274
f 1465 404 1371
f 763 1506 749
f 1466 1372 405
f 764 750 1507
f 300 67 330
f 1323 1114 753
f 68 301 1083
f 1324 754 1115
f 1074 332 1072
f 1530 559 1182
f 1073 333 1075
f 560 1531 1183
f 334 1451 1136
f 374 1140 138
f 1452 335 1137
f 1141 375 139
f 342 608 1036
f 1243 797 282
f 609 343 1037
f 283 798 1244
f 1279 338 952
f 785 65 1575
f 339 1280 953
f 89 1576 66
f 1441 934 865
f 1418 270 396
f 1442 866 935
f 1419 397 271
f 628 1524 1545
f 801 793 789
f 629 1546 1525
f 802 790 794
f 61 344 741
f 695 1054 1231
f 345 62 742
f 696 1232 1055
f 356 1589 294
f 825 1194 294
f 295 1590 357
f 1195 826 295
f 644 1599 348
f 678 616 1017
f 645 349 1600
f 679 1018 617
f 226 650 350
f 535 1168 1269
f 351 651 227
f 1169 536 1270
f 1295 889 893
f 1062 292 1204
f 1296 894 890
f 1063 1205 293
f 103 1311 1192
f 354 40 686
f 103 1193 1311
f 40 355 942
f 312 751 352
f 652 1589 747
f 313 353 752
f 1590 653 748
f 110 30 563
f 563 250 110
f 31 111 564
f 564 111 251
f 944 652 747
f 687 691 364
f 653 945 748
f 692 688 365
f 239 82 362
f 82 1514 569
f 83 240 363
f 1515 83 570
f 1023 1432 1428
f 644 654 1599
f 1024 1429 1433
f 645 1600 655
f 859 34 366
f 106 968 34
f 860 367 35
f 291 35 969
f 142 368 1539
f 306 1025 805
f 1540 369 143
f 1026 307 806
f 551 142 936
f 545 805 551
f 143 552 937
f 806 546 552
f 292 256 372
f 1052 252 1267
f 257 293 373
f 1053 1268 253
f 374 334 1136
f 1233 334 374
f 1137 335 375
f 335 1234 375
f 674 376 899
f 1459 22 968
f 675 900 377
f 1460 969 23
f 1535 378 504
f 142 1539 1535
f 505 379 1536
f 1540 143 1536
f 813 266 380
f 168 709 1591
f 381 267 814
f 1592 710 169
f 1126 382 1375
f 1126 1128 382
f 1376 383 1127
f 1129 1127 383
f 384 1251 1116
f 484 930 1122
f 1252 385 1117
f 1123 931 485
f 266 386 380
f 1150 422 1009
f 387 267 381
f 1010 423 1151
f 388 117 178
f 936 142 117
f 118 389 179
f 118 143 937
f 547 390 1261
f 1261 390 523
f 548 1262 391
f 1262 524 391
f 17 101 392
f 101 1126 1375
f 18 393 102
f 1376 1127 102
f 923 394 1325
f 216 1329 723
f 924 1326 395
f 217 724 1330
f 340 396 172
f 172 396 693
f 341 173 397
f 173 694 397
f 214 468 464
f 907 216 468
f 215 465 469
f 908 469 217
f 442 709 168
f 1152 168 414
f 710 443 169
f 169 1153 415
f 402 952 1156
f 1327 80 1275
f 953 403 1157
f 81 1328 1276
f 426 404 406
f 815 1441 1080
f 427 407 405
f 816 1081 1442
f 557 426 1461
f 559 1321 1182
f 558 1462 427
f 560 1183 1322
f 1607 47 408
f 47 585 408
f 888 48 409
f 48 1608 409
f 450 791 410
f 815 1445 1441
f 451 411 792
f 816 1442 1446
f 412 190 833
f 1148 412 833
f 191 413 834
f 1149 834 413
f 1613 622 646
f 446 1420 630
f 623 1614 647
f 1421 447 631
f 1549 416 559
f 711 426 557
f 1550 560 417
f 712 558 427
f 5 1553 1148
f 1337 946 434
f 1554 3 1149
f 947 1338 435
f 1025 484 368
f 805 1025 368
f 369 485 1026
f 369 1026 806
f 950 418 1142
f 1142 418 829
f 419 951 1143
f 830 419 1143
f 843 424 258
f 424 923 1325
f 844 259 425
f 425 1326 924
f 711 1609 426
f 567 1445 815
f 712 427 1610
f 568 816 1446
f 128 428 108
f 974 150 488
f 429 129 109
f 151 975 489
f 438 410 430
f 430 410 180
f 439 431 411
f 431 181 411
f 543 1281 1088
f 324 190 1447
f 1089 1282 544
f 1448 191 325
f 434 1074 739
f 589 915 813
f 1075 435 740
f 916 590 814
f 1457 436 1176
f 1335 320 1032
f 1177 437 1458
f 321 1336 1033
f 567 1449 1445
f 450 787 791
f 568 1446 1450
f 451 792 788
f 877 767 280
f 1402 436 1457
f 281 768 878
f 437 1403 1458
f 446 1152 414
f 1341 811 1353
f 415 1153 447
f 812 1342 1354
f 320 1335 444
f 436 1402 1208
f 1336 321 445
f 1403 437 1209
f 1380 400 1152
f 450 1390 787
f 1153 401 1381
f 451 788 1391
f 204 448 452
f 440 1068 779
f 205 453 449
f 1069 441 780
f 438 450 410
f 593 450 438
f 439 411 451
f 594 439 451
f 198 573 767
f 1084 573 198
f 768 574 199
f 574 1085 199
f 126 121 454
f 693 126 911
f 127 455 122
f 694 912 127
f 1333 1186 28
f 987 235 1573
f 29 1187 1334
f 988 1574 236
f 152 115 458
f 777 1144 1363
f 153 459 116
f 778 1364 1145
f 1333 28 460
f 737 460 28
f 29 1334 461
f 738 29 461
f 264 13 462
f 13 1275 462
f 14 265 463
f 1328 463 1276
f 398 192 1224
f 1224 192 773
f 399 1225 193
f 1225 774 193
f 86 55 466
f 1522 857 563
f 87 467 56
f 858 1523 564
f 468 398 464
f 216 723 468
f 469 465 399
f 217 469 724
f 713 222 470
f 222 725 1484
f 471 223 714
f 1485 726 223
f 214 464 472
f 1312 1224 773
f 215 473 465
f 1313 774 1225
f 474 1160 208
f 61 1231 344
f 1161 475 209
f 1232 62 345
f 472 1224 1312
f 575 472 1312
f 473 1313 1225
f 576 1313 473
f 478 174 1144
f 476 773 478
f 479 1145 175
f 477 479 774
f 982 480 591
f 537 595 819
f 592 481 983
f 538 820 596
f 174 482 144
f 192 925 773
f 175 145 483
f 193 774 926
f 420 1103 484
f 484 182 930
f 485 1104 421
f 931 183 485
f 67 486 330
f 1170 895 67
f 487 68 331
f 896 1171 68
f 488 108 428
f 108 488 1347
f 489 429 109
f 489 109 1348
f 960 1186 456
f 1128 741 995
f 1187 961 457
f 996 742 1129
f 492 296 32
f 32 895 492
f 297 493 33
f 493 896 33
f 146 494 138
f 384 664 1251
f 139 495 147
f 1252 665 385
f 496 1301 1291
f 658 1301 496
f 497 1292 1302
f 659 497 1302
f 498 1585 1013
f 498 370 1480
f 1586 499 1014
f 1481 371 499
f 276 1494 1028
f 1305 885 1494
f 277 1029 1495
f 1306 1495 886
f 1528 745 502
f 502 93 984
f 94 503 985
f 746 1529 503
f 117 504 510
f 510 909 1502
f 505 118 511
f 910 511 1503
f 55 154 1563
f 875 1563 1567
f 155 56 1564
f 1564 876 1568
f 508 138 1229
f 146 138 508
f 1230 139 509
f 509 139 147
f 743 510 1502
f 178 117 510
f 1503 511 744
f 511 118 179
f 512 164 664
f 380 807 512
f 165 513 665
f 808 381 513
f 514 123 577
f 1253 508 123
f 578 124 515
f 124 509 1254
f 442 516 709
f 1353 516 442
f 710 517 443
f 517 1354 443
f 518 103 521
f 518 522 103
f 529 519 420
f 1202 539 549
f 421 520 530
f 550 540 1203
f 103 1192 1351
f 1351 354 686
f 1352 1193 103
f 355 1352 120
f 523 1034 132
f 1101 320 1092
f 1035 524 133
f 321 1102 1093
f 642 262 519
f 642 519 529
f 520 263 643
f 520 643 530
f 717 527 6
f 1005 1097 1124
f 528 718 4
f 1125 1098 1006
f 1500 420 306
f 545 306 805
f 421 1501 307
f 806 307 546
f 6 531 252
f 1005 1124 869
f 4 253 532
f 1125 1006 870
f 660 529 729
f 729 1500 306
f 730 530 661
f 307 1501 730
f 226 350 535
f 1488 226 535
f 351 227 536
f 536 227 1489
f 958 1482 1551
f 1164 1490 966
f 959 1552 1483
f 1165 967 1491
f 656 919 1410
f 1060 1076 525
f 657 1411 920
f 1061 526 1077
f 541 1084 1451
f 1447 190 432
f 1085 542 1452
f 1448 433 191
f 432 190 543
f 190 412 1530
f 191 433 544
f 413 191 1531
f 533 545 1188
f 539 1038 549
f 1189 546 534
f 1039 540 550
f 144 166 547
f 956 1172 1064
f 145 548 167
f 957 1065 1173
f 549 545 533
f 1255 549 533
f 546 550 534
f 534 550 1256
f 370 551 936
f 1188 545 551
f 937 552 371
f 552 546 1189
f 553 1206 229
f 921 302 248
f 554 230 1207
f 922 249 303
f 555 2 817
f 1229 186 1439
f 1 556 818
f 1440 187 1230
f 416 557 1174
f 416 1541 557
f 417 1175 558
f 417 558 1542
f 412 559 1530
f 1553 1549 559
f 413 1531 560
f 560 1550 1554
f 561 260 194
f 448 561 194
f 562 195 261
f 449 195 562
f 224 358 563
f 1241 1522 563
f 359 1511 564
f 1523 1242 564
f 386 324 565
f 324 1447 1424
f 566 325 387
f 1448 325 1425
f 1436 1449 567
f 1396 1198 755
f 1437 568 1450
f 1199 1397 756
f 362 569 1422
f 82 569 362
f 570 363 1423
f 83 363 570
f 1107 571 1379
f 1058 7 901
f 572 1107 1379
f 7 1059 902
f 1402 573 1068
f 573 1543 452
f 574 441 1069
f 1544 574 453
f 148 855 575
f 1365 1361 765
f 149 576 856
f 1366 766 1362
f 577 130 1101
f 123 817 577
f 131 578 1102
f 818 124 578
f 235 579 1573
f 235 1309 579
f 1574 580 236
f 236 580 1310
f 581 733 108
f 581 53 733
f 582 109 734
f 582 734 54
f 603 1561 583
f 583 314 867
f 604 584 1562
f 584 868 315
f 254 585 326
f 326 585 1475
f 255 327 586
f 327 1476 586
f 1285 587 498
f 797 599 310
f 499 588 1286
f 311 600 798
f 434 739 589
f 1198 1436 755
f 740 435 590
f 1199 756 1437
f 1303 591 1307
f 591 1188 1307
f 1308 592 1304
f 1189 592 1308
f 1394 1353 442
f 1349 1390 450
f 443 1354 1395
f 1350 451 1391
f 606 603 682
f 970 1184 1315
f 607 683 604
f 971 1316 1185
f 593 1349 450
f 1436 1349 593
f 594 451 1350
f 1437 594 1350
f 1289 587 1285
f 1293 220 587
f 1286 588 1290
f 588 221 1294
f 601 196 1162
f 206 601 1453
f 1163 197 602
f 1454 602 207
f 606 989 603
f 989 1593 603
f 607 604 990
f 990 604 1594
f 1240 1300 605
f 246 1239 605
f 610 989 606
f 1184 606 682
f 611 607 990
f 1185 683 607
f 624 282 608
f 282 1086 1112
f 609 283 625
f 1087 283 1113
f 610 220 1293
f 220 1303 210
f 221 611 1294
f 211 1304 221
f 348 1263 612
f 308 893 1287
f 349 613 1264
f 309 1288 894
f 1249 480 982
f 480 1255 1443
f 481 1250 983
f 1444 1256 481
f 644 348 616
f 348 612 1200
f 645 617 349
f 349 1201 613
f 86 618 55
f 86 929 1455
f 619 87 56
f 87 1456 54
f 801 789 1212
f 989 801 1557
f 802 1213 790
f 990 1558 802
f 1416 414 182
f 446 414 1420
f 183 415 1417
f 415 447 1421
f 342 624 608
f 294 1194 342
f 609 625 343
f 343 1195 295
f 1056 525 1498
f 1384 1056 1408
f 1057 1499 526
f 1385 1409 1057
f 640 678 1017
f 997 640 793
f 641 1018 679
f 998 794 641
f 1613 630 622
f 1060 1577 1076
f 623 631 1614
f 1061 1077 1578
f 632 1194 825
f 652 727 346
f 1195 633 826
f 347 728 653
f 634 785 929
f 785 1559 1414
f 635 54 786
f 786 1415 1560
f 636 1001 1040
f 632 636 1194
f 1002 637 1041
f 1195 637 633
f 268 638 45
f 638 268 140
f 269 46 639
f 269 639 141
f 1011 640 997
f 1011 678 640
f 1012 998 641
f 1012 641 679
f 1406 1577 642
f 1406 642 529
f 643 1578 1407
f 530 643 1407
f 1537 672 1011
f 1130 654 672
f 1538 1012 673
f 1131 673 655
f 519 646 420
f 262 646 519
f 421 647 520
f 520 647 263
f 652 1019 727
f 1019 1007 727
f 728 1020 653
f 1008 1020 728
f 650 112 1166
f 601 1162 1453
f 1167 113 651
f 1163 602 1454
f 1154 652 944
f 1154 1019 652
f 653 1155 945
f 1020 1155 653
f 1130 821 654
f 654 658 1599
f 1131 655 822
f 655 1600 659
f 1577 1406 656
f 656 1406 919
f 1578 657 1407
f 657 920 1407
f 1003 821 1130
f 1023 1601 1432
f 1004 1131 822
f 1024 1433 1602
f 539 660 1038
f 1202 1245 539
f 1039 661 540
f 540 1246 1203
f 747 1589 356
f 948 356 304
f 1590 748 357
f 357 949 305
f 664 164 494
f 664 494 1251
f 495 165 665
f 495 665 1252
f 296 666 32
f 296 15 666
f 297 33 667
f 904 667 16
f 1240 668 301
f 301 1318 1214
f 1094 300 669
f 1317 300 1215
f 670 1299 57
f 1237 670 57
f 1300 671 58
f 671 860 58
f 1011 672 678
f 672 654 644
f 1012 679 673
f 673 645 655
f 22 674 264
f 674 22 376
f 675 23 265
f 23 675 377
f 827 676 680
f 360 1138 1154
f 677 828 681
f 1155 1139 361
f 678 644 616
f 672 644 678
f 679 617 645
f 673 679 645
f 827 680 1373
f 1486 662 312
f 1374 681 828
f 663 1487 313
f 970 1315 595
f 1315 1400 595
f 971 596 1316
f 1316 596 1401
f 687 364 684
f 831 687 684
f 688 685 365
f 688 1602 685
f 686 92 701
f 942 702 92
f 352 1046 1373
f 1046 827 1373
f 1047 353 313
f 828 1047 1374
f 934 180 689
f 861 1382 1190
f 935 690 181
f 862 1191 1383
f 1046 352 691
f 1295 691 889
f 353 688 692
f 1296 890 692
f 260 693 911
f 172 693 1050
f 261 912 694
f 173 1051 694
f 695 891 1357
f 474 26 695
f 892 696 1358
f 209 696 27
f 1569 1579 1565
f 1569 701 705
f 702 1570 706
f 1570 1566 1580
f 288 553 699
f 336 288 1404
f 289 700 554
f 337 1405 289
f 1108 119 701
f 119 686 701
f 120 1570 702
f 942 120 702
f 843 923 424
f 1076 1410 843
f 844 425 924
f 1077 844 1411
f 8 49 1579
f 49 1565 1579
f 50 228 1580
f 363 50 1580
f 99 707 895
f 1239 707 99
f 708 1171 896
f 247 100 708
f 813 380 709
f 709 380 512
f 381 814 710
f 513 381 710
f 1549 1541 416
f 5 1148 950
f 1550 417 1542
f 1149 3 951
f 244 713 905
f 244 1595 713
f 906 714 245
f 714 1596 245
f 927 715 286
f 605 715 212
f 716 928 287
f 1438 213 716
f 244 905 717
f 717 218 527
f 718 906 245
f 528 219 718
f 715 1611 286
f 940 286 1611
f 1612 716 287
f 941 1612 287
f 721 1287 302
f 721 302 921
f 722 922 303
f 722 303 1288
f 468 723 398
f 819 863 398
f 469 399 724
f 820 399 864
f 1112 1086 725
f 725 1469 226
f 1087 1113 726
f 1470 726 227
f 727 632 346
f 727 1388 632
f 633 728 347
f 1389 728 633
f 660 729 1038
f 1038 729 306
f 730 661 1039
f 307 730 1039
f 1467 1297 731
f 1532 82 1471
f 1468 732 1298
f 37 1533 1472
f 80 108 733
f 80 733 1275
f 81 734 109
f 81 1276 734
f 140 735 731
f 735 1471 731
f 736 732 1472
f 141 732 736
f 88 1414 737
f 737 224 460
f 786 738 1415
f 225 738 461
f 589 1150 915
f 1150 386 266
f 1151 590 916
f 387 1151 267
f 344 490 741
f 741 490 76
f 345 742 491
f 491 742 77
f 178 510 743
f 112 178 743
f 744 511 179
f 744 179 113
f 745 93 502
f 745 571 93
f 746 503 94
f 572 746 94
f 948 304 1066
f 662 1158 948
f 305 949 1067
f 949 1159 663
f 749 328 881
f 543 749 1281
f 750 882 329
f 544 1282 750
f 312 662 751
f 662 948 1066
f 663 313 752
f 949 663 1067
f 330 753 1516
f 1323 753 330
f 754 331 981
f 1324 331 754
f 426 1609 1048
f 1609 1436 567
f 427 1049 1610
f 1610 568 1437
f 757 1504 184
f 761 184 925
f 758 185 1505
f 762 926 185
f 759 254 326
f 326 1309 759
f 255 760 327
f 760 1310 327
f 803 757 761
f 761 757 184
f 804 762 758
f 762 185 758
f 763 1465 1506
f 1174 557 1465
f 764 1507 1466
f 1175 1466 558
f 765 575 999
f 148 575 765
f 766 1000 576
f 149 766 576
f 1402 1068 440
f 1402 440 1208
f 574 1403 441
f 1403 1209 441
f 769 36 1532
f 1514 769 59
f 770 1533 37
f 770 1515 1423
f 53 771 733
f 1196 771 53
f 786 54 772
f 772 54 734
f 773 174 478
f 773 925 174
f 774 479 175
f 774 175 926
f 1581 775 51
f 1412 775 1512
f 1529 52 776
f 776 1413 1513
f 115 777 1363
f 121 777 115
f 116 1364 778
f 122 116 778
f 448 194 779
f 1068 448 779
f 449 780 195
f 1069 780 449
f 304 1070 781
f 781 713 1595
f 782 1071 305
f 714 782 1596
f 634 466 783
f 785 634 1559
f 87 635 784
f 635 786 1560
f 88 785 1414
f 785 88 65
f 786 89 738
f 89 786 1576
f 1390 1384 787
f 787 1384 1408
f 1391 788 1385
f 788 1409 1385
f 789 1545 278
f 793 1021 789
f 790 279 1546
f 794 790 1022
f 787 1408 791
f 791 626 180
f 788 792 1409
f 792 181 627
f 640 1017 793
f 793 1017 1021
f 641 794 1018
f 794 1022 1018
f 795 24 376
f 22 795 376
f 25 796 377
f 1460 23 377
f 1001 1090 1040
f 1001 972 1090
f 1091 1002 1041
f 973 1002 1091
f 799 1412 17
f 795 799 17
f 52 800 18
f 800 796 18
f 989 997 1605
f 997 793 1605
f 990 1606 998
f 998 1606 794
f 200 583 803
f 863 803 761
f 201 804 584
f 864 762 804
f 551 805 142
f 805 368 142
f 143 806 552
f 369 806 143
f 512 807 164
f 807 1233 1283
f 808 513 165
f 1234 808 1284
f 304 781 1595
f 1062 1595 292
f 782 305 1596
f 1596 1063 293
f 589 813 811
f 1353 811 516
f 814 590 812
f 517 812 1354
f 516 813 709
f 811 813 516
f 710 814 517
f 814 812 517
f 426 1048 1044
f 426 1044 404
f 427 405 1045
f 427 1045 1049
f 577 817 130
f 817 156 130
f 131 818 578
f 131 157 818
f 723 819 398
f 1329 819 723
f 724 399 820
f 1330 724 820
f 821 658 654
f 658 1023 1428
f 822 655 659
f 659 1429 1024
f 823 332 1074
f 950 823 946
f 333 824 1075
f 824 951 947
f 346 632 825
f 1589 825 294
f 826 633 347
f 295 826 1590
f 827 687 831
f 827 360 676
f 1047 828 832
f 677 361 828
f 332 829 190
f 1142 829 332
f 191 830 333
f 333 830 1143
f 835 827 831
f 839 1601 1023
f 828 836 832
f 840 1024 1602
f 418 833 829
f 829 833 190
f 834 419 830
f 191 834 830
f 835 360 827
f 839 849 1601
f 361 836 828
f 840 1602 850
f 871 837 1118
f 585 1118 837
f 1332 1119 838
f 1119 586 838
f 1003 1473 821
f 845 849 1473
f 1004 822 1474
f 850 846 1474
f 1015 1138 360
f 1520 1042 360
f 1139 1016 361
f 1043 1521 361
f 525 1076 843
f 525 843 258
f 526 844 1077
f 526 259 844
f 845 1473 1003
f 1042 1015 360
f 846 1004 1474
f 1043 361 1016
f 1463 1396 847
f 1553 5 1549
f 1464 848 1338
f 3 1554 1550
f 1520 831 849
f 1042 1520 849
f 836 850 832
f 1521 1043 850
f 32 1587 1367
f 1367 84 1114
f 667 1368 1588
f 85 1368 1115
f 97 853 1218
f 968 853 97
f 98 1219 854
f 23 98 854
f 188 214 855
f 1382 855 148
f 189 856 215
f 1383 149 856
f 55 1563 857
f 55 857 1522
f 1564 56 858
f 1523 858 56
f 1237 57 859
f 366 20 859
f 671 1238 860
f 367 860 21
f 180 861 1190
f 180 626 861
f 181 1191 862
f 181 862 627
f 863 200 803
f 819 200 863
f 864 804 201
f 820 864 201
f 1371 1555 340
f 340 1418 396
f 1372 341 1556
f 341 397 1419
f 867 278 1078
f 314 278 867
f 868 1079 279
f 315 868 279
f 1005 869 531
f 390 531 869
f 1006 532 870
f 391 870 532
f 1563 104 871
f 428 1331 104
f 105 507 872
f 105 1332 429
f 1271 873 531
f 237 1206 873
f 1272 532 874
f 238 874 1207
f 1567 150 875
f 150 974 875
f 151 1568 876
f 975 151 876
f 198 767 877
f 1136 1451 877
f 768 199 878
f 878 1452 1137
f 883 879 1386
f 392 879 24
f 1387 880 884
f 880 393 25
f 204 881 561
f 749 881 1281
f 205 562 882
f 750 1282 882
f 376 24 887
f 887 24 879
f 25 1476 880
f 377 888 25
f 885 152 500
f 885 911 152
f 886 501 153
f 886 153 912
f 887 1475 585
f 887 879 1475
f 888 586 1476
f 25 888 1476
f 1204 352 751
f 352 1204 691
f 353 1205 752
f 1205 353 692
f 26 1259 891
f 695 26 891
f 27 892 1260
f 27 696 892
f 1204 292 893
f 292 372 893
f 293 890 894
f 293 894 373
f 895 851 486
f 895 486 67
f 852 896 487
f 896 68 487
f 158 897 1253
f 158 1583 897
f 1254 898 159
f 898 1584 159
f 47 1518 887
f 80 1518 47
f 1519 48 888
f 1328 48 1519
f 1247 1220 901
f 1221 1248 902
f 1534 901 902
f 7 902 901
f 296 903 15
f 670 903 296
f 904 297 667
f 904 671 297
f 717 905 218
f 905 535 218
f 219 906 718
f 219 536 906
f 907 468 214
f 188 907 214
f 908 215 469
f 189 215 908
f 504 1492 909
f 510 504 909
f 1493 505 910
f 910 505 511
f 911 454 152
f 911 126 454
f 912 153 455
f 912 455 127
f 917 913 1101
f 1502 909 913
f 1102 914 918
f 914 910 1503
f 915 266 813
f 915 1150 266
f 267 916 814
f 267 1151 916
f 743 917 136
f 136 917 1105
f 918 744 137
f 1106 918 137
f 1406 614 954
f 954 1482 958
f 1407 955 615
f 955 959 1483
f 288 921 553
f 921 1206 553
f 289 554 922
f 922 554 1207
f 923 703 394
f 1410 919 703
f 924 395 704
f 1411 704 920
f 925 184 482
f 174 925 482
f 926 483 185
f 175 483 926
f 927 212 715
f 57 212 927
f 213 928 716
f 1300 928 213
f 929 785 771
f 1196 929 771
f 930 384 1116
f 930 274 384
f 1117 385 931
f 385 275 931
f 903 932 15
f 15 932 1128
f 933 16 319
f 1278 904 16
f 934 689 270
f 865 934 270
f 935 271 690
f 866 271 935
f 936 117 388
f 196 936 388
f 118 937 389
f 389 937 197
f 563 30 938
f 30 235 938
f 31 564 939
f 31 939 236
f 940 106 286
f 1581 1528 775
f 107 941 287
f 1529 1582 52
f 40 942 686
f 686 942 92
f 943 49 8
f 1217 943 8
f 676 1158 680
f 1486 1158 662
f 1159 677 681
f 1159 1487 663
f 946 823 1074
f 434 946 1074
f 1075 824 947
f 1075 947 435
f 948 747 356
f 1158 747 948
f 357 748 949
f 748 1159 949
f 1463 1337 1396
f 1337 1198 1396
f 1338 848 1542
f 1338 1397 1199
f 891 952 1357
f 338 1357 952
f 892 1358 953
f 1358 339 953
f 1406 954 919
f 919 954 958
f 1407 920 955
f 920 959 955
f 956 1064 166
f 184 956 166
f 957 167 1065
f 185 167 957
f 703 958 394
f 919 958 703
f 704 395 959
f 920 704 959
f 76 490 960
f 95 991 960
f 491 77 961
f 961 992 580
f 958 1551 537
f 537 970 595
f 959 538 1552
f 538 596 971
f 964 496 1603
f 964 658 496
f 965 1604 497
f 965 497 659
f 1482 966 962
f 966 1496 970
f 1483 963 967
f 967 971 1497
f 968 97 366
f 968 366 34
f 969 35 367
f 969 367 98
f 962 970 537
f 966 970 962
f 963 538 971
f 967 963 971
f 1090 972 599
f 1293 587 1289
f 600 973 1091
f 588 1294 1290
f 428 974 488
f 428 104 974
f 975 429 489
f 105 429 975
f 502 984 976
f 775 502 976
f 985 503 977
f 503 776 977
f 610 978 220
f 610 606 1180
f 221 979 611
f 611 1181 607
f 980 976 984
f 43 330 980
f 331 44 981
f 981 985 977
f 610 982 978
f 978 982 591
f 983 611 979
f 592 983 979
f 43 980 984
f 272 43 984
f 981 44 985
f 44 273 985
f 986 1468 1298
f 986 1297 1467
f 987 1333 460
f 460 938 987
f 461 1334 988
f 1511 461 988
f 610 1226 989
f 1222 997 989
f 611 990 1227
f 1223 990 998
f 960 991 76
f 95 76 991
f 77 992 961
f 77 96 992
f 1001 993 972
f 1293 1226 610
f 973 994 1002
f 611 1227 1294
f 95 995 76
f 995 741 76
f 996 96 77
f 742 996 77
f 620 997 1222
f 620 1011 997
f 621 1223 998
f 621 998 1012
f 765 999 121
f 121 1526 777
f 766 122 1000
f 122 778 1527
f 1392 620 1001
f 620 993 1001
f 1002 621 1393
f 994 621 1002
f 845 1003 841
f 841 1003 648
f 846 842 1004
f 1004 842 649
f 6 527 1005
f 6 1005 531
f 528 4 1006
f 1006 4 532
f 1007 1388 727
f 1319 620 1392
f 1389 1008 728
f 621 1320 1393
f 1150 1009 386
f 386 1072 324
f 1010 1151 387
f 325 1073 387
f 620 1319 1011
f 1319 1537 1011
f 1320 621 1012
f 1320 1012 1538
f 1013 601 202
f 310 1013 1477
f 602 1014 203
f 1014 311 1478
f 1042 841 1015
f 1015 841 1134
f 842 1043 1016
f 842 1016 1139
f 1017 616 628
f 1017 628 1021
f 1018 629 617
f 1018 1022 629
f 1019 1134 1007
f 1015 1134 1138
f 1020 1008 1135
f 842 1139 1135
f 1545 1524 336
f 1545 336 278
f 1546 337 1525
f 1546 279 337
f 1473 1023 821
f 821 1023 658
f 1474 822 1024
f 822 659 1024
f 420 484 1025
f 306 420 1025
f 485 421 1026
f 1026 421 307
f 12 1030 1027
f 12 1027 1031
f 1028 1398 444
f 1335 1208 444
f 1029 445 1399
f 1336 445 1209
f 1030 140 731
f 12 140 1030
f 141 1031 732
f 141 12 1031
f 1176 1335 1032
f 130 156 1032
f 1336 1177 1033
f 1033 157 131
f 320 444 1034
f 1092 320 1034
f 321 1035 445
f 321 524 1035
f 294 1036 284
f 1036 1112 284
f 285 1037 295
f 1113 1037 285
f 1038 306 545
f 549 1038 545
f 307 1039 546
f 546 1039 550
f 1040 797 1243
f 636 1040 1194
f 798 1041 1244
f 1041 637 1195
f 1042 849 845
f 841 1042 845
f 1043 846 850
f 1043 842 846
f 1048 815 1044
f 1044 815 1080
f 1049 1045 816
f 1045 1081 816
f 1046 691 687
f 827 1046 687
f 353 1047 688
f 1047 832 688
f 1609 567 1048
f 1048 567 815
f 1610 1049 568
f 1049 816 568
f 1050 693 260
f 561 1050 260
f 1051 261 694
f 562 261 1051
f 256 1052 1267
f 256 244 1052
f 1053 257 1268
f 245 257 1053
f 1054 490 344
f 1231 1054 344
f 1055 1232 345
f 491 1055 345
f 1384 1377 1056
f 1056 1060 525
f 1385 1057 1378
f 1057 526 1061
f 571 1058 93
f 571 1107 1058
f 572 94 1059
f 1107 572 1059
f 1377 446 630
f 1377 630 1613
f 631 447 1378
f 631 1378 1614
f 1062 304 1595
f 1062 1066 304
f 305 1063 1596
f 305 1067 1063
f 166 1064 547
f 547 1064 390
f 167 548 1065
f 548 391 1065
f 751 1066 1062
f 751 662 1066
f 1063 1067 752
f 1067 663 752
f 573 452 1068
f 452 448 1068
f 574 1069 453
f 453 1069 449
f 304 294 1070
f 1070 294 284
f 1071 295 305
f 285 295 1071
f 422 1072 1009
f 1009 1072 386
f 1073 423 1010
f 1073 1010 387
f 1074 422 1150
f 422 1074 1072
f 423 1075 1151
f 1073 1075 423
f 1577 656 1076
f 1076 656 1410
f 1578 1077 657
f 1077 1411 657
f 278 170 1078
f 170 699 1504
f 279 1079 171
f 171 1505 700
f 1044 1080 404
f 404 1080 1555
f 1045 405 1081
f 405 1556 1081
f 1082 330 43
f 300 330 1082
f 331 1083 44
f 68 1083 331
f 541 432 1084
f 1543 432 452
f 1085 433 542
f 433 1544 453
f 1086 202 206
f 725 1086 1469
f 207 203 1087
f 1470 1087 726
f 432 543 1088
f 432 1088 452
f 433 1089 544
f 433 453 1089
f 1040 1090 797
f 1090 599 797
f 798 1091 1041
f 600 1091 798
f 1092 1034 523
f 1124 523 869
f 321 1093 524
f 524 1125 870
f 1094 669 9
f 1094 9 668
f 1095 128 108
f 837 128 1479
f 129 1096 109
f 129 838 1608
f 527 1097 1005
f 527 1269 1097
f 1098 528 1006
f 1098 1270 528
f 458 1099 132
f 115 1363 458
f 459 133 1100
f 116 459 1364
f 1105 1101 1092
f 917 1101 1105
f 1093 1102 1106
f 1102 918 1106
f 1103 182 484
f 1416 182 1103
f 183 1104 485
f 183 1417 1104
f 160 1105 1092
f 136 1105 160
f 1093 1106 161
f 1106 137 161
f 1107 7 1058
f 1107 1059 7
f 1351 1108 45
f 1430 45 1108
f 1352 46 1109
f 46 1431 1109
f 1110 231 90
f 753 1114 90
f 91 232 1111
f 1115 1517 91
f 1036 608 1112
f 608 282 1112
f 1113 609 1037
f 1113 283 609
f 84 1110 1114
f 1110 90 1114
f 85 1115 1111
f 91 1111 1115
f 1116 146 1583
f 368 1122 162
f 147 1117 1584
f 163 1123 369
f 41 1118 585
f 250 1120 41
f 586 1119 42
f 42 1121 251
f 41 1120 1118
f 871 1118 1120
f 1121 42 1119
f 1119 872 1121
f 930 1116 1122
f 1122 1116 1583
f 1117 931 1123
f 1584 1117 1123
f 160 1092 1124
f 1124 1092 523
f 1093 161 1125
f 1093 1125 524
f 1126 134 318
f 101 134 1126
f 135 1127 319
f 102 1127 135
f 318 1128 1126
f 15 1128 318
f 1129 319 1127
f 933 319 1129
f 648 1003 1130
f 1537 1130 672
f 649 1131 1004
f 1538 673 1131
f 1132 296 492
f 246 1132 492
f 671 1133 493
f 1133 708 493
f 841 648 1134
f 1134 1537 1319
f 842 1135 649
f 1135 1320 1538
f 374 1136 1140
f 1136 877 186
f 1137 375 1141
f 878 1137 187
f 1138 1019 1154
f 1138 1134 1019
f 1020 1139 1155
f 1020 1135 1139
f 1140 1136 186
f 1140 186 1229
f 187 1137 1141
f 187 1141 1230
f 950 1142 823
f 823 1142 332
f 1143 951 824
f 333 1143 824
f 1144 1265 241
f 1144 174 1265
f 1145 242 1266
f 1145 1266 175
f 1146 101 17
f 231 101 1146
f 18 102 1147
f 102 232 1147
f 950 1148 418
f 1148 833 418
f 419 1149 951
f 834 1149 419
f 589 739 1150
f 739 1074 1150
f 1151 740 590
f 1151 1075 740
f 1152 442 168
f 1394 442 1152
f 169 443 1153
f 443 1395 1153
f 360 1154 676
f 676 1154 944
f 1155 361 677
f 945 1155 677
f 1259 462 1156
f 462 1275 1156
f 463 1260 1157
f 463 1157 1276
f 676 944 1158
f 1158 944 747
f 945 677 1159
f 748 945 1159
f 61 903 1160
f 1231 61 1160
f 904 62 1161
f 62 1232 1161
f 1453 1162 112
f 1162 178 112
f 113 1163 1454
f 179 1163 113
f 614 1490 1164
f 954 614 1164
f 615 1165 1491
f 955 1165 615
f 650 1166 350
f 535 350 1168
f 1167 651 351
f 1169 351 536
f 350 1166 1168
f 1168 1166 136
f 1169 1167 351
f 137 1167 1169
f 1239 99 1170
f 99 895 1170
f 100 301 1171
f 708 100 1171
f 1172 229 1064
f 699 229 1172
f 1173 1065 230
f 700 1173 230
f 1321 1174 1178
f 1174 1465 763
f 1322 1179 1175
f 1175 764 1466
f 156 1176 1032
f 2 1176 156
f 1033 1177 157
f 1177 1 157
f 1178 1174 763
f 1182 763 543
f 1179 764 1175
f 1183 544 764
f 1490 610 1180
f 1496 1184 970
f 1491 1181 611
f 1497 971 1185
f 1321 1178 1182
f 1182 1178 763
f 1322 1183 1179
f 1183 764 1179
f 1496 1180 1184
f 1180 606 1184
f 1497 1185 1181
f 1181 1185 607
f 1054 1186 490
f 1186 960 490
f 491 961 1187
f 491 1187 1055
f 1307 1188 370
f 1188 551 370
f 371 1189 1308
f 552 1189 371
f 689 1190 176
f 689 180 1190
f 690 177 1191
f 690 1191 181
f 1192 40 354
f 1351 1192 354
f 1311 1193 355
f 1193 1352 355
f 1194 624 342
f 1040 1243 1194
f 625 1195 343
f 1244 1041 1195
f 1343 1196 581
f 1567 1196 38
f 1344 582 1197
f 155 39 1197
f 1198 1337 434
f 1198 434 589
f 1338 1199 435
f 435 1199 590
f 616 348 1200
f 616 1200 628
f 617 1201 349
f 617 629 1201
f 614 1245 1202
f 1490 614 1249
f 1246 615 1203
f 615 1491 1250
f 1204 893 889
f 1204 889 691
f 293 1205 890
f 1205 692 890
f 1206 248 873
f 921 248 1206
f 1207 874 249
f 922 1207 249
f 1208 276 1028
f 444 1208 1028
f 1209 1029 277
f 1209 445 1029
f 571 1210 1379
f 715 11 1210
f 572 1379 1211
f 11 716 1211
f 1212 789 314
f 1561 314 583
f 1213 315 790
f 1562 584 315
f 301 1214 72
f 72 1214 1221
f 300 71 1215
f 1215 71 1220
f 239 1216 943
f 239 362 1216
f 240 943 1217
f 240 1217 363
f 208 97 1218
f 1218 26 208
f 1219 98 209
f 1219 209 27
f 1220 71 272
f 1058 1220 272
f 72 1221 273
f 1059 273 1221
f 1226 1222 989
f 620 1222 1226
f 1227 990 1223
f 621 1227 1223
f 464 398 1224
f 472 464 1224
f 465 1225 399
f 473 1225 465
f 620 1226 993
f 993 1226 1293
f 1294 1227 994
f 1227 621 994
f 1228 1580 228
f 705 1228 228
f 508 1229 555
f 1229 1439 555
f 556 1230 509
f 1440 1230 556
f 1231 1160 474
f 474 695 1231
f 1232 475 1161
f 475 1232 696
f 807 565 1233
f 565 324 1424
f 1234 566 808
f 1425 325 566
f 1007 1134 1235
f 1007 1235 1388
f 1135 1008 1236
f 1389 1236 1008
f 1237 859 20
f 1160 1237 20
f 1238 21 860
f 1238 1161 21
f 1239 19 605
f 19 1239 1094
f 19 1240 605
f 1240 19 1094
f 1559 1241 358
f 358 1241 563
f 1242 359 564
f 1242 1560 359
f 1243 282 624
f 1194 1243 624
f 283 1244 625
f 625 1244 1195
f 1245 660 539
f 1406 529 660
f 661 1246 540
f 530 1407 661
f 1534 1247 901
f 75 322 1247
f 1248 1534 902
f 323 75 1248
f 614 1202 1249
f 1202 549 1255
f 1203 615 1250
f 550 1203 1256
f 1116 1251 146
f 1251 494 146
f 147 1252 1117
f 495 1252 147
f 1253 123 514
f 909 1492 514
f 124 1254 515
f 515 1493 910
f 1249 1202 1255
f 1249 1255 480
f 1256 1203 1250
f 1256 1250 481
f 1257 241 523
f 1257 1144 241
f 1258 524 242
f 1258 242 1145
f 1259 853 1508
f 1508 462 1259
f 854 1260 1509
f 1509 1260 463
f 1265 1261 241
f 241 1261 523
f 1266 242 1262
f 242 524 1262
f 1603 1291 1287
f 1603 496 1291
f 1604 1288 1292
f 1604 1292 497
f 174 144 1265
f 1265 144 1261
f 175 1266 145
f 1266 1262 145
f 302 372 1267
f 256 1267 372
f 303 1268 373
f 257 373 1268
f 1269 1168 233
f 1269 233 1097
f 234 1169 1270
f 234 1270 1098
f 237 1271 1064
f 237 873 1271
f 238 1065 1272
f 238 1272 874
f 254 1273 585
f 30 1273 254
f 1274 255 586
f 111 255 1274
f 1156 1275 402
f 733 402 1275
f 1157 403 1276
f 734 1276 403
f 1277 741 932
f 903 1277 932
f 62 1278 933
f 1278 16 933
f 952 402 1279
f 733 1279 402
f 953 1280 403
f 1280 1572 403
f 1088 1281 204
f 1281 881 204
f 1089 205 1282
f 1282 205 882
f 164 807 1283
f 164 1283 494
f 1284 808 165
f 1284 165 495
f 1289 1285 310
f 310 1285 1013
f 1286 1290 311
f 1014 1286 311
f 1263 1287 612
f 612 1287 721
f 1264 613 1288
f 613 722 1288
f 972 1289 599
f 599 1289 310
f 1290 973 600
f 311 1290 600
f 1301 1295 1291
f 1291 308 1287
f 1302 1292 1296
f 1292 1288 309
f 993 1293 972
f 972 1293 1289
f 1294 994 973
f 1290 1294 973
f 1291 1295 308
f 1295 893 308
f 1292 309 1296
f 1296 309 894
f 10 1297 986
f 10 1030 1297
f 1298 10 986
f 1031 10 1298
f 246 605 1299
f 1132 246 1299
f 247 1133 1300
f 1240 247 1300
f 1301 364 1295
f 1428 1432 364
f 1302 1296 365
f 1429 365 1433
f 978 591 1303
f 978 1303 220
f 592 979 1304
f 1304 979 221
f 779 1305 276
f 276 1305 1494
f 780 277 1306
f 277 1495 1306
f 210 1307 587
f 1303 1307 210
f 1308 211 588
f 1308 1304 211
f 1475 73 1309
f 1309 73 579
f 1310 74 884
f 580 74 1310
f 1192 1311 40
f 1311 355 40
f 999 1312 476
f 1312 773 476
f 1000 477 1313
f 1313 477 774
f 114 240 1314
f 239 114 1314
f 1184 682 1315
f 1315 682 1400
f 1185 1316 683
f 1316 1401 683
f 9 669 1317
f 669 300 1317
f 301 668 1318
f 668 243 1318
f 1235 1319 1392
f 1235 1134 1319
f 1393 1320 1236
f 1236 1320 1135
f 1321 416 1174
f 559 416 1321
f 1322 1175 417
f 560 1322 417
f 486 851 1323
f 486 1323 330
f 852 487 1324
f 487 331 1324
f 424 1325 216
f 1325 1329 216
f 425 217 1326
f 1326 217 1330
f 1327 1355 1518
f 13 1327 1275
f 1356 1328 1519
f 1328 14 463
f 1325 394 1329
f 394 537 1329
f 1326 1330 395
f 395 1330 538
f 871 1331 837
f 104 1331 871
f 1332 872 1119
f 1332 105 872
f 1186 1333 456
f 579 456 1573
f 1334 1187 457
f 457 580 1574
f 436 1335 1176
f 1335 436 1208
f 1336 437 1177
f 437 1336 1209
f 1337 1463 950
f 1337 950 946
f 1464 1338 951
f 951 1338 947
f 274 1339 384
f 168 1591 1434
f 385 1340 275
f 1592 169 1435
f 1341 589 811
f 1345 1198 589
f 812 590 1342
f 1199 1346 590
f 150 38 1343
f 1343 38 1196
f 39 1344 1197
f 39 151 1344
f 589 1341 1345
f 1436 1341 1349
f 590 1346 1342
f 1437 1350 1342
f 108 1347 581
f 1343 581 1347
f 109 582 1348
f 582 1344 1348
f 1341 597 1349
f 597 1390 1349
f 598 1342 1350
f 1598 1350 1391
f 1351 45 521
f 103 1351 521
f 1352 522 46
f 1352 103 522
f 1394 597 1353
f 597 1341 1353
f 598 1395 1354
f 1342 598 1354
f 674 1355 13
f 1355 1327 13
f 1356 265 14
f 1328 1356 14
f 65 695 1357
f 65 1357 338
f 66 1358 696
f 66 339 1358
f 34 859 1359
f 1359 286 34
f 35 1360 860
f 287 1360 35
f 1190 148 1361
f 1361 148 765
f 1191 1362 149
f 1362 766 149
f 458 1363 1099
f 1363 1144 1099
f 459 1100 1364
f 1364 1100 1145
f 396 176 1365
f 176 1361 1365
f 397 1366 177
f 177 1366 1362
f 32 1367 851
f 851 1367 1114
f 33 852 1368
f 1368 852 1324
f 638 1369 518
f 1369 12 518
f 12 1370 518
f 1370 639 518
f 1371 340 328
f 749 1506 328
f 1372 329 341
f 750 329 1507
f 1373 1486 312
f 352 1373 312
f 313 1487 1374
f 1047 313 1374
f 1375 392 101
f 392 1375 879
f 102 393 1376
f 1376 393 880
f 1377 1060 1056
f 1377 1577 1060
f 1378 1057 1061
f 1378 1061 1578
f 1210 11 1379
f 11 1211 1379
f 1380 1152 446
f 1377 1380 446
f 447 1153 1381
f 447 1381 1378
f 1382 188 855
f 861 188 1382
f 1383 856 189
f 862 1383 189
f 1380 1377 1384
f 1390 1380 1384
f 1381 1385 1378
f 1391 1385 1381
f 95 960 1386
f 382 95 1386
f 96 1387 992
f 96 383 1387
f 632 1388 636
f 1392 1001 636
f 637 1389 633
f 1002 1393 637
f 400 1380 1390
f 1390 1597 400
f 401 1391 1381
f 1598 1391 401
f 1235 1392 1388
f 1388 1392 636
f 1393 1236 1389
f 1393 1389 637
f 400 1394 1152
f 1394 400 597
f 1153 1395 401
f 1395 598 401
f 1396 755 711
f 847 1396 1541
f 1397 712 756
f 1397 1338 1542
f 1398 458 132
f 1398 132 1034
f 1399 133 459
f 1399 1035 133
f 682 603 1400
f 603 583 1400
f 683 1401 604
f 604 1401 584
f 573 1402 767
f 767 1402 280
f 1403 574 768
f 1403 768 281
f 1404 288 699
f 170 1404 699
f 1405 700 289
f 171 700 1405
f 1245 1406 660
f 614 1406 1245
f 661 1407 1246
f 1246 1407 615
f 791 1408 626
f 1408 1056 1498
f 792 627 1409
f 1409 1499 1057
f 1410 703 923
f 843 1410 923
f 1411 924 704
f 844 924 1411
f 51 775 1412
f 799 51 1412
f 776 52 1413
f 52 18 1413
f 737 1414 224
f 1559 224 1414
f 1415 738 225
f 1415 225 1560
f 622 1416 1103
f 630 1420 622
f 1104 1417 623
f 623 1421 631
f 1555 1418 340
f 865 270 1418
f 1556 341 1419
f 866 1419 271
f 1420 414 1416
f 1420 1416 622
f 1417 415 1421
f 1417 1421 623
f 1514 59 1422
f 1422 59 697
f 770 1423 60
f 60 1423 698
f 565 1424 1233
f 1233 1424 334
f 1425 566 1234
f 335 1425 1234
f 63 769 1426
f 63 1426 1430
f 770 64 1427
f 1427 64 317
f 658 1428 1301
f 1428 364 1301
f 659 1302 1429
f 1429 1302 365
f 316 1430 697
f 63 1430 316
f 317 698 1431
f 1427 317 1431
f 1601 684 1432
f 1432 684 364
f 1602 1433 685
f 1433 365 685
f 182 1434 274
f 1434 1339 274
f 275 1435 183
f 1340 1435 275
f 1436 1345 1341
f 1198 1345 1436
f 1346 1437 1342
f 1346 1199 1437
f 605 213 1438
f 605 1438 715
f 1439 1457 2
f 555 1439 2
f 1458 1440 1
f 1 1440 556
f 1445 430 1441
f 1441 430 934
f 1446 1442 431
f 1442 935 431
f 1255 533 1443
f 1443 533 1188
f 534 1256 1444
f 1189 534 1444
f 1445 438 430
f 1449 438 1445
f 1446 431 439
f 1450 1446 439
f 1447 541 1424
f 1447 432 541
f 542 1448 1425
f 433 1448 542
f 1449 593 438
f 1449 1436 593
f 1450 439 594
f 1450 594 1437
f 1451 1084 198
f 1451 198 877
f 199 1085 1452
f 199 1452 878
f 206 1453 650
f 1453 112 650
f 1454 207 651
f 113 1454 651
f 154 618 1455
f 1455 618 86
f 619 1197 1456
f 1456 87 619
f 1439 280 1457
f 280 1402 1457
f 1458 281 1440
f 1458 1403 281
f 1459 799 795
f 22 1459 795
f 291 1460 796
f 1460 377 796
f 1461 426 406
f 557 1461 1465
f 1462 407 427
f 558 1466 1462
f 1463 5 950
f 5 1463 847
f 1464 3 848
f 3 1464 951
f 1461 406 1465
f 406 404 1465
f 1462 1466 407
f 407 1466 405
f 78 1314 1467
f 239 78 1471
f 1314 79 1468
f 79 83 1472
f 1086 206 1469
f 206 650 1469
f 207 1087 1470
f 651 207 1470
f 1467 731 1471
f 78 1467 1471
f 732 1468 1472
f 79 1472 1468
f 1473 839 1023
f 1473 849 839
f 1474 1024 840
f 850 1474 840
f 1475 883 73
f 879 883 1475
f 1310 884 1476
f 884 880 1476
f 1477 1013 202
f 1477 202 1086
f 203 1014 1478
f 203 1478 1087
f 1095 408 1479
f 128 1095 1479
f 1480 936 196
f 1585 196 601
f 197 937 1481
f 197 1586 602
f 954 1164 1482
f 1164 966 1482
f 955 1483 1165
f 1165 1483 967
f 1484 226 1488
f 222 1484 470
f 227 1485 1489
f 1485 223 471
f 680 1158 1486
f 1373 680 1486
f 1159 681 1487
f 1487 681 1374
f 470 1488 905
f 470 1484 1488
f 1489 471 906
f 1489 1485 471
f 610 1490 982
f 1490 1249 982
f 983 1491 611
f 1250 1491 983
f 158 1253 1492
f 1492 1253 514
f 1254 159 1493
f 515 1254 1493
f 1494 500 1398
f 885 500 1494
f 1495 1399 501
f 886 1495 501
f 1490 1496 966
f 1490 1180 1496
f 1491 967 1497
f 1491 1497 1181
f 1408 1498 626
f 626 1498 258
f 1409 627 1499
f 627 259 1499
f 529 420 1500
f 529 1500 729
f 421 530 1501
f 1501 530 730
f 1502 913 917
f 743 1502 917
f 914 1503 918
f 918 1503 744
f 1078 170 1504
f 757 1078 1504
f 1079 1505 171
f 758 1505 1079
f 1465 1371 1506
f 1506 1371 328
f 1466 1507 1372
f 1507 329 1372
f 264 462 1508
f 264 1508 853
f 265 1509 463
f 265 854 1509
f 1510 563 938
f 460 1510 938
f 564 1511 939
f 1511 988 939
f 231 1512 90
f 1512 231 1146
f 1513 232 91
f 1147 232 1513
f 36 1514 82
f 1514 36 769
f 37 83 1515
f 1515 770 37
f 980 1516 976
f 330 1516 980
f 1517 981 977
f 754 981 1517
f 1518 899 887
f 1355 899 1518
f 900 1519 888
f 1356 1519 900
f 1520 360 835
f 1520 835 831
f 361 1521 836
f 836 1521 850
f 466 1522 1241
f 55 1522 466
f 467 1242 1523
f 1523 56 467
f 1524 298 288
f 1200 298 1524
f 1525 289 299
f 1201 1525 299
f 999 476 1526
f 121 999 1526
f 1000 1527 477
f 122 1527 1000
f 745 1528 940
f 1528 106 940
f 1529 746 941
f 1582 1529 941
f 1530 1182 543
f 190 1530 543
f 191 544 1531
f 1531 544 1183
f 140 1532 735
f 735 1532 1471
f 1533 141 736
f 1533 736 1472
f 75 1247 1534
f 1248 75 1534
f 117 1535 504
f 142 1535 117
f 505 1536 118
f 1536 143 118
f 1134 648 1537
f 648 1130 1537
f 649 1538 1131
f 649 1135 1538
f 1539 158 378
f 1535 1539 378
f 159 1540 379
f 379 1540 1536
f 1541 1396 711
f 1541 711 557
f 1542 712 1397
f 1542 558 712
f 1543 573 1084
f 1084 432 1543
f 574 1544 1085
f 1085 1544 433
f 1021 628 1545
f 789 1021 1545
f 1022 1546 629
f 790 1546 1022
f 1054 1547 69
f 1547 737 69
f 1548 1055 70
f 1548 70 738
f 847 1541 1549
f 5 847 1549
f 848 1550 1542
f 3 1550 848
f 1482 962 1551
f 1551 962 537
f 1483 1552 963
f 1552 538 963
f 1148 1553 412
f 412 1553 559
f 1149 413 1554
f 1554 413 560
f 1555 865 1418
f 1080 865 1555
f 1556 1419 866
f 1081 1556 866
f 1557 801 1212
f 603 1593 1561
f 1558 1213 802
f 604 1562 1594
f 1559 783 1241
f 634 783 1559
f 784 1560 1242
f 635 1560 784
f 1593 1212 1561
f 1561 1212 314
f 1594 1562 1213
f 1562 315 1213
f 1563 506 857
f 1563 871 506
f 1564 858 507
f 105 1564 507
f 49 362 1565
f 362 1422 1565
f 363 1580 1566
f 1423 363 1566
f 1567 154 1196
f 154 1567 1563
f 155 1568 39
f 1568 155 1564
f 1569 1565 697
f 697 1108 1569
f 1570 698 1566
f 1109 698 1570
f 771 338 1571
f 771 1571 1279
f 1576 772 1572
f 772 734 1572
f 456 1333 1573
f 1333 987 1573
f 988 1334 1574
f 1334 457 1574
f 1575 65 338
f 771 1575 338
f 66 1576 339
f 1576 1572 339
f 1577 262 642
f 1613 646 262
f 263 1578 643
f 647 1614 263
f 705 228 1579
f 1569 705 1579
f 1228 706 1580
f 706 1570 1580
f 1528 1581 106
f 1581 290 106
f 1582 941 107
f 291 1582 107
f 162 1583 158
f 1122 1583 162
f 1584 163 159
f 1584 1123 163
f 498 1480 1585
f 1585 1480 196
f 1481 499 1586
f 197 1481 1586
f 1587 84 1367
f 84 1587 318
f 1368 85 1588
f 319 1588 85
f 652 346 1589
f 1589 346 825
f 1590 347 653
f 826 347 1590
f 1591 512 1339
f 1434 1591 1339
f 513 1592 1340
f 1340 1592 1435
f 989 1557 1593
f 1593 1557 1212
f 990 1594 1558
f 1594 1213 1558
f 809 1595 244
f 292 1595 809
f 245 1596 810
f 810 1596 293
f 597 1597 1390
f 597 400 1597
f 598 1598 401
f 1598 598 1350
f 1599 658 964
f 1599 964 1263
f 1600 965 659
f 1600 1264 965
f 849 831 1601
f 831 684 1601
f 832 850 1602
f 688 832 1602
f 1263 1603 1287
f 964 1603 1263
f 1264 1288 1604
f 965 1264 1604
f 989 1605 801
f 1605 793 801
f 990 802 1606
f 1606 802 794
f 1095 1607 408
f 1095 47 1607
f 48 1096 1608
f 1096 129 1608
f 711 755 1609
f 755 1436 1609
f 712 1610 756
f 756 1610 1437
f 715 719 1611
f 940 1611 719
f 720 716 1612
f 941 720 1612
f 1577 1377 1613
f 1577 1613 262
f 1614 1378 1578
f 263 1614 1578

 